ID,Tipo,Numero,Ano,Sessao,Data_Sessao,Vereador,Resumo,Setor_Diretoria,Situacao,Resultado_Votacao,Oficio_Resposta,Status,Observacoes
2124-IND-001,Indicação,011,2022,51ª Sessão Ordinária da 18ª Legislatura,2022-04-04,"Reinaldo Codognato, Sofia Rodrigues dos Santos","Solicita a implementação de sinalização de solo em frente aos Centros de Educação Infantil (CEIs), uma vez que motoristas transitam em velocidade elevada nesses locais, colocando em risco a segurança das crianças.",,,,,Pendente de Análise,"Data da sessão conforme mencionado no texto da transcrição (véspera da data do nome do arquivo, que corresponde ao dia da postagem/upload)."
2124-IND-002,Indicação,012,2022,51ª Sessão Ordinária da 18ª Legislatura,2022-04-04,"Reinaldo Codognato, Marisa Alves da Silva Costa","Solicita a implementação de aulas de Muay Thai nos centros comunitários da cidade, a fim de promover a saúde física e mental dos jovens e incentivar o convívio social da comunidade.",,,,,Pendente de Análise,"Data da sessão conforme mencionado no texto da transcrição (véspera da data do nome do arquivo, que corresponde ao dia da postagem/upload)."
2124-IND-003,Indicação,013,2022,51ª Sessão Ordinária da 18ª Legislatura,2022-04-04,Rui Domingos da Silva,"Solicita, com base na Lei Complementar nº 191/2022, o restabelecimento da contagem para aquisição de direitos relacionados a tempo de serviço aos servidores da saúde do município, referente ao período em que essa contagem esteve congelada devido à pandemia da Covid-19 (maio de 2020 a 31 de dezembro de 2021).",,,,,Pendente de Análise,"Data da sessão conforme mencionado no texto da transcrição (véspera da data do nome do arquivo, que corresponde ao dia da postagem/upload)."
2124-IND-004,Indicação,014,2022,52ª Sessão Ordinária da 18ª Legislatura,2022-04-11,Valdir Aparecido de Oliveira,"Solicita a construção de canaletas para captação de águas pluviais nas proximidades do nº 585 da Rua das Perdizes, local que em períodos de chuva causa transtornos e danos aos móveis das residências devido ao acúmulo de água.",,,,,Pendente de Análise,"Data da sessão conforme mencionado no texto da transcrição (véspera da data do nome do arquivo, que corresponde ao dia da postagem/upload)."
2124-IND-005,Indicação,015,2022,52ª Sessão Ordinária da 18ª Legislatura,2022-04-11,Valdir Aparecido de Oliveira,"Solicita a reconstrução da estrada municipal JQL 237, no bairro Palmeiras, sentido à propriedade do Sr. Paulo Dias, com alargamento da via, quebra de barrancos e caixas de contenção de águas pluviais, por se tratar de via de acesso a Dracena usada por produtores rurais para escoamento da produção agrícola.",,,,,Atendida,"Data da sessão conforme mencionado no texto da transcrição (véspera da data do nome do arquivo, que corresponde ao dia da postagem/upload). Vereador Valdir relatou na sessão de 2022-04-19 (53ª sessão) que a manutenção da estrada já havia sido realizada pelo setor de obras."
2124-IND-006,Indicação,016,2022,52ª Sessão Ordinária da 18ª Legislatura,2022-04-11,"Anderson Marcos Viana, Valdir Aparecido de Oliveira","Solicita a implementação de sinalização e proteção lateral na estrada JQL 357, devido a uma erosão causada pelo deságue de águas pluviais de diversos pontos da cidade, que oferece risco de acidentes a produtores rurais e demais moradores que transitam pelo local.",,,,,Pendente de Análise,"Data da sessão conforme mencionado no texto da transcrição (véspera da data do nome do arquivo, que corresponde ao dia da postagem/upload)."
2124-IND-007,Indicação,017,2022,52ª Sessão Ordinária da 18ª Legislatura,2022-04-11,"Elio Furini Neto, Anderson Marcos Viana, Paulo Sérgio Cordeiro, Teresinha de Lourdes Freitas Regodanso, Valdir Aparecido de Oliveira","Solicita a realização de batimetria nas lagoas de tratamento de esgoto do município (Jardim Paulista e Matadouro), para apurar a real situação e eficácia das mesmas, tendo em vista o odor forte que pode causar problemas respiratórios e dores de cabeça constantes.",,,,,Pendente de Análise,"Data da sessão conforme mencionado no texto da transcrição (véspera da data do nome do arquivo, que corresponde ao dia da postagem/upload)."
2124-REQ-001,Requerimento,004,2022,52ª Sessão Ordinária da 18ª Legislatura,2022-04-11,"Elio Furini Neto, Anderson Marcos Viana, Paulo Sérgio Cordeiro, Teresinha de Lourdes Freitas Regodanso, Valdir Aparecido de Oliveira","Solicita informações ao prefeito municipal sobre como está sendo feito o cálculo dos salários dos professores de educação básica I em conformidade com a Lei Complementar nº 1024/2022 (piso salarial nacional), incluindo o cálculo para professores com carga horária inferior a 40 horas semanais, em razão de reclamações de professores que não entenderam os cálculos aplicados.","Diretoria de Fazenda, Compras, Almoxarifado e Recursos Humanos",Normal,Aprovado,,Pendente,"Data da sessão conforme mencionado no texto da transcrição (véspera da data do nome do arquivo, que corresponde ao dia da postagem/upload). Aprovado por unanimidade de votos."
2124-IND-008,Indicação,018,2022,54ª Sessão Ordinária da 18ª Legislatura,2022-04-25,Valdir Aparecido de Oliveira,"Solicita a realização de treinamentos e capacitações com ênfase em primeiros socorros e direção defensiva para funcionários municipais que atuam como motoristas e operadores de máquinas (setores de obras, educação e saúde), a fim de evitar acidentes e assegurar a proteção dos servidores e da população.",,,,,Pendente de Análise,"Data da sessão conforme mencionado no texto da transcrição (véspera da data do nome do arquivo, que corresponde ao dia da postagem/upload)."
2124-IND-009,Indicação,019,2022,54ª Sessão Ordinária da 18ª Legislatura,2022-04-25,"Reinaldo Codognato, Rui Domingos da Silva","Solicita manutenção periódica nas vias laterais da vicinal (nome transcrito de forma inconsistente ao longo da sessão), além da remoção de árvores que oferecem risco a condutores, pedestres e ciclistas da região, em razão do grande fluxo de pessoas e veículos na localidade.",,,,,Pendente de Análise,"Nome da vicinal transcrito de forma inconsistente: no resumo do expediente consta 'Vicinal Alcides Cânola', no texto integral da indicação consta 'Vicinal Alcides Cânola'/'Vicinal Alcides Cânola', e o vereador Reinaldo, ao comentar a indicação, fala em 'vicinal Henrique Coutinho' (bairro Salgado Filho) como pedido verbal adicional a ser incluído. Não foi possível confirmar o nome oficial correto da via. Data da sessão conforme mencionado no texto da transcrição (véspera da data do nome do arquivo, que corresponde ao dia da postagem/upload)."
2124-IND-010,Indicação,020,2022,54ª Sessão Ordinária da 18ª Legislatura,2022-04-25,"Reinaldo Codognato, Marisa Alves da Silva Costa, Sofia Rodrigues dos Santos","Solicita a manutenção da área verde localizada na comunidade Lar Santa Terezinha, a fim de oferecer alternativa de lazer e entretenimento aos internos da entidade, reduzindo ansiedade e melhorando a convivência entre os moradores.",,,,,Pendente de Análise,"Data da sessão conforme mencionado no texto da transcrição (véspera da data do nome do arquivo, que corresponde ao dia da postagem/upload)."
2124-REQ-002,Requerimento,005,2022,54ª Sessão Ordinária da 18ª Legislatura,2022-04-25,Anderson Marcos Viana,"Solicita informações ao Executivo sobre a formação da banda municipal (Projeto de Lei nº 10/2022 e Projetos de Lei Complementares nº 23 e 24/2022): qual a faixa etária dos integrantes que comporão a banda (já que em reunião prévia foi mencionado 'todas as idades', divergindo do estatuto do Centro Comunitário Semente da Vida, voltado a adolescentes de 12 a 17 anos e 11 meses) e se haveria possibilidade de apresentar minuta do plano de trabalho do termo de colaboração.","Diretoria de Educação, Cultura, Esportes, Lazer e Turismo",Normal,Aprovado,09/2022 (Departamento Jurídico),Respondido,"Data da sessão conforme mencionado no texto da transcrição (véspera da data do nome do arquivo, que corresponde ao dia da postagem/upload). Aprovado por 6 votos a 3. Resposta mencionada no resumo do expediente da sessão de 2022-05-09 (56ª sessão): ofício nº 09/2022 do Departamento Jurídico, informando o ofício nº 36/2022 desta Casa (não fica explícito no texto se a resposta esclareceu integralmente as dúvidas levantadas)."
2124-REQ-003,Requerimento,006,2022,54ª Sessão Ordinária da 18ª Legislatura,2022-04-25,Anderson Marcos Viana,"Solicita informações ao prefeito municipal sobre em quais leis municipais, decretos ou atos normativos a administração se baseia para autorizar a prestação de serviços a terceiros com maquinários e veículos de propriedade da Prefeitura, além do último decreto que dispõe sobre a revisão dos custos operacionais de tais serviços, em razão de comentários sobre uso de maquinário municipal em terreno particular na Rua Victor Junqueira, nº 1.105.","Diretoria de Planejamento, Obras, Serviços e Manutenção",Normal,Aprovado,11/2022 (Departamento Jurídico),Respondido,"Data da sessão conforme mencionado no texto da transcrição (véspera da data do nome do arquivo, que corresponde ao dia da postagem/upload). Resposta mencionada no resumo do expediente da sessão de 2022-05-09 (56ª sessão): ofício nº 11/2022 do Departamento Jurídico, informando o ofício nº 37/2022 desta Casa, com referência ao uso de maquinários da prefeitura em serviços particulares."
2124-REQ-004,Requerimento,007,2022,54ª Sessão Ordinária da 18ª Legislatura,2022-04-25,"Anderson Marcos Viana, Elio Furini Neto, Marisa Alves da Silva Costa, Paulo Sérgio Cordeiro, Reinaldo Codognato, Rui Domingos da Silva, Sofia Rodrigues dos Santos, Teresinha de Lourdes Freitas Regodanso, Valdir Aparecido de Oliveira","Requer o envio de ofício de condolências à família do Sr. Raul de La Líbera, comerciante muito conhecido na cidade e vereador na 9ª Legislatura (1983-1988), tendo exercido também a presidência da Câmara no biênio 1985-1986, manifestando sentimentos de pesar pelo falecimento e solicitando que as condolências sejam registradas em ata.",Família de Raul de La Líbera,Normal,,,Pendente,"Data da sessão conforme mencionado no texto da transcrição (véspera da data do nome do arquivo, que corresponde ao dia da postagem/upload). Requerimento atípico, de condolências, assinado por todos os vereadores; não foi encontrado no texto um registro explícito de discussão/votação em plenário (parece ter sido lido e encaminhado diretamente como ato de praxe)."
2124-IND-011,Indicação,021,2022,55ª Sessão Ordinária da 18ª Legislatura,2022-05-02,Valdir Aparecido de Oliveira,"Solicita a aquisição de uma moto fumacê para ajudar no combate à dengue, chikungunya, pernilongos e demais insetos, em razão do crescimento da cidade e do surto de dengue no período.",,,,,Pendente de Análise,"Data da sessão conforme mencionado no texto da transcrição (véspera da data do nome do arquivo, que corresponde ao dia da postagem/upload)."
2124-IND-012,Indicação,022,2022,55ª Sessão Ordinária da 18ª Legislatura,2022-05-02,"Elio Furini Neto, Anderson Marcos Viana, Marisa Alves da Silva Costa, Paulo Sérgio Cordeiro, Teresinha de Lourdes Freitas Regodanso, Valdir Aparecido de Oliveira","Solicita a ampliação do horário permitido para velório no velório municipal, podendo ser velado a qualquer hora, para que a família possa se despedir do ente querido pelo período que achar necessário.",,,,,Pendente de Análise,"Data da sessão conforme mencionado no texto da transcrição (véspera da data do nome do arquivo, que corresponde ao dia da postagem/upload)."
2124-IND-013,Indicação,023,2022,55ª Sessão Ordinária da 18ª Legislatura,2022-05-02,"Teresinha de Lourdes Freitas Regodanso, Anderson Marcos Viana, Elio Furini Neto, Marisa Alves da Silva Costa, Paulo Sérgio Cordeiro, Valdir Aparecido de Oliveira","Solicita a ampliação do horário de atendimento e da quantidade de postos de atendimento de fisioterapia em locais estratégicos da cidade, além da contratação de mais profissionais para atendimentos domiciliares a pacientes com maior dificuldade de locomoção, como idosos.",,,,,Pendente de Análise,"Data da sessão conforme mencionado no texto da transcrição (véspera da data do nome do arquivo, que corresponde ao dia da postagem/upload)."
2124-IND-014,Indicação,024,2022,55ª Sessão Ordinária da 18ª Legislatura,2022-05-02,Anderson Marcos Viana,"Solicita a poda de árvores nos canteiros do final da Rua Tiradentes (Jardim Esperança) e no final da Rua da Paz com a Rua Recife, em razão de o ambiente escuro se tornar propício ao uso de entorpecentes e a comportamentos suspeitos durante a noite.",,,,,Pendente de Análise,"Data da sessão conforme mencionado no texto da transcrição (véspera da data do nome do arquivo, que corresponde ao dia da postagem/upload)."
2124-IND-015,Indicação,025,2022,55ª Sessão Ordinária da 18ª Legislatura,2022-05-02,Anderson Marcos Viana,"Solicita o aumento do número de lugares disponíveis nas arquibancadas da ACERUVA 2022, em razão da alta demanda esperada em virtude da entrada franca do evento.",,,,,Pendente de Análise,"Data da sessão conforme mencionado no texto da transcrição (véspera da data do nome do arquivo, que corresponde ao dia da postagem/upload)."
2124-IND-016,Indicação,026,2022,55ª Sessão Ordinária da 18ª Legislatura,2022-05-02,Reinaldo Codognato,"Solicita a pavimentação asfáltica da rampa que dá acesso da rua até o portão de entrada da Sociedade de Proteção à Infância (SPI), em razão dos danos causados ao portão em períodos de chuva devido ao acúmulo de lama no terreno íngreme.",,,,,Pendente de Análise,"Data da sessão conforme mencionado no texto da transcrição (véspera da data do nome do arquivo, que corresponde ao dia da postagem/upload)."
2124-REQ-005,Requerimento,,2022,55ª Sessão Ordinária da 18ª Legislatura,2022-05-02,Anderson Marcos Viana,"Anuncia verbalmente, em explicação pessoal, que fará (protocolará) um requerimento formal pedindo esclarecimentos sobre a origem dos recursos usados na reforma do ESF 7 e do ESF 3 (cerca de R$ 400 mil), após assessoria de imprensa ter atribuído a verba ao governo estadual, quando segundo o vereador o valor teria sido destinado pelos deputados Reinaldo Alguz e Henrique (federal/estadual), não pelo governador.",Diretoria Administrativa,Verbal/Não Formalizado,,,Pendente,"Data da sessão conforme mencionado no texto da transcrição (véspera da data do nome do arquivo, que corresponde ao dia da postagem/upload). Pedido apenas anunciado verbalmente em explicação pessoal nesta sessão (2022-05-02/03); não foi encontrado, nas sessões seguintes deste lote, o protocolo formal nem número atribuído a este requerimento."
2124-DEN-001,Denúncia,,2022,55ª Sessão Ordinária da 18ª Legislatura,2022-05-02,Anderson Marcos Viana,"Vereador relata furtos recorrentes de enfeites de bronze e metal em túmulos no cemitério municipal, citando o caso de uma amiga cujos enfeites (anjinhos) foram colocados no túmulo da filha e roubados poucos dias depois, e pede mais respeito à população e providências para conter os furtos.",,Feita/cobrada pelo vereador,,,Pendente de Verificação,"Data da sessão conforme mencionado no texto da transcrição (véspera da data do nome do arquivo, que corresponde ao dia da postagem/upload)."
2124-DEN-002,Denúncia,,2022,55ª Sessão Ordinária da 18ª Legislatura,2022-05-02,Anderson Marcos Viana,"Vereador relata que moradores entraram em contato com ele para informar o envenenamento de aproximadamente seis gatos e um cachorro nas proximidades da Rua Victor Junqueira, perto da Rua Belém e da sede da fisioterapia.",,Recebida pelo vereador,,,Pendente de Verificação,"Data da sessão conforme mencionado no texto da transcrição (véspera da data do nome do arquivo, que corresponde ao dia da postagem/upload)."
2124-IND-017,Indicação,027,2022,56ª Sessão Ordinária da 18ª Legislatura,2022-05-09,"Reinaldo Codognato, Sofia Rodrigues dos Santos","Propõe que o futuro parque ecológico a ser criado no complexo de áreas verdes dos bairros Jardim Aliança, Residencial Campo Belo e Jardim Catuna receba o nome do saudoso João Seloto, um dos pioneiros do município, que trabalhou por anos na Prefeitura e foi zelador da antiga Igreja Católica dos Jardins e da Praça Bandeirantes (atual Praça Álvaro de Oliveira Junqueira).",,,,,Pendente de Análise,"Data da sessão conforme mencionado no texto da transcrição (véspera da data do nome do arquivo, que corresponde ao dia da postagem/upload)."
2124-IND-018,Indicação,028,2022,56ª Sessão Ordinária da 18ª Legislatura,2022-05-09,"Elio Furini Neto, Anderson Marcos Viana, Paulo Sérgio Cordeiro, Teresinha de Lourdes Freitas Regodanso, Valdir Aparecido de Oliveira","Solicita a instituição de um auxílio municipal oncológico para fornecimento de alimentos naturais e essenciais a pessoas em tratamento contra o câncer (quimioterapia, radioterapia ou outros), a fim de manter e restaurar a imunidade do paciente durante o tratamento.",,,,,Pendente de Análise,"Data da sessão conforme mencionado no texto da transcrição (véspera da data do nome do arquivo, que corresponde ao dia da postagem/upload)."
2124-IND-019,Indicação,029,2022,56ª Sessão Ordinária da 18ª Legislatura,2022-05-09,"Reinaldo Codognato, Sofia Rodrigues dos Santos","Solicita o retorno das atividades de recreação para a terceira idade, pausadas em razão da pandemia da Covid-19, incluindo o retorno dos técnicos e professores responsáveis pelo acompanhamento das atividades.",,,,,Atendida,"Data da sessão conforme mencionado no texto da transcrição (véspera da data do nome do arquivo, que corresponde ao dia da postagem/upload). O vereador Reinaldo esclareceu na própria sessão que as atividades recreativas já haviam retornado antes da votação desta indicação, restando pendente principalmente o reforço do acompanhamento por profissional de educação física."
2124-REQ-006,Requerimento,008,2022,56ª Sessão Ordinária da 18ª Legislatura,2022-05-09,"Elio Furini Neto, Anderson Marcos Viana, Paulo Sérgio Cordeiro, Teresinha de Lourdes Freitas Regodanso, Valdir Aparecido de Oliveira","Solicita informações ao prefeito municipal sobre quais medidas estão sendo adotadas para prevenção e combate à dengue no município, sugerindo a realização de mutirões por setores da cidade para eliminação de criadouros do mosquito Aedes aegypti.",Diretoria de Saúde,Normal,Aprovado,,Pendente,"Data da sessão conforme mencionado no texto da transcrição (véspera da data do nome do arquivo, que corresponde ao dia da postagem/upload). Aprovado por unanimidade de votos."
2124-IND-020,Indicação,030,2022,57ª Sessão Ordinária da 18ª Legislatura,2022-05-16,"Anderson Marcos Viana, Elio Furini Neto, Rui Domingos da Silva, Teresinha de Lourdes Freitas Regodanço, Valdir Aparecido de Oliveira","Solicita implementação de iluminação no trecho da Avenida Edvirgem Aparecida Trevisan, citando riscos noturnos como uso de entorpecentes, problemas de trânsito e outros delitos favorecidos pela escuridão.",,,,,Pendente de Análise,"Data da sessão conforme texto do expediente é 16/05/2022, um dia antes da data do nome do arquivo (2022-05-17) - a transcrição parece corresponder a um vídeo publicado no dia seguinte à sessão. Usada a data do texto. O nome da avenida aparece transcrito de forma inconsistente ao longo da sessão (""Edivir Gisana"", ""Edvidesana Aparecida Trevisan"", ""Edvirgem Aparecida Trevisan""); normalizado para ""Avenida Edvirgem Aparecida Trevisan"", mas a grafia exata não pôde ser confirmada."
2124-IND-021,Indicação,031,2022,57ª Sessão Ordinária da 18ª Legislatura,2022-05-16,Anderson Marcos Viana,"Solicita reforma da Academia de Judô do município, em razão do estado precário da estrutura relatado por pais de praticantes das modalidades de judô e caratê.",,,,,Pendente de Análise,"Data da sessão conforme texto do expediente é 16/05/2022, um dia antes da data do nome do arquivo (2022-05-17). Usada a data do texto."
2124-IND-022,Indicação,032,2022,57ª Sessão Ordinária da 18ª Legislatura,2022-05-16,Anderson Marcos Viana,"Solicita implantação de pontos de ônibus em diversos bairros (Residencial das Américas, Jardim Paulista, Jardim Junqueirópolis, Vila Beatriz, Residencial Carmesim I e II, Pioneiros, Cristo Redentor, Residencial Figueira, Delta Ville, Jardim Esperança, Jardim dos Pássaros, Vila Santa Ruth, Jardim Boa Vista e Recanto dos Eucaliptos), para proteger moradores da chuva e do sol enquanto aguardam ônibus ou ambulâncias.",,,,,Pendente de Análise,"Data da sessão conforme texto do expediente é 16/05/2022, um dia antes da data do nome do arquivo (2022-05-17). Usada a data do texto."
2124-IND-023,Indicação,033,2022,57ª Sessão Ordinária da 18ª Legislatura,2022-05-16,Anderson Marcos Viana,"Solicita iluminação e reforma das calçadas e muros do cemitério municipal, em razão de furtos frequentes relatados nas proximidades.",,,,,Pendente de Análise,"Data da sessão conforme texto do expediente é 16/05/2022, um dia antes da data do nome do arquivo (2022-05-17). Usada a data do texto."
2124-IND-024,Indicação,034,2022,57ª Sessão Ordinária da 18ª Legislatura,2022-05-16,"Anderson Marcos Viana, Elio Furini Neto, Teresinha de Lourdes Freitas Regodanço, Valdir Aparecido de Oliveira","Solicita construção de cobertura nos ESFs 2, 3, 6 e 7, para proteger pacientes (especialmente crianças e idosos) que aguardam consultas da chuva e do sol intenso.",,,,,Pendente de Análise,"Data da sessão conforme texto do expediente é 16/05/2022, um dia antes da data do nome do arquivo (2022-05-17). Usada a data do texto."
2124-IND-025,Indicação,035,2022,57ª Sessão Ordinária da 18ª Legislatura,2022-05-16,"Teresinha de Lourdes Freitas Regodanço, Elio Furini Neto, Valdir Aparecido de Oliveira","Solicita que o sistema de lazer do bairro Jardim Alvorada receba o nome da saudosa professora Maria das Dores Barbosa Estopa, a ""Professora Dorinha"", em homenagem ao seu trabalho social e educacional junto à comunidade do bairro.",,,,,Pendente de Análise,"Data da sessão conforme texto do expediente é 16/05/2022, um dia antes da data do nome do arquivo (2022-05-17). Usada a data do texto."
2124-DEN-003,Denúncia,,2022,57ª Sessão Ordinária da 18ª Legislatura,2022-05-16,Anderson Marcos Viana,"Vereador relata que há semanas a água jorra sem controle dos registros do Horto do Seringal (fotos e filmagem próprias), configurando desperdício constante de água, sem que o setor responsável ou a empresa loteadora tenham dado solução até o momento.",Setor de obras/loteador responsável,Feita/cobrada pelo vereador,,,Pendente de Verificação,"Denúncia reiterada praticamente com os mesmos termos pelo vereador na sessão seguinte (59ª, 30/05/2022), indicando que o problema seguia sem solução."
2124-DEN-004,Denúncia,,2022,57ª Sessão Ordinária da 18ª Legislatura,2022-05-16,Anderson Marcos Viana,"Vereador denuncia fiscalização desigual de lotes com mato alto: um lote no loteamento 'Trindade', próximo ao Campo do Madrugada, permanecia sem capinar havia mais de seis meses apesar de pedido formal, enquanto um lote pequeno de pessoa de menor posse foi encontrado, fotografado, notificado e limpo em apenas dois dias.",Setor de fiscalização da Prefeitura,Feita/cobrada pelo vereador,,,Pendente de Verificação,"Vereador reitera e detalha ainda mais essa denúncia na 59ª sessão (30/05/2022), citando também o loteamento Hortus Seringal, que teria recebido apenas 'advertência' em vez de multa por cerca de cinco meses."
2124-DEN-005,Denúncia,,2022,57ª Sessão Ordinária da 18ª Legislatura,2022-05-16,Anderson Marcos Viana,"Vereador relata risco de acidente por poste de madeira apodrecido, sustentado apenas por fios e galhos de árvore, próximo ao Salão Comunitário do Jardim Alvorada, em área com muitas crianças; pedido de troca já havia sido feito há mais de um ano e não foi atendido.",Setor de obras/empresa de energia elétrica,Feita/cobrada pelo vereador,,,Pendente de Verificação,
2124-IND-026,Indicação,036,2022,58ª Sessão Ordinária da 18ª Legislatura,2022-05-23,Anderson Marcos Viana,"Solicita dois caminhões de areia para cobrir as quadras do Parque Ecológico, pois a pouca areia existente vem causando lesões em praticantes de esporte ao entrarem em contato com as pedras do solo.",,,,,Pendente de Análise,"Data da sessão conforme texto do expediente é 23/05/2022, um dia antes da data do nome do arquivo (2022-05-24). Usada a data do texto."
2124-IND-027,Indicação,037,2022,58ª Sessão Ordinária da 18ª Legislatura,2022-05-23,"Anderson Marcos Viana, Elio Furini Neto, Paulo Sérgio Cordeiro, Teresinha de Lourdes Freitas Regodanço, Valdir Aparecido de Oliveira","Solicita divulgação, via mídias sociais do Executivo e carro de som, da Lei Municipal nº 3.507, que institui o colar de girassol como símbolo de identificação de pessoas com deficiências ocultas, visando conscientizar munícipes e estabelecimentos comerciais.",,,,,Pendente de Análise,"Data da sessão conforme texto do expediente é 23/05/2022, um dia antes da data do nome do arquivo (2022-05-24). Usada a data do texto."
2124-IND-028,Indicação,038,2022,58ª Sessão Ordinária da 18ª Legislatura,2022-05-23,"Anderson Marcos Viana, Elio Furini Neto, Paulo Sérgio Cordeiro, Teresinha de Lourdes Freitas Regodanço, Valdir Aparecido de Oliveira","Solicita disponibilização de ônibus nos períodos da manhã e da noite, em época de frio, para alunos que residem a menos de 1.500 metros da escola (grupo atualmente sem direito ao transporte escolar), em razão do risco de adoecimento pelo deslocamento a pé nas baixas temperaturas.",,,,,Pendente de Análise,"Data da sessão conforme texto do expediente é 23/05/2022, um dia antes da data do nome do arquivo (2022-05-24). Usada a data do texto."
2124-IND-029,Indicação,039,2022,58ª Sessão Ordinária da 18ª Legislatura,2022-05-23,Anderson Marcos Viana,"Solicita implantação de mão única na Avenida Bandeirantes, no trecho de frente ao Centro de Saúde, em razão de acidentes frequentes e do grande fluxo de veículos no local.",,,,,Pendente de Análise,"Data da sessão conforme texto do expediente é 23/05/2022, um dia antes da data do nome do arquivo (2022-05-24). Usada a data do texto."
2124-DEN-006,Denúncia,,2022,58ª Sessão Ordinária da 18ª Legislatura,2022-05-23,Anderson Marcos Viana,"Vereador relata que leite distribuído a famílias pelo programa social do município (fabricação de 19/05, validade até 25/05) foi entregue estragado/azedo na quinta-feira anterior, deixando famílias que dependiam exclusivamente desse leite sem o produto durante o final de semana; a distribuidora alegou problema em máquina de fabricação.",Fornecedor/distribuidora de leite do programa social; Assistência Social,Recebida pelo vereador,,,Pendente de Verificação,Vereador relatou ter recebido fotos e questionamentos de várias mães; problema foi reconhecido e reposição foi feita na sessão seguinte à queixa.
2124-IND-030,Indicação,040,2022,59ª Sessão Ordinária da 18ª Legislatura,2022-05-30,Valdir Aparecido de Oliveira,"Solicita implantação de mão única na Rua São Luís, lateral ao Estádio Municipal Raphael Capelli, e a reforma ou substituição dos aparelhos da academia ao ar livre em frente ao estádio, que estão quebrados ou com peças faltando, oferecendo risco aos usuários.",,,,,Pendente de Análise,"Data da sessão conforme texto do expediente é 30/05/2022, um dia antes da data do nome do arquivo (2022-05-31). Usada a data do texto."
2124-IND-031,Indicação,041,2022,59ª Sessão Ordinária da 18ª Legislatura,2022-05-30,Valdir Aparecido de Oliveira,"Solicita o corte das árvores secas existentes às margens da vicinal Alcides Canola, que liga a cidade ao bairro Duas Barras, atingidas por um incêndio de grandes proporções, oferecendo atualmente risco de acidentes a quem trafega pela via.",,,,,Pendente de Análise,"Data da sessão conforme texto do expediente é 30/05/2022, um dia antes da data do nome do arquivo (2022-05-31). Usada a data do texto."
2124-IND-032,Indicação,042,2022,59ª Sessão Ordinária da 18ª Legislatura,2022-05-30,Anderson Marcos Viana,"Solicita o retorno do funcionamento dos exames de ultrassom na Santa Casa de Junqueirópolis, interrompidos havia cerca de um ano, em razão dos transtornos causados a pacientes (especialmente idosos e gestantes) que precisam se deslocar a cidades vizinhas para realizar o exame.",,,,,Pendente de Análise,"Data da sessão conforme texto do expediente é 30/05/2022, um dia antes da data do nome do arquivo (2022-05-31). Usada a data do texto."
2124-IND-033,Indicação,043,2022,59ª Sessão Ordinária da 18ª Legislatura,2022-05-30,Anderson Marcos Viana,"Solicita funcionamento de uma pequena farmácia nos finais de semana, por 12 horas diárias, no pronto-socorro municipal, para atender a população mais carente que tem dificuldade de adquirir remédios prescritos fora do horário comercial.",,,,,Pendente de Análise,"Data da sessão conforme texto do expediente é 30/05/2022, um dia antes da data do nome do arquivo (2022-05-31). Usada a data do texto."
2124-IND-034,Indicação,044,2022,59ª Sessão Ordinária da 18ª Legislatura,2022-05-30,Anderson Marcos Viana,"Solicita a construção de banheiro com vestiário destinado aos funcionários do pronto-socorro municipal, que atualmente utilizam o mesmo banheiro destinado aos pacientes.",,,,,Pendente de Análise,"Data da sessão conforme texto do expediente é 30/05/2022, um dia antes da data do nome do arquivo (2022-05-31). Usada a data do texto."
2124-IND-035,Indicação,045,2022,59ª Sessão Ordinária da 18ª Legislatura,2022-05-30,Anderson Marcos Viana,"Solicita a disponibilização de um local para troca de óleo de cozinha usado por óleo novo nos ESFs 1, 3, 4, 7 e Central, e também no CRAS, como apoio a uma campanha comunitária de reaproveitamento, sem custo adicional para a administração.",,,,,Pendente de Análise,"Data da sessão conforme texto do expediente é 30/05/2022, um dia antes da data do nome do arquivo (2022-05-31). Usada a data do texto."
2124-DEN-007,Denúncia,,2022,59ª Sessão Ordinária da 18ª Legislatura,2022-05-30,Anderson Marcos Viana,"Vereador denuncia que os exames de ultrassom, antes realizados na Santa Casa (o aparelho pertencia a um médico particular em parceria com a entidade), foram suspensos há cerca de um ano sem qualquer explicação ou comunicado formal aos vereadores ou à população, obrigando pacientes, especialmente idosos e gestantes, a se deslocarem a outras cidades.",Santa Casa de Misericórdia de Junqueirópolis / Secretaria de Saúde,Feita/cobrada pelo vereador,,,Pendente de Verificação,
2124-DEN-008,Denúncia,,2022,59ª Sessão Ordinária da 18ª Legislatura,2022-05-30,Anderson Marcos Viana,"Vereador relata que, há cerca de um ano, os funcionários do pronto-socorro municipal precisam usar o mesmo banheiro destinado aos pacientes (não há vestiário/banheiro próprio), situação constrangedora tanto para os trabalhadores quanto para os pacientes, que ficam sem acesso a um dos dois banheiros antes disponíveis.",Secretaria de Saúde,Feita/cobrada pelo vereador,,,Pendente de Verificação,
2124-DEN-009,Denúncia,,2022,59ª Sessão Ordinária da 18ª Legislatura,2022-05-30,"Valdir Aparecido de Oliveira, Reinaldo Codognato, Anderson Marcos Viana","Vereadores questionam o destino de cerca de R$ 201 mil aprovados nessa Casa em 2021 para a construção de uma usina de oxigênio na Santa Casa; a obra nunca foi realizada (segundo o diretor de saúde, o rompimento do contrato com o fornecedor de oxigênio não seria compensatório), sem que o valor tenha retornado aos cofres públicos ou tenha havido explicação clara sobre o ocorrido, enquanto a Câmara aprovava nova verba para custeio de oxigênio.",Secretaria de Saúde / Santa Casa de Misericórdia de Junqueirópolis,Feita/cobrada pelo vereador,,,Pendente de Verificação,"Discussão ocorreu durante a votação do Projeto de Lei Complementar nº 31/2022; vereador Valdir ressalta não estar acusando má gestão, mas questionando o que ocorreu com o valor já destinado."
2124-DEN-010,Denúncia,,2022,59ª Sessão Ordinária da 18ª Legislatura,2022-05-30,Anderson Marcos Viana,"Vereador relata ter sido chamado publicamente de 'vagabundo', 'sem-vergonha' e 'safado' por um vice-diretor de escola, em reunião de diretores de escolas da região, por conta de postagens do vereador nas redes sociais sobre crianças caminhando na chuva a caminho da escola.",,Contra o vereador,,,Pendente de Verificação,Vereador não identificou o nome do vice-diretor nem a escola de origem dele durante a fala.
2124-DEN-011,Denúncia,,2022,59ª Sessão Ordinária da 18ª Legislatura,2022-05-30,Anderson Marcos Viana,"Vereador relata que a ampliação da creche do bairro Cristo Redentor, anunciada aos pais no início do ano (época em que algumas crianças já foram remanejadas para outras creches), não havia sido sequer iniciada até o final de maio, gerando transtorno às famílias que precisam se deslocar para creches mais distantes.",Secretaria de Educação,Recebida pelo vereador,,,Pendente de Verificação,
2124-IND-036,Indicação,046,2022,60ª Sessão Ordinária da 18ª Legislatura,2022-06-06,Valdir Aparecido de Oliveira,"Reforçando a indicação nº 27/2021, solicita a reconstrução do trecho da estrada JQL 145, no bairro Taquaruçu, próximo à Fazenda Boa Esperança, e a reconstrução da ponte do local que dá acesso à vicinal Henrique Coutinho (estrada conhecida como ""26""), citando o uso da via para transporte de cargas pesadas como cana, calcário e fertilizantes.",,,,,Pendente de Análise,"Data da sessão conforme texto do expediente é 06/06/2022, um dia antes da data do nome do arquivo (2022-06-07). Usada a data do texto. Durante a sessão, o vereador Reinaldo Codognato pediu para acrescentar sua assinatura em apoio a esta indicação, mas o documento lido consta apenas com a autoria de Valdir Aparecido de Oliveira."
2124-IND-037,Indicação,047,2022,60ª Sessão Ordinária da 18ª Legislatura,2022-06-06,Valdir Aparecido de Oliveira,"Solicita implantação de redutor de velocidade na Rua Quinzinho da Cunha, entre a Avenida Latina e a Rua das Américas, em razão de ponto de ônibus existente no local e do tráfego de veículos em alta velocidade.",,,,,Pendente de Análise,"Data da sessão conforme texto do expediente é 06/06/2022, um dia antes da data do nome do arquivo (2022-06-07). Usada a data do texto."
2124-REQ-007,Requerimento,,2022,60ª Sessão Ordinária da 18ª Legislatura,2022-06-06,Anderson Marcos Viana,"Durante a discussão do Projeto de Lei Complementar nº 33/2022 (abertura de crédito adicional especial de R$ 489 mil), o vereador anunciou verbalmente que votaria favoravelmente ao projeto, mas pediria por escrito informações discriminadas sobre a aplicação dos recursos, em especial os cerca de R$ 349 mil destinados ao setor de água e esgoto; o presidente confirmou em plenário que o requerimento formal seria protocolado posteriormente.","Diretoria de Fazenda, Compras, Almoxarifado e Recursos Humanos",Verbal/Não Formalizado,,,Pendente,"Pedido verbal feito em explicações pessoais, sem número formal atribuído nesta sessão; não há confirmação, nas sessões seguintes lidas neste lote, de que o requerimento tenha sido de fato protocolado com numeração própria. Diretoria de destino inferida (o valor discutido pelo vereador refere-se à ficha do setor de água e esgoto), mas não foi explicitada no pedido verbal."
2124-DEN-012,Denúncia,,2022,60ª Sessão Ordinária da 18ª Legislatura,2022-06-06,Anderson Marcos Viana,"Vereador denuncia a destruição de vegetação em um trecho de aproximadamente 100 a 150 metros próximo à sua residência, ocorrida sem autorização da diretoria de meio ambiente, segundo confirmado por telefone pela responsável do setor (Bianca), que atribuiu a atividade ao setor de obras e afirmou não ter assinado nenhuma autorização; vereador afirma que fará denúncia formal caso não haja autorização válida.",Diretoria de Meio Ambiente / Setor de Obras,Feita/cobrada pelo vereador,,,Pendente de Verificação,Vereador associa o episódio à contradição com a 'Semana do Meio Ambiente' promovida pela administração na mesma semana.
2124-IND-038,Indicação,048,2022,61ª Sessão Ordinária da 18ª Legislatura,2022-06-14,Anderson Marcos Viana,"Solicita a reconstrução da ponte que liga Junqueirópolis a Flora Rica, próxima ao Córrego do Fogo, caída havia cerca de dois anos em decorrência de fortes chuvas, impedindo a circulação de pedestres e veículos entre os dois municípios.",,,,,Pendente de Análise,"Data da sessão conforme texto do expediente é 14/06/2022, um dia antes da data do nome do arquivo (2022-06-15). Usada a data do texto. O próprio autor, na tribuna, corrigiu o prazo citado no texto da indicação (""cerca de cinco meses"") para ""cerca de dois anos""."
2124-IND-039,Indicação,049,2022,61ª Sessão Ordinária da 18ª Legislatura,2022-06-14,Valdir Aparecido de Oliveira,"Reforçando a indicação nº 159/2021, solicita a revisão do percentual de insalubridade pago aos servidores municipais da área da saúde (motoristas de ambulância, técnicos e auxiliares de enfermagem), atualmente em 20%, em reconhecimento ao trabalho de risco exercido, inclusive durante a pandemia de Covid-19.",,,,,Pendente de Análise,"Data da sessão conforme texto do expediente é 14/06/2022, um dia antes da data do nome do arquivo (2022-06-15). Usada a data do texto."
2124-IND-040,Indicação,050,2022,61ª Sessão Ordinária da 18ª Legislatura,2022-06-14,Elio Furini Neto,"Solicita melhorias no local de treinamento de tênis de mesa, atualmente improvisado, para proporcionar melhores condições de treino aos atletas e melhor representação da cidade em competições.",,,,,Pendente de Análise,"Data da sessão conforme texto do expediente é 14/06/2022, um dia antes da data do nome do arquivo (2022-06-15). Usada a data do texto."
2124-IND-041,Indicação,051,2022,61ª Sessão Ordinária da 18ª Legislatura,2022-06-14,Elio Furini Neto,"Reforçando a indicação nº 126/2021, solicita a reforma do campo de futebol da Vila Beatriz, incluindo manutenção do gramado, construção de área de lazer, ampliação dos banheiros/vestiários masculino e feminino e implantação de quadra de areia.",,,,,Pendente de Análise,"Data da sessão conforme texto do expediente é 14/06/2022, um dia antes da data do nome do arquivo (2022-06-15). Usada a data do texto."
2124-IND-042,Indicação,052,2022,61ª Sessão Ordinária da 18ª Legislatura,2022-06-14,"Sofia Rodrigues dos Santos, Reinaldo Codognato","Solicita recapeamento das ruas Nazareno Sedrone e Augusto E. Nogueira (esta se prolongando até a via de acesso João Furini), no bairro Jardim Boa Vista, e da Rua Curitiba, no trecho entre as ruas Sebastiana de Oliveira e Florianópolis.",,,,,Pendente de Análise,"Data da sessão conforme texto do expediente é 14/06/2022, um dia antes da data do nome do arquivo (2022-06-15). Usada a data do texto. Grafia dos nomes das ruas ""Nazareno Sedrone"" e ""Augusto E. Nogueira"" incerta na transcrição."
2124-REQ-008,Requerimento,009,2022,61ª Sessão Ordinária da 18ª Legislatura,2022-06-14,Anderson Marcos Viana,"Solicitava informações sobre a contratação de dentistas pela municipalidade. Foi retirado de pauta pelo próprio autor logo no início da sessão, que alegou ter se confundido ao formulá-lo (""era para fazer um pedido, fazer de outro aí, me atrapalhei"") e que, da forma como redigido, não atingiria o objetivo pretendido.",Diretoria de Saúde,Normal,Retirado,,Pendente,"Data da sessão conforme texto do expediente é 14/06/2022, um dia antes da data do nome do arquivo (2022-06-15). Este requerimento foi refeito com nova redação e reapresentado como Requerimento nº 10/2022 na sessão seguinte, desta vez direcionado à Santa Casa de Misericórdia."
2124-DEN-013,Denúncia,,2022,61ª Sessão Ordinária da 18ª Legislatura,2022-06-14,Anderson Marcos Viana,"Vereador relata caso de uma mãe cadeirante cujo filho, paciente do CAPS com necessidades especiais, foi levado a uma consulta fora do serviço; ao tentar contato para buscar o filho, foi tratada com grosseria por funcionário do CAPS, que teria bloqueado seu número, deixando-a sem meio de contato e o filho sem transporte de volta por horas. Após desabafo da mãe nas redes sociais (com cerca de 50 compartilhamentos e outros relatos semelhantes de medo de denunciar), o funcionário abriu processo contra ela.",CAPS / Secretaria de Saúde,Recebida pelo vereador,,,Pendente de Verificação,"Vereador também relata que, em outra ocasião, o mesmo paciente não recebeu alimentação no CAPS; no primeiro episódio o secretário de saúde interveio e resolveu, no segundo não."
2124-IND-043,Indicação,053,2022,62ª Sessão Ordinária da 18ª Legislatura,2022-06-20,Anderson Marcos Viana,"Solicita fornecimento de areia para revestir a caixa do playground das crianças no Jardim dos Pioneiros, a fim de amortecer quedas e evitar lesões nas crianças que utilizam o local.",,,,,Pendente de Análise,"Data da sessão conforme texto do expediente é 20/06/2022, um dia antes da data do nome do arquivo (2022-06-21). Usada a data do texto."
2124-IND-044,Indicação,054,2022,62ª Sessão Ordinária da 18ª Legislatura,2022-06-20,Anderson Marcos Viana,"Reforçando a indicação nº 158/2021, solicita o aproveitamento da água que jorra da bica no bairro Vila Beatriz, para uso em caminhões-pipa, usinas e pelo Corpo de Bombeiros de Dracena, preservando a água potável exclusivamente para consumo humano.",,,,,Pendente de Análise,"Data da sessão conforme texto do expediente é 20/06/2022, um dia antes da data do nome do arquivo (2022-06-21). Usada a data do texto."
2124-IND-045,Indicação,055,2022,62ª Sessão Ordinária da 18ª Legislatura,2022-06-20,"Valdir Aparecido de Oliveira, Reinaldo Codognato, Teresinha de Lourdes Freitas Regodanço","Reforçando a indicação nº 149/2021, solicita a substituição dos canos da rede de água do bairro Duas Barras por tubulação de maior diâmetro, para aumentar a pressão da água nas residências abastecidas pelo reservatório local e reduzir vazamentos.",,,,,Pendente de Análise,"Data da sessão conforme texto do expediente é 20/06/2022, um dia antes da data do nome do arquivo (2022-06-21). Usada a data do texto."
2124-IND-046,Indicação,056,2022,62ª Sessão Ordinária da 18ª Legislatura,2022-06-20,Valdir Aparecido de Oliveira,"Solicita a destinação da caminhonete 4x4 a diesel, cabine dupla, conquistada pelo programa estadual ""Agro Mais Seguro"", para a realização de rondas policiais na zona rural, em parceria com a Polícia Militar (Operação Delegada), visando combater furtos contra produtores rurais.",,,,,Pendente de Análise,"Data da sessão conforme texto do expediente é 20/06/2022, um dia antes da data do nome do arquivo (2022-06-21). Usada a data do texto."
2124-REQ-009,Requerimento,010,2022,62ª Sessão Ordinária da 18ª Legislatura,2022-06-20,Anderson Marcos Viana,"Solicita à Irmandade da Santa Casa de Misericórdia de Junqueirópolis informações sobre os dentistas contratados pela entidade: local de trabalho, carga horária semanal, jornada de trabalho e meio de controle dessa jornada.",Irmandade da Santa Casa de Misericórdia de Junqueirópolis,Normal,Aprovado,,Pendente,"Data da sessão conforme texto do expediente é 20/06/2022, um dia antes da data do nome do arquivo (2022-06-21). Versão reformulada do Requerimento nº 09/2022, retirado de pauta na sessão anterior."
2124-REQ-010,Requerimento,011,2022,62ª Sessão Ordinária da 18ª Legislatura,2022-06-20,Elio Furini Neto,"Em complemento ao Requerimento nº 04/2022, solicita ao Executivo informações detalhadas sobre o cálculo dos vencimentos dos professores da Educação Básica I: cópia atualizada do anexo II da LC 649/2015, situação de vigência dessa lei, critério adotado para atualizar apenas os valores dos níveis iniciais da tabela, existência de estudo sobre a viabilidade orçamentária para atualização de todos os níveis, e se o salário-base atual (R$ 3.314,44) está em conformidade com o piso nacional do magistério (Lei federal nº 11.738/2008, R$ 3.845,63).","Diretoria de Educação, Cultura, Esportes, Lazer e Turismo",Normal,Aprovado,,Pendente,"Data da sessão conforme texto do expediente é 20/06/2022, um dia antes da data do nome do arquivo (2022-06-21). Usada a data do texto."
2124-DEN-014,Denúncia,,2022,62ª Sessão Ordinária da 18ª Legislatura,2022-06-20,Anderson Marcos Viana,"Vereador relata duas tentativas de furto em trecho escuro da Avenida Edwirges Aparecida Trevisan (próximo ao recinto de exposições/Ceruva): em uma, um indivíduo tentou desviar combustível de um caminhão-tanque através de mangueira, derramando toda a carga no asfalto ao fugir; em outra, houve tentativa de furto de bateria de caminhão estacionado no local. Atribui os episódios à falta de iluminação pública no trecho, já cobrada anteriormente sem solução.",Setor de obras/iluminação pública,Recebida pelo vereador,,,Pendente de Verificação,
2124-IND-047,Indicação,057,2022,63ª Sessão Ordinária da 18ª Legislatura,2022-06-27,Anderson Marcos Viana,"Solicita a implantação de iluminação no trevo de acesso ao bairro Duas Barras, em razão de diversos pedidos da população que relatam acidentes, roubos e demais transtornos causados pela falta de iluminação no local.",,,,,Pendente de Análise,"Nome do arquivo indica 2022-06-28, mas o texto da transcrição afirma explicitamente que o expediente é 'da 63ª Sessão Ordinária... a ser realizada em 27 de junho de 2022' (uma segunda-feira, consistente com o padrão semanal das sessões); usada a data do texto."
2124-IND-048,Indicação,058,2022,63ª Sessão Ordinária da 18ª Legislatura,2022-06-27,"Elio Furini Neto, Anderson Marcos Viana, Paulo Sérgio Cordeiro, Teresinha de Lourdes Freitas Regodanso, Valdir Aparecido de Oliveira","Solicita que as unidades de Estratégia de Saúde da Família (ESF) também possam distribuir medicamentos à população, para amenizar o intenso movimento e as filas no Centro de Saúde central.",,,,,Pendente de Análise,Nome do arquivo indica 2022-06-28; texto integral confirma sessão de 27 de junho de 2022 (ver nota da indicação 057 da mesma sessão).
2124-IND-049,Indicação,059,2022,63ª Sessão Ordinária da 18ª Legislatura,2022-06-27,"Reinaldo Codognato, Sofia Rodrigues dos Santos","Solicita a instalação de um playground no bairro Jardim Conde, para proporcionar área de recreação às crianças que moram na região.",,,,,Pendente de Análise,Nome do arquivo indica 2022-06-28; texto integral confirma sessão de 27 de junho de 2022 (ver nota da indicação 057 da mesma sessão).
2124-IND-050,Indicação,060,2022,63ª Sessão Ordinária da 18ª Legislatura,2022-06-27,"Reinaldo Codognato, Teresinha de Lourdes Freitas Regodanso, Sofia Rodrigues dos Santos","Reforça a indicação nº 12/2021 e solicita a instalação de redutores de velocidade em pontos estratégicos da Rua Constantino Marcolino de Souza, em razão do fluxo de veículos em alta velocidade que causa transtornos aos pedestres.",,,,,Pendente de Análise,Nome do arquivo indica 2022-06-28; texto integral confirma sessão de 27 de junho de 2022 (ver nota da indicação 057 da mesma sessão).
2124-IND-051,Indicação,061,2022,63ª Sessão Ordinária da 18ª Legislatura,2022-06-27,"Reinaldo Codognato, Teresinha de Lourdes Freitas Regodanso, Sofia Rodrigues dos Santos","Reforça a indicação nº 98/2021 e solicita o recapeamento asfáltico no prolongamento das ruas Jacinto José Alegrete e Guerino Val, além de melhorias nas ruas adjacentes, devido aos buracos que dificultam o tráfego.",,,,,Pendente de Análise,Nome do arquivo indica 2022-06-28; texto integral confirma sessão de 27 de junho de 2022 (ver nota da indicação 057 da mesma sessão).
2124-REQ-011,Requerimento,012,2022,63ª Sessão Ordinária da 18ª Legislatura,2022-06-27,Paulo Sérgio Cordeiro,"Solicita ao prefeito municipal informações sobre a quantidade de empregos gerados até o momento pelas empresas contempladas com lotes no Distrito Industrial 4, com detalhamento do compromisso de contratações de cada empresa e o número de funcionários já contratados.","Diretoria de Agronegócio, Indústria, Comércio e Meio Ambiente e Gestão de Resíduos Sólidos",Normal,Aprovado,,Pendente,"Nome do arquivo indica 2022-06-28, mas o texto do expediente afirma que a sessão é 'a ser realizada em 27 de junho de 2022'; usada a data do texto. Diretoria de destino inferida (assunto trata de empresas do distrito industrial), não foi explicitada no requerimento."
2124-DEN-015,Denúncia,,2022,63ª Sessão Ordinária da 18ª Legislatura,2022-06-27,"Anderson Marcos Viana, Marisa Alves da Silva Costa, Paulo Sérgio Cordeiro","Relatório final da Comissão de Obras, Serviços Públicos e Atividades Privadas da Câmara sobre o processo de ouvidoria nº 03/2021, referente a denúncia apresentada pelo cidadão José Antônio Árabe Henrique sobre suposto uso indevido, pela Prefeitura, do leito e dos trilhos da linha férrea (área da concessionária Rumo Malha Paulista S.A.), incluindo remoção de trilhos, construção de bancos, gramados, pergolados, academia ao ar livre, pista de caminhada em concreto e passarelas, sem autorização da concessionária. A comissão concluiu haver indícios de investimento irregular de recursos públicos em área de faixa de domínio da concessionária e recomendou o encaminhamento de cópia do relatório final e do processo integral ao Tribunal de Contas do Estado de São Paulo e ao Ministério Público para apuração e eventual responsabilização.","Diretoria de Planejamento, Obras, Serviços e Manutenção",Relatada em documento/ofício,,,Pendente de Verificação,"Denúncia original protocolada em 2021 (processo aberto em 19/07/2021); o relatório final da comissão foi lido e constou do expediente desta sessão (27/06/2022). Vereadores listados são os membros da comissão que assinaram o relatório (Anderson Marcos Viana, presidente; Marisa Alves da Silva Costa e Paulo Sérgio Cordeiro, membros)."
2124-DEN-016,Denúncia,,2022,63ª Sessão Ordinária da 18ª Legislatura,2022-06-27,Anderson Marcos Viana,"Vereador relata ter percorrido cerca de 22 a 25 km em área rural do município (da Rua Belém, próximo ao Lar do Menor, até o Rio Caingans) e constatado nascentes, córregos e rios tomados por esgoto doméstico irregular, com animais mortos (peixes, cágados) e animais obrigados a beber água contaminada; filmou e fotografou a situação e conversou com o setor de obras responsável, que atribuiu o problema a ligações irregulares de esgoto feitas por moradores diretamente nas bocas de lobo.","Diretoria de Agronegócio, Indústria, Comércio e Meio Ambiente e Gestão de Resíduos Sólidos",Feita/cobrada pelo vereador,,,Pendente de Verificação,"Relato feito em explicações pessoais na tribuna, sem número formal ou requerimento associado nesta sessão. Diretoria de destino inferida (assunto de meio ambiente/saneamento), não citada explicitamente pelo vereador."
2124-DEN-017,Denúncia,,2022,63ª Sessão Ordinária da 18ª Legislatura,2022-06-27,Anderson Marcos Viana,"Vereador questiona processo seletivo realizado cerca de 15 dias antes pela Santa Casa de Junqueirópolis, com inscrição paga (R$ 40 para vagas de faxina, R$ 50 para outras) em regime de cadastro de reserva (sem garantia de contratação), enquanto, na mesma época, a entidade teria contratado uma enfermeira padrão por análise de currículo, sem qualquer processo seletivo ou prova, mesmo em meio a alegadas dificuldades financeiras da instituição.",,Feita/cobrada pelo vereador,,,Pendente de Verificação,"Entidade envolvida (Santa Casa de Misericórdia de Junqueirópolis) não é uma diretoria municipal, por isso 'direcionada_a' ficou nulo; campo 'resumo' menciona a entidade. Relato feito em explicações pessoais, sem documento formal associado nesta sessão."
2124-IND-052,Indicação,062,2022,64ª Sessão Ordinária da 18ª Legislatura,2022-08-01,Sofia Rodrigues dos Santos,"Solicita a nomeação do saudoso José Fernandes Filho para a praça localizada no bairro Delta Ville 1, em homenagem a um dos primeiros moradores da cidade.",,,,,Pendente de Análise,"Nome do arquivo indica 2022-08-02, mas o texto afirma que o expediente é 'da 64ª Sessão Ordinária... a ser realizada em 1º de agosto de 2022' (segunda-feira); usada a data do texto."
2124-IND-053,Indicação,063,2022,64ª Sessão Ordinária da 18ª Legislatura,2022-08-01,"Anderson Marcos Viana, Elio Furini Neto, Valdir Aparecido de Oliveira","Solicita a construção de uma área de lazer e playground de frente à Rua Vereador Gélcio José da Silva (bairro Frei Galvão), bem como a implantação de iluminação no local.",,,,,Pendente de Análise,"O resumo do expediente citou apenas Anderson Marcos Viana e Valdir Aparecido de Oliveira como autores, mas o texto integral lido em plenário inclui também Elio Furini Neto; usados os autores do texto integral. Data da sessão: ver nota da indicação 062."
2124-IND-054,Indicação,064,2022,64ª Sessão Ordinária da 18ª Legislatura,2022-08-01,"Anderson Marcos Viana, Valdir Aparecido de Oliveira","Solicita a abertura de uma comissão de fiscalização para os suplentes contemplados pelas casas populares do Residencial das Américas, em razão de irregularidades e de casas fechadas que prejudicam moradores em situação de vulnerabilidade.",,,,,Pendente de Análise,Data da sessão: ver nota da indicação 062.
2124-IND-055,Indicação,065,2022,65ª Sessão Ordinária da 18ª Legislatura,2022-08-08,"Reinaldo Codognato, Rui Domingos da Silva","Solicita a instalação de canaletas na esquina da Rua Ilásio Bedamar Buso com a Rua Manuel Vicente Monteiro (bairro Carmezim 1), para direcionar corretamente o fluxo de águas pluviais.",,,,,Pendente de Análise,"Nome do arquivo indica 2022-08-09, mas o texto afirma que o expediente é 'da 65ª Sessão Ordinária... a ser realizada em 8 de agosto de 2022' (segunda-feira); usada a data do texto."
2124-IND-056,Indicação,066,2022,65ª Sessão Ordinária da 18ª Legislatura,2022-08-08,"Reinaldo Codognato, Marisa Alves da Silva Costa","Solicita melhorias na iluminação da Praça Cristo Redentor, uma das mais movimentadas da cidade, para aumentar a segurança e o bem-estar dos frequentadores.",,,,,Pendente de Análise,Data da sessão: ver nota da indicação 065.
2124-IND-057,Indicação,067,2022,65ª Sessão Ordinária da 18ª Legislatura,2022-08-08,Teresinha de Lourdes Freitas Regodanso,"Solicita reforma e melhorias na parte interna e externa do velório municipal, incluindo manutenção de bancos, calçadas, portas, luzes, muretas dos canteiros, troca do piso e limpeza geral do local.",,,,,Pendente de Análise,Data da sessão: ver nota da indicação 065.
2124-IND-058,Indicação,068,2022,65ª Sessão Ordinária da 18ª Legislatura,2022-08-08,"Reinaldo Codognato, Sofia Rodrigues dos Santos","Solicita a pavimentação do trecho que liga os bairros Jardim Alvorada e Jardim Fluentes, localizado entre as ruas mencionadas como 'Vereadora Augusta Stander Raineri' e 'Avenida Edwvirges Anna Aparecida Trevisan'.",,,,,Pendente de Análise,"Nomes das ruas incertos: a transcrição traz grafias distintas em diferentes trechos ('Augusta Standard Raineri' / 'Adivide-Estrevizan'), provavelmente 'Vereadora Augusta Stander Raineri' e 'Avenida Edwvirges Anna Aparecida Trevisan' (nome que aparece corretamente em indicações posteriores). Data da sessão: ver nota da indicação 065."
2124-DEN-018,Denúncia,,2022,65ª Sessão Ordinária da 18ª Legislatura,2022-08-08,Anderson Marcos Viana,"Vereador comenta caso de maus-tratos a uma cadela ocorrido no final de semana anterior, relatando que moradores tiveram coragem de acionar advogados e registrar boletim de ocorrência contra o responsável, que não ficará impune; parabeniza os envolvidos pela iniciativa e menciona que a vereadora Marisa também já havia tentado agir em casos semelhantes.",,Recebida pelo vereador,,,Pendente de Verificação,"Não foi possível identificar com segurança se a denúncia/BO foi feita pela população, por advogados ou encaminhada ao próprio vereador; ele apenas comenta e parabeniza o desfecho na tribuna. Sem diretoria de destino explícita (caso já estava em tramitação policial/judicial, não administrativa)."
2124-DEN-019,Denúncia,,2022,65ª Sessão Ordinária da 18ª Legislatura,2022-08-08,"Anderson Marcos Viana, Paulo Sérgio Cordeiro, Marisa Alves da Silva Costa","Vereador relata que chegou nova denúncia à Comissão de Obras (da qual é presidente, com Paulo Sérgio Cordeiro e Marisa Alves da Silva Costa como membros) sobre a continuidade de obras na faixa de domínio da linha férrea (bancos, pilares e mesas de concreto), reafirmando que a comissão não autorizou tais intervenções e que o assunto está sendo investigado; também menciona que uma empresa contratada pela Rumo Logística está demarcando árvores na área para possível corte, e cita reuniões com a concessionária sobre a eventual retomada de trens cargueiros na malha ferroviária.","Diretoria de Planejamento, Obras, Serviços e Manutenção",Recebida pelo vereador,,,Pendente de Verificação,"Continuação do tema tratado no relatório da Comissão de Obras sobre o processo 03/2021, lido na sessão de 2022-06-27 (ver lote anterior). Vereadores listados são os membros da Comissão de Obras citados pelo próprio vereador nesta fala."
2124-DEN-020,Denúncia,,2022,65ª Sessão Ordinária da 18ª Legislatura,2022-08-08,Anderson Marcos Viana,"Vereador cobra da administração providências sobre a venda e locação irregular de casas populares do Residencial das Américas, alegando que a situação 'virou palhaçada', com casas alugadas ou fechadas em vez de destinadas aos suplentes da fila de espera; relembra um episódio semelhante ocorrido em 2012, quando teria sofrido represálias por denunciar um esquema de desvio de casas populares alugadas irregularmente.","Diretoria Jurídica, Habitação e de Trânsito",Feita/cobrada pelo vereador,,,Pendente de Verificação,"Motivou o Requerimento nº 013/2022, apresentado pelo mesmo vereador na sessão seguinte (2022-08-15), solicitando informações formais sobre a fiscalização do Residencial das Américas (ver raw_requerimentos). Diretoria de destino inferida (assunto de habitação), não foi citada explicitamente pelo vereador."
2124-IND-059,Indicação,069,2022,66ª Sessão Ordinária da 18ª Legislatura,2022-08-15,"Anderson Marcos Viana, Elio Furini Neto","Reforça a indicação nº 105/2021 e solicita a instalação de bebedouros de água potável em locais estratégicos da Praça do Cristo Redentor, além da construção de sanitários públicos (feminino e masculino) no Parque Ecológico.",,,,,Pendente de Análise,"Nome do arquivo indica 2022-08-16, mas o texto afirma que o expediente é 'da 66ª Sessão Ordinária... a ser realizada em 15 de agosto de 2022' (segunda-feira); usada a data do texto."
2124-IND-060,Indicação,070,2022,66ª Sessão Ordinária da 18ª Legislatura,2022-08-15,Valdir Aparecido de Oliveira,"Solicita prioridade no atendimento dos ESFs a pacientes portadores de deficiência física e mental, incluindo crianças e jovens com autismo, observando a Lei Municipal nº 3.507 sobre o colar de girassol.",,,,,Pendente de Análise,Data da sessão: ver nota da indicação 069.
2124-IND-061,Indicação,071,2022,66ª Sessão Ordinária da 18ª Legislatura,2022-08-15,Valdir Aparecido de Oliveira,"Solicita a instalação de um redutor de velocidade na Rua Antônio Cabrera Reis, bairro Jardim Pioneiros, devido ao aumento do fluxo de veículos após a implantação de sentido único na Rua Sr. Pepeu.",,,,,Pendente de Análise,Data da sessão: ver nota da indicação 069.
2124-IND-062,Indicação,072,2022,66ª Sessão Ordinária da 18ª Legislatura,2022-08-15,"Valdir Aparecido de Oliveira, Elio Furini Neto","Solicita a adequação da captação de águas pluviais no bairro Campo Belo, em especial na Alameda Paraíso esquina com a Rua das Figueiras, para evitar alagamentos e acúmulo de água parada.",,,,,Pendente de Análise,Data da sessão: ver nota da indicação 069.
2124-IND-063,Indicação,073,2022,66ª Sessão Ordinária da 18ª Legislatura,2022-08-15,"Reinaldo Codognato, Marisa Alves da Silva Costa","Reforça a indicação nº 176/2021 e solicita reforma da pista de skate do município, devido às péssimas condições do piso (buracos e remendos de concreto) e melhorias na iluminação do local.",,,,,Pendente de Análise,Data da sessão: ver nota da indicação 069.
2124-IND-064,Indicação,074,2022,66ª Sessão Ordinária da 18ª Legislatura,2022-08-15,Reinaldo Codognato,"Solicita a criação de áreas destinadas a fins comerciais nos centros comunitários dos bairros da cidade, para apoiar pequenos empreendedores que vendem produtos nas ruas, como nos bairros Jardim Alvorada e Alto do Cene.",,,,,Pendente de Análise,Data da sessão: ver nota da indicação 069.
2124-REQ-012,Requerimento,013,2022,66ª Sessão Ordinária da 18ª Legislatura,2022-08-15,Anderson Marcos Viana,"Solicita ao prefeito municipal informações sobre a fiscalização no conjunto habitacional Residencial das Américas em favor dos suplentes contemplados pelas casas populares que aguardam na fila, tendo em vista que muitas moradias se encontram à venda, alugadas ou fechadas, prejudicando moradores em situação de vulnerabilidade que necessitam de habitação.","Diretoria Jurídica, Habitação e de Trânsito",Normal,Aprovado,,Pendente,"Diretoria de destino inferida por tratar de habitação, não foi explicitada no requerimento. Tema relacionado a denúncia informal do mesmo vereador sobre venda irregular de casas populares no Residencial das Américas, relatada na sessão de 2022-08-09 (ver raw_denuncias)."
2124-REQ-013,Requerimento,014,2022,66ª Sessão Ordinária da 18ª Legislatura,2022-08-15,Anderson Marcos Viana,"Solicita ao prefeito municipal informações sobre a quantidade de prédios alugados pelo Poder Executivo municipal e os respectivos valores dos aluguéis, discriminando os imóveis alugados nos anos de 2020, 2021 e 2022.","Diretoria de Fazenda, Compras, Almoxarifado e Recursos Humanos",Normal,Aprovado,,Pendente,"Diretoria de destino inferida (assunto administrativo/financeiro), não foi explicitada no requerimento."
2124-IND-065,Indicação,075,2022,67ª Sessão Ordinária da 18ª Legislatura,2022-08-22,Valdir Aparecido de Oliveira,"Solicita sinalização de solo nas canaletas existentes na Rua Dom Pedro II, esquinas com as ruas São Luís e das Américas, para reduzir a velocidade dos veículos e evitar acidentes na travessia.",,,,,Pendente de Análise,"Nome do arquivo indica 2022-08-23, mas o texto afirma que o expediente é 'da 67ª Sessão Ordinária... a ser realizada em 22 de agosto de 2022' (segunda-feira); usada a data do texto."
2124-IND-066,Indicação,076,2022,67ª Sessão Ordinária da 18ª Legislatura,2022-08-22,"Anderson Marcos Viana, Paulo Sérgio Cordeiro","Solicita mais incentivos ao esporte municipal, principalmente custeio de passagens e estadias para atletas (atletismo, jiu-jitsu, basquete) que representam a cidade em competições em outras cidades.",,,,,Pendente de Análise,Data da sessão: ver nota da indicação 075.
2124-IND-067,Indicação,077,2022,67ª Sessão Ordinária da 18ª Legislatura,2022-08-22,"Teresinha de Lourdes Freitas Regodanso, Valdir Aparecido de Oliveira","Reforça a indicação nº 38/2021 e solicita a implantação de uma linha de transporte público coletivo para atender aos bairros da cidade, sobretudo idosos que frequentam o Centro de Convivência do Idoso (CCI), sugerindo cobrança de pequena taxa por usuário.",,,,,Pendente de Análise,Data da sessão: ver nota da indicação 075.
2124-REQ-014,Requerimento,015,2022,67ª Sessão Ordinária da 18ª Legislatura,2022-08-22,Anderson Marcos Viana,"Solicita ao prefeito municipal que informe detalhadamente se houve mudança na forma de cálculo das contas de água e esgoto no município e, em caso afirmativo, quais os motivos que influenciaram o recente aumento nas contas dos munícipes, com discriminação das taxas e percentuais aplicados, em razão de inúmeras reclamações da população sobre os grandes aumentos sofridos.",,Normal,Aprovado,"Ofício de resposta chegou à Câmara em 2022-08-29 (mencionado na sessão de 2022-08-30), mas ainda não havia sido incluído em pauta por ter chegado após o fechamento da pauta semanal; previsão de inclusão na sessão seguinte.",Respondida (aguardando inclusão em pauta),"Numeração ambígua na transcrição: ao ser lido na íntegra o requerimento é identificado como 'número 15, barra 2022', mas tanto no resumo do expediente quanto no momento da votação ele é chamado de 'requerimento número 14' — possível erro de leitura/transcrição, já que o número 14 já havia sido usado na sessão anterior (2022-08-15) para o requerimento sobre imóveis alugados. Mantido '015' por ser o número lido no texto integral do requerimento. Diretoria de destino não identificada nas diretorias oficiais listadas (o serviço de água e esgoto em Junqueirópolis pode ser prestado por autarquia própria, não mapeada na lista de diretorias fornecida)."
2124-IND-068,Indicação,078,2022,68ª Sessão Ordinária da 18ª Legislatura,2022-08-29,Valdir Aparecido de Oliveira,"Solicita sinalização de solo e adequação da canaleta (muito profunda) localizada na Rua Goiás com a Rua Amazonas, bairro Cristo Redentor, que tem causado danos a veículos.",,,,,Pendente de Análise,"Nome do arquivo indica 2022-08-30, mas o texto afirma que o expediente é 'da 68ª Sessão Ordinária... a ser realizada em 29 de agosto de 2022' (segunda-feira); usada a data do texto."
2124-IND-069,Indicação,079,2022,68ª Sessão Ordinária da 18ª Legislatura,2022-08-29,Valdir Aparecido de Oliveira,"Solicita a construção de um playground na praça do bairro Colina Verde, já que crianças vinham usando os aparelhos de ginástica como brinquedo, com risco de acidentes.",,,,,Pendente de Análise,Data da sessão: ver nota da indicação 078.
2124-IND-070,Indicação,080,2022,68ª Sessão Ordinária da 18ª Legislatura,2022-08-29,"Reinaldo Codognato, Sofia Rodrigues dos Santos, Teresinha de Lourdes Freitas Regodanso","Solicita a construção de uma travessia elevada e uma rotatória entre os bairros Jardim Campo Belo e loteamento Horto do Seringal, na via de acesso João Furini, para reduzir acidentes de trânsito.",,,,,Pendente de Análise,Data da sessão: ver nota da indicação 078.
2124-IND-071,Indicação,081,2022,68ª Sessão Ordinária da 18ª Legislatura,2022-08-29,"Reinaldo Codognato, Rui Domingos da Silva","Solicita a implantação de uma lixeira comunitária no bairro Duas Barras, em razão da expansão do bairro e do aumento no fluxo de pessoas que descartam resíduos no local.",,,,,Pendente de Análise,Data da sessão: ver nota da indicação 078.
2124-IND-072,Indicação,082,2022,68ª Sessão Ordinária da 18ª Legislatura,2022-08-29,Anderson Marcos Viana,"Solicita sinalização ou construção de depressões redutoras de velocidade em trechos próximos a creches e escolas: Rua Santos Dumont (próx. CEI Raio de Luz e Parque Ecológico Tafarel), ruas Dom Pedro II e Ipiranga (próx. CEI Sonho de Criança) e Avenida Campos Salles (próx. Escola Profº Idene Rodrigues dos Santos).",,,,,Pendente de Análise,Nome da escola na Avenida Campos Salles transcrito de forma confusa ('Escola Idene e Rodrigues do Santos'); interpretado como Escola Profº Idene Rodrigues dos Santos. Data da sessão: ver nota da indicação 078.
2124-IND-073,Indicação,083,2022,68ª Sessão Ordinária da 18ª Legislatura,2022-08-29,Anderson Marcos Viana,"Solicita a sinalização de advertência das lombofaixas e depressões existentes nas ruas do município, conforme normas do CONTRAN, em razão de acidentes recentes causados pela falta de sinalização.",,,,,Pendente de Análise,Data da sessão: ver nota da indicação 078.
2124-IND-074,Indicação,084,2022,68ª Sessão Ordinária da 18ª Legislatura,2022-08-29,"Elio Furini Neto, Anderson Marcos Viana","Reforça a indicação nº 37/2021 e solicita a extensão da iluminação pública no trecho da Avenida Avenida Edwvirges Anna Aparecida Trevisan, que liga o Residencial Carmezim ao conjunto habitacional Pioneiros, área escura utilizada por pedestres à noite.",,,,,Pendente de Análise,Data da sessão: ver nota da indicação 078.
2124-REQ-015,Requerimento,016,2022,68ª Sessão Ordinária da 18ª Legislatura,2022-08-29,Anderson Marcos Viana,"Solicita ao prefeito municipal informações sobre se a Lei Municipal nº 3.507, de 20 de abril de 2022, que dispõe sobre as normas de concessão e utilização do colar de girassol como símbolo de identificação das pessoas com deficiências ocultas, já está sendo aplicada no município e se foi regulamentada pelo Executivo Municipal; em caso afirmativo, solicita cópia da regulamentação para que os benefícios da lei sejam levados aos interessados.",Diretoria de Assistência Social,Normal,Aprovado,,Pendente,"Diretoria de destino inferida (assunto trata de pessoas com deficiência), não foi explicitada no requerimento."
2124-IND-075,Indicação,085,2022,69ª Sessão Ordinária da 18ª Legislatura,2022-09-06,Valdir Aparecido de Oliveira,"Solicita a construção de uma rotatória na via de acesso João Furini, no bairro residencial Figueira, além da instalação de redutor de velocidade nas proximidades, dentro dos padrões da resolução 39 do CONTRAN, em razão do tráfego intenso de veículos no local.",,,,,Pendente de Análise,
2124-IND-076,Indicação,086,2022,69ª Sessão Ordinária da 18ª Legislatura,2022-09-06,Valdir Aparecido de Oliveira,"Solicita a revitalização e preservação do lago existente no bairro Colina Verde, que não seca mesmo em períodos de estiagem e é usado pelos moradores para soltar peixes e como espaço de lazer.",,,,,Pendente de Análise,
2124-IND-077,Indicação,087,2022,69ª Sessão Ordinária da 18ª Legislatura,2022-09-06,"Elio Furini Neto, Reinaldo Codognato","Reforçando a indicação nº 156/2021, solicita a instalação de uma rede de água com torneiras na área verde do bairro Figueira, além de bancos, lixeiras e iluminação pública no local, atendendo pedido de moradores que se prontificam a cuidar das plantas do espaço.",,,,,Pendente de Análise,
2124-IND-078,Indicação,088,2022,69ª Sessão Ordinária da 18ª Legislatura,2022-09-06,"Valdir Aparecido de Oliveira, Reinaldo Codognato, Marisa Alves da Silva Costa, Anderson Marcos Viana, Elio Furini Neto, Paulo Sérgio Cordeiro, Rui Domingos da Silva, Sofia Rodrigues dos Santos, Teresinha de Lourdes Freitas Regodanso","Reforçando a indicação nº 142/2021, de autoria de todos os vereadores, solicita a construção de redutores de velocidade em pontos estratégicos da Rua Santos Dumont, priorizando os bairros Alto do Cene, Jardim Paulista e Jardim das Américas, via preferencial com grande movimentação.",,,,,Pendente de Análise,Apresentada por 'todos os vereadores' conforme o texto; lista completa reconstituída a partir da composição da Câmara na 18ª Legislatura.
2124-IND-079,Indicação,089,2022,69ª Sessão Ordinária da 18ª Legislatura,2022-09-06,Reinaldo Codognato,"Solicita que se analise a viabilidade de implementar o Conselho Municipal de Trânsito, previsto na Lei nº 2.826, de 18 de junho de 2013, para atuar como foro de participação da população sobre o trânsito municipal.",,,,,Pendente de Análise,
2124-IND-080,Indicação,090,2022,69ª Sessão Ordinária da 18ª Legislatura,2022-09-06,Anderson Marcos Viana,"Solicita um levantamento da quantidade de crianças no município com transtorno do espectro autista (TEA), para facilitar a implementação e execução da Lei 3.507/2022, que dispõe sobre o colar de girassol como símbolo de identificação de deficiências ocultas.",,,,,Pendente de Análise,
2124-IND-081,Indicação,091,2022,69ª Sessão Ordinária da 18ª Legislatura,2022-09-06,Anderson Marcos Viana,"Solicita reforma do playground e do calçamento da Praça do Centenário, além da construção de bebedouros, em razão da falta de segurança do espaço (fiação exposta e playground danificado) apontada pela população.",,,,,Pendente de Análise,
2124-IND-082,Indicação,092,2022,69ª Sessão Ordinária da 18ª Legislatura,2022-09-06,"Paulo Sérgio Cordeiro, Anderson Marcos Viana","Reforçando a indicação nº 151/2021, de autoria do vereador Anderson Marcos Viana, solicita a pavimentação asfáltica da Rua Santa Fé, próxima ao Parque Ecológico, rua de pequena extensão ainda não pavimentada.",,,,,Pendente de Análise,
2124-DEN-021,Denúncia,,2022,69ª Sessão Ordinária da 18ª Legislatura,2022-09-06,Anderson Marcos Viana,"Vereador relata reclamações recebidas da população sobre o atendimento do serviço de resgate/socorro municipal, citando o caso de uma cidadã (referida como 'de Cropla' ou nome de bairro assemelhado) cuja criança teve um mal súbito; a mensagem enviada ao secretário sobre o caso ainda não havia sido respondida. O vereador também mencionou, de forma confusa, situações de moradores intimados a prestar depoimento na delegacia após postagens sobre o tema nas redes sociais.",Diretoria de Saúde,Recebida pelo vereador,,,Pendente de Verificação,O nome/local citado como 'cidadã de Cropla' não foi possível identificar com segurança (pode ser erro de transcrição de um bairro ou sobrenome). O trecho sobre moradores intimados pela delegacia após denúncias/reclamações contra a população ficou muito confuso na fala do vereador para render um registro separado com segurança; mantido apenas como contexto nesta nota.
2124-IND-083,Indicação,093,2022,70ª Sessão Ordinária da 18ª Legislatura,2022-09-13,"Anderson Marcos Viana, Teresinha de Lourdes Freitas Regodanso","Reforçando a indicação 28/2021, de autoria da vereadora Teresinha de Lourdes Freitas Regodanso, solicita a construção, aluguel ou aquisição de um prédio para instalação de uma 'creche do idoso' (centro-dia), para atender famílias carentes que não têm onde deixar o idoso durante o período de trabalho.",,,,,Pendente de Análise,"Contou também com apoio do vereador Elio Furini Neto conforme o texto lido, embora não conste como autor principal."
2124-IND-084,Indicação,094,2022,70ª Sessão Ordinária da 18ª Legislatura,2022-09-13,Anderson Marcos Viana,"Solicita a implementação de serviço de saneamento básico na Rua Belém com a Rua Porto Alegre, no bairro Jardim Junqueirópolis, onde há cerca de 15 anos o esgoto é despejado de forma irregular no local.",,,,,Pendente de Análise,
2124-IND-085,Indicação,095,2022,70ª Sessão Ordinária da 18ª Legislatura,2022-09-13,Anderson Marcos Viana,"Solicita a inclusão, na primeira remessa de construção de pontos de ônibus, dos bairros Pioneiros, Recanto dos Eucaliptos, Delta Velho II e Distrito Industrial I (próximo à faculdade), para dar melhores condições aos usuários do transporte público.",,,,,Pendente de Análise,
2124-IND-086,Indicação,096,2022,70ª Sessão Ordinária da 18ª Legislatura,2022-09-13,Rui Domingos da Silva,"Solicita que a ciclovia em construção no entorno do bairro Duas Barras receba o nome do saudoso senhor Gilmar Batista, pioneiro do ciclismo no município.",,,,,Pendente de Análise,Apresentada em apoio pelo vereador Reinaldo Codognato conforme o texto lido.
2124-DEN-022,Denúncia,,2022,70ª Sessão Ordinária da 18ª Legislatura,2022-09-13,"Anderson Marcos Viana, Reinaldo Codognato","Vereadores relatam denúncia/reclamação recebida da população sobre o tempo de atendimento da base comunitária de bombeiros/resgate em um caso concreto ocorrido no início de setembro, exposto pela família em rede social; o caso foi esclarecido em reunião com o secretário da Saúde e o sargento responsável pela base, que apresentou os horários do atendimento (chamada às 6h07, chegada em poucos minutos) e a família reconheceu o equívoco ao final, pedindo desculpas. O morador Daniel também foi mencionado como tendo recebido intimação da delegacia após comentar o caso no Facebook.",Diretoria de Saúde,Recebida pelo vereador,,,Pendente de Verificação,"Caso é continuação do tema tratado na sessão anterior (2022-09-06). A situação do morador Daniel, intimado pela delegacia após comentar o caso, ficou pouco clara quanto à motivação exata da intimação (se por difamação, ou por outro motivo); mantida apenas como contexto complementar."
2124-IND-087,Indicação,097,2022,71ª Sessão Ordinária da 18ª Legislatura,2022-09-20,Anderson Marcos Viana,"Solicita manutenção da área de lazer localizada ao fundo do CI Sonho de Criança, incluindo conserto das traves dos gols, restauração da grama sintética e adequação da iluminação, por falta de segurança no local à noite.",,,,,Pendente de Análise,
2124-IND-088,Indicação,098,2022,71ª Sessão Ordinária da 18ª Legislatura,2022-09-20,"Valdir Aparecido de Oliveira, Reinaldo Codognato, Anderson Marcos Viana, Elio Furini Neto","Reforçando a indicação nº 40/2021, solicita a instalação de uma academia ao ar livre no bairro Duas Barras com o nome da saudosa Sandra Gonçalves Amaral, pioneira do bairro, além de bebedouro, reforma dos banheiros públicos e pavimentação de cerca de 200 metros no trecho da área.",,,,,Pendente de Análise,
2124-IND-089,Indicação,099,2022,71ª Sessão Ordinária da 18ª Legislatura,2022-09-20,Valdir Aparecido de Oliveira,"Solicita melhorias e adequações nas calçadas do município conforme a NBR 9050/2004, principalmente nas proximidades da Avenida 7 de Setembro com a Rua 15 da Cunha, para dar mais acessibilidade a pessoas com deficiência ou mobilidade reduzida.",,,,,Pendente de Análise,
2124-IND-090,Indicação,100,2022,71ª Sessão Ordinária da 18ª Legislatura,2022-09-20,Valdir Aparecido de Oliveira,"Solicita a abertura da Rua Piauí, dando acesso direto à Avenida Geraldo Fudo nas proximidades do CEI Cristo Redentor, para evitar que os usuários precisem sempre contornar pela rotatória do Cristo.",,,,,Pendente de Análise,
2124-IND-091,Indicação,101,2022,71ª Sessão Ordinária da 18ª Legislatura,2022-09-20,Marisa Alves da Silva Costa,"Solicita a implantação de um crédito mensal destinado ao custeio de atendimentos e consultas médicas para animais em situação de vulnerabilidade no município, complementando as castrações já realizadas via CISNAP.",,,,,Pendente de Análise,
2124-REQ-016,Requerimento,017,2022,71ª Sessão Ordinária da 18ª Legislatura,2022-09-20,"Anderson Marcos Viana, Teresinha de Lourdes Freitas Regodanso, Paulo Sérgio Cordeiro","Requer o envio de ofício ao prefeito municipal solicitando informações sobre o andamento das atividades do viveiro de mudas municipal, considerando o termo de colaboração firmado com a Associação Agrícola de Junqueirópolis (Lei nº 3.489/2022) para a mudança do viveiro para o prédio da escola do bairro Duas Barras, que até então não havia sido efetivada.","Diretoria de Agronegócio, Indústria, Comércio e Meio Ambiente e Gestão de Resíduos Sólidos",Normal,Aprovado,,Pendente,"Na mesma sessão (2022-09-20), logo após a leitura deste requerimento, o vereador Anderson cobrou verbalmente explicação sobre o uso dos R$ 315 mil repassados à Associação Agrícola para a mudança do viveiro, tema ligado a este requerimento, mas sem numeração formal própria."
2124-IND-092,Indicação,102,2022,72ª Sessão Ordinária da 18ª Legislatura,2022-09-27,Paulo Sérgio Cordeiro,"Solicita a implantação de um crédito mensal destinado ao custeio do tratamento de dependentes químicos do município, tendo em vista a dificuldade das famílias em arcar com equipe multidisciplinar de médicos e psicólogos.",,,,,Pendente de Análise,
2124-IND-093,Indicação,103,2022,72ª Sessão Ordinária da 18ª Legislatura,2022-09-27,Reinaldo Codognato,"Solicita a colocação de redutores de velocidade em locais estratégicos próximos aos playgrounds construídos para as crianças, principalmente no Parque Ecológico, devido ao risco de crianças brincarem próximo à circulação de veículos.",,,,,Pendente de Análise,
2124-IND-094,Indicação,104,2022,72ª Sessão Ordinária da 18ª Legislatura,2022-09-27,Reinaldo Codognato,"Solicita a criação de uma equipe para realizar intervenções emergenciais nos trechos considerados críticos das estradas rurais, com manutenção braçal (camalhões, bigodes e caixas secas), especialmente em períodos de chuva intensa.",,,,,Pendente de Análise,
2124-IND-095,Indicação,105,2022,72ª Sessão Ordinária da 18ª Legislatura,2022-09-27,"Teresinha de Lourdes Freitas Regodanso, Marisa Alves da Silva Costa, Sofia Rodrigues dos Santos","Solicita a criação de um espaço, que poderia ser denominado Casa Lilás, para acolhimento de mulheres vítimas de violência doméstica e sexual, dada a fragilidade das vítimas e o risco de perseguição pelos agressores.",,,,,Pendente de Análise,Apresentada com apoio do vereador Elio Furini Neto conforme o texto lido.
2124-IND-096,Indicação,106,2022,72ª Sessão Ordinária da 18ª Legislatura,2022-09-27,Anderson Marcos Viana,"Solicita a inclusão, na Lei Orçamentária Anual (LOA), de dotação para atender programas de reconstrução e pequenas reformas de residências de famílias carentes, nos moldes da Lei Municipal nº 2.791/2012.",,,,,Pendente de Análise,
2124-IND-097,Indicação,124,2022,76ª Sessão Ordinária da 18ª Legislatura,2022-10-25,Anderson Marcos Viana,"Solicita o cercamento do poço artesiano da Rua Independência, entre a Avenida Bandeirantes e a Rua Curitiba, pois o muro que o cercava caiu, deixando o local vulnerável a uso de drogas, vandalismo e contaminação da água.",,,,,Pendente de Análise,
2124-IND-098,Indicação,125,2022,76ª Sessão Ordinária da 18ª Legislatura,2022-10-25,"Valdir Aparecido de Oliveira, Reinaldo Codognato, Marisa Alves da Silva Costa, Anderson Marcos Viana, Elio Furini Neto, Paulo Sérgio Cordeiro, Rui Domingos da Silva, Sofia Rodrigues dos Santos, Teresinha de Lourdes Freitas Regodanso","Solicita reajuste anual de 13% nos salários de todos os servidores públicos municipais (executivo e legislativo), a contar de 1º de janeiro de 2023, e o aumento do ticket alimentação para R$ 900,00, considerando a inflação acumulada e o reajuste de 3% não concedido em 2022.",,,,,Pendente de Análise,Assinada por todos os vereadores conforme o texto lido no expediente.
2124-IND-099,Indicação,126,2022,76ª Sessão Ordinária da 18ª Legislatura,2022-10-25,"Marisa Alves da Silva Costa, Elio Furini Neto","Solicita a locação de um espaço amplo para recolher cães em situação de abandono, funcionando como canil municipal, em razão do crescente número de animais abandonados e do risco de acidentes e propagação de doenças.",,,,,Pendente de Análise,
2124-IND-100,Indicação,127,2022,76ª Sessão Ordinária da 18ª Legislatura,2022-10-25,Reinaldo Codognato,"Solicita a reforma da praça localizada no bairro Boa Vista, bem como a troca do playground do local, muito frequentado por crianças do bairro e do CEI Cristo Redentor.",,,,,Pendente de Análise,
2124-IND-101,Indicação,128,2022,76ª Sessão Ordinária da 18ª Legislatura,2022-10-25,"Reinaldo Codognato, Valdir Aparecido de Oliveira, Teresinha de Lourdes Freitas Regodanso","Reforçando a indicação nº 153/2021, solicita uma reforma geral no Centro Comunitário do bairro Duas Barras, dadas as condições precárias dos sanitários, cozinha, churrasqueira e do salão de festas.",,,,,Pendente de Análise,
2124-IND-102,Indicação,129,2022,77ª Sessão Ordinária da 18ª Legislatura,2022-11-01,Reinaldo Codognato,"Solicita providências, parciais (contenção com entulho/terra) ou totais (instalação de tubulação), para a erosão formada aos fundos da Rua Alberto Nusse, área rural da Vila Santa Ruth, problema antigo levado ao vereador por moradores que recolheram assinaturas.",,,,,Pendente de Análise,
2124-IND-103,Indicação,130,2022,77ª Sessão Ordinária da 18ª Legislatura,2022-11-01,"Reinaldo Codognato, Rui Domingos da Silva","Solicita o recapeamento de pontos estratégicos das ruas do município, em especial do bairro Jardim Esperança, cujas ruas estão esburacadas há muito tempo sem receber recapeamento.",,,,,Pendente de Análise,
2124-IND-104,Indicação,131,2022,77ª Sessão Ordinária da 18ª Legislatura,2022-11-01,"Paulo Sérgio Cordeiro, Valdir Aparecido de Oliveira","Reforçando a indicação nº 86/2021, solicita a contratação de segurança privada e instalação de câmeras de vigilância nas creches e escolas do município, para coibir brigas, vandalismo e crimes contra o patrimônio e garantir a segurança de alunos e servidores.",,,,,Pendente de Análise,
2124-DEN-023,Denúncia,,2022,77ª Sessão Ordinária da 18ª Legislatura,2022-11-01,Anderson Marcos Viana,"Vereador relata denúncia recebida de uma moradora da Rua das Andorinhas: outra moradora teria ido até a porta de sua casa e jogado veneno na tentativa de envenenar seus cães (que sobreviveram por comerem apenas ração). A vítima teria fotografado a situação e identificado a suspeita, mas sem provas suficientes para formalizar a denúncia no momento.",,Recebida pelo vereador,,,Pendente de Verificação,O vereador não citou nomes por já ter feito o alerta público na tribuna; não foi possível confirmar se houve registro formal de ocorrência policial sobre o caso.
2124-IND-105,Indicação,132,2022,78ª Sessão Ordinária da 18ª Legislatura,2022-11-07,Paulo Sérgio Cordeiro,"Solicita que seja servido um lanche da tarde às crianças e jovens que frequentam o projeto Espaço Amigo, para garantir alimentação adequada durante o período em que ficam fora de casa.",,,,,Pendente de Análise,"Divergência de data: o nome do arquivo indica 2022-11-08, mas o texto da sessão (abertura e leitura do expediente) menciona explicitamente '78ª sessão ordinária ... a ser realizada em 7 de novembro de 2022'. Adotada a data do texto, seguindo o padrão já observado em lotes anteriores (upload no YouTube um dia após a sessão real)."
2124-IND-106,Indicação,133,2022,79ª Sessão Ordinária da 18ª Legislatura,2022-11-16,"Reinaldo Codognato, Rui Domingos da Silva","Solicita reforma geral do estabelecimento comercial localizado às margens do campo de futebol do bairro Vila São João, que serve comidas e bebidas a quem assiste aos jogos e funciona como ponto de encontro do time local.",,,,,Pendente de Análise,"Divergência de data: nome do arquivo indica 2022-11-17, texto da sessão menciona '79ª sessão ordinária ... a ser realizada em 16 de novembro de 2022'. Adotada a data do texto."
2124-IND-107,Indicação,134,2022,79ª Sessão Ordinária da 18ª Legislatura,2022-11-16,Paulo Sérgio Cordeiro,"Reforçando a indicação 107/2021, solicita a construção de redutores de velocidade (lombadas/lombofaixas) na Avenida Rio Branco e na Rua Quinzinho da Cunha, nos cruzamentos com a Rua Victor Junqueira, próximo à Escola Municipal Professora Neide Macedo Brandão Fernandes.",,,,,Pendente de Análise,
2124-IND-108,Indicação,135,2022,79ª Sessão Ordinária da 18ª Legislatura,2022-11-16,"Anderson Marcos Viana, Elio Furini Neto, Valdir Aparecido de Oliveira","Solicita a construção de um poço artesiano com reservatório estilo taça no bairro Vila São João, nos moldes do que foi feito no bairro Duas Barras, em razão da seca de poços caipiras que abastecem famílias do bairro.",,,,,Pendente de Análise,
2124-IND-109,Indicação,136,2022,79ª Sessão Ordinária da 18ª Legislatura,2022-11-16,Anderson Marcos Viana,"Solicita a construção de um salão comunitário no bairro Jardim Paulista, na esquina da Rua Recife com a Rua Ipiranga, para sediar festividades do bairro e eventos do CI Sonho de Criança, que fica ao lado do local.",,,,,Pendente de Análise,
2124-IND-110,Indicação,137,2022,79ª Sessão Ordinária da 18ª Legislatura,2022-11-16,Anderson Marcos Viana,"Solicita que se dê continuidade às lombadas/lombofaixas já riscadas no asfalto meses antes, como em frente à Escola Neide Macedo Brandão Fernandes, próximo ao Armazém do Hilário, e no cruzamento da Avenida Paulista com a Bandeirantes.",,,,,Pendente de Análise,
2124-IND-111,Indicação,138,2022,79ª Sessão Ordinária da 18ª Legislatura,2022-11-16,"Anderson Marcos Viana, Elio Furini Neto, Marisa Alves da Silva Costa, Paulo Sérgio Cordeiro, Teresinha de Lourdes Freitas Regodanso, Valdir Aparecido de Oliveira","Solicita a construção de um memorial para as vítimas fatais da Covid-19 na entrada do trevo principal do município, na Avenida Geraldo Fudo, em homenagem às 105 vítimas registradas até o momento e suas famílias.",,,,,Pendente de Análise,
2124-REQ-017,Requerimento,018,2022,79ª Sessão Ordinária da 18ª Legislatura,2022-11-16,Marisa Alves da Silva Costa,"Requer informações sobre os gastos dos recursos da conta 105.687-5, agência 09385 do Banco do Brasil, com origem em emenda parlamentar do deputado estadual, incluindo o investimento já realizado ou o planejamento para o investimento caso ainda não realizado.","Diretoria de Fazenda, Compras, Almoxarifado e Recursos Humanos",Normal,Aprovado,,Pendente,Diretoria de destino inferida pelo conteúdo (informações financeiras sobre conta bancária/emenda parlamentar); o requerimento não especifica expressamente a diretoria.
2124-REQ-018,Requerimento,019,2022,79ª Sessão Ordinária da 18ª Legislatura,2022-11-16,Anderson Marcos Viana,"Requer o cronograma físico-financeiro da reforma do velório municipal e da revitalização da Avenida 7 de Setembro, incluindo o memorial descritivo das obras e a relação de materiais que serão utilizados.","Diretoria de Planejamento, Obras, Serviços e Manutenção",Normal,Aprovado,,Pendente,
2124-IND-112,Indicação,139,2022,80ª Sessão Ordinária da 18ª Legislatura,2022-11-21,Anderson Marcos Viana,"Solicita que seja cercada a quadra de esportes do Jardim Alvorada, em razão de bolas chutadas ou arremessadas atingirem pessoas que caminham nas proximidades, especialmente idosos.",,,,,Pendente de Análise,"Divergência de data: nome do arquivo indica 2022-11-22, texto da sessão menciona '80ª sessão ordinária ... a ser realizada em 21 de novembro de 2022'. Adotada a data do texto."
2124-IND-113,Indicação,140,2022,80ª Sessão Ordinária da 18ª Legislatura,2022-11-21,"Anderson Marcos Viana, Elio Furini Neto, Marisa Alves da Silva Costa, Paulo Sérgio Cordeiro, Reinaldo Codognato, Rui Domingos da Silva, Sofia Rodrigues dos Santos, Teresinha de Lourdes Freitas Regodanso, Valdir Aparecido de Oliveira","Solicita que seja providenciado um local adequado para o ensino de técnicas de autodefesa, voltado principalmente a mulheres, alvos frequentes de assédio e abuso na rua ou no transporte público. Indicação apresentada a partir de sugestão de alunos do Centro Comunitário Semente da Vida.",,,,,Pendente de Análise,
2124-IND-114,Indicação,141,2022,80ª Sessão Ordinária da 18ª Legislatura,2022-11-21,"Anderson Marcos Viana, Elio Furini Neto, Marisa Alves da Silva Costa, Paulo Sérgio Cordeiro, Reinaldo Codognato, Rui Domingos da Silva, Sofia Rodrigues dos Santos, Teresinha de Lourdes Freitas Regodanso, Valdir Aparecido de Oliveira","Solicita a criação de um festival cultural denominado 'Junk Art', envolvendo música, dança, teatro e cinema, e sugere a adaptação do Centro de Formação Educacional (CEF) para implantação de um cinema municipal.",,,,,Pendente de Análise,
2124-IND-115,Indicação,142,2022,80ª Sessão Ordinária da 18ª Legislatura,2022-11-21,"Anderson Marcos Viana, Elio Furini Neto, Marisa Alves da Silva Costa, Paulo Sérgio Cordeiro, Reinaldo Codognato, Rui Domingos da Silva, Sofia Rodrigues dos Santos, Teresinha de Lourdes Freitas Regodanso, Valdir Aparecido de Oliveira","Solicita a instalação de 'bueiros inteligentes' equipados com cestos coletores removíveis, para facilitar a limpeza e reduzir o entupimento das redes de drenagem da cidade.",,,,,Pendente de Análise,
2124-IND-116,Indicação,143,2022,80ª Sessão Ordinária da 18ª Legislatura,2022-11-21,"Anderson Marcos Viana, Elio Furini Neto, Marisa Alves da Silva Costa, Paulo Sérgio Cordeiro, Reinaldo Codognato, Rui Domingos da Silva, Sofia Rodrigues dos Santos, Teresinha de Lourdes Freitas Regodanso, Valdir Aparecido de Oliveira","Solicita a troca dos canos e redes que delimitam as quadras do Parque Ecológico, instalação de bebedouros no local e organização de campeonatos de vôlei a cada três meses como incentivo ao esporte.",,,,,Pendente de Análise,
2124-DEN-024,Denúncia,,2022,80ª Sessão Ordinária da 18ª Legislatura,2022-11-21,Anderson Marcos Viana,"O vereador Anderson Marcos Viana denunciou a retirada de aproximadamente mil caminhões de terra de um terreno público próximo ao campo de futebol do bairro Duas Barras, sem autorização da Câmara Municipal, alegando que o local era um antigo aterro sanitário/hospitalar com seringas, agulhas e resíduos médicos ainda não decompostos, configurando risco à saúde pública.",,Feita/cobrada pelo vereador,,,Pendente de Verificação,"O vereador afirma 'ter feito a denúncia' mas não especifica a qual órgão externo (delegacia, Ministério Público etc.) ela foi endereçada; parece, neste primeiro momento, tratar-se de denúncia formulada publicamente em tribuna."
2124-IND-117,Indicação,144,2022,81ª Sessão Ordinária da 18ª Legislatura,2022-11-28,"Anderson Marcos Viana, Elio Furini Neto","Solicita a manutenção do campo sintético do Jardim Paulista, cujo revestimento está deteriorado por falta de manutenção desde sua construção.",,,,,Pendente de Análise,"Divergência de data: nome do arquivo indica 2022-11-29, texto da sessão menciona '81ª sessão ordinária ... a ser realizada em 28 de novembro de 2022'. Adotada a data do texto."
2124-IND-118,Indicação,145,2022,81ª Sessão Ordinária da 18ª Legislatura,2022-11-28,Valdir Aparecido de Oliveira,"Solicita a construção de uma quadra de vôlei de areia nas proximidades do ginásio de esportes Cícero Gomes, ao lado da Academia de Judô, para incentivar a prática de vôlei de areia, futebol e beach tennis.",,,,,Pendente de Análise,
2124-IND-119,Indicação,146,2022,81ª Sessão Ordinária da 18ª Legislatura,2022-11-28,Anderson Marcos Viana,"Solicita a substituição ou restauração das placas de trânsito do município, em razão de várias estarem quebradas ou arrancadas, prejudicando o fluxo e a segurança viária.",,,,,Pendente de Análise,
2124-IND-120,Indicação,147,2022,81ª Sessão Ordinária da 18ª Legislatura,2022-11-28,Anderson Marcos Viana,"Solicita a construção de um redutor de velocidade no encontro da Rua Victor Junqueira com a Rua Professora Neide Autrão, onde termina a pavimentação do bairro Jardim Alvorada, em razão do risco de acidentes com crianças no local.",,,,,Pendente de Análise,
2124-IND-121,Indicação,148,2022,81ª Sessão Ordinária da 18ª Legislatura,2022-11-28,"Anderson Marcos Viana, Elio Furini Neto, Marisa Alves da Silva Costa, Paulo Sérgio Cordeiro, Reinaldo Codognato, Rui Domingos da Silva, Sofia Rodrigues dos Santos, Teresinha de Lourdes Freitas Regodanso, Valdir Aparecido de Oliveira","Reforçando a indicação 108/2021, solicita a limpeza das lagoas de tratamento de esgoto do Matadouro e, principalmente, do Carreiro (Jardim Paulista), em razão da saturação e do mau cheiro que afetam moradores dos bairros adjacentes.",,,,,Pendente de Análise,
2124-IND-122,Indicação,149,2022,81ª Sessão Ordinária da 18ª Legislatura,2022-11-28,"Reinaldo Codognato, Marisa Alves da Silva Costa, Rui Domingos da Silva, Sofia Rodrigues dos Santos","Solicita a implantação de carteira funcional para os servidores municipais, para facilitar a comprovação de vínculo e viabilizar isenções previstas nas Leis Estaduais 10.858/2001 e 15.298/2014, sem necessidade de apresentar holerite.",,,,,Pendente de Análise,
2124-IND-123,Indicação,150,2022,81ª Sessão Ordinária da 18ª Legislatura,2022-11-28,Reinaldo Codognato,"Reforçando a indicação 162/2021, solicita que a administração intermedeie junto à Rumo Logística, com apoio do ITESP, a regularização da situação dos antigos moradores da colônia da FEPASA, visando a doação ou aquisição legal definitiva dos imóveis em que residem.",,,,,Pendente de Análise,
2124-IND-124,Indicação,151,2022,81ª Sessão Ordinária da 18ª Legislatura,2022-11-28,"Rui Domingos da Silva, Reinaldo Codognato","Solicita revisão geral em todos os parques, praças e playgrounds do município, para oferecer opções seguras de lazer à população.",,,,,Pendente de Análise,
2124-DEN-025,Denúncia,,2022,81ª Sessão Ordinária da 18ª Legislatura,2022-11-28,Anderson Marcos Viana,"Anderson Marcos Viana retomou a denúncia da sessão anterior sobre a retirada de terra de possível aterro hospitalar em Duas Barras, contestando explicação do vereador Reinaldo Codognato (dada na sessão de 21/11) de que parte dessa terra teria sido usada na base do asfalto do Distrito Industrial IV. Classificou a hipótese como possível 'crime de peculato' caso confirmada, e cobrou apuração por se tratar de assunto de saúde pública.",,Feita/cobrada pelo vereador,,,Pendente de Verificação,"Continuação/atualização do caso registrado na sessão de 21/11/2022 (retirada de terra de possível aterro hospitalar em Duas Barras). Até o momento da fala, não havia confirmação oficial de que a terra tenha realmente sido usada na base do asfalto do Distrito Industrial IV."
2124-IND-125,Indicação,152,2022,82ª Sessão Ordinária da 18ª Legislatura,2022-12-05,Anderson Marcos Viana,"Solicita a construção de uma escadaria de acesso com corrimão da Rua São Salvador até o Salão Comunitário do Jardim Alvorada, para facilitar o acesso de idosos, que hoje precisam contornar o local passando perto das quadras.",,,,,Pendente de Análise,"Divergência de data: nome do arquivo indica 2022-12-06, texto da sessão menciona '82ª sessão ordinária ... a ser realizada em 5 de dezembro de 2022'. Adotada a data do texto."
2124-IND-126,Indicação,153,2022,82ª Sessão Ordinária da 18ª Legislatura,2022-12-05,Anderson Marcos Viana,"Solicita a reforma dos aros/tabelas de basquete das quadras do sistema de lazer do Jardim Esperança e do Jardim Alvorada, que se encontram em péssimo estado e representam risco aos jovens que os utilizam.",,,,,Pendente de Análise,
2124-IND-127,Indicação,154,2022,82ª Sessão Ordinária da 18ª Legislatura,2022-12-05,Anderson Marcos Viana,"Reforçando a indicação 145/2021, solicita a colocação dos braços de luz que ainda faltam nos postes do Residencial das Américas, para maior segurança noturna e embelezamento do bairro.",,,,,Pendente de Análise,
2124-IND-128,Indicação,155,2022,82ª Sessão Ordinária da 18ª Legislatura,2022-12-05,Anderson Marcos Viana,"Solicita a poda de árvores, eliminação de formigueiros e adequação dos bancos e da iluminação pública da Rua Piauí, no bairro Colina Verde, cujo espaço de lazer está se deteriorando.",,,,,Pendente de Análise,
2124-IND-129,Indicação,156,2022,82ª Sessão Ordinária da 18ª Legislatura,2022-12-05,"Teresinha de Lourdes Freitas Regodanso, Elio Furini Neto","Solicita a revitalização da Praça Sebastião Claro, na esquina da Rua Porto Alegre com a Avenida Paulista, próxima ao fórum, à Santa Casa e ao pronto-socorro, que necessita de limpeza geral e reforma do calçamento, bancos e iluminação.",,,,,Pendente de Análise,
2124-IND-130,Indicação,157,2022,82ª Sessão Ordinária da 18ª Legislatura,2022-12-05,"Reinaldo Codognato, Sofia Rodrigues dos Santos, Rui Domingos da Silva","Solicita a instalação de guias e sarjetas delimitando o perímetro de casas e estradas no centro do bairro Vila São João, em razão da perda de material sólido da estrada, poeira na seca e lama nas chuvas.",,,,,Pendente de Análise,
2124-IND-131,Indicação,158,2022,82ª Sessão Ordinária da 18ª Legislatura,2022-12-05,Valdir Aparecido de Oliveira,"Solicita a implantação de iluminação adequada na área verde do bairro Carmesin 2, hoje muito escura e utilizada para atividades nocivas, como uso de entorpecentes, além de registros de tentativas de furto nas proximidades.",,,,,Pendente de Análise,
2124-IND-132,Indicação,159,2022,82ª Sessão Ordinária da 18ª Legislatura,2022-12-05,"Elio Furini Neto, Anderson Marcos Viana","Complementando a indicação 144/2022, solicita iluminação adequada no campo sintético e na quadra de areia do Jardim Paulista, além de sugerir a construção de banheiros, vestiários e bebedouros para os praticantes.",,,,,Pendente de Análise,
2124-REQ-019,Requerimento,,2022,82ª Sessão Ordinária da 18ª Legislatura,2022-12-05,Valdir Aparecido de Oliveira,"Requereu, na tribuna, a retirada de pauta do Projeto de Lei nº 66/2022 (termo de colaboração com a Associação Agrícola de Junqueirópolis para o viveiro municipal) e solicitou o plano de trabalho de 2022 do convênio, para comparação com o plano de trabalho proposto para 2023.","Diretoria de Agronegócio, Indústria, Comércio e Meio Ambiente e Gestão de Resíduos Sólidos",Verbal/Não Formalizado,Aprovado,,Pendente,"Pedido verbal apresentado em tribuna, combinando retirada de pauta do PL 66/2022 com pedido de documento (plano de trabalho 2022), aprovado pelo plenário sem numeração formal de requerimento atribuída na sessão."
2124-DEN-026,Denúncia,,2022,82ª Sessão Ordinária da 18ª Legislatura,2022-12-05,,"O resumo do expediente da sessão registrou o Ofício nº 31/2022 do Departamento Jurídico da Prefeitura, em resposta ao Ofício nº 119/2022 desta Casa, tratando de 'eventuais irregularidades relacionadas ao descarte e armazenamento de material médico' — aparente desdobramento formal, por via de ofício da Câmara ao setor Jurídico, do caso da terra de possível aterro hospitalar retirada em Duas Barras, denunciado por Anderson Marcos Viana nas sessões de 21/11 e 28/11/2022.","Diretoria Jurídica, Habitação e de Trânsito",Relatada em documento/ofício,,,Pendente de Verificação,"O conteúdo do Ofício nº 31/2022 não foi lido na íntegra durante a sessão (apenas mencionado no resumo do expediente), portanto não há detalhe sobre a conclusão ou o teor da resposta jurídica. A ligação com o caso da terra/aterro hospitalar é inferida pelo tema ('descarte e armazenamento de material médico') e pela proximidade temporal com as falas de Anderson Marcos Viana nas duas sessões anteriores; não foi encontrada confirmação explícita no texto de que se trata do mesmo episódio."
2124-IND-133,Indicação,160,2022,83ª Sessão Ordinária da 18ª Legislatura,2022-12-12,"Anderson Marcos Viana, Elio Furini Neto","Solicita a disponibilização de um médico veterinário público a cada 15 dias, em regime de mutirão, para atendimento de casos de urgência/emergência de animais de munícipes de baixa renda, aliviando o trabalho das organizações voluntárias de proteção animal.",,,,,Pendente de Análise,"Divergência de data: nome do arquivo indica 2022-12-13, texto da sessão menciona '83ª sessão ordinária ... a ser realizada em 12 de dezembro de 2022'. Adotada a data do texto."
2124-IND-134,Indicação,161,2022,83ª Sessão Ordinária da 18ª Legislatura,2022-12-12,Anderson Marcos Viana,"Reforçando a indicação 170/2021, solicita serviço de drenagem para o escoamento correto da água parada na Rua Argentina, altura do nº 84, no Residencial das Américas.",,,,,Pendente de Análise,
2124-IND-135,Indicação,162,2022,83ª Sessão Ordinária da 18ª Legislatura,2022-12-12,Anderson Marcos Viana,"Reforçando a indicação 181/2021, solicita contato com a empresa Fumagalli Eletricidade, responsável pela troca de lâmpadas da iluminação pública, para que aumente a frequência de verificação noturna da rede, evitando que a população precise ligar para relatar queima de lâmpadas.",,,,,Pendente de Análise,
2124-IND-136,Indicação,163,2022,83ª Sessão Ordinária da 18ª Legislatura,2022-12-12,"Teresinha de Lourdes Freitas Regodanso, Reinaldo Codognato","Solicita a colocação de redutor de velocidade na Avenida Paulista, nas proximidades da Clínica Bem-Estar, em trecho de declive com histórico de acidentes e alta velocidade dos veículos.",,,,,Pendente de Análise,"O texto integral desta indicação não foi lido/capturado na transcrição da sessão (a leitura das indicações seguiu direto de 162 para o texto correspondente à cesta de Natal, numerado '163' na fala do locutor). Resumo baseado no resumo do expediente. A numeração usada aqui (163) segue o resumo do expediente e a autoria (Teresinha e Reinaldo) mencionada por Teresinha em explicações pessoais mais adiante na mesma sessão, que trata do mesmo assunto (redutor de velocidade na Av. Paulista perto da Clínica Bem-Estar)."
2124-IND-137,Indicação,164,2022,83ª Sessão Ordinária da 18ª Legislatura,2022-12-12,Valdir Aparecido de Oliveira,"Solicita a concessão de uma cesta de Natal no valor de R$ 150,00 aos servidores públicos municipais, como forma de reconhecimento pelo trabalho prestado ao longo do ano.",,,,,Pendente de Análise,"Na leitura integral da sessão, esta indicação foi anunciada pelo locutor como número '163' (um número a menos que no resumo do expediente, que a lista como 164). Mantido o número 164 do resumo do expediente, por ser a fonte de numeração oficial; o conteúdo (cesta de Natal, autoria de Valdir Aparecido de Oliveira) corresponde inequivocamente ao item 164 do expediente."
2124-IND-138,Indicação,165,2022,83ª Sessão Ordinária da 18ª Legislatura,2022-12-12,Anderson Marcos Viana,"Solicita a disponibilização de ao menos uma sala para atendimentos de fisioterapia no bairro Alto do Cene, já que os atendimentos hoje estão centralizados no bairro Vila Beatriz, obrigando pacientes idosos a longos deslocamentos.",,,,,Pendente de Análise,"Na leitura integral da sessão, esta indicação foi anunciada pelo locutor como número '164' (um número a menos que no resumo do expediente, que a lista como 165). Mantido o número 165 do resumo do expediente, por ser a fonte de numeração oficial; o conteúdo (fisioterapia no Alto do Cene, autoria de Anderson Marcos Viana) corresponde inequivocamente ao item 165 do expediente."
2124-REQ-020,Requerimento,020,2022,83ª Sessão Ordinária da 18ª Legislatura,2022-12-12,Anderson Marcos Viana,"Requer cópia do convênio, do plano de trabalho, da quantidade de alunos participantes, da quantidade de apresentações e da prestação de contas da Banda Municipal referentes ao exercício de 2022, com base no termo de colaboração da Lei nº 3.514/2022.","Diretoria de Educação, Cultura, Esportes, Lazer e Turismo",Normal,Aprovado,,Pendente,
2124-IND-139,Indicação,003,2023,86ª Sessão Ordinária da 18ª Legislatura,2023-02-13,Anderson Marcos Viana,"Solicita estudo junto ao setor competente da administração para adequar a iluminação dos playgrounds dos bairros Jardim Campo Belo e Jardim Primavera, locais frequentados por jovens e crianças que precisam de iluminação apropriada para lazer.",,,,,Pendente de Análise,"O texto da sessão menciona repetidamente a data de 13 de fevereiro de 2023, enquanto o arquivo de transcrição está nomeado como 2023-02-14 (provável upload no YouTube um dia após a sessão). Usada a data do texto (2023-02-13)."
2124-IND-140,Indicação,004,2023,86ª Sessão Ordinária da 18ª Legislatura,2023-02-13,Anderson Marcos Viana,"Solicita estudo para providenciar um ônibus coletivo que percorra os bairros do município ao menos quatro vezes ao dia (7h às 11h e 13h às 17h30), cobrando tarifa acessível, para atender moradores sem meio próprio de condução, situação agravada em dias de chuva ou sol intenso.",,,,,Pendente de Análise,"Mesma observação de data do arquivo: transcrição nomeada 2023-02-14, texto da sessão indica 13 de fevereiro de 2023."
2124-IND-141,Indicação,005,2023,86ª Sessão Ordinária da 18ª Legislatura,2023-02-13,Anderson Marcos Viana,"Solicita adequação dos bancos degradados da Rua Piauí, bairro Colina Verde, local com vista privilegiada do letreiro da cidade e da rodovia, bastante frequentado pela população.",,,,,Pendente de Análise,"Mesma observação de data do arquivo: transcrição nomeada 2023-02-14, texto da sessão indica 13 de fevereiro de 2023."
2124-IND-142,Indicação,006,2023,86ª Sessão Ordinária da 18ª Legislatura,2023-02-13,"Reinaldo Codognato, Valdir Aparecido de Oliveira, Sofia Rodrigues dos Santos","Solicita construção de uma canaleta de captação de águas pluviais no encontro da Rua da Amora com a Rua do Caju (bairro Figueira), para direcionar corretamente o fluxo de água e evitar alagamentos em terrenos e estruturas adjacentes.",,,,,Pendente de Análise,"Mesma observação de data do arquivo: transcrição nomeada 2023-02-14, texto da sessão indica 13 de fevereiro de 2023."
2124-IND-143,Indicação,007,2023,86ª Sessão Ordinária da 18ª Legislatura,2023-02-13,"Reinaldo Codognato, Marisa Alves da Silva Costa","Solicita implementação de estacionamento a 45 graus na avenida da região da Rua Padre Miguel (área comercial em crescimento, com lojas, postos e clínicas), sem prejudicar o fluxo de trânsito, já que a via é larga.",,,,,Pendente de Análise,"Nome da avenida transcrito de forma inconsistente: 'Avenida Geraldo Fudo' no resumo do expediente e algo como 'Avenida Geraldo Fud[o]' na leitura da indicação e na discussão em plenário, que a esclarece como sendo próxima à Rua Padre Miguel. Não foi possível confirmar a grafia exata do nome da avenida. Mesma observação de data do arquivo: transcrição nomeada 2023-02-14, texto da sessão indica 13 de fevereiro de 2023."
2124-IND-144,Indicação,008,2023,86ª Sessão Ordinária da 18ª Legislatura,2023-02-13,"Teresinha de Lourdes Freitas Regodanso, Reinaldo Codognato","Solicita reforma do Clube da Viola, localizado nas dependências do Recinto da ACERUVA, cujo mau estado vem deteriorando os instrumentos ali guardados, conforme relato dos próprios integrantes do clube.",,,,,Pendente de Análise,"Mesma observação de data do arquivo: transcrição nomeada 2023-02-14, texto da sessão indica 13 de fevereiro de 2023."
2124-IND-145,Indicação,009,2023,86ª Sessão Ordinária da 18ª Legislatura,2023-02-13,"Reinaldo Codognato, Rui Domingos da Silva","Solicita distribuição gratuita de material escolar para crianças da rede pública municipal de ensino, visando oportunidades iguais de estudo e economia às famílias carentes.",,,,,Pendente de Análise,"Mesma observação de data do arquivo: transcrição nomeada 2023-02-14, texto da sessão indica 13 de fevereiro de 2023."
2124-REQ-021,Requerimento,02,2023,86ª Sessão Ordinária da 18ª Legislatura,2023-02-13,Valdir Aparecido de Oliveira,"Requer informações ao prefeito municipal sobre o estado atual e os prazos de entrega da construção de duas salas de aula nos Centros Educacionais Infantis (CEIs) Raio de Luz, Nosso Teto e Sonho de Criança (despesas cobertas pela Lei Complementar Municipal nº 1027/2022), e solicita também informações sobre eventual previsão de ampliação futura do CEI Cristo Redentor, em razão do crescimento do número de crianças no bairro.","Diretoria de Educação, Cultura, Esportes, Lazer e Turismo",Normal,Aprovado,Ofício nº 32/2023,"Respondido (Ofício nº 32/2023, em resposta ao Ofício nº 13/2023 desta Casa; resposta lida/mencionada na sessão de 27/02/2023, com projeto disponibilizado na Secretaria da Câmara)","Diretoria de destino inferida pelo assunto (construção de salas de aula em Centros Educacionais Infantis); poderia também envolver a Diretoria de Planejamento, Obras, Serviços e Manutenção, já que trata de execução de obra. O requerimento em si não nomeia expressamente a diretoria destinatária, sendo endereçado ao prefeito municipal."
2124-REQ-022,Requerimento,03,2023,86ª Sessão Ordinária da 18ª Legislatura,2023-02-13,"Hélio Furini Neto, Anderson Marcos Viana, Paulo Sérgio Cordeiro, Teresinha de Lourdes Freitas Regodanço","Requer informações ao prefeito municipal sobre o encaminhamento de projeto de lei fixando o novo piso salarial dos professores do município de Junqueirópolis para 2023, no valor de R$ 4.420,55, tendo em vista que, até a data do requerimento, não havia sido protocolado o respectivo projeto de lei nesta Câmara (atualização da Lei Complementar nº 1024/2022).","Diretoria de Educação, Cultura, Esportes, Lazer e Turismo",Normal,Aprovado,,Pendente,"Diretoria de destino inferida pelo tema (piso salarial de professores); por se tratar de matéria salarial/orçamentária, poderia também ser direcionado à Diretoria de Fazenda, Compras, Almoxarifado e Recursos Humanos. O requerimento não especifica expressamente a diretoria."
2124-REQ-023,Requerimento,04,2023,86ª Sessão Ordinária da 18ª Legislatura,2023-02-13,"Hélio Furini Neto, Anderson Marcos Viana, Paulo Sérgio Cordeiro, Teresinha de Lourdes Freitas Regodanço","Requer informações ao prefeito municipal sobre o encaminhamento de projeto de lei fixando o novo piso salarial dos agentes comunitários de saúde e agentes de combate às endemias, conforme fixado em 2022 pelo governo federal em dois salários mínimos (Emenda Constitucional nº 120/2022), tendo em vista que, até a data do requerimento, não havia sido protocolado o respectivo projeto de lei nesta Câmara (atualização da Lei Complementar nº 1040/2022).",Diretoria de Saúde,Normal,Aprovado,,Pendente,"Diretoria de destino inferida pelo tema (piso salarial de agentes comunitários de saúde e de combate a endemias); por se tratar de matéria salarial, poderia também ser direcionado à Diretoria de Fazenda, Compras, Almoxarifado e Recursos Humanos. O requerimento não especifica expressamente a diretoria."
2124-IND-146,Indicação,010,2023,87ª Sessão Ordinária da 18ª Legislatura,2023-02-22,Anderson Marcos Viana,"Reforça a indicação nº 166/2022, solicitando intensificação do combate a escorpiões, aranhas e outros animais peçonhentos, e sugere nebulização (fumacê) nos bairros contra o mosquito da dengue, cujos casos voltaram a aumentar.",,,,,Pendente de Análise,"O texto da sessão menciona repetidamente a data de 22 de fevereiro de 2023, enquanto o arquivo de transcrição está nomeado como 2023-02-23 (provável upload no YouTube um dia após a sessão). Usada a data do texto (2023-02-22)."
2124-IND-147,Indicação,011,2023,87ª Sessão Ordinária da 18ª Legislatura,2023-02-22,Valdir Aparecido de Oliveira,"Reforça a indicação nº 40/2022, solicitando manutenção ou substituição dos aparelhos de ginástica da Academia ao Ar Livre em frente ao estádio municipal Raphael Capelli, atualmente de madeira, quebrados ou incompletos, oferecendo risco aos usuários.",,,,,Pendente de Análise,"Mesma observação de data do arquivo: transcrição nomeada 2023-02-23, texto da sessão indica 22 de fevereiro de 2023."
2124-IND-148,Indicação,012,2023,87ª Sessão Ordinária da 18ª Legislatura,2023-02-22,Anderson Marcos Viana,"Solicita reforma e ampliação da Academia de Judô Municipal, aproveitando o terreno ao lado do prédio inclusive para pista de skate, devido ao estado precário e ao pouco espaço relatado pelos pais dos praticantes.",,,,,Pendente de Análise,"Mesma observação de data do arquivo: transcrição nomeada 2023-02-23, texto da sessão indica 22 de fevereiro de 2023."
2124-IND-149,Indicação,013,2023,87ª Sessão Ordinária da 18ª Legislatura,2023-02-22,"Anderson Marcos Viana, Hélio Furini Neto, Marisa Alves da Silva Costa, Paulo Sérgio Cordeiro, Reinaldo Codognato, Rui Domingos da Silva, Sofia Rodrigues dos Santos, Teresinha de Lourdes Freitas Regodanso, Valdir Aparecido de Oliveira","Solicita construção de uma cabine de transmissão no Ginásio de Esportes Cícero Gomes, já que as atuais são pequenas e obrigam as equipes de transmissão a ficarem expostas a acidentes com bolas durante os jogos.",,,,,Pendente de Análise,"Indicação apresentada por todos os vereadores, conforme o texto ('assinado por todos os vereadores'). Mesma observação de data do arquivo: transcrição nomeada 2023-02-23, texto da sessão indica 22 de fevereiro de 2023."
2124-IND-150,Indicação,014,2023,87ª Sessão Ordinária da 18ª Legislatura,2023-02-22,Anderson Marcos Viana,"Reforça a indicação nº 57/2022, solicitando implantação de iluminação no trevo do bairro Duas Barras, associado pela população a acidentes, roubos e outras atividades ilícitas por falta de luz.",,,,,Pendente de Análise,"Mesma observação de data do arquivo: transcrição nomeada 2023-02-23, texto da sessão indica 22 de fevereiro de 2023."
2124-IND-151,Indicação,015,2023,87ª Sessão Ordinária da 18ª Legislatura,2023-02-22,Anderson Marcos Viana,"Reforça a indicação nº 91/2022, solicitando reforma do playground e do calçamento da Praça do Centenário e construção de bebedouros no local, citando fios de energia expostos e playground danificado, com risco às crianças.",,,,,Pendente de Análise,"Mesma observação de data do arquivo: transcrição nomeada 2023-02-23, texto da sessão indica 22 de fevereiro de 2023."
2124-IND-152,Indicação,016,2023,87ª Sessão Ordinária da 18ª Legislatura,2023-02-22,"Anderson Marcos Viana, Hélio Furini Neto","Reforça a indicação nº 69/2022, solicitando instalação de bebedouros na praça do bairro Cristo Redentor e construção de sanitários públicos, masculino e feminino, no Parque Ecológico, locais de grande movimento sem essa infraestrutura.",,,,,Pendente de Análise,"Mesma observação de data do arquivo: transcrição nomeada 2023-02-23, texto da sessão indica 22 de fevereiro de 2023."
2124-IND-153,Indicação,017,2023,87ª Sessão Ordinária da 18ª Legislatura,2023-02-22,Reinaldo Codognato,"Solicita construção de um redutor de velocidade (lombada) no cruzamento da Rua José Bonifácio com a Avenida Junqueira, ponto de intenso fluxo de carros e pedestres próximo à Escola 13 de Junho e ao Colégio Objetivo, onde ocorreu acidente recente.",,,,,Pendente de Análise,"Mesma observação de data do arquivo: transcrição nomeada 2023-02-23, texto da sessão indica 22 de fevereiro de 2023."
2124-IND-154,Indicação,018,2023,87ª Sessão Ordinária da 18ª Legislatura,2023-02-22,Valdir Aparecido de Oliveira,"Solicita implantação de faixas de pedestre, estacionamento exclusivo para deficientes físicos e idosos e, onde a via comportar, estacionamento a 45 graus em frente às igrejas católicas e evangélicas com sede própria, para maior segurança e comodidade em dias de missa e cultos.",,,,,Pendente de Análise,"Mesma observação de data do arquivo: transcrição nomeada 2023-02-23, texto da sessão indica 22 de fevereiro de 2023."
2124-REQ-024,Requerimento,05,2023,87ª Sessão Ordinária da 18ª Legislatura,2023-02-22,Paulo Sérgio Cordeiro,"Requer informações ao prefeito municipal acerca da execução dos contratos dos anos de 2021 e 2022 referentes às cessões de uso dos lotes do Distrito Industrial 3 e 4, para conhecimento sobre o cumprimento das obrigações da Prefeitura e das empresas (prazos, investimentos, geração de emprego etc.). Menciona requerimento semelhante do ano anterior (nº 12/2022), respondido apenas com cópias dos contratos (Ofício nº 68/2022).","Diretoria de Agronegócio, Indústria, Comércio e Meio Ambiente e Gestão de Resíduos Sólidos",Normal,Aprovado,,Pendente,"Diretoria de destino inferida pelo conteúdo (cessão de uso de lotes do Distrito Industrial); o requerimento não especifica expressamente a diretoria de destino, sendo endereçado ao prefeito municipal."
2124-IND-155,Indicação,019,2023,88ª Sessão Ordinária da 18ª Legislatura,2023-02-27,Anderson Marcos Viana,"Solicita substituição da iluminação pública da Avenida Junqueira, proximidades do Lar do Menor, onde árvores obstruem a luz e o local fica escuro e perigoso para pedestres, principalmente mulheres.",,,,,Pendente de Análise,"O texto da sessão menciona repetidamente a data de 27 de fevereiro de 2023, enquanto o arquivo de transcrição está nomeado como 2023-02-28 (provável upload no YouTube um dia após a sessão). Usada a data do texto (2023-02-27)."
2124-IND-156,Indicação,020,2023,88ª Sessão Ordinária da 18ª Legislatura,2023-02-27,"Hélio Furini Neto, Anderson Marcos Viana","Solicita melhorias e ampliação da captação de águas pluviais no encontro da Avenida Junqueira com a Rua da Paz (proximidades do Lar do Menor) e no encontro da Avenida Junqueira com a Rua José Bonifácio e a Avenida Campos Sales (proximidades do Colégio Objetivo), para evitar alagamentos em períodos de chuva forte.",,,,,Pendente de Análise,"Mesma observação de data do arquivo: transcrição nomeada 2023-02-28, texto da sessão indica 27 de fevereiro de 2023."
2124-IND-157,Indicação,021,2023,88ª Sessão Ordinária da 18ª Legislatura,2023-02-27,"Rui Domingos da Silva, Reinaldo Codognato","Solicita revisão geral em todos os parques, praças e playgrounds do município, para oferecer lazer seguro e gratuito às famílias e ocupar o tempo ocioso dos jovens.",,,,,Pendente de Análise,"Apresentada pelo vereador Rui Domingos da Silva, com apoio do vereador Reinaldo Codognato, conforme assinatura no texto. Mesma observação de data do arquivo: transcrição nomeada 2023-02-28, texto da sessão indica 27 de fevereiro de 2023."
2124-IND-158,Indicação,022,2023,88ª Sessão Ordinária da 18ª Legislatura,2023-02-27,Valdir Aparecido de Oliveira,"Reforça a indicação nº 21/2022, solicitando aquisição de uma moto Fumacê para auxiliar no combate à dengue, chikungunya, pernilongos e demais insetos nocivos, diante do aumento de casos e do crescimento da cidade.",,,,,Pendente de Análise,"Mesma observação de data do arquivo: transcrição nomeada 2023-02-28, texto da sessão indica 27 de fevereiro de 2023."
2124-REQ-025,Requerimento,06,2023,88ª Sessão Ordinária da 18ª Legislatura,2023-02-27,Anderson Marcos Viana,"Requer, dirigido diretamente ao diretor de saúde municipal, informações sobre a forma como se dão os contratos dos profissionais que lecionam aulas de zumba e de defesa pessoal para os munícipes, detalhando os prazos de vencimento e se os profissionais recebem algum subsídio/remuneração para desempenhar tais atividades, solicitando que sejam anexadas cópias dos contratos mencionados.",Diretoria de Saúde,Normal,Aprovado,,"Sem ofício de resposta identificado nas transcrições revisadas; na sessão de 07/03/2023 o vereador Anderson Marcos Viana comentou verbalmente que a resposta a esse requerimento havia sido dada 'por escrito', mas o teor completo da resposta não foi lido em sessão.","Requerimento dirigido diretamente ao diretor de saúde municipal (não ao prefeito). Na sessão seguinte (07/03/2023), o vereador Anderson Marcos Viana fez referência a esse requerimento durante um desentendimento em tribuna com o secretário de Saúde, mencionando que a resposta havia sido dada por escrito, mas sem detalhar o conteúdo."
2124-IND-159,Indicação,023,2023,89ª Sessão Ordinária da 18ª Legislatura,2023-03-06,Valdir Aparecido de Oliveira,"Solicita locação de um imóvel para atender à demanda de crianças que precisam frequentar o Centro Educacional Infantil (CEI) do bairro Cristo Redentor, já que crianças estão sendo transferidas para outras unidades por falta de espaço.",,,,,Pendente de Análise,"O texto da sessão menciona repetidamente a data de 6 de março de 2023, enquanto o arquivo de transcrição está nomeado como 2023-03-07 (provável upload no YouTube um dia após a sessão). Usada a data do texto (2023-03-06)."
2124-IND-160,Indicação,024,2023,89ª Sessão Ordinária da 18ª Legislatura,2023-03-06,Valdir Aparecido de Oliveira,"Solicita estudo, junto à assessoria jurídica e ao setor de pessoal, para incluir no Estatuto dos Servidores Públicos Municipais uma forma de compensar (com folga ou outra opção) os servidores mensalistas nos meses com 31 dias, já que o cálculo salarial e de férias considera sempre 30 dias, gerando perda de um dia de remuneração.",,,,,Pendente de Análise,"Mesma observação de data do arquivo: transcrição nomeada 2023-03-07, texto da sessão indica 6 de março de 2023."
2124-IND-161,Indicação,025,2023,89ª Sessão Ordinária da 18ª Legislatura,2023-03-06,Teresinha de Lourdes Freitas Regodanso,"Solicita recapeamento asfáltico de trecho da Rua Vitor Junqueira (entre as ruas Zeca da Cunha e Washington Luiz) e da Avenida Junqueira (entre a Rua Sebastiana de Oliveira e o Jardim dos Pássaros), degradados pelas fortes chuvas recentes.",,,,,Pendente de Análise,"Mesma observação de data do arquivo: transcrição nomeada 2023-03-07, texto da sessão indica 6 de março de 2023."
2124-IND-162,Indicação,026,2023,89ª Sessão Ordinária da 18ª Legislatura,2023-03-06,"Anderson Marcos Viana, Valdir Aparecido de Oliveira","Solicita construção de um salão comunitário no bairro Vila Beatriz, junto ao vestiário já existente, e que o espaço seja cercado, para uso da população em festas, palestras e lazer.",,,,,Pendente de Análise,"Mesma observação de data do arquivo: transcrição nomeada 2023-03-07, texto da sessão indica 6 de março de 2023."
2124-IND-163,Indicação,027,2023,89ª Sessão Ordinária da 18ª Legislatura,2023-03-06,Anderson Marcos Viana,"Solicita substituição dos brinquedos de madeira do playground do bairro Jardim Alvorada, que oferecem risco às crianças, e reabertura do banheiro do local, fechado há aproximadamente cinco anos sem uso.",,,,,Pendente de Análise,"Mesma observação de data do arquivo: transcrição nomeada 2023-03-07, texto da sessão indica 6 de março de 2023."
2124-IND-164,Indicação,028,2023,89ª Sessão Ordinária da 18ª Legislatura,2023-03-06,Reinaldo Codognato,"Solicita a realização do programa 'Domingo no Bairro' no bairro Alto do Cene, que não recebe o evento há alguns meses, incluindo exames preventivos de saúde, incentivo a atividades físicas, recreação infantil e serviços de cidadania gratuitos.",,,,,Pendente de Análise,"Mesma observação de data do arquivo: transcrição nomeada 2023-03-07, texto da sessão indica 6 de março de 2023."
2124-IND-165,Indicação,029,2023,89ª Sessão Ordinária da 18ª Legislatura,2023-03-06,"Reinaldo Codognato, Rui Domingos da Silva, Valdir Aparecido de Oliveira","Solicita que as futuras instalações do complexo de saúde do município recebam o nome do saudoso Jorge Yochinobu Chihara, farmacêutico nascido em Junqueirópolis, ex-secretário municipal de saúde de Junqueirópolis e Adamantina e ex-diretor do Departamento Regional de Saúde (DRS 11).",,,,,Pendente de Análise,"Apresentada pelo vereador Reinaldo Codognato com apoio dos vereadores Rui Domingos da Silva e Valdir Aparecido de Oliveira, conforme assinaturas no texto. Mesma observação de data do arquivo: transcrição nomeada 2023-03-07, texto da sessão indica 6 de março de 2023."
2124-IND-166,Indicação,030,2023,89ª Sessão Ordinária da 18ª Legislatura,2023-03-06,"Reinaldo Codognato, Valdir Aparecido de Oliveira","Solicita intensificação da fiscalização nas estradas rurais municipais com base na Lei Municipal nº 1921/97, para coibir a obstrução do escoamento de águas pluviais por maquinário de empresas terceirizadas durante a manutenção das estradas, garantindo o tráfego mesmo em períodos de chuva.",,,,,Pendente de Análise,"Mesma observação de data do arquivo: transcrição nomeada 2023-03-07, texto da sessão indica 6 de março de 2023."
2124-DEN-027,Denúncia,,2023,89ª Sessão Ordinária da 18ª Legislatura,2023-03-06,Anderson Marcos Viana,"Durante discussão sobre um requerimento anterior de sua autoria (que pedia explicações sobre o pagamento de professores de zumba e defesa pessoal), o vereador Anderson Marcos Viana relatou publicamente, em tom de confronto, que o secretário de Saúde, Israel Gumiero, o havia questionado pessoalmente sobre a origem do dinheiro usado para pagar esses professores. Em resposta, Anderson insinuou na tribuna um episódio anterior não detalhado em que o secretário teria 'agredido' e 'dado um chute' em uma senhora, afirmando nunca ter questionado publicamente esse fato antes, e alertou o secretário a 'cuidar de suas próprias casas'.",Diretoria de Saúde,Feita/cobrada pelo vereador,,,Pendente de Verificação,"Alegação grave e vaga, feita em tom de confronto pessoal na tribuna, sem menção de data, local, nome da suposta vítima ou de qualquer registro formal (boletim de ocorrência, processo, ofício). Não há confirmação, no texto revisado, de que esse episódio tenha sido levado adiante formalmente (não foi identificado requerimento, denúncia formal ou ofício tratando especificamente deste caso). Recomenda-se cautela na publicação por se tratar de acusação não comprovada contra servidor público nomeado; sugere-se revisão humana antes de divulgar."
2124-IND-167,Indicação,031,2023,90ª Sessão Ordinária da 18ª Legislatura,2023-03-13,Anderson Marcos Viana,"Solicita a construção de um redutor de velocidade (lombada, lombofaixa ou sonorizador) na rua São Salvador, próximo ao ponto de ônibus no bairro Jardim Alvorada, devido a corridas de carros e motos no local.",,,,,Pendente de Análise,"Data do arquivo (2023-03-14) diverge da data mencionada ao longo de todo o texto da transcrição (13 de março de 2023, uma segunda-feira, consistente com o padrão semanal das sessões); usada a data do texto. Provável upload no YouTube um dia após a sessão real."
2124-IND-168,Indicação,032,2023,90ª Sessão Ordinária da 18ª Legislatura,2023-03-13,Anderson Marcos Viana,"Solicita a construção de um redutor de velocidade (lombada, lombofaixa ou sonorizador) na Avenida Latina, próximo ao ponto de ônibus e à ESF 3, devido ao grande fluxo de alunos, funcionários, idosos e pacientes na região.",,,,,Pendente de Análise,Data do arquivo (2023-03-14) diverge da data mencionada no texto (13 de março de 2023); usada a data do texto. Ver nota da indicação 031 da mesma sessão.
2124-IND-169,Indicação,033,2023,90ª Sessão Ordinária da 18ª Legislatura,2023-03-13,Anderson Marcos Viana,"Solicita o fornecimento de pedra brita ou material similar para revestir a rua Chapéu de Couro, que não possui pavimentação nem guias, causando danos aos moradores em épocas de chuva.",,,,,Pendente de Análise,Data do arquivo (2023-03-14) diverge da data mencionada no texto (13 de março de 2023); usada a data do texto. Ver nota da indicação 031 da mesma sessão.
2124-IND-170,Indicação,034,2023,90ª Sessão Ordinária da 18ª Legislatura,2023-03-13,Anderson Marcos Viana,"Solicita o fornecimento de alimentação (marmitex ou, alternativamente, lanche reforçado pela manhã e por volta do horário do almoço) aos pacientes que se deslocam a Presidente Prudente para consultas médicas, muitas vezes sem condições de arcar com os custos.",,,,,Pendente de Análise,Data do arquivo (2023-03-14) diverge da data mencionada no texto (13 de março de 2023); usada a data do texto. Ver nota da indicação 031 da mesma sessão.
2124-IND-171,Indicação,035,2023,90ª Sessão Ordinária da 18ª Legislatura,2023-03-13,"Teresinha de Lourdes Freitas Regodanso, Anderson Marcos Viana, Elio Furini Neto, Paulo Sérgio Cordeiro","Solicita a substituição dos equipamentos de ginástica ao ar livre do Centro de Convivência do Idoso (CCI), atualmente de madeira e com risco de acidente, além de sugerir a troca da iluminação da quadra local.",,,,,Pendente de Análise,"Data do arquivo (2023-03-14) diverge da data mencionada no texto (13 de março de 2023); usada a data do texto. Além disso, o texto lido cita erroneamente '96ª Sessão Ordinária' em vez de '90ª Sessão Ordinária' (a numeração correta consta no cabeçalho do expediente e nas demais indicações da mesma sessão)."
2124-IND-172,Indicação,036,2023,90ª Sessão Ordinária da 18ª Legislatura,2023-03-13,Teresinha de Lourdes Freitas Regodanso,"Solicita o recapeamento do trecho da rua Independência entre a Avenida Junqueira e a Rua Recife, que está com muitos buracos dificultando a passagem de carros e motos.",,,,,Pendente de Análise,Data do arquivo (2023-03-14) diverge da data mencionada no texto (13 de março de 2023); usada a data do texto. Ver nota da indicação 031 da mesma sessão.
2124-REQ-026,Requerimento,07,2023,90ª Sessão Ordinária da 18ª Legislatura,2023-03-13,Anderson Marcos Viana,"Requer envio de ofício ao prefeito municipal solicitando informações sobre a esperada pavimentação (asfaltamento) da estrada vicinal que liga Junqueirópolis a Dracena, com apresentação de documentos comprobatórios (assinatura de convênio, licitação da empresa contratada etc.), tendo em vista sucessivos anúncios públicos da obra desde o ano anterior sem início efetivo.","Diretoria de Planejamento, Obras, Serviços e Manutenção",Normal,Aprovado,Ofício nº 69/2023,"Respondido (Ofício nº 69/2023 da Prefeitura, em resposta ao Ofício nº 27/2023 desta Casa, lido na sessão de 17/04/2023: informa que foi celebrado o convênio nº 6.117/2022 com o Estado de São Paulo/DER, que o processo licitatório para contratação da empresa estava em fase final e que a obra estava programada para iniciar no 2º semestre de 2023).","Diretoria de destino inferida pelo assunto (execução de obra viária); o requerimento também envolve convênio estadual, podendo tangenciar a Diretoria de Licitações, Contratos e Convênios. Data do arquivo de origem (2023-03-14) diverge da data mencionada no texto (13 de março de 2023); usada a data do texto, consistente com o padrão identificado nas indicações do mesmo lote."
2124-DEN-028,Denúncia,,2023,90ª Sessão Ordinária da 18ª Legislatura,2023-03-13,Anderson Marcos Viana,"O vereador relatou o caso de uma senhora idosa (referida como 'Dona Bela'), moradora da Rua Belo Horizonte, próximo ao Campo da Curitiba, cuja casa apresenta rachaduras e o chão afundado, estando sustentada apenas pela tesoura da estrutura de madeira, em risco de desabamento. Segundo o vereador, o caso já havia sido comunicado aos setores responsáveis da administração há cerca de 22 a 30 dias; uma equipe da Defesa Civil teria ido ao local, tirado três fotos e não retornado, sem solução até a data da sessão.",Diretoria de Assistência Social,Feita/cobrada pelo vereador,,,Pendente de Verificação,"Diretoria de destino inferida (situação de vulnerabilidade habitacional de idosa), podendo também envolver a Diretoria de Planejamento, Obras, Serviços e Manutenção (risco estrutural do imóvel) e a Defesa Civil, mencionada nominalmente pelo vereador como já acionada. Caso segue sendo mencionado nas sessões seguintes (ver denúncia da sessão de 20/03/2023 sobre o mesmo assunto)."
2124-DEN-029,Denúncia,,2023,90ª Sessão Ordinária da 18ª Legislatura,2023-03-13,Anderson Marcos Viana,"Moradores do loteamento Recanto do Eucalipto relataram ao vereador prejuízos materiais (perda de alimentos, geladeira e outros bens, danos a contenções de pneus) causados por fortes chuvas e enxurradas no final de semana anterior à sessão. Segundo o vereador, moradores atingidos tentaram contato com a administração sem retorno, e ninguém do poder público havia comparecido ao local até o momento de sua fala em plenário.","Diretoria de Planejamento, Obras, Serviços e Manutenção",Recebida pelo vereador,,,Pendente de Verificação,"Caso segue sendo discutido nas sessões seguintes; na sessão de 20/03/2023, o presidente da Câmara e outro vereador esclareceram que a Defesa Civil foi de fato acionada na noite dos fatos e que houve contato com moradores do bairro. Diretoria de destino inferida pelo tema (escoamento de águas pluviais/infraestrutura do loteamento)."
2124-DEN-030,Denúncia,,2023,90ª Sessão Ordinária da 18ª Legislatura,2023-03-13,Anderson Marcos Viana,"O vereador relatou o caso de uma moradora da Avenida Bandeirante com a Rua Tiradentes (próximo ao antigo prédio da Igreja Assembleia de Deus), cuja casa vem sendo destruída há cerca de 12 anos pelo escoamento de água pluvial proveniente de um terreno público, tendo já perdido três muros e parte da residência. Segundo o vereador, a moradora chegou a acionar a Justiça contra a administração municipal para tentar reparação, mas perdeu a ação.","Diretoria de Planejamento, Obras, Serviços e Manutenção",Recebida pelo vereador,,,Pendente de Verificação,"Situação de longa data (cerca de 12 anos) e com desfecho judicial desfavorável à moradora já mencionado pelo vereador; não há indicação de que providências tenham sido tomadas na sequência das sessões analisadas neste lote. Recomenda-se cautela por envolver processo judicial não detalhado (partes, número do processo)."
2124-IND-173,Indicação,037,2023,91ª Sessão Ordinária da 18ª Legislatura,2023-03-20,Anderson Marcos Viana,"Solicita melhorias na iluminação da Avenida Rio Branco, principalmente no trecho da Feira Livre, com troca das lâmpadas de vapor de sódio por LED, citando a Lei Complementar nº 1.080/2023.",,,,,Pendente de Análise,"Data do arquivo (2023-03-21) diverge da data mencionada no texto (20 de março de 2023, segunda-feira, dia da sessão anterior 13/3 mais uma semana); usada a data do texto. Provável upload no YouTube um dia após a sessão real."
2124-IND-174,Indicação,038,2023,91ª Sessão Ordinária da 18ª Legislatura,2023-03-20,Elio Furini Neto,"Reforçando indicação anterior do mesmo vereador, solicita a implantação de um serviço de transporte coletivo (""Circular da Saúde"") para pacientes com deficiência física, especialmente cadeirantes, passando pelas ESFs, Santa Casa, CEO e CAPS.",,,,,Pendente de Análise,"Data do arquivo (2023-03-21) diverge da data mencionada no texto (20 de março de 2023); usada a data do texto. O texto lido cita 'reforçando a indicação nº 48, barra 2081' — claramente um erro de transcrição para '48/2021' (ano)."
2124-IND-175,Indicação,039,2023,91ª Sessão Ordinária da 18ª Legislatura,2023-03-20,Elio Furini Neto,"Solicita o reforço do muro e a instalação de câmeras de segurança no CEI Sonho de Criança, que sofreu episódios recentes de vandalismo e furto.",,,,,Pendente de Análise,Data do arquivo (2023-03-21) diverge da data mencionada no texto (20 de março de 2023); usada a data do texto.
2124-IND-176,Indicação,040,2023,91ª Sessão Ordinária da 18ª Legislatura,2023-03-20,Marisa Alves da Silva Costa,"Solicita a concessão de Gratificação por Trabalho por Tempo Integral e Dedicação Exclusiva (GTID) aos servidores da Biblioteca Municipal, que atuam também no CEF em períodos noturnos e finais de semana sem gratificação adicional.",,,,,Pendente de Análise,Data do arquivo (2023-03-21) diverge da data mencionada no texto (20 de março de 2023); usada a data do texto.
2124-IND-177,Indicação,041,2023,91ª Sessão Ordinária da 18ª Legislatura,2023-03-20,Elio Furini Neto,"Solicita a instalação de toldo ou cobertura entre o portão e a entrada dos Centros Educacionais Infantis (CEIs) que ainda não possuem essa estrutura, para proteger alunos e responsáveis em dias de chuva.",,,,,Pendente de Análise,Data do arquivo (2023-03-21) diverge da data mencionada no texto (20 de março de 2023); usada a data do texto.
2124-IND-178,Indicação,042,2023,91ª Sessão Ordinária da 18ª Legislatura,2023-03-20,Reinaldo Codognato,"Solicita providências junto à empresa responsável pelo recente recapeamento da vicinal Henrique Coutinho (trecho entre a rodovia Comandante João Ribeiro de Barros e a usina Viterra Bioenergia), devido a buracos que afetam o transporte escolar rural.",,,,,Pendente de Análise,Data do arquivo (2023-03-21) diverge da data mencionada no texto (20 de março de 2023); usada a data do texto.
2124-IND-179,Indicação,043,2023,91ª Sessão Ordinária da 18ª Legislatura,2023-03-20,"Reinaldo Codognato, Rui Domingos da Silva","Solicita providências definitivas para o escoamento correto das águas pluviais acumuladas no residencial Recanto dos Eucaliptos, agravado durante o período de fortes chuvas.",,,,,Pendente de Análise,Data do arquivo (2023-03-21) diverge da data mencionada no texto (20 de março de 2023); usada a data do texto.
2124-IND-180,Indicação,044,2023,91ª Sessão Ordinária da 18ª Legislatura,2023-03-20,"Reinaldo Codognato, Valdir Aparecido de Oliveira","Solicita a manutenção do campo sintético do bairro Jardim Paulista, deteriorado por falta de manutenção desde sua construção.",,,,,Pendente de Análise,Data do arquivo (2023-03-21) diverge da data mencionada no texto (20 de março de 2023); usada a data do texto.
2124-IND-181,Indicação,045,2023,91ª Sessão Ordinária da 18ª Legislatura,2023-03-20,"Reinaldo Codognato, Marisa Alves da Silva Costa, Sofia Rodrigues dos Santos","Solicita a construção de uma pista de caminhada no bairro Jardim Primavera, atendendo a pedidos constantes dos moradores.",,,,,Pendente de Análise,Data do arquivo (2023-03-21) diverge da data mencionada no texto (20 de março de 2023); usada a data do texto.
2124-IND-182,Indicação,046,2023,91ª Sessão Ordinária da 18ª Legislatura,2023-03-20,Paulo Sérgio Cordeiro,"Solicita reparos no asfalto do trecho da entrada da cidade próximo ao trevo, que possui buracos e fissuras que reduzem a segurança dos motoristas.",,,,,Pendente de Análise,Data do arquivo (2023-03-21) diverge da data mencionada no texto (20 de março de 2023); usada a data do texto.
2124-REQ-027,Requerimento,,2023,91ª Sessão Ordinária da 18ª Legislatura,2023-03-20,Teresinha de Lourdes Freitas Regodanço,"Durante as explicações pessoais, a vereadora comentou sobre a indicação de iluminação da Avenida Rio Branco e mencionou que a troca das lâmpadas de vapor de sódio por LED (autorizada pela Lei Complementar nº 1.080/2023) havia começado em sua rua, mas foi interrompida. Em seguida, sugeriu verbalmente que a Câmara fizesse um requerimento à Prefeitura para saber sobre o cumprimento dessa lei e sobre a substituição das lâmpadas em todo o município.","Diretoria de Planejamento, Obras, Serviços e Manutenção",Verbal/Não Formalizado,,,Pendente,"A vereadora apenas sugeriu verbalmente, durante as explicações pessoais, que a Casa fizesse um requerimento sobre o tema ('eu gostaria, se fosse possível, dessa casa de lei fazer um requerimento'); a transcrição não registra leitura formal de um requerimento numerado nem votação sobre o assunto nesta sessão. Não foi possível confirmar, no texto revisado, se esse pedido foi de fato formalizado e votado em sessão posterior às analisadas neste lote."
2124-DEN-031,Denúncia,,2023,91ª Sessão Ordinária da 18ª Legislatura,2023-03-20,Anderson Marcos Viana,"O vereador reiterou o caso da senhora idosa ('Dona Bela'), da Rua Belo Horizonte, cuja casa segue com risco de desabamento (chão afundado, rachaduras), informando que já se passaram entre 33 e 35 dias desde o primeiro pedido de providências, sem solução até o momento; relatou novamente que a Defesa Civil esteve no local, tirou fotos e não retornou.",Diretoria de Assistência Social,Feita/cobrada pelo vereador,,,Pendente de Verificação,"Continuidade do caso já relatado na sessão de 13/03/2023 (90ª sessão ordinária), sem solução até a data desta sessão."
2124-DEN-032,Denúncia,,2023,91ª Sessão Ordinária da 18ª Legislatura,2023-03-20,Anderson Marcos Viana,"O vereador cobrou, pela terceira vez em plenário, providências sobre a ponte do Córrego do Fogo, na estrada rural que liga Junqueirópolis a Flora Rica, que teria caído há aproximadamente 10 anos; segundo o vereador, a estrada municipal no local está tomada por mato e cercas, dificultando o acesso.","Diretoria de Planejamento, Obras, Serviços e Manutenção",Feita/cobrada pelo vereador,,,Pendente de Verificação,"Vereador afirmou já ter cobrado o mesmo assunto em pelo menos duas sessões anteriores, não identificadas neste lote."
2124-DEN-033,Denúncia,,2023,91ª Sessão Ordinária da 18ª Legislatura,2023-03-20,Anderson Marcos Viana,"O vereador relatou o caso de uma chácara na região da Chácara Santa Ruth (citado o nome 'Alberto Nucci' e o proprietário como 'seu Reginaldo'), próxima ao local conhecido como 'Pontilhão', onde a erosão causada por enxurradas estaria destruindo parte da propriedade, incluindo viveiros/lagoas de peixes. Segundo o vereador, tentativas de contato com o setor responsável da administração, feitas por telefone e mensagens, não obtiveram retorno após quatro ou cinco tentativas.","Diretoria de Planejamento, Obras, Serviços e Manutenção",Feita/cobrada pelo vereador,,,Pendente de Verificação,"Localização do imóvel e nome do proprietário mencionados de forma imprecisa/coloquial pelo vereador na fala; recomenda-se confirmação antes de publicação, se necessário identificar o local com mais precisão."
2124-DEN-034,Denúncia,,2023,91ª Sessão Ordinária da 18ª Legislatura,2023-03-20,Anderson Marcos Viana,"O vereador afirmou ter apresentado formalmente uma denúncia, já encaminhada à Promotoria de Justiça, questionando a legalidade de obras realizadas na área da antiga linha férrea (praça, jardins, pergolados, aparelhos de ginástica) sem que o investimento de recursos públicos tivesse sido submetido à aprovação da Câmara Municipal, alegando desconhecer qualquer documentação que autorizasse tais gastos.","Diretoria Jurídica, Habitação e de Trânsito",Feita/cobrada pelo vereador,,,Pendente de Verificação,"Vereador não apresentou em plenário a documentação da denúncia à Promotoria nem detalhou valores ou datas específicas; presidente da Câmara respondeu de forma genérica, afirmando que a Casa agiria dentro da lei se necessário. Recomenda-se cautela e verificação adicional antes de publicação, por se tratar de acusação de possível irregularidade administrativa sem comprovação apresentada na sessão."
2124-IND-183,Indicação,047,2023,92ª Sessão Ordinária da 18ª Legislatura,2023-03-27,Teresinha de Lourdes Freitas Regodanso,"Solicita a instalação de ninhos artificiais (caixotes) nas palmeiras imperiais e demais árvores visitadas por araras, para evitar a destruição das copas e apoiar a reprodução da espécie, a exemplo de Santa Fé do Sul.",,,,,Pendente de Análise,"Data do arquivo (2023-03-28) diverge da data mencionada no texto (27 de março de 2023, segunda-feira seguinte à sessão anterior de 20/3); usada a data do texto. Provável upload no YouTube um dia após a sessão real."
2124-IND-184,Indicação,048,2023,92ª Sessão Ordinária da 18ª Legislatura,2023-03-27,"Rui Domingos da Silva, Teresinha de Lourdes Freitas Regodanso","Reforçando indicação nº 001/2021, solicita a compra ou locação de imóvel próximo ao Hospital Regional de Oncologia em Presidente Prudente para funcionar como casa de apoio a pacientes junqueiropolenses em tratamento, a exemplo da casa de apoio de Jaú.",,,,,Pendente de Análise,Data do arquivo (2023-03-28) diverge da data mencionada no texto (27 de março de 2023); usada a data do texto.
2124-IND-185,Indicação,049,2023,92ª Sessão Ordinária da 18ª Legislatura,2023-03-27,Rui Domingos da Silva,"Solicita a aquisição de um caminhão-prancha para transporte de maquinário pesado utilizado na área rural, reduzindo desgaste e despesas de deslocamento.",,,,,Pendente de Análise,Data do arquivo (2023-03-28) diverge da data mencionada no texto (27 de março de 2023); usada a data do texto.
2124-IND-186,Indicação,050,2023,92ª Sessão Ordinária da 18ª Legislatura,2023-03-27,Anderson Marcos Viana,"Solicita a reforma da pista de skate do município, cujas rampas, corrimãos e piso apresentam desgaste e riscos aos praticantes.",,,,,Pendente de Análise,Data do arquivo (2023-03-28) diverge da data mencionada no texto (27 de março de 2023); usada a data do texto.
2124-IND-187,Indicação,051,2023,92ª Sessão Ordinária da 18ª Legislatura,2023-03-27,Anderson Marcos Viana,"Solicita a pavimentação asfáltica na via de acesso João Furini, em frente aos armazéns comerciais atrás do Mercadinho Pioneiros, aproveitando obra já em andamento no acostamento contrário.",,,,,Pendente de Análise,Data do arquivo (2023-03-28) diverge da data mencionada no texto (27 de março de 2023); usada a data do texto.
2124-IND-188,Indicação,052,2023,92ª Sessão Ordinária da 18ª Legislatura,2023-03-27,"Elio Furini Neto, Anderson Marcos Viana, Paulo Sérgio Cordeiro, Teresinha de Lourdes Freitas Regodanso","Solicita a capacitação em Língua Brasileira de Sinais (Libras) de profissionais da área de saúde, para melhorar a comunicação e o atendimento humanizado a pacientes com perda auditiva.",,,,,Pendente de Análise,Data do arquivo (2023-03-28) diverge da data mencionada no texto (27 de março de 2023); usada a data do texto.
2124-IND-189,Indicação,053,2023,92ª Sessão Ordinária da 18ª Legislatura,2023-03-27,Anderson Marcos Viana,"Solicita a instalação de redutores de velocidade na rua Zeca da Cunha com a rua São Salvador e na rua Constantino Marcolino de Souza, próximo à Avenida Geraldo Fudo, devido a diversos acidentes relatados pela população.",,,,,Pendente de Análise,Data do arquivo (2023-03-28) diverge da data mencionada no texto (27 de março de 2023); usada a data do texto.
2124-IND-190,Indicação,054,2023,92ª Sessão Ordinária da 18ª Legislatura,2023-03-27,Anderson Marcos Viana,"Solicita a manutenção do Centro Comunitário do bairro Cristo Redentor, cuja cozinha e banheiros necessitam de melhorias para atender eventos e festividades da população.",,,,,Pendente de Análise,Data do arquivo (2023-03-28) diverge da data mencionada no texto (27 de março de 2023); usada a data do texto.
2124-IND-191,Indicação,055,2023,92ª Sessão Ordinária da 18ª Legislatura,2023-03-27,Valdir Aparecido de Oliveira,"Solicita a disponibilização de caçambas em locais estratégicos para descarte de lixo e materiais que acumulam água, servindo de criadouro do Aedes aegypti, em conjunto com o projeto Limpeza Beleza.",,,,,Pendente de Análise,Data do arquivo (2023-03-28) diverge da data mencionada no texto (27 de março de 2023); usada a data do texto.
2124-IND-192,Indicação,056,2023,92ª Sessão Ordinária da 18ª Legislatura,2023-03-27,Teresinha de Lourdes Freitas Regodanso,"Solicita a manutenção do piso intertravado de concreto da Praça Álvaro de Oliveira Junqueira, que está irregular e representa risco de queda, especialmente para idosos.",,,,,Pendente de Análise,Data do arquivo (2023-03-28) diverge da data mencionada no texto (27 de março de 2023); usada a data do texto.
2124-IND-193,Indicação,057,2023,92ª Sessão Ordinária da 18ª Legislatura,2023-03-27,Reinaldo Codognato,"Solicita a elaboração do projeto ""Cidade Identificada"", com instalação de placas identificando os 16 bairros e 21 saídas intermunicipais de Junqueirópolis, facilitando a orientação de moradores e visitantes.",,,,,Pendente de Análise,Data do arquivo (2023-03-28) diverge da data mencionada no texto (27 de março de 2023); usada a data do texto.
2124-IND-194,Indicação,058,2023,92ª Sessão Ordinária da 18ª Legislatura,2023-03-27,Anderson Marcos Viana,"Solicita a organização de uma semana comemorativa ao Dia Mundial de Conscientização do Autismo (2 de abril), com atividades para reduzir a discriminação e promover conhecimento sobre o TEA.",,,,,Pendente de Análise,Data do arquivo (2023-03-28) diverge da data mencionada no texto (27 de março de 2023); usada a data do texto. A leitura em voz alta do texto integral foi interrompida/cortada antes de citar a data completa de apresentação na Secretaria ('Apresentado na Secretaria da Câmara em 24 de...'); autoria confirmada pelo resumo do expediente (Anderson Marcos Viana) e pela fala do próprio vereador logo em seguida.
2124-REQ-028,Requerimento,08,2023,92ª Sessão Ordinária da 18ª Legislatura,2023-03-27,Anderson Marcos Viana,"Requer envio de ofício ao prefeito municipal solicitando informações sobre o início das obras de recuperação e adequação da estrada rural municipal JQL 030 (trecho Junqueirópolis–Irapuru, sentido bairro Cafezinho), no valor de R$ 2.141.105,43, previstas para iniciar em junho de 2022 pelo programa estadual 'Melhor Caminho' (Decreto nº 41.721/1997) e que, até a data do requerimento, ainda não haviam sido iniciadas.","Diretoria de Planejamento, Obras, Serviços e Manutenção",Normal,Aprovado,,Pendente,"Na mesma sessão foi lido e aprovado também o Requerimento nº 09/2023, de autoria de todos os vereadores, com votos de condolências pelo falecimento do ex-prefeito Hélio Aparecido Mendes Furini; este não foi incluído no arquivo por se tratar, em substância, de moção de pesar (endereçada à família do falecido, sem pedido de informações/providências a diretoria ou órgão), conforme instrução de excluir moções."
2124-DEN-035,Denúncia,,2023,92ª Sessão Ordinária da 18ª Legislatura,2023-03-27,Anderson Marcos Viana,"O vereador relatou que uma criança deu entrada no pronto-socorro municipal (Santa Casa) com quadro respiratório grave e não foi avaliada pessoalmente pelo médico pediatra de plantão, que teria orientado apenas o encaminhamento da criança à UTI móvel ('cross') sem exame direto; a criança teria permanecido na fila de espera da UTI móvel por mais de um dia. Segundo o vereador, o mesmo tipo de situação ocorreu duas vezes na mesma semana.",Diretoria de Saúde,Feita/cobrada pelo vereador,,,Pendente de Verificação,"O presidente da Câmara se comprometeu, ainda durante a sessão, a encaminhar ofício à Armandade da Santa Casa de Misericórdia de Junqueirópolis solicitando explicações sobre o caso. Não foi identificada, nas sessões seguintes analisadas neste lote, resposta formal a esse pedido."
2124-DEN-036,Denúncia,,2023,92ª Sessão Ordinária da 18ª Legislatura,2023-03-27,Anderson Marcos Viana,"O vereador relatou que a água proveniente da área do cemitério municipal (recentemente ampliada) está causando erosão que já destruiu metade de um sítio vizinho, de propriedade de um morador não identificado pelo nome ('o rapaz que mora do lado'). Segundo o vereador, havia sido combinado verbalmente com a administração a construção de um muro de contenção para impedir o escoamento da água para o sítio, o que não foi cumprido, e a erosão segue avançando.","Diretoria de Planejamento, Obras, Serviços e Manutenção",Feita/cobrada pelo vereador,,,Pendente de Verificação,"Vereador não identificou o proprietário do sítio pelo nome nem apresentou documentação; recomenda-se cautela e, se possível, confirmação adicional antes de publicação."
2124-IND-195,Indicação,059,2023,93ª Sessão Ordinária da 18ª Legislatura,2023-04-03,Rui Domingos da Silva,"Solicita uma pequena reforma (reparos e pintura) na casa de apoio de Jaú, utilizada por pacientes do município em tratamento que precisam se deslocar até 4 vezes por semana.",,,,,Pendente de Análise,"Data do arquivo (2023-04-04) diverge da data mencionada no texto (3 de abril de 2023, segunda-feira seguinte à sessão anterior de 27/3); usada a data do texto. Provável upload no YouTube um dia após a sessão real."
2124-IND-196,Indicação,060,2023,93ª Sessão Ordinária da 18ª Legislatura,2023-04-03,"Valdir Aparecido de Oliveira, Marisa Alves da Silva Costa","Solicita a destinação de um local apropriado (tipo vala) no aterro sanitário para enterrar animais domésticos de pequeno porte falecidos, hoje frequentemente descartados de forma irregular.",,,,,Pendente de Análise,Data do arquivo (2023-04-04) diverge da data mencionada no texto (3 de abril de 2023); usada a data do texto.
2124-REQ-029,Requerimento,,2023,93ª Sessão Ordinária da 18ª Legislatura,2023-04-03,"Valdir Aparecido de Oliveira, Anderson Marcos Viana, Paulo Sérgio Cordeiro, Sofia Rodrigues dos Santos, Hélio Furini Neto, Reinaldo Codognato, Teresinha de Lourdes Freitas Regodanço, Marisa Alves da Silva Costa, Rui Domingos da Silva","Ofício especial coletivo assinado por todos os vereadores, endereçado ao Diretor de Saúde, solicitando que seja estudada a possibilidade de implantar um centro de triagem e hidratação para casos de dengue, com o objetivo de conter o avanço da doença no município, prestar assistência aos pacientes e desafogar o pronto-socorro municipal e as Estratégias de Saúde da Família (ESFs) dos bairros.",Diretoria de Saúde,Verbal/Não Formalizado,,,Pendente,"Apresentado pelo presidente da Câmara como 'ofício especial' assinado coletivamente por todos os vereadores, e não como requerimento numerado submetido a discussão e votação em plenário; por isso classificado como não formalizado nos moldes regimentais dos demais requerimentos, embora tenha sido lido oficialmente em sessão e encaminhado à Diretoria de Saúde."
2124-REQ-030,Requerimento,10,2023,93ª Sessão Ordinária da 18ª Legislatura,2023-04-03,Anderson Marcos Viana,"Requer envio de ofício ao prefeito municipal solicitando informações, com documentos oficiais, acerca da data de chegada ao município dos insumos utilizados na nebulização espacial ('fumacê') contra o Aedes aegypti, diante de suspeitas manifestadas em plenário de que a liberação do veneno poderia ter sido retida para uso político/eleitoral.",Diretoria de Saúde,Normal,Aprovado,,Pendente,
2124-REQ-031,Requerimento,11,2023,93ª Sessão Ordinária da 18ª Legislatura,2023-04-03,"Anderson Marcos Viana, Hélio Furini Neto, Teresinha de Lourdes Freitas Regodanço, Paulo Sérgio Cordeiro, Valdir Aparecido de Oliveira","Requer envio de ofício ao prefeito municipal solicitando informações sobre descontos ocorridos no pagamento do salário de diversos professores da rede municipal de ensino infantil (Centros Educacionais Infantis, CIs), justificados pela administração como erro no sistema no pagamento do mês anterior; segundo o vereador autor, cerca de 62 funcionários foram afetados, com descontos entre R$ 92,38 e R$ 395,81.","Diretoria de Fazenda, Compras, Almoxarifado e Recursos Humanos",Normal,Aprovado,,Pendente,"Diretoria de destino inferida pelo tema (folha de pagamento/descontos salariais); por tratar de professores dos CIs, também poderia envolver a Diretoria de Educação, Cultura, Esportes, Lazer e Turismo. O requerimento não especifica expressamente a diretoria destinatária."
2124-DEN-037,Denúncia,,2023,93ª Sessão Ordinária da 18ª Legislatura,2023-04-03,Anderson Marcos Viana,"O vereador apontou uma área verde na Rua Constantino Marcolino de Souza, próxima ao parque ecológico, como foco de proliferação do mosquito da dengue, com acúmulo de garrafas PET e outros recipientes trazidos pela água de bueiros, em mata fechada que dificulta a limpeza pelos serviços municipais.","Diretoria de Agronegócio, Indústria, Comércio e Meio Ambiente e Gestão de Resíduos Sólidos",Feita/cobrada pelo vereador,,,Pendente de Verificação,"Contexto de crise de dengue no município relatado ao longo de várias sessões deste lote, incluindo duas mortes de crianças mencionadas na mesma sessão."
2124-DEN-038,Denúncia,,2023,93ª Sessão Ordinária da 18ª Legislatura,2023-04-03,Anderson Marcos Viana,"O vereador relatou que, apesar de o setor responsável ter enviado máquina para melhorar a estrada do bairro Aburitio, alguns trechos continuaram intransitáveis para carros pequenos devido a lama/barro acumulado, pedindo nova atenção da administração ao local.","Diretoria de Planejamento, Obras, Serviços e Manutenção",Feita/cobrada pelo vereador,,,Pendente de Verificação,
2124-IND-197,Indicação,061,2023,94ª Sessão Ordinária da 18ª Legislatura,2023-04-10,Anderson Marcos Viana,"Solicita a construção de uma faixa elevada (lombofaixa), conforme resolução nº 738/2018 do CONTRAN, próximo ao ponto de ônibus do bairro Jardim das Américas.",,,,,Pendente de Análise,"Data do arquivo (2023-04-11) diverge da data mencionada no texto (10 de abril de 2023, segunda-feira seguinte à sessão anterior de 3/4); usada a data do texto. Provável upload no YouTube um dia após a sessão real."
2124-IND-198,Indicação,062,2023,94ª Sessão Ordinária da 18ª Legislatura,2023-04-10,"Rui Domingos da Silva, Valdir Aparecido de Oliveira","Solicita a instalação de cercas eletrificadas nas escolas e Centros Educacionais Infantis (CEIs), além da contratação de guardas noturnos, para reforçar a segurança das crianças diante de casos recentes de violência em escolas.",,,,,Pendente de Análise,Data do arquivo (2023-04-11) diverge da data mencionada no texto (10 de abril de 2023); usada a data do texto.
2124-IND-199,Indicação,063,2023,94ª Sessão Ordinária da 18ª Legislatura,2023-04-10,Reinaldo Codognato,"Reforçando indicação nº 81/2022, solicita a implantação de uma lixeira comunitária no bairro Duas Barras, para evitar o descarte irregular de resíduos e espalhamento por animais.",,,,,Pendente de Análise,Data do arquivo (2023-04-11) diverge da data mencionada no texto (10 de abril de 2023); usada a data do texto.
2124-IND-200,Indicação,064,2023,94ª Sessão Ordinária da 18ª Legislatura,2023-04-10,Teresinha de Lourdes Freitas Regodanso,"Solicita a recuperação do pavimento asfáltico da rua Sebastião de Oliveira, sobretudo no trecho entre as ruas Vitor Junqueira e Porto Alegre, deformado pelo intenso tráfego de caminhões.",,,,,Pendente de Análise,Data do arquivo (2023-04-11) diverge da data mencionada no texto (10 de abril de 2023); usada a data do texto.
2124-IND-201,Indicação,065,2023,94ª Sessão Ordinária da 18ª Legislatura,2023-04-10,"Teresinha de Lourdes Freitas Regodanso, Anderson Marcos Viana","Solicita a implementação de cobertura interna (tipo passarela) entre os blocos 1 e 2 do CEI Criança Feliz, para proteger crianças, professores e colaboradores em dias de chuva e sol forte.",,,,,Pendente de Análise,Data do arquivo (2023-04-11) diverge da data mencionada no texto (10 de abril de 2023); usada a data do texto.
2124-REQ-032,Requerimento,12,2023,94ª Sessão Ordinária da 18ª Legislatura,2023-04-10,Valdir Aparecido de Oliveira,"Requer envio de ofício ao prefeito municipal solicitando informações sobre o andamento das obras previstas no Plano de Desenvolvimento Municipal (PDM) de 2021 para dar fim aos transtornos causados pelo chamado 'buracão' aos moradores do Jardim Paulista, especialmente em períodos de fortes chuvas.","Diretoria de Planejamento, Obras, Serviços e Manutenção",Normal,Aprovado,,Pendente,"O tema já vinha sendo cobrado verbalmente havia semanas; na sessão de 27/03/2023 (92ª sessão), o presidente da Câmara relatou ter recebido uma ligação de um morador do Jardim Paulista questionando sobre o buraco e informou que a Casa encaminharia um requerimento ao Executivo a respeito, o que se concretizou neste requerimento nº 12/2023."
2124-REQ-033,Requerimento,13,2023,94ª Sessão Ordinária da 18ª Legislatura,2023-04-10,Anderson Marcos Viana,"Requer envio de ofício ao prefeito municipal solicitando informações detalhadas sobre o andamento das obras de pavimentação na via de acesso João Furini, incluindo data de término e metragem asfaltada, após o vereador constatar, em visita ao local com o projeto em mãos, que parte do trecho previsto (próximo ao campo de futebol) não havia sido pavimentado pela empresa contratada, apesar de já ter sido pago o valor de R$ 100.388,40.","Diretoria de Planejamento, Obras, Serviços e Manutenção",Normal,Aprovado,,Pendente,"Ver também denúncia relacionada, registrada no arquivo de denúncias deste mesmo lote, sobre a suspeita de execução incompleta da obra apesar do pagamento já efetuado."
2124-REQ-034,Requerimento,14,2023,94ª Sessão Ordinária da 18ª Legislatura,2023-04-10,Anderson Marcos Viana,"Requer envio de ofício ao prefeito municipal solicitando informações sobre a existência de recursos próprios ou dotação no orçamento vigente que possam ser utilizados para a contratação de segurança privada e aquisição de equipamentos de segurança (como detectores de metais), visando maior segurança nas escolas e Centros Educacionais Infantis (CEIs) do município, tendo em vista o interesse da Câmara em elaborar projeto de lei sobre o tema após nova onda de ataques em escolas no país.",Diretoria Administrativa,Normal,Aprovado,,Pendente,"Diretoria de destino inferida pelo tema (contratação de segurança/equipamentos); por envolver diretamente escolas e CIs, também poderia ser direcionado à Diretoria de Educação, Cultura, Esportes, Lazer e Turismo. O requerimento não especifica expressamente a diretoria destinatária."
2124-DEN-039,Denúncia,,2023,94ª Sessão Ordinária da 18ª Legislatura,2023-04-10,Anderson Marcos Viana,"O vereador apresentou, com base em documentos da licitação, um histórico de três adiamentos sucessivos do prazo de execução da obra de pavimentação asfáltica da Rua Chapéu de Couro (licitação vencida em 22/08/2022, com prazos adiados para dezembro/2022, fevereiro/2023 e abril/maio/2023), sem que a obra tivesse sido iniciada até a data da sessão. O vereador insinuou que o atraso poderia ser proposital, para que a obra seja iniciada perto do período eleitoral de 2024.","Diretoria de Licitações, Contratos e Convênios",Feita/cobrada pelo vereador,,,Pendente de Verificação,"Vereador afirmou possuir toda a documentação dos adiamentos, mas não a anexou/leu integralmente em plenário; menção a uma possível relação com um vídeo de cobrança feito por moradores é apresentada pelo próprio vereador como especulação ('não sei se é'). Recomenda-se cautela por se tratar de acusação de possível motivação política não comprovada."
2124-DEN-040,Denúncia,,2023,94ª Sessão Ordinária da 18ª Legislatura,2023-04-10,Anderson Marcos Viana,"O vereador relatou, após visita ao local com o projeto da obra em mãos, que a pavimentação da via de acesso João Furini não foi executada conforme o projeto: um trecho previsto (próximo ao campo de futebol) não teria sido asfaltado pela empresa contratada, que já havia sido paga em R$ 100.388,40 e havia deixado o local. O vereador questionou se a empresa retornaria para concluir o serviço.","Diretoria de Planejamento, Obras, Serviços e Manutenção",Feita/cobrada pelo vereador,,,Pendente de Verificação,"Diretamente relacionada ao Requerimento nº 13/2023, registrado no arquivo de requerimentos deste mesmo lote, apresentado na mesma sessão para formalizar o pedido de esclarecimentos."
2124-DEN-041,Denúncia,,2023,94ª Sessão Ordinária da 18ª Legislatura,2023-04-10,,"A vereadora Marisa Alves da Silva Costa foi vítima de um golpe de identidade: pessoa(s) não identificada(s) utilizaram sua imagem para enviar mensagens via WhatsApp a terceiros pedindo dinheiro em seu nome. A vereadora registrou boletim de ocorrência na delegacia no mesmo dia. O fato foi relatado em plenário pelo presidente da Câmara, em nome da vereadora, que estava ausente da sessão por estar com dengue.",,Contra o vereador,,,Pendente de Verificação,"Campo 'vereadores' deixado vazio por se tratar de caso relatado por terceiro (o presidente da Câmara) em nome da vereadora Marisa Alves da Silva Costa, que foi a vítima do golpe, e não estava presente na sessão para relatar pessoalmente. Campo 'direcionada_a' não se aplica por não se tratar de cobrança a diretoria/órgão municipal, e sim de um crime relatado à população como alerta."
2124-IND-202,Indicação,066,2023,95ª Sessão Ordinária da 18ª Legislatura,2023-04-17,Paulo Sérgio Cordeiro,"Solicita a construção de campos esportivos sintéticos nos bairros Acuritiba, Pioneiros e Cristo Redentor, nos moldes do campo já existente no Jardim Paulista.",,,,,Pendente de Análise,"Data do arquivo (2023-04-18) diverge da data mencionada no texto (17 de abril de 2023, segunda-feira seguinte à sessão anterior de 10/4); usada a data do texto. Provável upload no YouTube um dia após a sessão real."
2124-IND-203,Indicação,067,2023,95ª Sessão Ordinária da 18ª Legislatura,2023-04-17,Elio Furini Neto,"Solicita a implementação de um semáforo no cruzamento da Avenida 7 de Setembro com a rua Zeca da Cunha, local com grande número de acidentes e intenso fluxo de veículos.",,,,,Pendente de Análise,"Data do arquivo (2023-04-18) diverge da data mencionada no texto (17 de abril de 2023); usada a data do texto. O texto lido cita 'rua 15 da Cunha', provável erro de transcrição para 'rua Zeca da Cunha' (mencionada em outras indicações do mesmo lote, ex. nº 053)."
2124-IND-204,Indicação,068,2023,95ª Sessão Ordinária da 18ª Legislatura,2023-04-17,Elio Furini Neto,"Complementando a indicação nº 052/2023, solicita a disponibilização de profissional capacitado em Libras nas reuniões de pais/responsáveis das escolas e CEIs, para melhorar a comunicação com famílias com deficiência auditiva.",,,,,Pendente de Análise,Data do arquivo (2023-04-18) diverge da data mencionada no texto (17 de abril de 2023); usada a data do texto.
2124-IND-205,Indicação,069,2023,95ª Sessão Ordinária da 18ª Legislatura,2023-04-17,Valdir Aparecido de Oliveira,"Solicita a construção de meias-quadras com aros de basquete em alguns bairros do município, para atender jovens que precisam se deslocar longas distâncias até o ginásio ou o sistema de lazer do Jardim Esperança.",,,,,Pendente de Análise,Data do arquivo (2023-04-18) diverge da data mencionada no texto (17 de abril de 2023); usada a data do texto.
2124-IND-206,Indicação,070,2023,95ª Sessão Ordinária da 18ª Legislatura,2023-04-17,Anderson Marcos Viana,"Solicita a continuidade dos projetos de pavimentação asfáltica das ruas Chapéu de Couro e Santa Fé, cujos convênios já foram firmados.",,,,,Pendente de Análise,Data do arquivo (2023-04-18) diverge da data mencionada no texto (17 de abril de 2023); usada a data do texto.
2124-IND-207,Indicação,071,2023,95ª Sessão Ordinária da 18ª Legislatura,2023-04-17,"Anderson Marcos Viana, Teresinha de Lourdes Freitas Regodanso","Solicita a construção de uma faixa elevada (lombofaixa), conforme resolução nº 738/2018 do CONTRAN, no encontro das ruas Dom Pedro II e Porto Alegre, próximo ao CEI Sonho de Criança.",,,,,Pendente de Análise,Data do arquivo (2023-04-18) diverge da data mencionada no texto (17 de abril de 2023); usada a data do texto.
2124-IND-208,Indicação,072,2023,95ª Sessão Ordinária da 18ª Legislatura,2023-04-17,"Teresinha de Lourdes Freitas Regodanso, Anderson Marcos Viana","Solicita uma reforma geral no CEI Cristo Redentor, que apresenta infiltrações e rachaduras, além de necessitar de um banheiro adicional para professores e funcionários.",,,,,Pendente de Análise,Data do arquivo (2023-04-18) diverge da data mencionada no texto (17 de abril de 2023); usada a data do texto.
2124-REQ-035,Requerimento,15,2023,95ª Sessão Ordinária da 18ª Legislatura,2023-04-17,Anderson Marcos Viana,"Requer envio de ofício ao prefeito municipal solicitando informações sobre quantos funcionários, servidores temporários e efetivos, estão contratados ou prestando serviço no setor da educação, bem como onde estão alocados/prestando serviço, diante de relatos, colhidos em visitas a Centros Educacionais Infantis (CEIs), de falta de auxiliares de educação e de suspeita de desvio de função (auxiliares de educação ocupando vagas de escriturário).","Diretoria de Educação, Cultura, Esportes, Lazer e Turismo",Normal,Aprovado,,Pendente,"Ver também denúncia relacionada, registrada no arquivo de denúncias deste mesmo lote, sobre o suposto desvio de função de auxiliares de educação e seu impacto financeiro em ações judiciais perdidas pelo município."
2124-DEN-042,Denúncia,,2023,95ª Sessão Ordinária da 18ª Legislatura,2023-04-17,Anderson Marcos Viana,"O vereador relatou que diversos funcionários aprovados no concurso de auxiliar de serviços de educação estão sendo realocados para exercer funções de escriturário, impedindo a convocação de novos escriturários aprovados em concurso específico para esse cargo e deixando CIs com falta de auxiliares. Segundo o vereador, um funcionário da educação com problema de saúde que buscou judicialmente a recondução a outro setor teve o pedido contestado pela administração, que perdeu a ação (indenização citada de R$ 50 mil) e recorreu novamente, com nova derrota esperada pelo vereador.","Diretoria de Educação, Cultura, Esportes, Lazer e Turismo",Feita/cobrada pelo vereador,,,Pendente de Verificação,"Diretamente relacionada ao Requerimento nº 15/2023, registrado no arquivo de requerimentos deste mesmo lote, apresentado na mesma sessão. Vereador não identificou nominalmente o funcionário mencionado no caso judicial, preservando sua identidade; recomenda-se manter assim na publicação."
2124-DEN-043,Denúncia,,2023,95ª Sessão Ordinária da 18ª Legislatura,2023-04-17,Anderson Marcos Viana,"O vereador criticou a reforma da sala de espera da rodoviária municipal, que já completava um ano de execução com gasto aproximado de R$ 250 mil, afirmando que o serviço da empresa contratada teria se limitado ao forro e a uma pintura externa, enquanto a pintura interna e o paisagismo/jardim teriam sido feitos por funcionários da própria prefeitura. O vereador especulou que a inauguração da obra seria propositalmente adiada para próximo do período eleitoral de 2024.","Diretoria de Planejamento, Obras, Serviços e Manutenção",Feita/cobrada pelo vereador,,,Pendente de Verificação,"Valores e prazos citados de memória pelo vereador em tom de crítica política, sem apresentação de documentos na sessão; recomenda-se cautela e, se possível, confirmação dos valores antes de publicação."
2124-DEN-044,Denúncia,,2023,95ª Sessão Ordinária da 18ª Legislatura,2023-04-17,"Anderson Marcos Viana, Teresinha de Lourdes Freitas Regodanço","Os vereadores cobraram o cumprimento de uma promessa pública feita pela administração há cerca de dois anos, durante a inauguração de uma praça no Jardim Paulista, de instalação de uma faixa elevada (lombofaixa) próxima à praça e a um Centro Educacional Infantil do bairro, o que ainda não havia sido cumprido até a data da sessão.","Diretoria de Planejamento, Obras, Serviços e Manutenção",Feita/cobrada pelo vereador,,,Pendente de Verificação,"Relacionada à indicação nº 71/2023, dos mesmos vereadores, apresentada nesta mesma sessão, solicitando lombofaixa no encontro das ruas Dom Pedro II e Porto Alegre, próximo à SEI Sonho de Criança (Jardim Paulista)."
2124-IND-209,Indicação,073,2023,96ª Sessão Ordinária da 18ª Legislatura,2023-04-24,Paulo Sérgio Cordeiro,"Solicita estudo junto ao setor competente para dar prioridade nos atendimentos das Estratégias de Saúde da Família (ESFs) para crianças e idosos, grupos com maior vulnerabilidade e dificuldade de aguardar atendimento.",,,,,Pendente de Análise,"O texto da sessão menciona repetidamente a data de 24 de abril de 2023 como data da 96ª Sessão Ordinária (inclusive a ata da sessão anterior, do dia 17/04, e a antecipação da sessão seguinte para 2 de maio devido ao feriado de 1º de maio), enquanto o arquivo de transcrição está nomeado como 2023-04-25 (provável upload no YouTube um dia após a sessão real). Usada a data do texto (2023-04-24)."
2124-IND-210,Indicação,074,2023,96ª Sessão Ordinária da 18ª Legislatura,2023-04-24,"Teresinha de Lourdes Freitas Regodanso, Anderson Marcos Viana, Elio Furini Neto","Solicita estudo para cobrir o espaço cimentado localizado no Centro Educacional Infantil (CEI) Sonho de Criança, na esquina das ruas Ipiranga e Porto Alegre, para proteger e dar comodidade às crianças em dias de chuva e permitir o uso do espaço para atividades de recreação, reuniões com pais e festividades.",,,,,Pendente de Análise,"Mesma observação de data do arquivo: transcrição nomeada 2023-04-25, texto da sessão indica 24 de abril de 2023."
2124-IND-211,Indicação,075,2023,96ª Sessão Ordinária da 18ª Legislatura,2023-04-24,"Valdir Aparecido de Oliveira, Anderson Marcos Viana","Solicita estudo para realizar a manutenção do telhado da rodoviária municipal, em razão de infiltrações em alguns pontos do local que ocasionam goteiras e podem trazer riscos aos usuários do transporte público.",,,,,Pendente de Análise,"Mesma observação de data do arquivo: transcrição nomeada 2023-04-25, texto da sessão indica 24 de abril de 2023."
2124-IND-212,Indicação,076,2023,96ª Sessão Ordinária da 18ª Legislatura,2023-04-24,Valdir Aparecido de Oliveira,"Solicita estudo para realizar a manutenção da ponte do Córrego Palmeiras, localizada no bairro Segunda Seção, que faz divisa entre os municípios de Junqueirópolis e Dracena, além da manutenção da estrada de acesso, importante para o escoamento da produção agrícola e para os moradores do bairro.",,,,,Pendente de Análise,"Mesma observação de data do arquivo: transcrição nomeada 2023-04-25, texto da sessão indica 24 de abril de 2023."
2124-REQ-036,Requerimento,016,2023,96ª Sessão Ordinária da 18ª Legislatura,2023-04-24,Valdir Aparecido de Oliveira,"Requer informações acerca de quais medicamentos são fornecidos pelo Sistema Único de Saúde (SUS) e quais são fornecidos pela Secretaria da Saúde (fora da grade de fornecimento do SUS), além do valor gasto com esses medicamentos.",Diretoria de Saúde,Normal,Aprovado,98/2023,Respondido,"A resposta (Ofício nº 98/2023, mencionado no expediente da sessão de 15/05/2023) forneceu informações sobre os medicamentos do SUS, mas o conteúdo detalhado não foi lido integralmente em plenário nas sessões deste lote."
2124-REQ-037,Requerimento,017,2023,96ª Sessão Ordinária da 18ª Legislatura,2023-04-24,Anderson Marcos Viana,"Requer informações acerca da reforma realizada na rodoviária municipal: motivo de não ter sido finalizada mesmo após um ano do início, explicações sobre as infiltrações no telhado, motivo do bebedouro não ter sido reformado e quais as previsões de entrega da obra.","Diretoria de Planejamento, Obras, Serviços e Manutenção",Normal,Aprovado,,Pendente,"Vereadores relataram, nas sessões seguintes (99ª e 100ª), que este requerimento seguia sem resposta da administração meses após o prazo legal de 15 dias, chegando a cogitar medidas judiciais."
2124-REQ-038,Requerimento,018,2023,96ª Sessão Ordinária da 18ª Legislatura,2023-04-24,Anderson Marcos Viana,"Requer informações acerca de quais os procedimentos e soluções foram tomados pela Defesa Civil em relação à residência da senhora Bela Arbina Consolaro, na Rua Belo Horizonte, 1969, bairro Jardim Junqueirópolis, que permanecia na mesma situação de risco meses após a visita da Defesa Civil.","Diretoria de Planejamento, Obras, Serviços e Manutenção",Normal,Aprovado,,Pendente,"A Defesa Civil não corresponde diretamente a nenhuma das nove diretorias oficiais listadas; diretoria de destino inferida por tratar de questão estrutural/de obras. Nas sessões seguintes, vereadores relataram que este requerimento também seguia sem resposta da administração."
2124-IND-213,Indicação,077,2023,97ª Sessão Ordinária da 18ª Legislatura,2023-05-02,Valdir Aparecido de Oliveira,"Solicita estudo para utilizar drones no combate à dengue, facilitando a identificação de focos do mosquito em locais de difícil acesso (imóveis vazios, telhas, lajes) e o mapeamento de criadouros como caixas d'água, sem substituir as inspeções semanais regulares.",,,,,Pendente de Análise,"O texto da sessão indica repetidamente a data de 2 de maio de 2023 como data da 97ª Sessão Ordinária, enquanto o arquivo de transcrição está nomeado como 2023-05-03 (provável upload no YouTube um dia após a sessão real). Usada a data do texto (2023-05-02)."
2124-IND-214,Indicação,078,2023,97ª Sessão Ordinária da 18ª Legislatura,2023-05-02,"Teresinha de Lourdes Freitas Regodanso, Anderson Marcos Viana, Elio Furini Neto, Paulo Sérgio Cordeiro","Solicita a realização de diversas benfeitorias no Centro Educacional Infantil (CEI) Raio de Luz: instalação de câmeras, cobertura no espaço lateral já cimentado (nos moldes do já pedido para o CEI Sonho de Criança), construção de banheiros e bebedouros para o novo bloco, coberturas ligando as novas salas ao bloco principal, coberturas na entrada e saída dos alunos, e fechamento (muro ou cerca) da abertura feita recentemente no muro, hoje fechada apenas com uma placa de madeira.",,,,,Pendente de Análise,"Mesma observação de data do arquivo: transcrição nomeada 2023-05-03, texto da sessão indica 2 de maio de 2023."
2124-IND-215,Indicação,079,2023,97ª Sessão Ordinária da 18ª Legislatura,2023-05-02,Marisa Alves da Silva Costa,"Solicita a manutenção do telhado, ou a troca de algumas telhas, do barracão do recinto da ACERUVA, onde ocorrem atividades de ginástica, em razão da preocupação com a segurança dos frequentadores e das fortes chuvas que têm impedido o uso do local.",,,,,Pendente de Análise,"Mesma observação de data do arquivo: transcrição nomeada 2023-05-03, texto da sessão indica 2 de maio de 2023."
2124-IND-216,Indicação,080,2023,97ª Sessão Ordinária da 18ª Legislatura,2023-05-02,Anderson Marcos Viana,"Solicita o retorno dos atendimentos odontológicos nas escolas municipais, com intervalo de um mês entre cada consulta, para identificação precoce de problemas de saúde bucal e orientação das famílias.",,,,,Pendente de Análise,"Mesma observação de data do arquivo: transcrição nomeada 2023-05-03, texto da sessão indica 2 de maio de 2023."
2124-REQ-039,Requerimento,019,2023,97ª Sessão Ordinária da 18ª Legislatura,2023-05-02,Anderson Marcos Viana,"Requer prestação de contas detalhada acerca da realização da ACERUVA (ACERUVA) no ano de 2022, com a apresentação das notas fiscais das respectivas despesas.","Diretoria de Fazenda, Compras, Almoxarifado e Recursos Humanos",Normal,Aprovado,97/2023,Respondido,"Diretoria de destino inferida pelo conteúdo financeiro/prestação de contas do pedido; o requerimento não especifica expressamente a diretoria. A resposta (Ofício nº 97/2023, citado no expediente da sessão de 08/05/2023) prestou as contas solicitadas, mas seu conteúdo integral não foi lido em plenário nas sessões deste lote."
2124-REQ-040,Requerimento,020,2023,97ª Sessão Ordinária da 18ª Legislatura,2023-05-02,Anderson Marcos Viana,"Requer informações acerca da realização de cálculo do impacto que a fixação do piso salarial da enfermagem terá nas contas públicas municipais e, sendo positiva a resposta, o valor desse impacto e se já foram tomadas providências junto ao governo federal para viabilizar o repasse do auxílio federal.",Diretoria de Saúde,Normal,Aprovado,DJ 17/2023,Respondido,"A resposta (Ofício DJ nº 17/2023, lido na sessão de 15/05/2023) informou que a implantação do piso da enfermagem não causará impacto nas contas da Prefeitura, em razão dos recursos recebidos da União."
2124-REQ-041,Requerimento,021,2023,97ª Sessão Ordinária da 18ª Legislatura,2023-05-02,Elio Furini Neto,"Em complemento ao requerimento nº 11/2023 (respondido pelo Ofício nº 80/2023), solicita esclarecimentos complementares sobre o parâmetro de cálculo utilizado pelo RH para o pagamento dos professores de Educação Básica I (rubrica 'DIF A1' no contracheque), diante de divergências e acréscimos identificados na competência de fevereiro/2023, e como é feito o cálculo da remuneração desses professores conforme a Lei Municipal nº 1.024/2022 (piso) e o plano de carreira do magistério.","Diretoria de Fazenda, Compras, Almoxarifado e Recursos Humanos",Normal,Aprovado,61/2023,Respondido,"Diretoria de destino inferida por se tratar de cálculo de folha de pagamento (RH); o requerimento também tem forte relação com a Diretoria de Educação. Na sessão de 15/05/2023 a resposta (Ofício nº 61/2023) foi lida como recebida, mas o vereador Elio Furini Neto apontou, na sessão de 22/05/2023, que o cálculo informado parecia divergir do valor de piso (R$ 3.845) previsto na Lei Complementar nº 1024/2022."
2124-IND-217,Indicação,081,2023,98ª Sessão Ordinária da 18ª Legislatura,2023-05-08,Anderson Marcos Viana,"Solicita a limpeza e roçagem do mato alto no final da Rua São Salvador com a Rua Chapéu de Couro, área com mais de dois anos de acúmulo de mato, criadouro de escorpiões, cobras, ratos e do mosquito da dengue, e cujos moradores já chegaram a atear fogo no local por falta de manutenção.",,,,,Pendente de Análise,"O texto da sessão indica repetidamente a data de 8 de maio de 2023 como data da 98ª Sessão Ordinária, enquanto o arquivo de transcrição está nomeado como 2023-05-09 (provável upload no YouTube um dia após a sessão real). Usada a data do texto (2023-05-08)."
2124-IND-218,Indicação,082,2023,98ª Sessão Ordinária da 18ª Legislatura,2023-05-08,Anderson Marcos Viana,"Solicita a realização de mutirões de limpeza contra o mosquito Aedes aegypti (transmissor de dengue, chikungunya, zika e febre amarela), com recolhimento de eletrodomésticos, garrafas pet, pneus e outros objetos que acumulam água, e reforça a necessidade de conscientização contínua da população.",,,,,Pendente de Análise,"Mesma observação de data do arquivo: transcrição nomeada 2023-05-09, texto da sessão indica 8 de maio de 2023."
2124-IND-219,Indicação,083,2023,98ª Sessão Ordinária da 18ª Legislatura,2023-05-08,Paulo Sérgio Cordeiro,"Solicita a disponibilização de mais dias e horários para a entrega de remédios de alto custo na farmácia municipal, para reduzir o tempo de espera diante das longas filas formadas por pessoas que não podem aguardar por questões de saúde ou por residirem distantes.",,,,,Pendente de Análise,"Mesma observação de data do arquivo: transcrição nomeada 2023-05-09, texto da sessão indica 8 de maio de 2023."
2124-IND-220,Indicação,084,2023,98ª Sessão Ordinária da 18ª Legislatura,2023-05-08,Anderson Marcos Viana,"Solicita manutenção nos esgotos próximos ao Centro de Formação Educacional (CEFE), em razão do forte mau cheiro que vem tomando conta da praça Álvaro de Oliveira Junqueira, prejudicando quem frequenta o local e os eventos ali promovidos.",,,,,Pendente de Análise,"Mesma observação de data do arquivo: transcrição nomeada 2023-05-09, texto da sessão indica 8 de maio de 2023. Na sessão seguinte (99ª), a vereadora Teresinha relatou o mau cheiro e, na sessão de 22/05, foi informado que a causa era um cano rompido durante obra de um poste, já sanado."
2124-DEN-045,Denúncia,,2023,98ª Sessão Ordinária da 18ª Legislatura,2023-05-08,Anderson Marcos Viana,"O vereador Anderson Marcos Viana questionou o paradeiro de R$ 20 mil de uma emenda parlamentar do deputado federal Milton Vieira (de um total de R$ 120 mil, dos quais R$ 100 mil foram destinados a um lar/abrigo e R$ 20 mil anunciados publicamente para a causa animal), já que a prestação de contas apresentada pela administração somava apenas R$ 70 mil (referentes a outra emenda, conquistada pela vereadora Marisa Alves da Silva Costa também para a causa animal) e indicava que o dinheiro fora usado pela Secretaria de Saúde, e não para a causa animal como anunciado.","Diretoria de Fazenda, Compras, Almoxarifado e Recursos Humanos",Feita/cobrada pelo vereador,,,Pendente de Verificação,"Na sessão seguinte (99ª, 15/05/2023), o vereador Reinaldo Codognato apresentou a resposta de um requerimento próprio sobre o assunto: os R$ 20 mil da emenda do deputado Milton Vieira permaneciam depositados em conta bancária específica ('Emenda MV Investimento'), sem poderem ser usados para a causa animal por não haver, no momento, entidade com CNPJ própria para custódia do CNPJ da causa animal em Junqueirópolis; o caso ficou em aberto quanto à destinação final do valor."
2124-IND-221,Indicação,085,2023,99ª Sessão Ordinária da 18ª Legislatura,2023-05-15,Anderson Marcos Viana,"Solicita a instalação de um bebedouro de água na área de lazer do bairro Jardim Alvorada e, se estiver na programação, também no Bosque Municipal, para incentivar a hidratação durante atividades físicas e momentos de lazer.",,,,,Pendente de Análise,"O texto da sessão indica repetidamente a data de 15 de maio de 2023 como data da 99ª Sessão Ordinária, enquanto o arquivo de transcrição está nomeado como 2023-05-16 (provável upload no YouTube um dia após a sessão real). Usada a data do texto (2023-05-15)."
2124-IND-222,Indicação,086,2023,99ª Sessão Ordinária da 18ª Legislatura,2023-05-15,Anderson Marcos Viana,"Solicita contato com a administração do município de Tupi Paulista para a construção conjunta da ponte que liga os dois municípios, utilizada por moradores do bairro Vila São João para trabalhar na cidade vizinha, também importante como rota alternativa para serviços de emergência.",,,,,Pendente de Análise,"Mesma observação de data do arquivo: transcrição nomeada 2023-05-16, texto da sessão indica 15 de maio de 2023."
2124-IND-223,Indicação,087,2023,99ª Sessão Ordinária da 18ª Legislatura,2023-05-15,Teresinha de Lourdes Freitas Regodanso,"Reforça a indicação nº 10/2022, de sua própria autoria, solicitando a implantação de uma academia ao ar livre na área verde (praça) do loteamento Delta Ville, cujos moradores já organizaram por conta própria mesas e bancos, mas ainda carecem de equipamentos de ginástica.",,,,,Pendente de Análise,"Mesma observação de data do arquivo: transcrição nomeada 2023-05-16, texto da sessão indica 15 de maio de 2023."
2124-IND-224,Indicação,088,2023,99ª Sessão Ordinária da 18ª Legislatura,2023-05-15,"Reinaldo Codognato, Marisa Alves da Silva Costa","Solicita a instalação de brinquedos inclusivos nas praças públicas do município, para que crianças cadeirantes e não cadeirantes possam brincar e socializar juntas, promovendo inclusão social.",,,,,Pendente de Análise,"Mesma observação de data do arquivo: transcrição nomeada 2023-05-16, texto da sessão indica 15 de maio de 2023."
2124-IND-225,Indicação,089,2023,99ª Sessão Ordinária da 18ª Legislatura,2023-05-15,"Reinaldo Codognato, Valdir Aparecido de Oliveira, Rui Domingos da Silva","Solicita a implementação do projeto Melhor Caminho nas estradas rurais dos bairros Juriti, Segunda Seção e trecho do bairro União, para garantir a mobilidade da população, o escoamento da produção agrícola e reduzir riscos de acidentes por buracos e erosões.",,,,,Pendente de Análise,"Mesma observação de data do arquivo: transcrição nomeada 2023-05-16, texto da sessão indica 15 de maio de 2023. Na mesma sessão, o vereador Reinaldo Codognato entregou também um abaixo-assinado com mais de 40 assinaturas de moradores do bairro Juriti em apoio a esta indicação."
2124-IND-226,Indicação,090,2023,99ª Sessão Ordinária da 18ª Legislatura,2023-05-15,Anderson Marcos Viana,"Solicita a manutenção do telhado e das paredes da Biblioteca Municipal, em razão de infiltrações decorrentes das chuvas que ameaçam danificar o acervo de livros, periódicos e documentos históricos.",,,,,Pendente de Análise,"Mesma observação de data do arquivo: transcrição nomeada 2023-05-16, texto da sessão indica 15 de maio de 2023."
2124-IND-227,Indicação,091,2023,99ª Sessão Ordinária da 18ª Legislatura,2023-05-15,"Reinaldo Codognato, Sofia Rodrigues dos Santos","Solicita a designação do contingente policial da atividade delegada para ações de fiscalização de trânsito em pontos estratégicos da cidade, em horários diversificados, visando penalizar condutores em alta velocidade e reduzir acidentes com veículos, pessoas e animais.",,,,,Pendente de Análise,"Mesma observação de data do arquivo: transcrição nomeada 2023-05-16, texto da sessão indica 15 de maio de 2023."
2124-IND-228,Indicação,092,2023,99ª Sessão Ordinária da 18ª Legislatura,2023-05-15,"Valdir Aparecido de Oliveira, Anderson Marcos Viana, Elio Furini Neto, Rui Domingos da Silva","Solicita a adequação da iluminação das mesas nas áreas verdes dos bairros Aliança, Campo Belo, Carmesim II e demais áreas necessárias, para dar mais segurança aos frequentadores e permitir o uso noturno dos espaços.",,,,,Pendente de Análise,"Mesma observação de data do arquivo: transcrição nomeada 2023-05-16, texto da sessão indica 15 de maio de 2023."
2124-IND-229,Indicação,093,2023,99ª Sessão Ordinária da 18ª Legislatura,2023-05-15,Valdir Aparecido de Oliveira,"Solicita a construção de coberturas nas entradas das Estratégias de Saúde da Família (ESFs) II, III, IV e VII, para proteger os usuários que aguardam atendimento das condições climáticas adversas.",,,,,Pendente de Análise,"Mesma observação de data do arquivo: transcrição nomeada 2023-05-16, texto da sessão indica 15 de maio de 2023."
2124-IND-230,Indicação,094,2023,99ª Sessão Ordinária da 18ª Legislatura,2023-05-15,Elio Furini Neto,"Solicita que seja permitido o acesso de automóveis de pessoas com dificuldade de locomoção ou algum tipo de deficiência ao Bosque Municipal, além de destinar um estacionamento exclusivo para elas, já que o acesso de veículos ao local havia sido restrito de forma geral.",,,,,Pendente de Análise,"Mesma observação de data do arquivo: transcrição nomeada 2023-05-16, texto da sessão indica 15 de maio de 2023."
2124-DEN-046,Denúncia,,2023,99ª Sessão Ordinária da 18ª Legislatura,2023-05-15,Marisa Alves da Silva Costa,"A vereadora Marisa Alves da Silva Costa relatou um caso concreto de maus-tratos: um morador feriu a cabeça do próprio cão com um objeto pontiagudo e tentou enforcá-lo. A vereadora foi à delegacia (acompanhada de policial, por se tratar de suposto usuário de drogas), o animal foi recolhido e está sob seus cuidados, e foi registrado boletim de ocorrência por maus-tratos.",,Recebida pelo vereador,,,Pendente de Verificação,"A vereadora recebeu o relato da população (moradores da vizinhança) e, a partir dele, acompanhou pessoalmente a ocorrência e o registro do boletim de ocorrência (BO) de maus-tratos contra animal; ela relatou também outro caso concreto em andamento na mesma fala, envolvendo um homem que agride o próprio cachorro, mas para o qual ainda não havia registro formal por falta de testemunha presencial disposta a fazer a denúncia."
2124-IND-231,Indicação,095,2023,100ª Sessão Ordinária da 18ª Legislatura,2023-05-22,"Paulo Sérgio Cordeiro, Reinaldo Codognato, Sofia Rodrigues dos Santos","Solicita a implantação de uma faixa elevada na Rua Quinzinho da Cunha, nas proximidades da Escola Neide Macedo, local com grande fluxo de carros e motos em alta velocidade, que já atropelaram gatos e cachorros e arrancaram uma árvore.",,,,,Pendente de Análise,"O texto da sessão indica repetidamente a data de 22 de maio de 2023 como data da 100ª Sessão Ordinária, enquanto o arquivo de transcrição está nomeado como 2023-05-23 (provável upload no YouTube um dia após a sessão real). Usada a data do texto (2023-05-22)."
2124-IND-232,Indicação,096,2023,100ª Sessão Ordinária da 18ª Legislatura,2023-05-22,"Reinaldo Codognato, Marisa Alves da Silva Costa","Solicita a implementação da matéria de Ciências Políticas na grade de ensino das escolas municipais, para promover a formação cidadã e a participação política consciente dos estudantes.",,,,,Pendente de Análise,"Mesma observação de data do arquivo: transcrição nomeada 2023-05-23, texto da sessão indica 22 de maio de 2023."
2124-IND-233,Indicação,097,2023,100ª Sessão Ordinária da 18ª Legislatura,2023-05-22,Reinaldo Codognato,"Solicita melhorias (infraestrutura e apoio institucional) para os vendedores ambulantes que comercializam seus produtos na entrada da cidade, visando sua inclusão social e econômica.",,,,,Pendente de Análise,"Mesma observação de data do arquivo: transcrição nomeada 2023-05-23, texto da sessão indica 22 de maio de 2023."
2124-IND-234,Indicação,098,2023,100ª Sessão Ordinária da 18ª Legislatura,2023-05-22,Reinaldo Codognato,"Solicita que a futura meia-quadra de basquete a ser construída na cidade receba o nome de ""Quadrinha do Português"", em homenagem ao saudoso Antônio Carlos Martins Pereira, um dos pioneiros do esporte no município.",,,,,Pendente de Análise,"Mesma observação de data do arquivo: transcrição nomeada 2023-05-23, texto da sessão indica 22 de maio de 2023."
2124-IND-235,Indicação,099,2023,100ª Sessão Ordinária da 18ª Legislatura,2023-05-22,Valdir Aparecido de Oliveira,"Solicita a construção de um memorial para as vítimas fatais da Covid-19 na entrada do trevo principal do município, como forma de honrar sua memória e oferecer um local de reflexão e conforto aos familiares enlutados. Reforça indicação já apresentada na sessão de 16/11/2022.",,,,,Pendente de Análise,"Mesma observação de data do arquivo: transcrição nomeada 2023-05-23, texto da sessão indica 22 de maio de 2023. O nome da avenida onde ficaria o memorial aparece transcrito como 'Avenida Geraldo Fudo'/'Avenida Geraldo Fudo' de forma inconsistente entre as fontes; grafia exata não confirmada."
2124-IND-236,Indicação,100,2023,101ª Sessão Ordinária da 18ª Legislatura,2023-05-29,Sofia Rodrigues dos Santos,"Solicita que o terminal rodoviário do município receba o nome do saudoso João Aparecido Zanzarini, que trabalhou no local por décadas (admitido em 21/10/1985, até seu falecimento em 20/07/2021), como homenagem por seu respeito e dedicação aos passageiros.",,,,,Pendente de Análise,"O texto da sessão indica repetidamente a data de 29 de maio de 2023 como data da 101ª Sessão Ordinária, enquanto o arquivo de transcrição está nomeado como 2023-05-30 (provável upload no YouTube um dia após a sessão real). Usada a data do texto (2023-05-29)."
2124-IND-237,Indicação,101,2023,101ª Sessão Ordinária da 18ª Legislatura,2023-05-29,"Anderson Marcos Viana, Elio Furini Neto","Solicita a inclusão de iluminação no complexo esportivo em construção no bairro Vila Beatriz, cujo projeto de engenharia atual não prevê sistema de iluminação, para garantir segurança e permitir o uso noturno das instalações.",,,,,Pendente de Análise,"Mesma observação de data do arquivo: transcrição nomeada 2023-05-30, texto da sessão indica 29 de maio de 2023."
2124-IND-238,Indicação,102,2023,101ª Sessão Ordinária da 18ª Legislatura,2023-05-29,Marisa Alves da Silva Costa,"Reforça a indicação nº 101/2022, de sua própria autoria, solicitando a implementação de um crédito mensal destinado ao custeio de atendimentos e consultas médicas para animais carentes/abandonados do município, já que atualmente só as castrações são custeadas via CISNAP complementado por emendas parlamentares.",,,,,Pendente de Análise,"Mesma observação de data do arquivo: transcrição nomeada 2023-05-30, texto da sessão indica 29 de maio de 2023."
2124-IND-239,Indicação,103,2023,101ª Sessão Ordinária da 18ª Legislatura,2023-05-29,"Anderson Marcos Viana, Paulo Sérgio Cordeiro","Solicita a realização de serviço de tapa-buracos nas vias pavimentadas do Distrito Industrial 4, cujo asfalto vem se degradando mesmo após pavimentação recente, prejudicando o tráfego de empresas e indústrias da região.",,,,,Pendente de Análise,"Mesma observação de data do arquivo: transcrição nomeada 2023-05-30, texto da sessão indica 29 de maio de 2023."
2124-IND-240,Indicação,104,2023,101ª Sessão Ordinária da 18ª Legislatura,2023-05-29,"Anderson Marcos Viana, Valdir Aparecido de Oliveira","Solicita serviço de tapa-buracos na vicinal José Siniciato (JQL-050), que dá acesso à Usina Vale Verde e recebe tráfego intenso de veículos pesados, além de redutores de velocidade próximo à Cooperativa de Trabalho dos Catadores de Materiais Recicláveis (Cooperjunq), para segurança dos trabalhadores.",,,,,Pendente de Análise,"Mesma observação de data do arquivo: transcrição nomeada 2023-05-30, texto da sessão indica 29 de maio de 2023."
2124-IND-241,Indicação,105,2023,101ª Sessão Ordinária da 18ª Legislatura,2023-05-29,Valdir Aparecido de Oliveira,"Solicita a aquisição de camas hospitalares, cadeiras de rodas, cadeiras de banho, colchões casca de ovo, muletas e bengalas, para auxiliar famílias que necessitam desses equipamentos e complementar a demanda hoje atendida pelo Lions Club.",,,,,Pendente de Análise,"Mesma observação de data do arquivo: transcrição nomeada 2023-05-30, texto da sessão indica 29 de maio de 2023."
2124-IND-242,Indicação,106,2023,101ª Sessão Ordinária da 18ª Legislatura,2023-05-29,"Valdir Aparecido de Oliveira, Anderson Marcos Viana, Elio Furini Neto","Reforça a indicação nº 135/2022 solicitando a construção de um poço artesiano com reservatório estilo taça no bairro Vila São João, nos moldes do já construído no bairro Duas Barras, diante do esgotamento dos poços caipiras da região.",,,,,Pendente de Análise,"Mesma observação de data do arquivo: transcrição nomeada 2023-05-30, texto da sessão indica 29 de maio de 2023."
2124-REQ-042,Requerimento,,2023,101ª Sessão Ordinária da 18ª Legislatura,2023-05-29,Prefeito Municipal,"Ofício nº 114/2023 do Poder Executivo, solicitando à Mesa a devolução/retirada do Projeto de Lei nº 19/2023 (autorização de repasse à Associação Agrícola de Junqueirópolis para a realização da ACERUVA 2023), 'para maiores estudos do Poder Executivo', em meio ao impasse sobre o valor do repasse (R$ 700 mil) e à tramitação do projeto havia cerca de 40 dias na Câmara.",Câmara Municipal de Junqueirópolis,Executivo,Rejeitado,,Pendente,"Caso atípico: trata-se de um pedido do Poder Executivo à própria Câmara (sentido inverso ao dos requerimentos normais), por isso não há uma das nove diretorias de destino aplicável; o campo foi preenchido com o próprio destinatário do pedido (a Câmara). O pedido de retirada foi rejeitado pelo Plenário por 5 votos a 3, e o Projeto de Lei nº 19/2023 permaneceu em pauta e foi aprovado na mesma sessão, com emenda reduzindo o valor do repasse para R$ 500 mil."
2124-IND-243,Indicação,107,2023,102ª Sessão Ordinária da 18ª Legislatura,2023-06-06,Anderson Marcos Viana,"Reforça a indicação nº 036/2022 do mesmo vereador, solicitando manutenção da quadra de areia do Parque Ecológico, incluindo roçagem do mato e troca da areia, que segundo relatos não é substituída há aproximadamente um ano e meio.",,,,,Pendente de Análise,
2124-IND-244,Indicação,108,2023,102ª Sessão Ordinária da 18ª Legislatura,2023-06-06,Anderson Marcos Viana,"Solicita a continuidade da implantação de lombadas/lombofaixas já demarcadas no asfalto há alguns meses em trechos da Avenida Geraldo Fundo (com a Rua Liogi Iwaki) e na Rua Professora Maria Eugênia Regasoli, no loteamento Frei Galvão.",,,,,Pendente de Análise,O nome da rua transversal citada junto à Avenida Geraldo Fundo foi transcrito de forma pouco clara no áudio ('Liogi Iwaki'); mantido como consta na leitura da indicação.
2124-IND-245,Indicação,109,2023,102ª Sessão Ordinária da 18ª Legislatura,2023-06-06,Anderson Marcos Viana,"Solicita manutenção e limpeza das canaletas de drenagem com grades de cimento da Rua Rui Barbosa, principalmente nos encontros com as ruas São Paulo, Curitiba e São Salvador, para evitar acúmulo de água parada, proliferação de mosquitos e mau cheiro.",,,,,Pendente de Análise,
2124-IND-246,Indicação,110,2023,102ª Sessão Ordinária da 18ª Legislatura,2023-06-06,Anderson Marcos Viana,"Solicita manutenção da área de lazer do bairro Residencial Carmezinho e do Parque Ecológico, incluindo aplicação de herbicidas para reduzir o matagal que pode ocultar riscos como escorpiões.",,,,,Pendente de Análise,
2124-IND-247,Indicação,111,2023,102ª Sessão Ordinária da 18ª Legislatura,2023-06-06,Reinaldo Codognato,"Reforça pedido antigo (originado em indicações de agosto/setembro de 2021, com apoio de mais de 100 assinaturas de moradores) para instalação de redutores de velocidade em pontos estratégicos da Rua Santos Dumont, priorizando os bairros Alto do Sene, Jardim Paulista e Jardim das Américas, e também na Rua Dom Pedro II.",,,,,Pendente de Análise,
2124-REQ-043,Requerimento,022,2023,102ª Sessão Ordinária da 18ª Legislatura,2023-06-06,Anderson Marcos Viana,Requer informações ao Prefeito Municipal acerca de quais providências estão sendo tomadas pela administração em relação aos problemas estruturais apresentados pelas casas populares do Residencial das Américas.,"Diretoria de Planejamento, Obras, Serviços e Manutenção",Normal,Aprovado,121/2023,Respondido,"O ofício nº 121/2023, citado no expediente da sessão de 07/08/2023 como resposta ao ofício nº 83/2023 desta Casa sobre problemas nas casas populares do Residencial das Américas, provavelmente corresponde à resposta deste requerimento, mas o conteúdo detalhado não foi lido integralmente em plenário nas sessões deste lote."
2124-REQ-044,Requerimento,023,2023,102ª Sessão Ordinária da 18ª Legislatura,2023-06-06,"Anderson Marcos Viana, Elio Furini Neto","Requer informações ao Prefeito Municipal acerca do envio do projeto de lei que fixa o novo piso salarial da enfermagem em Junqueirópolis, nos termos da Lei Federal 14.434/2022, e da previsão de início do pagamento.","Diretoria de Fazenda, Compras, Almoxarifado e Recursos Humanos",Normal,Aprovado,081/2023,Respondido,"A resposta lida na sessão de 20/06/2023 (em atenção ao ofício 081/2023) informou apenas que a administração aguardava a transferência do recurso do governo federal para elaborar o projeto de lei; vereadores classificaram a resposta como insatisfatória e cobraram publicamente o secretário de Saúde por ter anunciado em vídeo, antes, que o pagamento sairia em poucos dias."
2124-IND-248,Indicação,112,2023,103ª Sessão Ordinária da 18ª Legislatura,2023-06-13,Reinaldo Codognato,"Solicita adequação/melhoria da iluminação da Rua Fayez Zogheib, no bairro Pioneiros, paralela aos campos esportivos ali localizados, atendendo reclamações de moradores sobre a escuridão do local.",,,,,Pendente de Análise,Nome da rua transcrito como 'Fayez Zogheib'/'Fayez Zogheib' de forma pouco clara no áudio; mantida a grafia mais próxima da leitura formal da indicação.
2124-IND-249,Indicação,113,2023,103ª Sessão Ordinária da 18ª Legislatura,2023-06-13,Marisa Alves da Silva Costa,"Solicita aumento da cota de castrações de animais realizadas via CISNAP (Consórcio Intermunicipal de Saúde da Nova Alta Paulista), de 50 para 80 procedimentos mensais, para reforçar o controle populacional de cães e gatos.",,,,,Pendente de Análise,
2124-IND-250,Indicação,114,2023,103ª Sessão Ordinária da 18ª Legislatura,2023-06-13,Anderson Marcos Viana,"Solicita divulgação do colar de girassol como símbolo de identificação de pessoas com deficiências ocultas, conforme a Lei Municipal nº 3.507/2022, especialmente em órgãos públicos como postos de saúde, pronto-socorro e Santa Casa.",,,,,Pendente de Análise,
2124-IND-251,Indicação,115,2023,103ª Sessão Ordinária da 18ª Legislatura,2023-06-13,Anderson Marcos Viana,"Solicita melhorias na iluminação pública da área do sistema de lazer do bairro Jardim Primavera, próximo à Curva do S, local frequentado por crianças e famílias.",,,,,Pendente de Análise,
2124-IND-252,Indicação,116,2023,103ª Sessão Ordinária da 18ª Legislatura,2023-06-13,Rui Domingos da Silva,"Solicita estudo junto ao órgão estadual competente sobre o aproveitamento do prédio desocupado que abrigou a Caixa Econômica Estadual e, mais recentemente, uma agência do Banco do Brasil, na Praça Álvaro de Oliveira Junqueira, para abrigar setores da prefeitura, como os que recebem impostos e taxas.",,,,,Pendente de Análise,
2124-REQ-045,Requerimento,024,2023,103ª Sessão Ordinária da 18ª Legislatura,2023-06-13,Anderson Marcos Viana,"Requer informações ao Prefeito Municipal sobre a quantidade de servidores que recebem a GTID (Gratificação por Tempo Integral e Dedicação Exclusiva), incluindo nomes, cargos e setores em que atuam.","Diretoria de Fazenda, Compras, Almoxarifado e Recursos Humanos",Normal,Aprovado,147/2023,Respondido,"O ofício nº 147/2023, mencionado no expediente da sessão de 07/08/2023 como resposta sobre os servidores que recebem GTID, corresponde provavelmente à resposta deste requerimento, mas o conteúdo não foi lido integralmente em plenário nas sessões deste lote."
2124-REQ-046,Requerimento,025,2023,103ª Sessão Ordinária da 18ª Legislatura,2023-06-13,Anderson Marcos Viana,"Requer prestação de contas da Educação ao Prefeito Municipal, solicitando todos os valores gastos na revitalização do Bosque Municipal e quais dotações pagaram tais investimentos.","Diretoria de Educação, Cultura, Esportes, Lazer e Turismo",Normal,Aprovado,148/2023,Respondido,"O ofício nº 148/2023, mencionado no expediente da sessão de 07/08/2023 como resposta sobre valores gastos na revitalização do Bosque Municipal pela Educação, corresponde provavelmente à resposta deste requerimento, mas o conteúdo não foi lido integralmente em plenário nas sessões deste lote."
2124-IND-253,Indicação,117,2023,104ª Sessão Ordinária da 18ª Legislatura,2023-06-20,Anderson Marcos Viana,"Solicita a reforma do ponto de ônibus localizado no encontro da Rua José Bonifácio com a Rua das Américas, incluindo assentos confortáveis, cobertura e iluminação adequada.",,,,,Pendente de Análise,
2124-IND-254,Indicação,118,2023,104ª Sessão Ordinária da 18ª Legislatura,2023-06-20,Anderson Marcos Viana,"Solicita que os ônibus escolares passem a parar nos pontos de ônibus recentemente construídos, para que as crianças aguardem protegidas do sol e da chuva.",,,,,Pendente de Análise,
2124-DEN-047,Denúncia,,2023,104ª Sessão Ordinária da 18ª Legislatura,2023-06-20,Anderson Marcos Viana,"O vereador Anderson Marcos Viana relatou ter apresentado à Secretaria da Câmara, em julho do ano anterior, uma denúncia formal sobre possível irregularidade no descarte de remédios pela administração. A apuração levou cerca de 4 a 5 meses e concluiu que não havia irregularidade no descarte.",Diretoria de Saúde,Feita/cobrada pelo vereador,,,Pendente de Verificação,"O vereador criticou, na mesma fala, a demora da resposta (motivo pelo qual voltou a mencionar o caso nesta sessão) e afirmou publicamente que, apesar de a apuração não ter constatado irregularidade, cumpriu seu papel de fiscalizar; mencionou que um grupo de WhatsApp da administração teria tentado desqualificar a denúncia como infundada."
2124-IND-255,Indicação,119,2023,105ª Sessão Ordinária da 18ª Legislatura,2023-06-27,"Reinaldo Codognato, Sofia Rodrigues dos Santos","Solicita recapeamento asfáltico de ruas do bairro Alto do Sene, especialmente Avenida Marconi e trechos das avenidas Paulista e 7 de Setembro, apontando problemas de drenagem que causam acúmulo de água.",,,,,Pendente de Análise,
2124-IND-256,Indicação,120,2023,105ª Sessão Ordinária da 18ª Legislatura,2023-06-27,"Reinaldo Codognato, Sofia Rodrigues dos Santos","Solicita serviço de pintura do Centro Educacional Infantil (CI) Nosso Teto, como medida de manutenção preventiva e melhoria do ambiente para as crianças.",,,,,Pendente de Análise,
2124-IND-257,Indicação,121,2023,105ª Sessão Ordinária da 18ª Legislatura,2023-06-27,Anderson Marcos Viana,"Solicita o alargamento da estrada JQL 030, no bairro Cafezinho, próximo à igreja do bairro, devido ao aumento do tráfego de caminhões e ônibus e ao risco de acidentes em via estreita.",,,,,Pendente de Análise,
2124-IND-258,Indicação,122,2023,105ª Sessão Ordinária da 18ª Legislatura,2023-06-27,Anderson Marcos Viana,"Solicita manutenção da Rua Nazareno Sedrone, próxima ao Armazém do Hilário, devido à presença de buracos que representam risco a motoristas, pedestres e ciclistas.",,,,,Pendente de Análise,
2124-IND-259,Indicação,123,2023,105ª Sessão Ordinária da 18ª Legislatura,2023-06-27,Valdir Aparecido de Oliveira,"Solicita sinalização de solo na depressão localizada no encontro da Avenida Latina com a Rua General Osório, para alertar motoristas e reduzir riscos de danos a veículos e colisões.",,,,,Pendente de Análise,
2124-IND-260,Indicação,124,2023,105ª Sessão Ordinária da 18ª Legislatura,2023-06-27,"Hélio Furini Neto, Anderson Marcos Viana, Paulo Sérgio Cordeiro, Teresinha de Lourdes Freitas Regodanso","Solicita sinalização de proibição de descarte de lixo no espaço ao lado da caixa d'água e do ponto de ônibus do Jardim Alvorada, além de limpeza do local e fiscalização constante, após relatos de animais mortos e mau cheiro no local.",,,,,Pendente de Análise,
2124-IND-261,Indicação,125,2023,105ª Sessão Ordinária da 18ª Legislatura,2023-06-27,"Hélio Furini Neto, Anderson Marcos Viana, Paulo Sérgio Cordeiro, Teresinha de Lourdes Freitas Regodanso","Solicita serviços de limpeza e zeladoria nos fundos das casas que fazem divisa com a linha férrea e sua faixa de domínio em todo o trecho urbano, após relatos de escorpiões e cobras na vegetação alta do local.",,,,,Pendente de Análise,
2124-IND-262,Indicação,126,2023,105ª Sessão Ordinária da 18ª Legislatura,2023-06-27,"Hélio Furini Neto, Anderson Marcos Viana, Paulo Sérgio Cordeiro, Teresinha de Lourdes Freitas Regodanso","Solicita implementação de acesso com acessibilidade (rampa ou escada) ao Centro Comunitário e ao Centro de Esporte e Lazer do bairro Jardim Alvorada, após relatos de quedas na descida íngreme de barranco existente no local.",,,,,Pendente de Análise,
2124-IND-263,Indicação,127,2023,106ª Sessão Ordinária da 18ª Legislatura,2023-08-08,Teresinha de Lourdes Freitas Regodanso,"Reforça a indicação nº 067/2022 da mesma autora, solicitando reforma e melhorias no velório municipal, tanto na parte interna quanto externa, incluindo bancos, calçadas, portas, luzes e muretas dos canteiros.",,,,,Pendente de Análise,"Apresentada com apoio do vereador Elio Furini Neto, conforme leitura da indicação."
2124-IND-264,Indicação,128,2023,106ª Sessão Ordinária da 18ª Legislatura,2023-08-08,"Valdir Aparecido de Oliveira, Reinaldo Codognato, Marisa Alves da Silva Costa, Anderson Marcos Viana, Elio Furini Neto, Paulo Sérgio Cordeiro, Rui Domingos da Silva, Sofia Rodrigues dos Santos, Teresinha de Lourdes Freitas Regodanso","Solicita implementação de internet fibra ótica em zonas afastadas e rurais, principalmente em locais de difícil acesso, para promover inclusão digital e acesso a educação, emprego e serviços online. Indicação originada de demanda trazida pelos jovens do Projeto Semente da Vida em visita à Câmara.",,,,,Pendente de Análise,
2124-IND-265,Indicação,129,2023,106ª Sessão Ordinária da 18ª Legislatura,2023-08-08,"Valdir Aparecido de Oliveira, Reinaldo Codognato, Marisa Alves da Silva Costa, Anderson Marcos Viana, Elio Furini Neto, Paulo Sérgio Cordeiro, Rui Domingos da Silva, Sofia Rodrigues dos Santos, Teresinha de Lourdes Freitas Regodanso","Solicita disponibilização de um local aberto à população para lazer, práticas culturais e esportivas, sugerindo a reativação do Junqueirópolis Tênis Clube (JTC) e a transformação do antigo Centro de Formação Educacional (CEF)/Casa da Cultura em espaço cultural. Indicação originada de demanda dos jovens do Projeto Semente da Vida.",,,,,Pendente de Análise,
2124-IND-266,Indicação,130,2023,106ª Sessão Ordinária da 18ª Legislatura,2023-08-08,"Valdir Aparecido de Oliveira, Reinaldo Codognato, Marisa Alves da Silva Costa, Anderson Marcos Viana, Elio Furini Neto, Paulo Sérgio Cordeiro, Rui Domingos da Silva, Sofia Rodrigues dos Santos, Teresinha de Lourdes Freitas Regodanso","Solicita disponibilização de locais seguros e adequados para soltura de pipas, longe de vias movimentadas e linhas elétricas. Indicação originada de demanda dos jovens do Projeto Semente da Vida.",,,,,Pendente de Análise,
2124-IND-267,Indicação,131,2023,106ª Sessão Ordinária da 18ª Legislatura,2023-08-08,"Valdir Aparecido de Oliveira, Reinaldo Codognato, Marisa Alves da Silva Costa, Anderson Marcos Viana, Elio Furini Neto, Paulo Sérgio Cordeiro, Rui Domingos da Silva, Sofia Rodrigues dos Santos, Teresinha de Lourdes Freitas Regodanso","Solicita disponibilização de academia pública para prática de exercícios físicos, com acompanhamento e autorização médica pelos postos de saúde. Indicação originada de demanda dos jovens do Projeto Semente da Vida.",,,,,Pendente de Análise,
2124-IND-268,Indicação,132,2023,106ª Sessão Ordinária da 18ª Legislatura,2023-08-08,"Valdir Aparecido de Oliveira, Reinaldo Codognato, Marisa Alves da Silva Costa, Anderson Marcos Viana, Elio Furini Neto, Paulo Sérgio Cordeiro, Rui Domingos da Silva, Sofia Rodrigues dos Santos, Teresinha de Lourdes Freitas Regodanso","Solicita atendimento veterinário gratuito para animais de estimação de pessoas de baixa renda, além de atendimento gratuito para animais de rua, incluindo programas de castração. Indicação originada de demanda dos jovens do Projeto Semente da Vida.",,,,,Pendente de Análise,
2124-IND-269,Indicação,133,2023,106ª Sessão Ordinária da 18ª Legislatura,2023-08-08,"Valdir Aparecido de Oliveira, Reinaldo Codognato, Marisa Alves da Silva Costa, Anderson Marcos Viana, Elio Furini Neto, Paulo Sérgio Cordeiro, Rui Domingos da Silva, Sofia Rodrigues dos Santos, Teresinha de Lourdes Freitas Regodanso","Solicita incentivo à criação de espaços culturais e de arte pública, como galerias, teatros e bibliotecas, para promover o acesso à cultura à população. Indicação originada de demanda dos jovens do Projeto Semente da Vida.",,,,,Pendente de Análise,
2124-IND-270,Indicação,134,2023,106ª Sessão Ordinária da 18ª Legislatura,2023-08-08,"Valdir Aparecido de Oliveira, Reinaldo Codognato, Marisa Alves da Silva Costa, Anderson Marcos Viana, Elio Furini Neto, Paulo Sérgio Cordeiro, Rui Domingos da Silva, Sofia Rodrigues dos Santos, Teresinha de Lourdes Freitas Regodanso","Solicita estabelecimento de programa de incentivo ao empreendedorismo local, com criação de fundo de investimento municipal, para fomentar o crescimento econômico e geração de empregos. Indicação originada de demanda dos jovens do Projeto Semente da Vida.",,,,,Pendente de Análise,
2124-IND-271,Indicação,135,2023,106ª Sessão Ordinária da 18ª Legislatura,2023-08-08,Elio Furini Neto,"Solicita aumento da frequência de tráfego de caminhões-pipa para molhar a estrada municipal JQL 030, logo após o Madrugada Futebol Clube, na via que liga Junqueirópolis a Irapuru, para reduzir o acúmulo de poeira que afeta os moradores próximos.",,,,,Pendente de Análise,
2124-IND-272,Indicação,136,2023,106ª Sessão Ordinária da 18ª Legislatura,2023-08-08,Elio Furini Neto,"Solicita implementação de uma faixa elevada na Rua Hermínio Grespan, próximo ao ponto de ônibus construído recentemente, devido ao alto fluxo de veículos vindos da Avenida de Virgens (Carmezim) e ao risco a pedestres.",,,,,Pendente de Análise,
2124-IND-273,Indicação,137,2023,106ª Sessão Ordinária da 18ª Legislatura,2023-08-08,"Teresinha de Lourdes Freitas Regodanso, Anderson Marcos Viana, Elio Furini Neto, Paulo Sérgio Cordeiro","Solicita disponibilização de plantão, ao menos em um período, na farmácia municipal para entrega de medicamentos aos sábados, domingos e feriados, evitando que pacientes atendidos no pronto-socorro fiquem sem acesso aos remédios prescritos.",,,,,Pendente de Análise,
2124-REQ-047,Requerimento,026,2023,106ª Sessão Ordinária da 18ª Legislatura,2023-08-08,Anderson Marcos Viana,"Requer informações ao Prefeito Municipal acerca do andamento das obras e serviços de pavimentação da estrada vicinal JQL 010 (Governador Mário Covas), que liga Junqueirópolis a Dracena, complementando o requerimento nº 07/2023.","Diretoria de Planejamento, Obras, Serviços e Manutenção",Normal,Aprovado,,Pendente,"Motivado por dúvidas sobre um convênio firmado pela Prefeitura de Dracena para contratação de projeto executivo da via; vereadores questionaram se a informação anterior (de que a verba já estava disponível) era exata e solicitaram reunião com o responsável da pasta para esclarecimentos, sem resposta formal registrada nas sessões deste lote."
2124-IND-274,Indicação,138,2023,107ª Sessão Ordinária da 18ª Legislatura,2023-08-15,Anderson Marcos Viana,"Solicita instalação de redutores de velocidade no cruzamento da Rua Curitiba com as ruas 4 de Setembro, Goiânia e Perdizes, após acidentes recentes no local e devido à proximidade de uma creche.",,,,,Pendente de Análise,
2124-IND-275,Indicação,139,2023,107ª Sessão Ordinária da 18ª Legislatura,2023-08-15,Anderson Marcos Viana,"Solicita a continuidade da revitalização da Praça Álvaro de Oliveira Junqueira, cujo projeto original não foi concluído (faltando, por exemplo, a cobertura do palco), causando desgaste do calçamento pelo uso de tendas temporárias.",,,,,Pendente de Análise,
2124-IND-276,Indicação,140,2023,107ª Sessão Ordinária da 18ª Legislatura,2023-08-15,Anderson Marcos Viana,"Solicita revisão do valor dos aluguéis dos salões comunitários de bairro, para torná-los mais acessíveis aos moradores, tendo em vista relatos de valores de até R$ 300 considerados altos para a comunidade.",,,,,Pendente de Análise,
2124-IND-277,Indicação,141,2023,107ª Sessão Ordinária da 18ª Legislatura,2023-08-15,Elio Furini Neto,"Solicita instalação de torneiras na praça situada na Avenida Internacional, no bairro Jardim Paulista, e que, enquanto isso não ocorre, seja feita irrigação da grama e plantas por caminhão-pipa, especialmente em período de seca.",,,,,Pendente de Análise,
2124-REQ-048,Requerimento,027,2023,107ª Sessão Ordinária da 18ª Legislatura,2023-08-15,Anderson Marcos Viana,"Requer informações ao Prefeito Municipal acerca do andamento da mudança do local do viveiro municipal para o prédio da escola do bairro Duas Barras, tendo em vista que o ofício nº 221/2022 (em resposta ao requerimento nº 17/2022) informara que a mudança estava programada para 2023 e nada havia sido feito até então.","Diretoria de Agronegócio, Indústria, Comércio e Meio Ambiente e Gestão de Resíduos Sólidos",Normal,Aprovado,,Pendente,"Vereador questionou em plenário o destino de mais de R$ 1,2 milhão repassados em dois anos para o viveiro municipal (via Associação Agrícola) caso a mudança de local não se concretizasse, sem resposta formal registrada nas sessões deste lote."
2124-IND-278,Indicação,142,2023,108ª Sessão Ordinária da 18ª Legislatura,2023-08-21,Anderson Marcos Viana,"Solicita ao prefeito municipal a possibilidade de construir uma praça/área verde na Rua Vereador Gilson José da Silva, próxima à Rua Victor Camargo Bodini, no bairro Frei Galvão, nos moldes do bosque municipal (com réplicas de animais, bancos e mini-bosque).",,,,,Pendente de Análise,"Data da sessão conforme mencionada no texto da transcrição (véspera da data do nome do arquivo, que corresponde ao dia da postagem/upload)."
2124-IND-279,Indicação,143,2023,108ª Sessão Ordinária da 18ª Legislatura,2023-08-21,"Teresinha de Lourdes Freitas Regodanso, Elio Furini Neto","Solicita serviço de inspeção nas árvores do Parque Ecológico, especialmente as localizadas no barranco aos fundos do armazém comunitário, devido ao risco de queda de galhos/árvores com ventos fortes e proximidade de fios de energia elétrica.",,,,,Pendente de Análise,"Data da sessão conforme mencionada no texto da transcrição (véspera da data do nome do arquivo, que corresponde ao dia da postagem/upload)."
2124-IND-280,Indicação,144,2023,108ª Sessão Ordinária da 18ª Legislatura,2023-08-21,"Teresinha de Lourdes Freitas Regodanso, Anderson Marcos Viana, Elio Furini Neto, Paulo Sérgio Cordeiro","Solicita manutenção adequada da estrada JQL-030 (liga Junqueirópolis a Irapuru) e seus prolongamentos, incluindo cascalhamento, tendo em vista a suspensão do programa Melhor Caminho e a rescisão do contrato com a empresa vencedora da licitação.",,,,,Pendente de Análise,"Data da sessão conforme mencionada no texto da transcrição (véspera da data do nome do arquivo, que corresponde ao dia da postagem/upload)."
2124-IND-281,Indicação,145,2023,108ª Sessão Ordinária da 18ª Legislatura,2023-08-21,Teresinha de Lourdes Freitas Regodanso,"Solicita colocação de lâmpada no poste já existente na esquina das ruas Argentina e Bolívia, no bairro Residencial das Américas, área escura na fronteira com zona rural.",,,,,Pendente de Análise,"Data da sessão conforme mencionada no texto da transcrição (véspera da data do nome do arquivo, que corresponde ao dia da postagem/upload)."
2124-IND-282,Indicação,146,2023,108ª Sessão Ordinária da 18ª Legislatura,2023-08-21,Elio Furini Neto,"Solicita reforma do campo de futebol do bairro Jardim Esperança, incluindo colocação de alambrado e melhorias na iluminação (reitera indicação nº 21/2021, de sua própria autoria).",,,,,Pendente de Análise,"Data da sessão conforme mencionada no texto da transcrição (véspera da data do nome do arquivo, que corresponde ao dia da postagem/upload)."
2124-IND-283,Indicação,147,2023,108ª Sessão Ordinária da 18ª Legislatura,2023-08-21,Reinaldo Codognato,"Solicita providências quanto ao direcionamento inadequado de águas pluviais na esquina das ruas Constantino Marcolino de Souza e Professor Antônio Greneiro Porta, que causa danos a infraestruturas e risco de acidentes.",,,,,Pendente de Análise,"Data da sessão conforme mencionada no texto da transcrição (véspera da data do nome do arquivo, que corresponde ao dia da postagem/upload)."
2124-IND-284,Indicação,148,2023,108ª Sessão Ordinária da 18ª Legislatura,2023-08-21,Anderson Marcos Viana,"Solicita elaboração de projetos de lei para instituição do piso salarial de enfermeiros, técnicos e auxiliares de enfermagem e parteiras.",,,,,Pendente de Análise,"Data da sessão conforme mencionada no texto da transcrição (véspera da data do nome do arquivo, que corresponde ao dia da postagem/upload)."
2124-IND-285,Indicação,149,2023,108ª Sessão Ordinária da 18ª Legislatura,2023-08-21,Anderson Marcos Viana,Solicita construção de faixas elevadas na esquina da Avenida Paulista com a Rua Porto Alegre (lateral do Pronto Socorro) e na Rua Washington Luiz com a Avenida Bandeirantes (lateral da Escola Chigueco).,,,,,Pendente de Análise,"Data da sessão conforme mencionada no texto da transcrição (véspera da data do nome do arquivo, que corresponde ao dia da postagem/upload)."
2124-IND-286,Indicação,150,2023,108ª Sessão Ordinária da 18ª Legislatura,2023-08-21,Reinaldo Codognato,"Solicita instalação de bancos, pista de caminhada e playground no Residencial Figueira.",,,,,Pendente de Análise,"Data da sessão conforme mencionada no texto da transcrição (véspera da data do nome do arquivo, que corresponde ao dia da postagem/upload)."
2124-REQ-049,Requerimento,28,2023,108ª Sessão Ordinária da 18ª Legislatura,2023-08-21,Anderson Marcos Viana,"Solicita informações ao prefeito municipal acerca dos valores das parcelas, taxas de juros, prazo e quantidade total de financiamentos da operação de crédito constante do Projeto de Lei nº 38/2023, referente à execução das obras de fechamento da erosão (buracão) existente no Jardim Paulista.","Diretoria de Fazenda, Compras, Almoxarifado e Recursos Humanos",Normal,Aprovado,,Pendente,"Data da sessão conforme mencionada no texto da transcrição (véspera da data do nome do arquivo, que corresponde ao dia da postagem/upload). Diretoria de destino inferida (pedido trata de informações financeiras sobre operação de crédito para obra do setor de Planejamento/Obras); poderia alternativamente ser considerado como Diretoria de Planejamento, Obras, Serviços e Manutenção. Aprovado por unanimidade de votos."
2124-DEN-048,Denúncia,,2023,108ª Sessão Ordinária da 18ª Legislatura,2023-08-21,Anderson Marcos Viana,"Vereador menciona denúncia protocolada pelo municípe José Arbes/Arabes há cerca de dois anos e reiterada na sexta-feira anterior à sessão, relacionada à “situação da linha férrea”, aguardando resposta do Poder Judiciário. Conteúdo específico da denúncia não foi detalhado na sessão.",,Recebida pelo vereador,,,Pendente de Verificação,"Data da sessão conforme mencionada no texto da transcrição (véspera da data do nome do arquivo, que corresponde ao dia da postagem/upload). Detalhes concretos da denúncia (o que exatamente está sendo denunciado sobre a linha férrea) não foram explicitados no áudio/transcrição; incluído por haver caso concreto com nome de denunciante e referência a protocolo formal. Mesmo assunto é mencionado novamente na sessão de 2023-09-26 sem resolução."
2124-IND-287,Indicação,151,2023,109ª Sessão Ordinária da 18ª Legislatura,2023-08-28,Rui Domingos da Silva,"Solicita concessão de diárias fixas aos motoristas de ambulância e transporte de pacientes da Secretaria de Saúde quando em serviço fora da sede do município, para suprir despesas com alimentação (reitera indicação nº 190/2021, de sua autoria).",,,,,Pendente de Análise,"Data da sessão conforme mencionada no texto da transcrição (véspera da data do nome do arquivo, que corresponde ao dia da postagem/upload). ATENÇÃO: esta transcrição pode estar com o início cortado — o arquivo começa em “colegas que compõem a mesa junto comigo...”, sem a saudação inicial completa do presidente; possível perda de conteúdo no começo da abertura da sessão."
2124-IND-288,Indicação,152,2023,109ª Sessão Ordinária da 18ª Legislatura,2023-08-28,"Rui Domingos da Silva, Anderson Marcos Viana, Elio Furini Neto, Marisa Alves da Silva Costa, Reinaldo Codognato, Sofia Rodrigues dos Santos, Valdir Aparecido de Oliveira, Teresinha de Lourdes Freitas Regodanso","Solicita que a nova farmácia municipal de Junqueirópolis receba o nome do saudoso Hélio de Marcos, farmacêutico pioneiro e proprietário de farmácias na cidade, falecido aos 67 anos.",,,,,Pendente de Análise,"Data da sessão conforme mencionada no texto da transcrição (véspera da data do nome do arquivo, que corresponde ao dia da postagem/upload). ATENÇÃO: esta transcrição pode estar com o início cortado — o arquivo começa em “colegas que compõem a mesa junto comigo...”, sem a saudação inicial completa do presidente; possível perda de conteúdo no começo da abertura da sessão. Vereadora Teresinha de Lourdes Freitas Regodanso assinou em apoio, após a leitura, relatando ter sido inadvertidamente deixada de fora da lista original de sete signatários."
2124-IND-289,Indicação,153,2023,109ª Sessão Ordinária da 18ª Legislatura,2023-08-28,Reinaldo Codognato,Solicita construção de redutores de velocidade nas principais avenidas dos residenciais Figueira (Avenida da Seringal) e Horto dos Seringais.,,,,,Pendente de Análise,"Data da sessão conforme mencionada no texto da transcrição (véspera da data do nome do arquivo, que corresponde ao dia da postagem/upload). ATENÇÃO: esta transcrição pode estar com o início cortado — o arquivo começa em “colegas que compõem a mesa junto comigo...”, sem a saudação inicial completa do presidente; possível perda de conteúdo no começo da abertura da sessão."
2124-IND-290,Indicação,154,2023,109ª Sessão Ordinária da 18ª Legislatura,2023-08-28,"Anderson Marcos Viana, Elio Furini Neto, Paulo Sérgio Cordeiro, Teresinha de Lourdes Freitas Regodanso",Solicita parceria com a Usina Viterra para criação de sistema de contenção de águas pluviais (camalhões/retenção de enxurradas) no bairro Vila São João.,,,,,Pendente de Análise,"Data da sessão conforme mencionada no texto da transcrição (véspera da data do nome do arquivo, que corresponde ao dia da postagem/upload). ATENÇÃO: esta transcrição pode estar com o início cortado — o arquivo começa em “colegas que compõem a mesa junto comigo...”, sem a saudação inicial completa do presidente; possível perda de conteúdo no começo da abertura da sessão."
2124-IND-291,Indicação,155,2023,109ª Sessão Ordinária da 18ª Legislatura,2023-08-28,Anderson Marcos Viana,"Solicita implementação de iluminação adequada no trevo do bairro Duas Barras, devido a acidentes e risco a ciclistas e pedestres noturnos.",,,,,Pendente de Análise,"Data da sessão conforme mencionada no texto da transcrição (véspera da data do nome do arquivo, que corresponde ao dia da postagem/upload). ATENÇÃO: esta transcrição pode estar com o início cortado — o arquivo começa em “colegas que compõem a mesa junto comigo...”, sem a saudação inicial completa do presidente; possível perda de conteúdo no começo da abertura da sessão."
2124-IND-292,Indicação,156,2023,109ª Sessão Ordinária da 18ª Legislatura,2023-08-28,Anderson Marcos Viana,"Solicita providências quanto ao esgoto despejado a céu aberto no bairro Jardim Junqueirópolis, próximo à Rua Goiânia com a Rua Belém, problema que persiste há quase 15 anos (reitera indicação nº 151/2021, de sua autoria).",,,,,Pendente de Análise,"Data da sessão conforme mencionada no texto da transcrição (véspera da data do nome do arquivo, que corresponde ao dia da postagem/upload). ATENÇÃO: esta transcrição pode estar com o início cortado — o arquivo começa em “colegas que compõem a mesa junto comigo...”, sem a saudação inicial completa do presidente; possível perda de conteúdo no começo da abertura da sessão."
2124-IND-293,Indicação,157,2023,109ª Sessão Ordinária da 18ª Legislatura,2023-08-28,"Reinaldo Codognato, Rui Domingos da Silva",Solicita implementação de um programa de Bolsa Atleta Municipal para apoiar talentos esportivos locais.,,,,,Pendente de Análise,"Data da sessão conforme mencionada no texto da transcrição (véspera da data do nome do arquivo, que corresponde ao dia da postagem/upload). ATENÇÃO: esta transcrição pode estar com o início cortado — o arquivo começa em “colegas que compõem a mesa junto comigo...”, sem a saudação inicial completa do presidente; possível perda de conteúdo no começo da abertura da sessão."
2124-IND-294,Indicação,158,2023,109ª Sessão Ordinária da 18ª Legislatura,2023-08-28,"Reinaldo Codognato, Sofia Rodrigues dos Santos, Marisa Alves da Silva Costa",Solicita adequação da iluminação pública do playground localizado no bairro Jardim Conde.,,,,,Pendente de Análise,"Data da sessão conforme mencionada no texto da transcrição (véspera da data do nome do arquivo, que corresponde ao dia da postagem/upload). ATENÇÃO: esta transcrição pode estar com o início cortado — o arquivo começa em “colegas que compõem a mesa junto comigo...”, sem a saudação inicial completa do presidente; possível perda de conteúdo no começo da abertura da sessão."
2124-IND-295,Indicação,159,2023,109ª Sessão Ordinária da 18ª Legislatura,2023-08-28,"Elio Furini Neto, Anderson Marcos Viana, Paulo Sérgio Cordeiro, Teresinha de Lourdes Freitas Regodanso, Valdir Aparecido de Oliveira",Solicita realização de batimetria nas estações de tratamento de esgoto (ETEs) do município para diagnosticar a real situação de eficácia e o mau cheiro exalado (reitera indicação nº 17/2022).,,,,,Pendente de Análise,"Data da sessão conforme mencionada no texto da transcrição (véspera da data do nome do arquivo, que corresponde ao dia da postagem/upload). ATENÇÃO: esta transcrição pode estar com o início cortado — o arquivo começa em “colegas que compõem a mesa junto comigo...”, sem a saudação inicial completa do presidente; possível perda de conteúdo no começo da abertura da sessão."
2124-REQ-050,Requerimento,29,2023,109ª Sessão Ordinária da 18ª Legislatura,2023-08-28,Anderson Marcos Viana,"Solicita informações detalhadas sobre como será feito o cálculo e pagamento do piso salarial nacional de enfermeiros, técnicos e auxiliares de enfermagem e parteiras, discriminando valores por entidade (Lar Santo Antônio, Lar Santa Teresinha, Pronto Socorro, Santa Casa, ESFs, CAPS) e o total de verba disponibilizada.","Diretoria de Fazenda, Compras, Almoxarifado e Recursos Humanos",Normal,Aprovado,,Pendente,"Data da sessão conforme mencionada no texto da transcrição (véspera da data do nome do arquivo, que corresponde ao dia da postagem/upload). ATENÇÃO: esta transcrição pode estar com o início cortado — o arquivo começa em “colegas que compõem a mesa junto comigo...”, sem a saudação inicial completa do presidente; possível perda de conteúdo no começo da abertura da sessão. Aprovado por unanimidade de votos."
2124-REQ-051,Requerimento,30,2023,109ª Sessão Ordinária da 18ª Legislatura,2023-08-28,Elio Furini Neto,"Solicita informações sobre o motivo pelo qual a Lei Municipal nº 3.606/2023 (divulgação da lista de medicamentos disponíveis/em falta na rede municipal de saúde), sancionada em 29/05/2023, ainda não havia sido colocada em prática após três meses.",Diretoria de Saúde,Normal,Aprovado,,Pendente,"Data da sessão conforme mencionada no texto da transcrição (véspera da data do nome do arquivo, que corresponde ao dia da postagem/upload). ATENÇÃO: esta transcrição pode estar com o início cortado — o arquivo começa em “colegas que compõem a mesa junto comigo...”, sem a saudação inicial completa do presidente; possível perda de conteúdo no começo da abertura da sessão. Aprovado por unanimidade de votos."
2124-REQ-052,Requerimento,31,2023,109ª Sessão Ordinária da 18ª Legislatura,2023-08-28,Anderson Marcos Viana,"Solicita informações sobre quantas residências estão afetadas/interditadas em decorrência da erosão (buracão) no Jardim Paulista até a data, bem como quais estão recebendo aluguel social.",Diretoria de Assistência Social,Normal,Aprovado,,Pendente,"Data da sessão conforme mencionada no texto da transcrição (véspera da data do nome do arquivo, que corresponde ao dia da postagem/upload). ATENÇÃO: esta transcrição pode estar com o início cortado — o arquivo começa em “colegas que compõem a mesa junto comigo...”, sem a saudação inicial completa do presidente; possível perda de conteúdo no começo da abertura da sessão. Diretoria de destino inferida (pedido trata de residências afetadas e aluguel social); poderia alternativamente ser considerado Diretoria de Planejamento, Obras, Serviços e Manutenção, por tratar também da erosão em si. Aprovado por unanimidade de votos."
2124-IND-296,Indicação,160,2023,110ª Sessão Ordinária da 18ª Legislatura,2023-09-04,Reinaldo Codognato,"Solicita medidas de controle de velocidade (redutores) e melhorias na sinalização da Rua do Viveiro, que liga os bairros Pioneiros, Residencial Carmesin 2, Deltaville 1 e 2 e o loteamento Horto dos Seringais.",,,,,Pendente de Análise,"Data da sessão conforme mencionada no texto da transcrição (véspera da data do nome do arquivo, que corresponde ao dia da postagem/upload)."
2124-IND-297,Indicação,161,2023,110ª Sessão Ordinária da 18ª Legislatura,2023-09-04,Reinaldo Codognato,"Solicita revitalização da sinalização de solo na vicinal José Siniciato, que liga a área urbana de Junqueirópolis à Usina Vale Verde.",,,,,Pendente de Análise,"Data da sessão conforme mencionada no texto da transcrição (véspera da data do nome do arquivo, que corresponde ao dia da postagem/upload)."
2124-IND-298,Indicação,162,2023,110ª Sessão Ordinária da 18ª Legislatura,2023-09-04,"Anderson Marcos Viana, Elio Furini Neto, Marisa Alves da Silva Costa, Paulo Sérgio Cordeiro, Teresinha de Lourdes Freitas Regodanso","Solicita serviço de manutenção e limpeza nas áreas verdes do município, com atenção especial aos loteamentos Deltaville 1 e 2 e ao bairro Campo Belo, utilizando as máquinas trituradoras de galhos disponíveis.",,,,,Pendente de Análise,"Data da sessão conforme mencionada no texto da transcrição (véspera da data do nome do arquivo, que corresponde ao dia da postagem/upload)."
2124-IND-299,Indicação,163,2023,110ª Sessão Ordinária da 18ª Legislatura,2023-09-04,Elio Furini Neto,"Solicita reforma dos vestiários do Estádio Municipal Raphael Capelli, incluindo troca de pisos e instalação de novos chuveiros e sanitários, com adaptações de acessibilidade (reitera indicação nº 122/2022, de sua autoria).",,,,,Pendente de Análise,"Data da sessão conforme mencionada no texto da transcrição (véspera da data do nome do arquivo, que corresponde ao dia da postagem/upload)."
2124-IND-300,Indicação,164,2023,110ª Sessão Ordinária da 18ª Legislatura,2023-09-04,"Anderson Marcos Viana, Elio Furini Neto, Paulo Sérgio Cordeiro, Marisa Alves da Silva Costa, Teresinha de Lourdes Freitas Regodanso","Solicita colocação de placas proibindo descarte de lixo na confluência da Rua Curitiba com a Rua Lucélia, próximo ao CI Criança Feliz.",,,,,Pendente de Análise,"Data da sessão conforme mencionada no texto da transcrição (véspera da data do nome do arquivo, que corresponde ao dia da postagem/upload)."
2124-IND-301,Indicação,165,2023,110ª Sessão Ordinária da 18ª Legislatura,2023-09-04,"Anderson Marcos Viana, Elio Furini Neto, Marisa Alves da Silva Costa, Paulo Sérgio Cordeiro, Teresinha de Lourdes Freitas Regodanso","Solicita aplicação de pedras brita na rua central do bairro Vila São João, devido ao desgaste causado pelo tráfego de caminhões de usina e transtornos com a vinhaça.",,,,,Pendente de Análise,"Data da sessão conforme mencionada no texto da transcrição (véspera da data do nome do arquivo, que corresponde ao dia da postagem/upload)."
2124-IND-302,Indicação,166,2023,110ª Sessão Ordinária da 18ª Legislatura,2023-09-04,Sofia Rodrigues dos Santos,"Solicita que a área verde de lazer do bairro Jardim América receba o nome do saudoso Sr. Horácio Montrone, antigo morador e proprietário de terras na região.",,,,,Pendente de Análise,"Data da sessão conforme mencionada no texto da transcrição (véspera da data do nome do arquivo, que corresponde ao dia da postagem/upload)."
2124-IND-303,Indicação,167,2023,110ª Sessão Ordinária da 18ª Legislatura,2023-09-04,Rui Domingos da Silva,"Solicita revisão geral em todos os parques, praças e playgrounds do município (reitera indicação nº 151/2022).",,,,,Pendente de Análise,"Data da sessão conforme mencionada no texto da transcrição (véspera da data do nome do arquivo, que corresponde ao dia da postagem/upload). Esta indicação não constou do resumo do expediente lido no início da sessão (que listou apenas até a indicação 166 e em seguida os requerimentos), mas foi lida integralmente mais adiante; extraída do texto integral conforme instrução."
2124-REQ-053,Requerimento,32,2023,110ª Sessão Ordinária da 18ª Legislatura,2023-09-04,Paulo Sérgio Cordeiro,"Solicita informações sobre gastos e nomes de fornecedores relacionados ao setor de mídias e propaganda da prefeitura, discriminados por 2021, 2022 e 2023 (publicidade, comunicação social, captação de imagens/vídeos institucionais, identidade visual, artes e campanhas sazonais).",Diretoria Administrativa,Normal,Aprovado,,Pendente,"Data da sessão conforme mencionada no texto da transcrição (véspera da data do nome do arquivo, que corresponde ao dia da postagem/upload). Diretoria de destino inferida: o requerimento trata do setor de mídias/propaganda da Prefeitura, sem correspondência exata na lista oficial de diretorias fornecida; classificado como Diretoria Administrativa por aproximação. Aprovado por unanimidade de votos."
2124-REQ-054,Requerimento,33,2023,110ª Sessão Ordinária da 18ª Legislatura,2023-09-04,Anderson Marcos Viana,Solicita cópia do termo de financiamento destinado à construção da usina fotovoltáica do município.,"Diretoria de Fazenda, Compras, Almoxarifado e Recursos Humanos",Normal,Aprovado,,Pendente,"Data da sessão conforme mencionada no texto da transcrição (véspera da data do nome do arquivo, que corresponde ao dia da postagem/upload). Aprovado por unanimidade de votos."
2124-REQ-055,Requerimento,34,2023,110ª Sessão Ordinária da 18ª Legislatura,2023-09-04,Marisa Alves da Silva Costa,Solicita informações acerca das razões e fatores que levaram à diminuição da quantidade de castrações de animais realizadas pela prefeitura.,Diretoria de Saúde,Normal,Aprovado,,Pendente,"Data da sessão conforme mencionada no texto da transcrição (véspera da data do nome do arquivo, que corresponde ao dia da postagem/upload). Diretoria de destino inferida: castração de animais/controle de zoonoses pode alternativamente ser atribuída à Diretoria de Agronegócio, Indústria, Comércio e Meio Ambiente e Gestão de Resíduos Sólidos. Aprovado por unanimidade de votos."
2124-IND-304,Indicação,168,2023,111ª Sessão Ordinária da 18ª Legislatura,2023-09-11,Anderson Marcos Viana,"Solicita que o local de encontro da cavalgada deste ano seja alterado do Bosque Municipal para o Recinto da Aceruva, a fim de preservar o bosque recentemente revitalizado pela administração.",,,,,Pendente de Análise,"Data da sessão conforme mencionada no texto da transcrição (véspera da data do nome do arquivo, que corresponde ao dia da postagem/upload)."
2124-IND-305,Indicação,169,2023,111ª Sessão Ordinária da 18ª Legislatura,2023-09-11,Anderson Marcos Viana,Solicita delimitação com sinalização de solo de faixas exclusivas para espera de motocicletas nos semáforos da cidade.,,,,,Pendente de Análise,"Data da sessão conforme mencionada no texto da transcrição (véspera da data do nome do arquivo, que corresponde ao dia da postagem/upload)."
2124-IND-306,Indicação,170,2023,111ª Sessão Ordinária da 18ª Legislatura,2023-09-11,Anderson Marcos Viana,Solicita implementação de mais placas de sinalização informando a presença de ciclistas na via que liga Junqueirópolis ao bairro Duas Barras.,,,,,Pendente de Análise,"Data da sessão conforme mencionada no texto da transcrição (véspera da data do nome do arquivo, que corresponde ao dia da postagem/upload)."
2124-IND-307,Indicação,171,2023,111ª Sessão Ordinária da 18ª Legislatura,2023-09-11,Reinaldo Codognato,"Solicita criação de cursos de manutenção elétrica e mecânica para veículos leves, em parceria com o Sebrae.",,,,,Pendente de Análise,"Data da sessão conforme mencionada no texto da transcrição (véspera da data do nome do arquivo, que corresponde ao dia da postagem/upload)."
2124-IND-308,Indicação,172,2023,111ª Sessão Ordinária da 18ª Legislatura,2023-09-11,"Reinaldo Codognato, Teresinha de Lourdes Freitas Regodanso, Valdir Aparecido de Oliveira","Solicita substituição dos canos da rede de água do bairro Duas Barras por diâmetro maior, para aumentar a pressão/vazão de água nas residências (reitera indicação nº 55/2022).",,,,,Pendente de Análise,"Data da sessão conforme mencionada no texto da transcrição (véspera da data do nome do arquivo, que corresponde ao dia da postagem/upload)."
2124-IND-309,Indicação,173,2023,111ª Sessão Ordinária da 18ª Legislatura,2023-09-11,"Valdir Aparecido de Oliveira, Anderson Marcos Viana, Elio Furini Neto, Marisa Alves da Silva Costa, Paulo Sérgio Cordeiro, Reinaldo Codognato, Rui Domingos da Silva, Sofia Rodrigues dos Santos, Teresinha de Lourdes Freitas Regodanso","Solicita construção de lombadas ou lombofaixas na Avenida Junqueira, de fronte à saída de alunos da Escola 13 de Junho/Colégio Objetivo, via íngreme de tráfego intenso.",,,,,Pendente de Análise,"Data da sessão conforme mencionada no texto da transcrição (véspera da data do nome do arquivo, que corresponde ao dia da postagem/upload)."
2124-IND-310,Indicação,174,2023,112ª Sessão Ordinária da 18ª Legislatura,2023-09-18,"Elio Furini Neto, Anderson Marcos Viana","Solicita implementação de iluminação adequada no cemitério municipal, bem como reforma das calçadas e muros do local, devido a relatos de furtos e problemas de acessibilidade (reitera indicação nº 33/2022, de autoria de Anderson Marcos Viana).",,,,,Pendente de Análise,"Data da sessão conforme mencionada no texto da transcrição (véspera da data do nome do arquivo, que corresponde ao dia da postagem/upload)."
2124-IND-311,Indicação,175,2023,112ª Sessão Ordinária da 18ª Legislatura,2023-09-18,"Elio Furini Neto, Teresinha de Lourdes Freitas Regodanso","Solicita adequação da captação de águas pluviais no bairro Campo Belo, em especial na Alameda Paraíso, que sofre com acúmulo de água e pequenos alagamentos.",,,,,Pendente de Análise,"Data da sessão conforme mencionada no texto da transcrição (véspera da data do nome do arquivo, que corresponde ao dia da postagem/upload)."
2124-IND-312,Indicação,176,2023,112ª Sessão Ordinária da 18ª Legislatura,2023-09-18,Reinaldo Codognato,"Solicita criação de espaço para armazenagem dos materiais de ginástica do projeto Agita Junqueirópolis Mais Qualidade de Vida, no Recinto da Aceruva próximo à cozinha da Associação Agrícola.",,,,,Pendente de Análise,"Data da sessão conforme mencionada no texto da transcrição (véspera da data do nome do arquivo, que corresponde ao dia da postagem/upload)."
2124-IND-313,Indicação,177,2023,112ª Sessão Ordinária da 18ª Legislatura,2023-09-18,Valdir Aparecido de Oliveira,"Solicita manutenção geral dos aparelhos da academia ao ar livre de fronte ao Estádio Municipal Raphael Capelli, além de manutenção da pista de atletismo (reposição de pó de pedra) e construção de depósito para equipamentos de treino (reitera indicações nº 177/2021 e 119/2022).",,,,,Pendente de Análise,"Data da sessão conforme mencionada no texto da transcrição (véspera da data do nome do arquivo, que corresponde ao dia da postagem/upload)."
2124-IND-314,Indicação,178,2023,112ª Sessão Ordinária da 18ª Legislatura,2023-09-18,Valdir Aparecido de Oliveira,Solicita implementação de materiais de educação financeira voltados a crianças do ensino fundamental do município.,,,,,Pendente de Análise,"Data da sessão conforme mencionada no texto da transcrição (véspera da data do nome do arquivo, que corresponde ao dia da postagem/upload)."
2124-IND-315,Indicação,179,2023,112ª Sessão Ordinária da 18ª Legislatura,2023-09-18,Reinaldo Codognato,"Solicita implementação de iluminação pública na Rua Primavera, no bairro Recanto dos Eucaliptos.",,,,,Pendente de Análise,"Data da sessão conforme mencionada no texto da transcrição (véspera da data do nome do arquivo, que corresponde ao dia da postagem/upload)."
2124-IND-316,Indicação,180,2023,112ª Sessão Ordinária da 18ª Legislatura,2023-09-18,Reinaldo Codognato,"Solicita lançamento de programa denominado “Colmeia Empreendedora”, com stands/boxes para pequenos empreendedores, visando fortalecer o comércio local e a cooperação entre bairros.",,,,,Pendente de Análise,"Data da sessão conforme mencionada no texto da transcrição (véspera da data do nome do arquivo, que corresponde ao dia da postagem/upload)."
2124-IND-317,Indicação,181,2023,112ª Sessão Ordinária da 18ª Legislatura,2023-09-18,Anderson Marcos Viana,"Solicita adequação da iluminação no bairro Vila São João, por meio da substituição de lâmpadas convencionais por lâmpadas de LED.",,,,,Pendente de Análise,"Data da sessão conforme mencionada no texto da transcrição (véspera da data do nome do arquivo, que corresponde ao dia da postagem/upload)."
2124-IND-318,Indicação,182,2023,112ª Sessão Ordinária da 18ª Legislatura,2023-09-18,Anderson Marcos Viana,"Solicita continuidade da pavimentação asfáltica da Rua José Reis, no bairro Pioneiros, para conectar integralmente ao bairro Carmesin 2 (faltando cerca de 50 metros).",,,,,Pendente de Análise,"Data da sessão conforme mencionada no texto da transcrição (véspera da data do nome do arquivo, que corresponde ao dia da postagem/upload)."
2124-REQ-056,Requerimento,35,2023,112ª Sessão Ordinária da 18ª Legislatura,2023-09-18,Anderson Marcos Viana,"Solicita informações referentes à ausência do brasão do município em alguns veículos públicos municipais, inclusive os cedidos, com base no parágrafo 2º do artigo 3º da Lei Orgânica do município.",Diretoria Administrativa,Normal,Aprovado,,Pendente,"Data da sessão conforme mencionada no texto da transcrição (véspera da data do nome do arquivo, que corresponde ao dia da postagem/upload). Aprovado por unanimidade de votos."
2124-REQ-057,Requerimento,36,2023,112ª Sessão Ordinária da 18ª Legislatura,2023-09-18,Elio Furini Neto,"Solicita informações sobre o andamento das obras e serviços de pavimentação da estrada vicinal JQL-010 (Governador Mário Covas), que liga Junqueirópolis a Dracena, complementando os requerimentos nº 7 e 26/2023.","Diretoria de Planejamento, Obras, Serviços e Manutenção",Normal,Aprovado,,Pendente,"Data da sessão conforme mencionada no texto da transcrição (véspera da data do nome do arquivo, que corresponde ao dia da postagem/upload). Aprovado por unanimidade de votos."
2124-REQ-058,Requerimento,37,2023,112ª Sessão Ordinária da 18ª Legislatura,2023-09-18,Elio Furini Neto,"Solicita informações sobre possível redução/baixa pressão no fornecimento de água no bairro Campo Belo e áreas adjacentes, especialmente no final da tarde e período noturno.","Diretoria de Planejamento, Obras, Serviços e Manutenção",Normal,Aprovado,,Pendente,"Data da sessão conforme mencionada no texto da transcrição (véspera da data do nome do arquivo, que corresponde ao dia da postagem/upload). Diretoria de destino inferida (não há diretoria específica de água/saneamento na lista oficial fornecida). Aprovado por unanimidade de votos."
2124-IND-319,Indicação,183,2023,113ª Sessão Ordinária da 18ª Legislatura,2023-09-25,Anderson Marcos Viana,"Solicita colocação de mesas e bancos na área verde do bairro Pioneiros, mais especificamente na Rua José Reis, local que já é mantido limpo pelos próprios moradores.",,,,,Pendente de Análise,"Data da sessão conforme mencionada no texto da transcrição (véspera da data do nome do arquivo, que corresponde ao dia da postagem/upload)."
2124-IND-320,Indicação,184,2023,113ª Sessão Ordinária da 18ª Legislatura,2023-09-25,Anderson Marcos Viana,"Solicita revisão geral na iluminação pública da cidade, com a empresa responsável realizando avaliação noturna para identificar e substituir lâmpadas queimadas.",,,,,Pendente de Análise,"Data da sessão conforme mencionada no texto da transcrição (véspera da data do nome do arquivo, que corresponde ao dia da postagem/upload)."
2124-IND-321,Indicação,185,2023,113ª Sessão Ordinária da 18ª Legislatura,2023-09-25,"Elio Furini Neto, Teresinha de Lourdes Freitas Regodanso","Solicita melhorias na captação de águas pluviais na Alameda Campos Elíseos, adjacente à área verde, cuja água flui diretamente para bueiro em frente a residências, causando alagamentos.",,,,,Pendente de Análise,"Data da sessão conforme mencionada no texto da transcrição (véspera da data do nome do arquivo, que corresponde ao dia da postagem/upload)."
2124-IND-322,Indicação,186,2023,113ª Sessão Ordinária da 18ª Legislatura,2023-09-25,"Elio Furini Neto, Anderson Marcos Viana, Paulo Sérgio Cordeiro, Teresinha de Lourdes Freitas Regodanso","Solicita recapeamento da Rua Manaus, cujos moradores reivindicam a obra reiteradamente há tempos.",,,,,Pendente de Análise,"Data da sessão conforme mencionada no texto da transcrição (véspera da data do nome do arquivo, que corresponde ao dia da postagem/upload)."
2124-IND-323,Indicação,187,2023,113ª Sessão Ordinária da 18ª Legislatura,2023-09-25,Reinaldo Codognato,"Solicita irrigação das estradas de terra próximas a loteamentos rurais durante períodos de estiagem, com frequência mínima de duas vezes ao dia, para reduzir poeira e ressecamento do solo.",,,,,Pendente de Análise,"Data da sessão conforme mencionada no texto da transcrição (véspera da data do nome do arquivo, que corresponde ao dia da postagem/upload)."
2124-IND-324,Indicação,188,2023,113ª Sessão Ordinária da 18ª Legislatura,2023-09-25,Reinaldo Codognato,"Solicita implementação de medidas de proteção (sinalização de solo ou redutor de velocidade) na Rua Florianópolis, em frente ao playground local.",,,,,Pendente de Análise,"Data da sessão conforme mencionada no texto da transcrição (véspera da data do nome do arquivo, que corresponde ao dia da postagem/upload)."
2124-IND-325,Indicação,189,2023,113ª Sessão Ordinária da 18ª Legislatura,2023-09-25,"Rui Domingos da Silva, Valdir Aparecido de Oliveira","Solicita serviços de proteção em todas as cabeceiras de pontes existentes no município, para reduzir riscos de acidentes graves, especialmente em período de chuvas (reitera indicação nº 166/2021, de mesma autoria).",,,,,Pendente de Análise,"Data da sessão conforme mencionada no texto da transcrição (véspera da data do nome do arquivo, que corresponde ao dia da postagem/upload)."
2124-IND-326,Indicação,190,2023,113ª Sessão Ordinária da 18ª Legislatura,2023-09-25,"Valdir Aparecido de Oliveira, Rui Domingos da Silva","Solicita adequação das calçadas e demais passeios públicos da cidade conforme a norma NBR 9050/04, com ênfase em parques e praças (reitera indicação nº 099/2022, de autoria de Valdir Aparecido de Oliveira).",,,,,Pendente de Análise,"Data da sessão conforme mencionada no texto da transcrição (véspera da data do nome do arquivo, que corresponde ao dia da postagem/upload)."
2124-IND-327,Indicação,191,2023,113ª Sessão Ordinária da 18ª Legislatura,2023-09-25,Valdir Aparecido de Oliveira,"Solicita ligação da Rua Láercio Sacomane (Distrito Industrial 2) com a Alameda Vista do Sol (Residencial Vale do Sol), para encurtar o trajeto de trabalhadores até a Avenida Geraldo Fundo (reitera indicação nº 182/2021, de mesma autoria).",,,,,Pendente de Análise,"Data da sessão conforme mencionada no texto da transcrição (véspera da data do nome do arquivo, que corresponde ao dia da postagem/upload)."
2124-IND-328,Indicação,192,2023,113ª Sessão Ordinária da 18ª Legislatura,2023-09-25,Teresinha de Lourdes Freitas Regodanso,"Solicita instalação de sonorizador (dispositivo de controle de velocidade, conforme Resolução nº 39 do CONTRAN) na Avenida Paulista, no trecho entre a Santa Casa e o Velório Municipal, devido ao excesso de velocidade de veículos (reitera indicação nº 076/2021, de mesma autoria).",,,,,Pendente de Análise,"Data da sessão conforme mencionada no texto da transcrição (véspera da data do nome do arquivo, que corresponde ao dia da postagem/upload)."
2124-REQ-059,Requerimento,38,2023,113ª Sessão Ordinária da 18ª Legislatura,2023-09-25,Anderson Marcos Viana,"Solicita informações sobre as causas da proliferação de roedores e outros animais nocivos à saúde pública na região das ruas Constantino Marcolino de Souza, Avenida Geraldo Fundo, Rua Lioa de Huaque e Avenida João Furini, e sobre a suspeita de envenenamento de pombos (que estaria também afetando gatos) nas áreas de escolas e do terminal rodoviário.",Diretoria de Saúde,Normal,Aprovado,,Pendente,"Data da sessão conforme mencionada no texto da transcrição (véspera da data do nome do arquivo, que corresponde ao dia da postagem/upload). Diretoria de destino inferida (controle de pragas/vigilância sanitária); poderia alternativamente ser atribuída à Diretoria de Agronegócio, Indústria, Comércio e Meio Ambiente e Gestão de Resíduos Sólidos. Aprovado por unanimidade de votos."
2124-REQ-060,Requerimento,39,2023,113ª Sessão Ordinária da 18ª Legislatura,2023-09-25,Valdir Aparecido de Oliveira,"Requerimento atípico: solicita envio de ofício parabenizando o Sr. Guilherme Piai Silva Filisola, de Presidente Prudente, por sua nomeação pelo Governo do Estado ao cargo de Secretário-Executivo da Secretaria de Agricultura e Abastecimento de São Paulo.",Secretaria de Agricultura e Abastecimento do Estado de São Paulo,Normal,Aprovado,,Pendente,"Data da sessão conforme mencionada no texto da transcrição (véspera da data do nome do arquivo, que corresponde ao dia da postagem/upload). Requerimento de caráter honorífico/protocolar (ofício de parabéns a autoridade estadual), não um pedido de informação à administração municipal; órgão externo mantido conforme nome real da entidade. Aprovado por unanimidade de votos."
2124-DEN-049,Denúncia,,2023,113ª Sessão Ordinária da 18ª Legislatura,2023-09-25,Anderson Marcos Viana,"Vereador relata que a Câmara recebeu denúncia formal (Processo nº 01/2023, encaminhado à Comissão de Obras, Serviços Públicos e Atividades Privadas, composta por Anderson Marcos Viana, Paulo Sérgio Cordeiro e Marisa Alves da Silva Costa) de possível improbidade administrativa contra o atual prefeito, envolvendo o uso de máquinas da administração municipal, com fotos anexadas como base da acusação. Processo estava em fase de investigação/apuração na data da sessão.",Prefeito Municipal,Relatada em documento/ofício,,,Pendente de Verificação,"Data da sessão conforme mencionada no texto da transcrição (véspera da data do nome do arquivo, que corresponde ao dia da postagem/upload). Denúncia mencionada também na sessão de 2023-08-29 (recebimento inicial, sem detalhes) e comentada novamente aqui com mais contexto (número do processo e natureza da acusação). Detalhes completos do que exatamente foi feito com as máquinas não foram relatados na sessão — vereador afirma que a apuração ainda estava em andamento."
2124-DEN-050,Denúncia,,2023,113ª Sessão Ordinária da 18ª Legislatura,2023-09-25,Anderson Marcos Viana,"Vereador cobra resposta a requerimento (protocolo mencionado como do início do ano) sobre o paradeiro de pedras portuguesas retiradas da Praça Álvaro Junqueira no mandato anterior, avaliadas em aproximadamente R$ 230,00 o metro quadrado (mais de três caminhões/carrinhos de pedra), sem resposta do setor responsável há cerca de quatro meses.","Diretoria de Planejamento, Obras, Serviços e Manutenção",Feita/cobrada pelo vereador,,,Pendente de Verificação,"Data da sessão conforme mencionada no texto da transcrição (véspera da data do nome do arquivo, que corresponde ao dia da postagem/upload). Vereador menciona número de protocolo do requerimento de forma pouco clara na fala (“9.048/2023” citado em sessão anterior); não localizado como requerimento numerado formal nas pautas lidas dos lotes anteriores — pode ter sido apresentado em sessão fora deste lote ou de forma avulsa/protocolar direta."
2124-IND-329,Indicação,193,2023,114ª Sessão Ordinária da 18ª Legislatura,2023-10-02,Rui Domingos da Silva,"Solicita que se estude, com carinho, a possibilidade de designar o nome do saudoso Sr. Dalsir Bozeli a uma rua da cidade, como forma de homenagear sua trajetória de décadas como comerciante (proprietário de casas de carne entre 1965 e 1995) e sua participação nas atividades religiosas da Igreja Matriz Santo Antônio de Junqueirópolis.",,,,,Pendente de Análise,"O texto da sessão menciona explicitamente a data de 2 de outubro de 2023 (114ª Sessão Ordinária), enquanto o arquivo de transcrição está nomeado como 2023-10-03 (provável upload no YouTube um dia após a sessão real). Usada a data do texto. Esta indicação foi efetivamente atendida pelo Projeto de Lei nº 58/2023, aprovado na sessão de 30/10/2023 (118ª), que renomeou a Rua 1 do Distrito Industrial 3 para Rua Dalsir Bozeli — atendimento feito por lei, não por ofício de resposta, por isso os campos oficio_resposta/status_atendimento foram mantidos nulos."
2124-IND-330,Indicação,194,2023,114ª Sessão Ordinária da 18ª Legislatura,2023-10-02,Anderson Marcos Viana,"Solicita a continuidade da construção da faixa elevada na interseção da Avenida 7 de Setembro com a Rua Quinzinho da Cunha, bem como a continuidade da construção da depressão (redutor) na Rua Professora Maria Eugênia Regasoli, no bairro Frei Galvão, visando segurança viária e prevenção de alagamentos.",,,,,Pendente de Análise,"O texto da sessão menciona explicitamente a data de 2 de outubro de 2023 (114ª Sessão Ordinária), enquanto o arquivo de transcrição está nomeado como 2023-10-03. Usada a data do texto."
2124-IND-331,Indicação,195,2023,114ª Sessão Ordinária da 18ª Legislatura,2023-10-02,Anderson Marcos Viana,"Solicita a construção de um redutor de velocidade na interseção da Rua Colômbia com a Rua Cuba, no Residencial das Américas, e sugere a instalação de alambrado no campinho de futebol construído recentemente no local, para segurança de jogadores e espectadores.",,,,,Pendente de Análise,"O texto da sessão menciona explicitamente a data de 2 de outubro de 2023 (114ª Sessão Ordinária), enquanto o arquivo de transcrição está nomeado como 2023-10-03. Usada a data do texto."
2124-IND-332,Indicação,196,2023,114ª Sessão Ordinária da 18ª Legislatura,2023-10-02,"Elio Furini Neto, Anderson Marcos Viana","Solicita melhorias na praça da Rua Internacional, no bairro Jardim Paulista: instalação de uma torneira para permitir a irrigação das árvores recém-plantadas e plantio de árvores adicionais, já que as mudas atuais correm risco de secar por falta de água.",,,,,Pendente de Análise,"O texto da sessão menciona explicitamente a data de 2 de outubro de 2023 (114ª Sessão Ordinária), enquanto o arquivo de transcrição está nomeado como 2023-10-03. Usada a data do texto."
2124-IND-333,Indicação,197,2023,114ª Sessão Ordinária da 18ª Legislatura,2023-10-02,"Elio Furini Neto, Anderson Marcos Viana","Solicita a compactação, por meio de rolo compressor, dos campos de grama natural nos bairros Residencial das Américas e Jardim Paulista, para reduzir riscos de tropeços e lesões durante a prática de atividades esportivas e recreativas.",,,,,Pendente de Análise,"O texto da sessão menciona explicitamente a data de 2 de outubro de 2023 (114ª Sessão Ordinária), enquanto o arquivo de transcrição está nomeado como 2023-10-03. Usada a data do texto."
2124-IND-334,Indicação,198,2023,114ª Sessão Ordinária da 18ª Legislatura,2023-10-02,Valdir Aparecido de Oliveira,"Solicita um ajuste no horário de trabalho da equipe de coleta seletiva da Prefeitura, em razão da exposição prolongada ao sol e ao calor excessivo enfrentados pelos coletores, que representam riscos à saúde e à segurança no trabalho.",,,,,Pendente de Análise,"O texto da sessão menciona explicitamente a data de 2 de outubro de 2023 (114ª Sessão Ordinária), enquanto o arquivo de transcrição está nomeado como 2023-10-03. Usada a data do texto."
2124-REQ-061,Requerimento,040,2023,114ª Sessão Ordinária da 18ª Legislatura,2023-10-02,Anderson Marcos Viana,Requer cópias dos contratos referentes aos shows realizados durante a ACERUVA de 2023.,"Diretoria de Licitações, Contratos e Convênios",Normal,Aprovado,219/2023,Respondido,"O ofício 219/2023, lido no expediente da sessão de 23/10/2023 (117ª), respondeu ao ofício da Câmara nº 148/2023, gerado a partir deste requerimento, encaminhando cópias dos contratos dos shows da ACERUVA 2023. O texto da sessão menciona explicitamente a data de 2 de outubro de 2023 (114ª Sessão Ordinária), enquanto o arquivo de transcrição está nomeado como 2023-10-03. Usada a data do texto."
2124-DEN-051,Denúncia,,2023,114ª Sessão Ordinária da 18ª Legislatura,2023-10-02,Elio Furini Neto,"O vereador Elio Furini Neto relatou que moradores o procuraram para relatar problemas com cães abandonados soltos nas ruas, incluindo casos concretos em que os animais morderam filhos e netos de moradores, e um relato de um parente que caiu de moto por causa de um desses animais soltos na via; o vereador cobrou providências da Prefeitura (castração, recolhimento e tratamento dos animais).",Diretoria de Saúde,Recebida pelo vereador,,,Pendente de Verificação,"O texto da sessão menciona explicitamente a data de 2 de outubro de 2023 (114ª Sessão Ordinária), enquanto o arquivo de transcrição está nomeado como 2023-10-03. Usada a data do texto."
2124-IND-335,Indicação,199,2023,115ª Sessão Ordinária da 18ª Legislatura,2023-10-09,Reinaldo Codognato,"Solicita a instalação de lixeiras e bebedouros de água na área de lazer Horácio Montrone, no bairro Jardim das Américas, recentemente inaugurada e já bastante utilizada pela população.",,,,,Pendente de Análise,"O texto da sessão menciona explicitamente a data de 9 de outubro de 2023 (115ª Sessão Ordinária), enquanto o arquivo de transcrição está nomeado como 2023-10-10. Usada a data do texto."
2124-IND-336,Indicação,200,2023,115ª Sessão Ordinária da 18ª Legislatura,2023-10-09,Sofia Rodrigues dos Santos,"Solicita a instalação de uma cabine no trator recentemente adquirido pela Prefeitura, para proteger o operador contra condições climáticas adversas (chuva, sol intenso, ventos fortes) e reduzir o desgaste do equipamento.",,,,,Pendente de Análise,"O texto da sessão menciona explicitamente a data de 9 de outubro de 2023 (115ª Sessão Ordinária), enquanto o arquivo de transcrição está nomeado como 2023-10-10. Usada a data do texto."
2124-IND-337,Indicação,201,2023,115ª Sessão Ordinária da 18ª Legislatura,2023-10-09,Valdir Aparecido de Oliveira,"Solicita a criação de uma pasta dedicada à segurança e saúde dos servidores municipais (SESMT), com recursos próprios no orçamento para capacitações, exames médicos, organização da CIPAT e aquisição de EPIs.",,,,,Pendente de Análise,"O texto da sessão menciona explicitamente a data de 9 de outubro de 2023 (115ª Sessão Ordinária), enquanto o arquivo de transcrição está nomeado como 2023-10-10. Usada a data do texto."
2124-IND-338,Indicação,202,2023,115ª Sessão Ordinária da 18ª Legislatura,2023-10-09,"Valdir Aparecido de Oliveira, Rui Domingos da Silva","Solicita a construção de recuos na estrada JQL 458, que se encontra estreita e dificulta o cruzamento de veículos de grande/médio porte, colocando em risco o transporte de matéria-prima para a usina e os ônibus escolares que trafegam pela via.",,,,,Pendente de Análise,"O texto da sessão menciona explicitamente a data de 9 de outubro de 2023 (115ª Sessão Ordinária), enquanto o arquivo de transcrição está nomeado como 2023-10-10. Usada a data do texto."
2124-REQ-062,Requerimento,041,2023,115ª Sessão Ordinária da 18ª Legislatura,2023-10-09,"Teresinha de Lourdes Freitas Regodanso, Anderson Marcos Viana, Elio Furini Neto, Marisa Alves da Silva Costa, Paulo Sérgio Cordeiro",Requer informações sobre a motivação da interrupção da troca de iluminação pública para tecnologia LED e dos serviços de recapeamento asfáltico no município.,"Diretoria de Planejamento, Obras, Serviços e Manutenção",Normal,Aprovado,230/2023,Respondido,"O ofício 230/2023, lido no expediente da sessão de 30/10/2023 (118ª), respondeu ao ofício da Câmara nº 151/2023, gerado a partir deste requerimento, informando que os serviços de LED e recapeamento não foram paralisados, mas são realizados por etapas conforme a obtenção de recursos. O texto da sessão menciona explicitamente a data de 9 de outubro de 2023 (115ª Sessão Ordinária), enquanto o arquivo está nomeado como 2023-10-10. Usada a data do texto."
2124-IND-339,Indicação,203,2023,116ª Sessão Ordinária da 18ª Legislatura,2023-10-16,Valdir Aparecido de Oliveira,"Solicita alteração da Lei Municipal nº 3.493/2022, que trata do convênio de atividade delegada com o Estado de São Paulo, para reajustar os valores da gratificação paga aos policiais militares que exercem essa atividade no município, equiparando-os aos praticados em outros municípios da região.",,,,,Pendente de Análise,"O arquivo de transcrição desta sessão (2023-10-17_sessao.txt) começa já em andamento, com a votação da ata da sessão anterior, sem abertura/chamada completa registrada — possível lacuna no início da gravação/transcrição. Além disso, o texto menciona explicitamente a data de 16 de outubro de 2023 (116ª Sessão Ordinária), enquanto o arquivo está nomeado como 2023-10-17. Usada a data do texto."
2124-IND-340,Indicação,204,2023,116ª Sessão Ordinária da 18ª Legislatura,2023-10-16,Valdir Aparecido de Oliveira,"Solicita a instalação de postes de iluminação pública na Rua Constantino Marcolino de Souza, em frente ao bairro Pioneiro, para melhorar a segurança e a qualidade de vida dos moradores.",,,,,Pendente de Análise,"O arquivo de transcrição desta sessão (2023-10-17_sessao.txt) começa já em andamento, sem abertura/chamada completa registrada — possível lacuna no início. O texto menciona explicitamente a data de 16 de outubro de 2023, enquanto o arquivo está nomeado como 2023-10-17. Usada a data do texto."
2124-IND-341,Indicação,205,2023,116ª Sessão Ordinária da 18ª Legislatura,2023-10-16,"Teresinha de Lourdes Freitas Regodanso, Rui Domingos da Silva","Solicita, reforçando a indicação nº 28/2021, a construção, aluguel ou aquisição de um prédio para instalação de uma creche municipal do idoso, destinada a famílias que não têm onde deixar o idoso durante o período de trabalho.",,,,,Pendente de Análise,"O arquivo de transcrição desta sessão (2023-10-17_sessao.txt) começa já em andamento, sem abertura/chamada completa registrada — possível lacuna no início. O texto menciona explicitamente a data de 16 de outubro de 2023, enquanto o arquivo está nomeado como 2023-10-17. Usada a data do texto."
2124-IND-342,Indicação,206,2023,116ª Sessão Ordinária da 18ª Legislatura,2023-10-16,Elio Furini Neto,"Solicita a instituição do programa Praça Segura, com instalação de câmeras de videomonitoramento nas praças públicas do município e placas informando sobre o monitoramento, para preservar a segurança da população e do patrimônio municipal.",,,,,Pendente de Análise,"O arquivo de transcrição desta sessão (2023-10-17_sessao.txt) começa já em andamento, sem abertura/chamada completa registrada — possível lacuna no início. O texto menciona explicitamente a data de 16 de outubro de 2023, enquanto o arquivo está nomeado como 2023-10-17. Usada a data do texto."
2124-IND-343,Indicação,207,2023,117ª Sessão Ordinária da 18ª Legislatura,2023-10-23,"Valdir Aparecido de Oliveira, Reinaldo Codognato, Marisa Alves da Silva Costa, Anderson Marcos Viana, Elio Furini Neto, Paulo Sérgio Cordeiro, Rui Domingos da Silva, Sofia Rodrigues dos Santos, Teresinha de Lourdes Freitas Regodanso","Propõe a concessão de reajuste salarial anual de 12% para os servidores públicos municipais do Executivo e Legislativo (exceto agentes políticos), a contar de 1º de janeiro de 2024, e a concessão de ticket alimentação no valor de R$ 900, com base na reposição da inflação prevista (IPCA) e de perdas salariais acumuladas desde a pandemia.",,,,,Pendente de Análise,"Indicação assinada por todos os vereadores da Casa, de autoria do vereador Elio Furini Neto (tradição anual da legislatura, repetida em 2021, 2022 e 2023, próxima ao Dia do Servidor). Há divergência na transcrição quanto ao valor do ticket alimentação: o expediente e o texto integral da indicação mencionam R$ 900, mas na fala do próprio autor mais adiante na sessão ele se refere a 'esse valor de R$100 do ticket'; mantido R$ 900 por constar assim no texto formal lido em plenário. O texto também menciona explicitamente a data de 23 de outubro de 2023 (117ª Sessão Ordinária), enquanto o arquivo está nomeado como 2023-10-24. Usada a data do texto."
2124-IND-344,Indicação,208,2023,117ª Sessão Ordinária da 18ª Legislatura,2023-10-23,Valdir Aparecido de Oliveira,"Solicita a instalação de sistemas de ar-condicionado nos ônibus de transporte escolar, para maior conforto e bem-estar de estudantes e motoristas durante o trajeto.",,,,,Pendente de Análise,"O texto da sessão menciona explicitamente a data de 23 de outubro de 2023 (117ª Sessão Ordinária), enquanto o arquivo está nomeado como 2023-10-24. Usada a data do texto."
2124-IND-345,Indicação,209,2023,117ª Sessão Ordinária da 18ª Legislatura,2023-10-23,Valdir Aparecido de Oliveira,"Solicita melhorias na estrada rural JQL 050, que liga Junqueirópolis ao Rio do Peixe e às cidades de Ribeirão dos Índios e Emilianópolis, com aplicação de cascalho em trechos, aproveitando o período de estiagem para preparar a via antes das chuvas.",,,,,Pendente de Análise,"O texto da sessão menciona explicitamente a data de 23 de outubro de 2023 (117ª Sessão Ordinária), enquanto o arquivo está nomeado como 2023-10-24. Usada a data do texto."
2124-IND-346,Indicação,210,2023,117ª Sessão Ordinária da 18ª Legislatura,2023-10-23,Anderson Marcos Viana,"Solicita, reforçando a indicação nº 054/2022, o aproveitamento da água que jorra da bica no bairro Vila Beatriz, para uso por caminhões-pipa, usinas e o Corpo de Bombeiros de Dracena, preservando a água tratada exclusivamente para consumo humano.",,,,,Pendente de Análise,"O texto da sessão menciona explicitamente a data de 23 de outubro de 2023 (117ª Sessão Ordinária), enquanto o arquivo está nomeado como 2023-10-24. Usada a data do texto."
2124-IND-347,Indicação,211,2023,117ª Sessão Ordinária da 18ª Legislatura,2023-10-23,Anderson Marcos Viana,"Solicita, reforçando a indicação nº 124/2022, a reconstrução do muro que cercava o poço artesiano da Rua Independência, entre a Rua Curitiba e a Avenida Bandeirantes, para evitar uso indevido do local (consumo de drogas, vandalismo, atos libidinosos) e possível contaminação da água consumida pela população.",,,,,Pendente de Análise,"O texto da sessão menciona explicitamente a data de 23 de outubro de 2023 (117ª Sessão Ordinária), enquanto o arquivo está nomeado como 2023-10-24. Usada a data do texto."
2124-IND-348,Indicação,212,2023,117ª Sessão Ordinária da 18ª Legislatura,2023-10-23,Sofia Rodrigues dos Santos,"Solicita a disponibilização de acesso à internet na Casa do Artesanato do município, para permitir a divulgação e comercialização online dos trabalhos das artesãs locais.",,,,,Pendente de Análise,"O texto da sessão menciona explicitamente a data de 23 de outubro de 2023 (117ª Sessão Ordinária), enquanto o arquivo está nomeado como 2023-10-24. Usada a data do texto."
2124-IND-349,Indicação,213,2023,117ª Sessão Ordinária da 18ª Legislatura,2023-10-23,Teresinha de Lourdes Freitas Regodanso,"Solicita a implementação de climatizadores nos pátios dos refeitórios dos Centros Educacionais Infantis (CEIs) do município, para conforto térmico das crianças durante o calor intenso e para viabilizar atividades ao ar livre com mais regularidade.",,,,,Pendente de Análise,"O texto da sessão menciona explicitamente a data de 23 de outubro de 2023 (117ª Sessão Ordinária), enquanto o arquivo está nomeado como 2023-10-24. Usada a data do texto."
2124-REQ-063,Requerimento,042,2023,117ª Sessão Ordinária da 18ª Legislatura,2023-10-23,Elio Furini Neto,"Requer informações sobre o pagamento do piso salarial nacional de enfermeiros, técnicos e auxiliares de enfermagem e parteiras, referente aos meses de setembro e outubro de 2023.",Diretoria de Saúde,Normal,Aprovado,,Pendente,"O texto da sessão menciona explicitamente a data de 23 de outubro de 2023 (117ª Sessão Ordinária), enquanto o arquivo está nomeado como 2023-10-24. Usada a data do texto."
2124-REQ-064,Requerimento,043,2023,117ª Sessão Ordinária da 18ª Legislatura,2023-10-23,Valdir Aparecido de Oliveira,Requer informações sobre o andamento das obras de reconstrução da ponte da estrada que conecta o bairro Segunda Sessão aos municípios de Junqueirópolis e Dracena.,"Diretoria de Planejamento, Obras, Serviços e Manutenção",Normal,Aprovado,,Pendente,"O texto da sessão menciona explicitamente a data de 23 de outubro de 2023 (117ª Sessão Ordinária), enquanto o arquivo está nomeado como 2023-10-24. Usada a data do texto."
2124-REQ-065,Requerimento,044,2023,117ª Sessão Ordinária da 18ª Legislatura,2023-10-23,Anderson Marcos Viana,Requer informações sobre os motivos pelos quais a Prefeitura não formalizou convênio/contrato com a Companhia de Desenvolvimento Habitacional e Urbano (CDHU) para construção de casas populares destinadas à população de baixa renda do município.,"Diretoria Jurídica, Habitação e de Trânsito",Normal,Aprovado,,Pendente,"O texto da sessão menciona explicitamente a data de 23 de outubro de 2023 (117ª Sessão Ordinária), enquanto o arquivo está nomeado como 2023-10-24. Usada a data do texto."
2124-DEN-052,Denúncia,,2023,117ª Sessão Ordinária da 18ª Legislatura,2023-10-23,Anderson Marcos Viana,"O vereador Anderson Marcos Viana relatou a circulação, nas redes sociais, de um edital falso ('fake news') de concurso público da Prefeitura, reproduzindo timbre, CNPJ e marca d'água oficiais do município, o que gerou pânico e confusão na população; cobrou da administração a apuração do caso e a abertura de boletim de ocorrência.",Diretoria Administrativa,Feita/cobrada pelo vereador,,,Pendente de Verificação,"O texto da sessão menciona explicitamente a data de 23 de outubro de 2023 (117ª Sessão Ordinária), enquanto o arquivo está nomeado como 2023-10-24. Usada a data do texto."
2124-IND-350,Indicação,214,2023,118ª Sessão Ordinária da 18ª Legislatura,2023-10-30,Valdir Aparecido de Oliveira,"Solicita a construção de uma canaleta no cruzamento da Rua Professora Maria Eugênia Regasoli com a Alameda Campos Elísios, no bairro Campo Belo, para direcionar o escoamento de águas pluviais e reduzir riscos de deslizamentos e acidentes de trânsito.",,,,,Pendente de Análise,"O texto da sessão menciona explicitamente a data de 30 de outubro de 2023 (118ª Sessão Ordinária), enquanto o arquivo está nomeado como 2023-10-31. Usada a data do texto."
2124-IND-351,Indicação,215,2023,118ª Sessão Ordinária da 18ª Legislatura,2023-10-30,Reinaldo Codognato,"Solicita a promoção de campeonatos anuais de skate e judô, com a renda gerada revertida para a melhoria da pista de skate e para a Academia de Judô Municipal.",,,,,Pendente de Análise,"O texto da sessão menciona explicitamente a data de 30 de outubro de 2023 (118ª Sessão Ordinária), enquanto o arquivo está nomeado como 2023-10-31. Usada a data do texto."
2124-REQ-066,Requerimento,045,2023,118ª Sessão Ordinária da 18ª Legislatura,2023-10-30,Anderson Marcos Viana,"Requer informações sobre o montante de recursos públicos investidos na ACERUVA 2023 e sobre a destinação de eventuais sobras de valores, conforme estabelecido na Lei Municipal nº 3.610, de 30 de junho de 2023.","Diretoria de Fazenda, Compras, Almoxarifado e Recursos Humanos",Normal,Aprovado,,Pendente,"O texto da sessão menciona explicitamente a data de 30 de outubro de 2023 (118ª Sessão Ordinária), enquanto o arquivo está nomeado como 2023-10-31. Usada a data do texto."
2124-REQ-067,Requerimento,046,2023,118ª Sessão Ordinária da 18ª Legislatura,2023-10-30,Elio Furini Neto,"Requer informações sobre o andamento da instalação de iluminação no complexo esportivo em construção no bairro Vila Beatriz, objeto da indicação nº 101/2023, de autoria dos vereadores Elio Furini Neto e Anderson Marcos Viana.","Diretoria de Planejamento, Obras, Serviços e Manutenção",Normal,Aprovado,,Pendente,"O texto da sessão menciona explicitamente a data de 30 de outubro de 2023 (118ª Sessão Ordinária), enquanto o arquivo está nomeado como 2023-10-31. Usada a data do texto."
2124-DEN-053,Denúncia,,2023,118ª Sessão Ordinária da 18ª Legislatura,2023-10-30,Anderson Marcos Viana,"O vereador Anderson Marcos Viana cobrou explicações sobre reportagem do portal G1 apontando a presença de 27 tipos de agrotóxicos na água distribuída em Junqueirópolis, contrastando com resposta anterior da administração a uma indicação sua de 2021 (nº 193/2021) que classificava a água como adequada; o presidente da Câmara informou que a indicação seria renovada, solicitando nova análise microbiológica, física e química da água.",Diretoria de Saúde,Feita/cobrada pelo vereador,,,Pendente de Verificação,"O texto da sessão menciona explicitamente a data de 30 de outubro de 2023 (118ª Sessão Ordinária), enquanto o arquivo está nomeado como 2023-10-31. Usada a data do texto."
2124-DEN-054,Denúncia,,2023,118ª Sessão Ordinária da 18ª Legislatura,2023-10-30,Anderson Marcos Viana,"O vereador Anderson Marcos Viana relatou que, no incêndio de uma residência ocorrido na sexta-feira anterior, a Defesa Civil não compareceu ao local durante todo o atendimento, apesar da presença de bombeiros, PM e assistência social; criticou o fato de o mesmo secretário de Obras acumular a presidência da Defesa Civil, apontando conflito de interesse em eventuais apurações de falhas relacionadas a obras públicas.","Diretoria de Planejamento, Obras, Serviços e Manutenção",Feita/cobrada pelo vereador,,,Pendente de Verificação,"O texto da sessão menciona explicitamente a data de 30 de outubro de 2023 (118ª Sessão Ordinária), enquanto o arquivo está nomeado como 2023-10-31. Usada a data do texto."
2124-IND-352,Indicação,216,2023,119ª Sessão Ordinária da 18ª Legislatura,2023-11-06,"Anderson Marcos Viana, Elio Furini Neto, Marisa Alves da Silva Costa, Paulo Sérgio Cordeiro, Teresinha de Lourdes Freitas Regodanso, Valdir Aparecido de Oliveira","Solicita análise aprofundada do sistema de abastecimento de água do município, após dados de 2022 do Painel do Programa Nacional de Vigilância da Qualidade da Água (Ministério da Saúde) apontarem a presença de 27 agrotóxicos na rede de abastecimento.",,,,,Pendente de Análise,"O arquivo de origem é '2023-11-07_sessao.txt', mas o texto da sessão (lido e repetido em todas as indicações) menciona explicitamente a data de 6 de novembro de 2023 como data da sessão (confirmado também pelo encerramento da sessão anterior, que anunciava a próxima para o dia 6/11). Usei a data do texto."
2124-IND-353,Indicação,217,2023,119ª Sessão Ordinária da 18ª Legislatura,2023-11-06,Anderson Marcos Viana,"Solicita implementação de dispositivos redutores de velocidade em pontos estratégicos da vicinal que liga Junqueirópolis a Dracena, nas proximidades do condomínio Recanto dos Eucaliptus, visando maior segurança viária.",,,,,Pendente de Análise,Mesma observação sobre a data da sessão (texto indica 6/11/2023; arquivo nomeado 2023-11-07).
2124-IND-354,Indicação,218,2023,119ª Sessão Ordinária da 18ª Legislatura,2023-11-06,"Anderson Marcos Viana, Valdir Aparecido de Oliveira","Solicita retomada da divulgação de boletins informativos sobre a evolução dos casos de Covid-19 no município, diante de relatos de aumento na situação.",,,,,Pendente de Análise,Mesma observação sobre a data da sessão (texto indica 6/11/2023; arquivo nomeado 2023-11-07).
2124-REQ-068,Requerimento,047,2023,119ª Sessão Ordinária da 18ª Legislatura,2023-11-07,Anderson Marcos Viana,"Requer o envio de ofício ao prefeito municipal solicitando informações sobre a atual indisponibilidade de pediatras no município, tendo em vista que crianças que necessitam de atendimento estão sendo transferidas para Presidente Prudente.",Diretoria de Saúde,Normal,Aprovado,,Pendente,"O texto da sessão menciona explicitamente a data de 6 de novembro de 2023 (119ª Sessão Ordinária, realizada em 6/11), enquanto o arquivo de transcrição está nomeado como 2023-11-07. Usada a data do texto (6/11)."
2124-IND-355,Indicação,219,2023,120ª Sessão Ordinária da 18ª Legislatura,2023-11-13,Reinaldo Codognato,"Solicita manutenção nas bocas de lobo dos bairros residenciais, com atenção especial ao bairro Figueira, diante da chegada do período chuvoso, para prevenir alagamentos.",,,,,Pendente de Análise,"Arquivo nomeado 2023-11-14, mas o texto (lido em todas as indicações e confirmado pela ata da sessão anterior) indica 13 de novembro de 2023 como data da sessão. Usei a data do texto."
2124-IND-356,Indicação,220,2023,120ª Sessão Ordinária da 18ª Legislatura,2023-11-13,Reinaldo Codognato,"Solicita plantio de árvores frutíferas no bairro Vila Beatriz, no entorno do complexo esportivo Joaquina Porto Clemente.",,,,,Pendente de Análise,Mesma observação sobre a data da sessão (texto indica 13/11/2023; arquivo nomeado 2023-11-14).
2124-IND-357,Indicação,221,2023,120ª Sessão Ordinária da 18ª Legislatura,2023-11-13,Reinaldo Codognato,"Solicita recapeamento de trechos da Rua Rui Barbosa, entre a Rua Porto Alegre e a Avenida Latina, via de intenso tráfego no comércio central da cidade.",,,,,Pendente de Análise,Mesma observação sobre a data da sessão (texto indica 13/11/2023; arquivo nomeado 2023-11-14).
2124-IND-358,Indicação,222,2023,120ª Sessão Ordinária da 18ª Legislatura,2023-11-13,Anderson Marcos Viana,"Solicita levantamento da quantidade de moradias do conjunto habitacional Residencial das Américas (CDHU) que permanecem fechadas, visando identificar problemas de ocupação e utilização.",,,,,Pendente de Análise,Mesma observação sobre a data da sessão (texto indica 13/11/2023; arquivo nomeado 2023-11-14).
2124-IND-359,Indicação,223,2023,120ª Sessão Ordinária da 18ª Legislatura,2023-11-13,Anderson Marcos Viana,"Solicita a remoção da árvore morta e seca no cruzamento das Ruas Recife e Ipiranga (próxima a campo de futebol frequentado por crianças) e de outra árvore no mesmo estado no cruzamento das ruas Rua Gonçalo Walderramos Dearo e Tiradentes, por risco de queda.",,,,,Pendente de Análise,"Mesma observação sobre a data da sessão (texto indica 13/11/2023; arquivo nomeado 2023-11-14). Além disso, o nome de rua 'Gonçalo Walderramos Dearo' soa como possível erro de transcrição, não foi possível confirmar a grafia correta pelo contexto."
2124-IND-360,Indicação,224,2023,120ª Sessão Ordinária da 18ª Legislatura,2023-11-13,"Valdir Aparecido de Oliveira, Reinaldo Codognato, Marisa Alves da Silva Costa, Anderson Marcos Viana, Elio Furini Neto, Paulo Sérgio Cordeiro, Rui Domingos da Silva, Sofia Rodrigues dos Santos, Teresinha de Lourdes Freitas Regodanso","Reforçando as indicações 108/2021 e 148/2022, solicita limpeza das lagoas de tratamento de esgoto do Matadouro e principalmente do Carreiro, devido a questões de saúde pública e mau cheiro que afetam os bairros adjacentes.",,,,,Pendente de Análise,Mesma observação sobre a data da sessão (texto indica 13/11/2023; arquivo nomeado 2023-11-14). Assinada por todos os nove vereadores da legislatura.
2124-IND-361,Indicação,225,2023,120ª Sessão Ordinária da 18ª Legislatura,2023-11-13,Valdir Aparecido de Oliveira,"Solicita poda de árvores na Rua Laércio Sacomani, no bairro Distrito Industrial 2, para prevenir acidentes com queda de galhos e melhorar a iluminação pública.",,,,,Pendente de Análise,Mesma observação sobre a data da sessão (texto indica 13/11/2023; arquivo nomeado 2023-11-14). Nome da rua transcrito de forma inconsistente no texto ('Laércio Sacomani' e 'Laércio Sacomani'); usei a grafia que pareceu mais provável.
2124-REQ-069,Requerimento,048,2023,120ª Sessão Ordinária da 18ª Legislatura,2023-11-14,Anderson Marcos Viana,"Requer o envio de ofício à Companhia de Desenvolvimento Habitacional e Urbano do Estado de São Paulo (CDHU) para que informe se possui convênios ou contratos formalizados com o município destinados à construção de novas casas populares para a população de baixa renda, bem como a data de assinatura do último convênio firmado.",Companhia de Desenvolvimento Habitacional e Urbano do Estado de São Paulo (CDHU),Normal,Aprovado,235/2023,Respondido de forma insatisfatória,"O ofício 235/2023, lido na própria sessão de 13/11/2023, respondeu informando sobre a solicitação à Secretaria de Habitação em 2021 e o loteamento Ville Liberta (Minha Casa Minha Vida). Na sessão seguinte (121ª, 21/11/2023) o vereador Anderson Marcos Viana reclamou explicitamente que a resposta 'não tem nada a ver' com o que foi perguntado (convênio CDHU para casas populares, distinto do programa Minha Casa Minha Vida). O texto da sessão menciona a data de 13/11/2023 (120ª Sessão Ordinária), enquanto o arquivo está nomeado como 2023-11-14. Usada a data do texto."
2124-REQ-070,Requerimento,049,2023,120ª Sessão Ordinária da 18ª Legislatura,2023-11-14,"Elio Furini Neto, Anderson Marcos Viana, Valdir Aparecido de Oliveira","Requer o envio de ofício ao prefeito municipal solicitando esclarecimentos sobre os motivos que levaram à realização de novo recapeamento asfáltico na Avenida Junqueira, considerando que a via havia passado por esse processo recentemente.","Diretoria de Planejamento, Obras, Serviços e Manutenção",Normal,Aprovado,,Pendente,"O texto da sessão menciona a data de 13/11/2023 (120ª Sessão Ordinária), enquanto o arquivo está nomeado como 2023-11-14. Usada a data do texto."
2124-IND-362,Indicação,226,2023,121ª Sessão Ordinária da 18ª Legislatura,2023-11-21,"Anderson Marcos Viana, Elio Furini Neto, Paulo Sérgio Cordeiro, Marisa Alves da Silva Costa, Teresinha de Lourdes Freitas Regodanso","Solicita flexibilização do horário de trabalho de trabalhadores expostos a longos períodos de sol (agentes comunitários de saúde, braçais, encanadores, serviços gerais), diante do calor intenso (até 40°C) e do risco à saúde, incluindo câncer de pele.",,,,,Pendente de Análise,"Arquivo nomeado 2023-11-22, mas o texto indica 21 de novembro de 2023 como data da sessão. Usei a data do texto."
2124-IND-363,Indicação,227,2023,121ª Sessão Ordinária da 18ª Legislatura,2023-11-21,Anderson Marcos Viana,"Solicita redução da distância mínima para acesso ao transporte escolar de 1.500 metros para 1.200 metros, considerando a exposição de crianças à chuva e ao calor extremo no trajeto a pé.",,,,,Pendente de Análise,Mesma observação sobre a data da sessão (texto indica 21/11/2023; arquivo nomeado 2023-11-22).
2124-IND-364,Indicação,228,2023,121ª Sessão Ordinária da 18ª Legislatura,2023-11-21,Anderson Marcos Viana,"Solicita continuidade do projeto de ampliação do Centro Educacional Infantil (CEI) do Cristo Redentor, diante do aumento da demanda por vagas na região.",,,,,Pendente de Análise,Mesma observação sobre a data da sessão (texto indica 21/11/2023; arquivo nomeado 2023-11-22).
2124-IND-365,Indicação,229,2023,121ª Sessão Ordinária da 18ª Legislatura,2023-11-21,Anderson Marcos Viana,"Solicita implementação de faixas de pedestres nos cruzamentos da Rua Bandeirantes com a Rua Sebastiana de Oliveira e da Rua Curitiba com a Rua Sebastiana de Oliveira, devido ao intenso fluxo de veículos.",,,,,Pendente de Análise,Mesma observação sobre a data da sessão (texto indica 21/11/2023; arquivo nomeado 2023-11-22).
2124-IND-366,Indicação,230,2023,121ª Sessão Ordinária da 18ª Legislatura,2023-11-21,Valdir Aparecido de Oliveira,"Solicita poda de árvores nos canteiros centrais da Avenida 7 de Setembro (galhos obstruindo a visibilidade dos motoristas) e substituição das lâmpadas dos postes por tecnologia LED, visando segurança viária e embelezamento no período natalino.",,,,,Pendente de Análise,Mesma observação sobre a data da sessão (texto indica 21/11/2023; arquivo nomeado 2023-11-22).
2124-REQ-071,Requerimento,050,2023,121ª Sessão Ordinária da 18ª Legislatura,2023-11-22,Anderson Marcos Viana,"Requer o envio de ofício ao prefeito municipal solicitando esclarecimento sobre o destino das pedras portuguesas removidas da Praça Central Álvaro de Oliveira Junqueira durante sua reforma, que estavam armazenadas nas proximidades do campinho do bairro Duas Barras até o final de 2022 e desapareceram até 1º de julho de 2023.","Diretoria de Planejamento, Obras, Serviços e Manutenção",Normal,Aprovado,264/2023,Respondido de forma insatisfatória,"O ofício 264/2023 (lido na sessão de 11/12/2023, referente ao ofício da Câmara nº 185/2023) informou apenas que 'as pedras foram retiradas pela gestão anterior' e que o setor 'não conhece' o assunto, sem informar o destino/paradeiro. O vereador Anderson Marcos Viana classificou a resposta como insuficiente e insistiu no pedido nas sessões seguintes, chegando a mencionar a possibilidade de impetrar mandado de segurança. Ver também denúncia relacionada no arquivo de denúncias. O texto da sessão menciona a data de 21/11/2023 (121ª Sessão Ordinária), enquanto o arquivo está nomeado como 2023-11-22. Usada a data do texto."
2124-REQ-072,Requerimento,051,2023,121ª Sessão Ordinária da 18ª Legislatura,2023-11-22,Anderson Marcos Viana,"Requer o envio de ofício à Diretoria de Ensino - Região de Adamantina solicitando informações sobre a viabilidade de providenciar a aquisição de ar-condicionado, a manutenção dos equipamentos já instalados nas unidades de ensino, bem como a manutenção dos ventiladores da Escola Estadual Escola Profº Idene Rodrigues dos Santos.",Diretoria de Ensino - Região de Adamantina (órgão estadual),Normal,Aprovado,,Pendente,"O texto da sessão menciona a data de 21/11/2023 (121ª Sessão Ordinária), enquanto o arquivo está nomeado como 2023-11-22. Usada a data do texto."
2124-IND-367,Indicação,231,2023,122ª Sessão Ordinária da 18ª Legislatura,2023-11-27,Valdir Aparecido de Oliveira,"Solicita poda dos eucaliptos remanescentes na área verde do bairro Pioneiros (ruas Hermínio Grespan e Antônio Cabreira Reis), que apresentam risco às residências vizinhas em temporais e ventanias.",,,,,Pendente de Análise,"Arquivo nomeado 2023-11-28, mas o texto indica 27 de novembro de 2023 como data da sessão. Usei a data do texto."
2124-IND-368,Indicação,232,2023,122ª Sessão Ordinária da 18ª Legislatura,2023-11-27,Valdir Aparecido de Oliveira,"Solicita instalação de uma farmácia no pronto-socorro municipal, para disponibilizar prontamente medicamentos aos pacientes atendidos no local.",,,,,Pendente de Análise,Mesma observação sobre a data da sessão (texto indica 27/11/2023; arquivo nomeado 2023-11-28).
2124-IND-369,Indicação,233,2023,122ª Sessão Ordinária da 18ª Legislatura,2023-11-27,Valdir Aparecido de Oliveira,"Solicita replanejamento dos locais de espera para pacientes que viajam a outras cidades para tratamento médico, aproveitando os pontos de ônibus já existentes no município para reduzir os deslocamentos.",,,,,Pendente de Análise,Mesma observação sobre a data da sessão (texto indica 27/11/2023; arquivo nomeado 2023-11-28).
2124-IND-370,Indicação,234,2023,122ª Sessão Ordinária da 18ª Legislatura,2023-11-27,Rui Domingos da Silva,"Solicita inclusão de mais um médico no pronto-socorro municipal nos horários de maior demanda, para reduzir o tempo de espera dos pacientes.",,,,,Pendente de Análise,Mesma observação sobre a data da sessão (texto indica 27/11/2023; arquivo nomeado 2023-11-28).
2124-REQ-073,Requerimento,052,2023,122ª Sessão Ordinária da 18ª Legislatura,2023-11-28,Paulo Sérgio Cordeiro,"Requer o envio de ofício ao prefeito municipal solicitando complementação das informações fornecidas no requerimento nº 32/2023, especificamente sobre o conteúdo e os custos do outdoor situado no cruzamento das avenidas 7 de Setembro/Geraldo Fudo e do outdoor localizado no Distrito Industrial 4, além de informações sobre os carros de som que circulam pela cidade anunciando serviços da Prefeitura, incluindo custos e período de veiculação.",Diretoria Administrativa,Normal,Aprovado,,Pendente,"O texto da sessão menciona a data de 27/11/2023 (122ª Sessão Ordinária), enquanto o arquivo está nomeado como 2023-11-28. Usada a data do texto. Trata-se de complemento ao requerimento nº 32/2023 (não incluído neste lote)."
2124-DEN-055,Denúncia,,2023,122ª Sessão Ordinária da 18ª Legislatura,2023-11-28,Anderson Marcos Viana,"O vereador Anderson Marcos Viana relatou o caso concreto de moradores contemplados com casas populares pela CDHU que, durante atendimento da unidade móvel da CDHU na cidade, descobriram que já haviam quitado o financiamento havia até dois anos e continuaram recebendo e pagando carnês normalmente, sem que o sistema tivesse registrado a quitação; cobrou explicações de quem seria o responsável por essa falha de controle.","Diretoria Jurídica, Habitação e de Trânsito",Recebida pelo vereador,,,Pendente de Verificação,"O texto da sessão menciona a data de 27/11/2023 (122ª Sessão Ordinária), enquanto o arquivo está nomeado como 2023-11-28. Usada a data do texto. Caso relatado durante atendimento da CDHU móvel realizado no sábado anterior à sessão."
2124-DEN-056,Denúncia,,2023,122ª Sessão Ordinária da 18ª Legislatura,2023-11-28,Anderson Marcos Viana,"O vereador Anderson Marcos Viana denunciou o estado de abandono do Parque Ecológico, citando o exemplo concreto do piso do campinho de vôlei/areia, hoje coberto por terra dura e murundus, canos de PVC quebrados representando risco de acidente, grama invadindo a quadra e rede esportiva deteriorada; relatou que, na falta de resposta da administração, chegou a custear pessoalmente (via doador) um caminhão de areia para o local e se ofereceu a doar outro.","Diretoria de Planejamento, Obras, Serviços e Manutenção",Feita/cobrada pelo vereador,,,Pendente de Verificação,"O texto da sessão menciona a data de 27/11/2023 (122ª Sessão Ordinária), enquanto o arquivo está nomeado como 2023-11-28. Usada a data do texto."
2124-IND-371,Indicação,235,2023,123ª Sessão Ordinária da 18ª Legislatura,2023-12-04,Anderson Marcos Viana,"Solicita concessão de bonificação extra (por exemplo, em forma de ticket) aos servidores municipais no mês de dezembro, como reconhecimento pelo trabalho realizado ao longo do ano.",,,,,Pendente de Análise,"Arquivo nomeado 2023-12-05, mas o texto indica 4 de dezembro de 2023 como data da sessão. Usei a data do texto."
2124-IND-372,Indicação,236,2023,123ª Sessão Ordinária da 18ª Legislatura,2023-12-04,Anderson Marcos Viana,"Solicita aquisição de um micro-ônibus com recursos próprios para o setor da saúde, devido ao desgaste e à ineficiência da atual frota de veículos.",,,,,Pendente de Análise,Mesma observação sobre a data da sessão (texto indica 4/12/2023; arquivo nomeado 2023-12-05).
2124-IND-373,Indicação,237,2023,123ª Sessão Ordinária da 18ª Legislatura,2023-12-04,Anderson Marcos Viana,"Solicita restauração da estrada municipal do bairro Juriti, com pontos afunilados e bambus obstruindo a visibilidade, representando risco à segurança viária.",,,,,Pendente de Análise,Mesma observação sobre a data da sessão (texto indica 4/12/2023; arquivo nomeado 2023-12-05).
2124-IND-374,Indicação,238,2023,123ª Sessão Ordinária da 18ª Legislatura,2023-12-04,Anderson Marcos Viana,"Solicita promoção de festividades de fim de ano na Praça do Centenário, resgatando a tradição realizada em anos anteriores, diante da demanda da população por eventos de integração social.",,,,,Pendente de Análise,Mesma observação sobre a data da sessão (texto indica 4/12/2023; arquivo nomeado 2023-12-05).
2124-IND-375,Indicação,239,2023,123ª Sessão Ordinária da 18ª Legislatura,2023-12-04,"Elio Furini Neto, Anderson Marcos Viana, Teresinha de Lourdes Freitas Regodanso, Paulo Sérgio Cordeiro, Valdir Aparecido de Oliveira","Reforçando a indicação 28/2022, solicita instituição de auxílio municipal oncológico para fornecimento de alimentos naturais e saudáveis a pacientes em tratamento de quimioterapia, radioterapia ou outros tratamentos oncológicos, para manutenção da imunidade.",,,,,Pendente de Análise,Mesma observação sobre a data da sessão (texto indica 4/12/2023; arquivo nomeado 2023-12-05).
2124-IND-376,Indicação,240,2023,123ª Sessão Ordinária da 18ª Legislatura,2023-12-04,"Elio Furini Neto, Anderson Marcos Viana","Reforçando a indicação 113/2022, solicita manutenção do ginásio de esportes Cícero Gomes (piso, iluminação, troca das redes laterais e retirada de grades nas proximidades da quadra), visando o campeonato de férias de 2024.",,,,,Pendente de Análise,Mesma observação sobre a data da sessão (texto indica 4/12/2023; arquivo nomeado 2023-12-05).
2124-IND-377,Indicação,241,2023,123ª Sessão Ordinária da 18ª Legislatura,2023-12-04,"Elio Furini Neto, Anderson Marcos Viana, Valdir Aparecido de Oliveira","Reforçando a indicação 98/2022, solicita instalação de academia ao ar livre no bairro Duas Barras, com o nome da pioneira Sandra Gonçalves Amaral, além de bebedouro de água potável, reforma dos banheiros públicos e pavimentação de cerca de 200 metros de acesso.",,,,,Pendente de Análise,Mesma observação sobre a data da sessão (texto indica 4/12/2023; arquivo nomeado 2023-12-05).
2124-IND-378,Indicação,242,2023,123ª Sessão Ordinária da 18ª Legislatura,2023-12-04,Anderson Marcos Viana,Solicita parceria com a Associação Comercial para contratação de um vigilante/guarda noturno destinado a zelar pela segurança do comércio local.,,,,,Pendente de Análise,Mesma observação sobre a data da sessão (texto indica 4/12/2023; arquivo nomeado 2023-12-05).
2124-IND-379,Indicação,243,2023,123ª Sessão Ordinária da 18ª Legislatura,2023-12-04,Reinaldo Codognato,"Solicita manutenção nos 'bigodes' (drenagem lateral) das estradas rurais, priorizando mão de obra manual nos trechos críticos durante o período chuvoso, como forma de economizar horas-máquina.",,,,,Pendente de Análise,Mesma observação sobre a data da sessão (texto indica 4/12/2023; arquivo nomeado 2023-12-05).
2124-REQ-074,Requerimento,053,2023,123ª Sessão Ordinária da 18ª Legislatura,2023-12-05,Anderson Marcos Viana,"Requer o envio de ofício ao prefeito municipal solicitando cópias dos atos que formalizam o convênio firmado entre a Defesa Civil do Estado de São Paulo e o município, objetivando a transferência de equipamentos para ações de proteção e defesa civil.","Diretoria Jurídica, Habitação e de Trânsito",Normal,Aprovado,263/2023,Respondido,"O ofício 263/2023, lido na sessão de 11/12/2023 (referente ao ofício da Câmara nº 162/2023), informou que o projeto já havia sido elaborado e encaminhado à Defesa Civil do Estado, aguardando vistoria e posterior assinatura de convênio. O texto da sessão menciona a data de 4/12/2023 (123ª Sessão Ordinária), enquanto o arquivo está nomeado como 2023-12-05. Usada a data do texto."
2124-DEN-057,Denúncia,,2023,123ª Sessão Ordinária da 18ª Legislatura,2023-12-05,Anderson Marcos Viana,"O vereador Anderson Marcos Viana relatou o caso concreto de uma criança de 1 ano e 1 mês do município que necessita de cirurgia de aproximadamente R$ 40-46 mil não coberta pelos convênios de saúde votados pela Câmara, cuja família recorreu a vaquinha nas redes sociais; afirmou que a Secretaria de Saúde está a par do caso há mais de 5 meses sem solução, e que a criança passou por diversos diagnósticos e avaliações médicas equivocadas antes da identificação correta da doença, o que atrasou o tratamento.",Diretoria de Saúde,Recebida pelo vereador,,,Pendente de Verificação,"O texto da sessão menciona a data de 4/12/2023 (123ª Sessão Ordinária), enquanto o arquivo está nomeado como 2023-12-05. Usada a data do texto. O vereador citou também o caso de um amigo que teria falecido após 6 meses de espera por atendimento em outra especialidade, sem detalhar mais."
2124-DEN-058,Denúncia,,2023,123ª Sessão Ordinária da 18ª Legislatura,2023-12-05,Anderson Marcos Viana,"O vereador Anderson Marcos Viana denunciou o estado de sucateamento do micro-ônibus ('branquinho') usado pelo setor de transporte da saúde para levar pacientes a Presidente Prudente, relatando caso concreto em que o veículo perdeu velocidade repentinamente (de 60 para 20 km/h) durante viagem, com ferragem do teto se soltando e impossibilidade de instalar cinto de segurança; cobrou da administração a aquisição de veículo novo com recursos próprios, já que o governo estadual não havia providenciado substituição.",Diretoria de Saúde,Feita/cobrada pelo vereador,,,Pendente de Verificação,"O texto da sessão menciona a data de 4/12/2023 (123ª Sessão Ordinária), enquanto o arquivo está nomeado como 2023-12-05. Usada a data do texto. Relacionada à indicação nº 236/2023, de mesma autoria, pedindo aquisição de micro-ônibus para a saúde."
2124-IND-380,Indicação,244,2023,124ª Sessão Ordinária da 18ª Legislatura,2023-12-12,Anderson Marcos Viana,"Solicita providências junto à empresa Neoenergia Elektro em razão da instabilidade elétrica em diversos pontos da cidade, que vem causando danos a aparelhos domésticos.",,,,,Pendente de Análise,"Conforme instrução do lote, usei data_sessao 2023-12-12 (arquivo 2023-12-12_2_sessao.txt), embora o texto da sessão mencione '11 de dezembro de 2023' como data da sessão."
2124-IND-381,Indicação,245,2023,124ª Sessão Ordinária da 18ª Legislatura,2023-12-12,Elio Furini Neto,"Reforçando a indicação 49/2021, solicita implantação de um aplicativo voltado à área da saúde do município, para agendamento de consultas, alertas de vacinação e acesso remoto a serviços de saúde.",,,,,Pendente de Análise,"Conforme instrução do lote, usei data_sessao 2023-12-12 (arquivo 2023-12-12_2_sessao.txt), embora o texto da sessão mencione '11 de dezembro de 2023' como data da sessão."
2124-IND-382,Indicação,246,2023,124ª Sessão Ordinária da 18ª Legislatura,2023-12-12,"Elio Furini Neto, Anderson Marcos Viana, Paulo Sérgio Cordeiro, Teresinha de Lourdes Freitas Regodanso, Marisa Alves da Silva Costa","Reforçando a indicação 160/2022, solicita instituição de atendimento veterinário público a cada 15 dias, priorizando a população de baixa renda beneficiária de programas sociais e os casos de urgência/emergência.",,,,,Pendente de Análise,"Conforme instrução do lote, usei data_sessao 2023-12-12 (arquivo 2023-12-12_2_sessao.txt), embora o texto da sessão mencione '11 de dezembro de 2023' como data da sessão."
2124-IND-383,Indicação,247,2023,124ª Sessão Ordinária da 18ª Legislatura,2023-12-12,Reinaldo Codognato,"Solicita construção de uma canaleta na interseção da Rua das Palmeiras com a Alameda Paraíso, para escoamento eficiente das águas pluviais e preservação do pavimento.",,,,,Pendente de Análise,"Conforme instrução do lote, usei data_sessao 2023-12-12 (arquivo 2023-12-12_2_sessao.txt), embora o texto da sessão mencione '11 de dezembro de 2023' como data da sessão."
2124-IND-384,Indicação,248,2023,124ª Sessão Ordinária da 18ª Legislatura,2023-12-12,Anderson Marcos Viana,"Solicita projeto de lei que conceda incentivo financeiro adicional (equivalente a um 14º salário) aos agentes comunitários de saúde (ACS) e agentes de combate a endemias (ACE) do município, como reconhecimento pelo trabalho realizado.",,,,,Pendente de Análise,"Conforme instrução do lote, usei data_sessao 2023-12-12 (arquivo 2023-12-12_2_sessao.txt), embora o texto da sessão mencione '11 de dezembro de 2023' como data da sessão."
2124-IND-385,Indicação,249,2023,124ª Sessão Ordinária da 18ª Legislatura,2023-12-12,Reinaldo Codognato,"Solicita análise para flexibilizar o horário de ensino da rede municipal, especialmente para alunos da zona rural, devido à longa jornada de transporte e ao impacto do calor e da distância no desempenho escolar.",,,,,Pendente de Análise,"Conforme instrução do lote, usei data_sessao 2023-12-12 (arquivo 2023-12-12_2_sessao.txt), embora o texto da sessão mencione '11 de dezembro de 2023' como data da sessão."
2124-IND-386,Indicação,250,2023,124ª Sessão Ordinária da 18ª Legislatura,2023-12-12,Reinaldo Codognato,"Solicita busca de recursos estaduais e/ou federais para a criação de um novo Centro Educacional Infantil (CEI), propondo funcionamento em horário comercial (das 8h às 18h) para atender pais e mães trabalhadores.",,,,,Pendente de Análise,"Conforme instrução do lote, usei data_sessao 2023-12-12 (arquivo 2023-12-12_2_sessao.txt), embora o texto da sessão mencione '11 de dezembro de 2023' como data da sessão."
2124-REQ-075,Requerimento,054,2023,124ª Sessão Ordinária da 18ª Legislatura,2023-12-12,Anderson Marcos Viana,"Requer o envio de ofício ao prefeito municipal solicitando esclarecimentos sobre as medidas adotadas diante da ausência do brasão do município em alguns veículos públicos municipais, especialmente os veículos de representação, tendo em vista resposta anterior (referente ao requerimento nº 35/2023) que indicava que medidas seriam implantadas.",Diretoria Administrativa,Normal,Aprovado,,Pendente,"O texto da sessão menciona a data de 11/12/2023 (124ª Sessão Ordinária), enquanto o arquivo está nomeado como 2023-12-12_2. Usada a data do texto. Trata-se de complemento ao requerimento nº 35/2023 (não incluído neste lote)."
2124-DEN-059,Denúncia,,2023,124ª Sessão Ordinária da 18ª Legislatura,2023-12-12,Anderson Marcos Viana,"O vereador Anderson Marcos Viana cobrou o paradeiro de aproximadamente 8 caminhões-truck de pedras portuguesas retiradas da Praça Álvaro de Oliveira Junqueira durante sua reforma e armazenadas no bairro Duas Barras, que desapareceram entre visitas suas ao local em 1º e 13 de julho de 2023; classificou como insatisfatória a resposta da administração (ofício 264/2023), que atribuiu a retirada à 'gestão anterior' e alegou desconhecimento do assunto, e cobrou explicações sobre por que o setor responsável nunca teria verificado o local em três anos.","Diretoria de Planejamento, Obras, Serviços e Manutenção",Feita/cobrada pelo vereador,,,Pendente de Verificação,"O texto da sessão menciona a data de 11/12/2023 (124ª Sessão Ordinária), enquanto o arquivo está nomeado como 2023-12-12_2. Usada a data do texto. Caso vinculado ao requerimento nº 50/2023 (ver arquivo de requerimentos); o vereador variou o número de caminhões citados entre sessões (4, depois 8), dizendo evitar cravar o número exato 'para não dar processo' - possível exagero retórico, mantido conforme relatado."
2124-DEN-060,Denúncia,,2023,124ª Sessão Ordinária da 18ª Legislatura,2023-12-12,"Anderson Marcos Viana, Elio Furini Neto","Os vereadores relataram casos concretos de danos a equipamentos domésticos (queima de modem de internet, queima de um freezer no bairro próximo ao Troiano) causados por quedas/oscilações recorrentes de energia elétrica em diversos bairros da cidade, incluindo o Jardim das Américas; cobraram da concessionária Neoenergia, por meio da administração, explicações e soluções para a instabilidade da rede.",Neoenergia Elektro (concessionária de energia elétrica) / Diretoria Administrativa,Feita/cobrada pelo vereador,,,Pendente de Verificação,"O texto da sessão menciona a data de 11/12/2023 (124ª Sessão Ordinária), enquanto o arquivo está nomeado como 2023-12-12_2. Usada a data do texto. Relacionada à indicação nº 244/2023, de autoria de Anderson Marcos Viana, sobre a mesma questão."
2124-DEN-061,Denúncia,,2023,124ª Sessão Ordinária da 18ª Legislatura,2023-12-12,Anderson Marcos Viana,"O vereador Anderson Marcos Viana relatou confusão gerada por verba de causa animal anunciada em vídeo por um deputado como destinada a esse fim, mas que, segundo resposta da administração, teria sido incorporada ao setor de saúde; como resultado, munícipes passaram a procurar a casa da vereadora Marisa Alves da Silva Costa pedindo ração, quando o correto seria procurar o setor de zoonoses/saúde para castração e apoio a animais.",Diretoria de Saúde,Recebida pelo vereador,,,Pendente de Verificação,"O texto da sessão menciona a data de 11/12/2023 (124ª Sessão Ordinária), enquanto o arquivo está nomeado como 2023-12-12_2. Usada a data do texto."
2124-DEN-062,Denúncia,,2023,124ª Sessão Ordinária da 18ª Legislatura,2023-12-12,Anderson Marcos Viana,"O vereador Anderson Marcos Viana cobrou da administração, pela quinta ou sexta vez ao longo de anos, o repasse em dinheiro (bonificação equivalente a um 13º salário) aos Agentes Comunitários de Saúde (ACS) e Agentes de Combate a Endemias (ACE), afirmando que o município recebe recursos federais destinados a essa bonificação mas nunca os repassa aos agentes, ao contrário de outros municípios da região.",Diretoria de Saúde,Feita/cobrada pelo vereador,,,Pendente de Verificação,"O texto da sessão menciona a data de 11/12/2023 (124ª Sessão Ordinária), enquanto o arquivo está nomeado como 2023-12-12_2. Usada a data do texto. Relacionada à indicação nº 248/2023, de mesma autoria, propondo lei para conceder o incentivo."
2124-IND-387,Indicação,251,2023,125ª Sessão Ordinária da 18ª Legislatura,2023-12-18,"Anderson Marcos Viana, Elio Furini Neto, Marisa Alves da Silva Costa, Paulo Sérgio Cordeiro, Teresinha de Lourdes Freitas Regodanso","Solicita a instalação de medidas de segurança (parapeito, guarda-corpo, tela ou outra forma de proteção, além de corrimão) na arquibancada do complexo esportivo Joaquina Porto Ferreira, devido ao risco de quedas evidenciado por um acidente recente envolvendo uma criança.",,,,,Pendente de Análise,"Arquivo de nome 2023-12-19, mas o texto da sessão indica repetidamente que ela foi realizada em 18 de dezembro de 2023 (data usada em data_sessao). No resumo do expediente lido no início da sessão, esta indicação foi anunciada por engano como número 241; a leitura do texto integral, mais adiante, confirma o número correto como 251."
2124-IND-388,Indicação,252,2023,125ª Sessão Ordinária da 18ª Legislatura,2023-12-18,Valdir Aparecido de Oliveira,"Solicita a poda ou remoção das árvores localizadas nas esquinas do município, a fim de eliminar obstruções à visibilidade dos motoristas, especialmente de veículos de grande e médio porte, e reduzir o risco de acidentes de trânsito.",,,,,Pendente de Análise,"Data da sessão conforme mencionado no texto da transcrição (18/12/2023), divergente da data do nome do arquivo (2023-12-19)."
2124-IND-389,Indicação,253,2023,125ª Sessão Ordinária da 18ª Legislatura,2023-12-18,"Teresinha de Lourdes Freitas Regodanso, Elio Furini Neto, Anderson Marcos Viana, Paulo Sérgio Cordeiro, Marisa Alves da Silva Costa","Solicita a adequação dos sistemas de sinalização sonora de entrada, saída e intervalo das aulas nas escolas, propondo a substituição gradual dos sinais sonoros/alarmes por sinais musicais, em benefício de alunos com transtorno do espectro autista (TEA).",,,,,Pendente de Análise,"Data da sessão conforme mencionado no texto da transcrição (18/12/2023), divergente da data do nome do arquivo (2023-12-19)."
2124-REQ-076,Requerimento,055,2023,125ª Sessão Ordinária da 18ª Legislatura,2023-12-18,Anderson Marcos Viana,Solicita cópias integrais dos processos administrativos referentes aos loteamentos Horto do Seringal e Residencial Trindade.,"Diretoria Jurídica, Habitação e de Trânsito",Normal,Aprovado,,Pendente,"Data da sessão conforme mencionado repetidamente no texto da transcrição (18/12/2023), divergente da data do nome do arquivo (2023-12-19). Aprovado por unanimidade de votos. Diretoria de destino inferida pelo tema (processos de loteamento/habitação); não foi mencionada explicitamente na transcrição."
2124-REQ-077,Requerimento,056,2023,125ª Sessão Ordinária da 18ª Legislatura,2023-12-18,Paulo Sérgio Cordeiro,"Solicita cópias dos contratos e processos licitatórios, inclusive dispensas e inexigibilidades, de fornecedores/prestadores de serviço relacionados ao setor de mídias e propagandas contratados pela administração em 2023.","Diretoria de Licitações, Contratos e Convênios",Normal,Aprovado,,Pendente,Data da sessão conforme mencionado no texto da transcrição (18/12/2023). Aprovado por unanimidade de votos.
2124-DEN-063,Denúncia,,2023,125ª Sessão Ordinária da 18ª Legislatura,2023-12-18,Anderson Marcos Viana,"Vereador Anderson Marcos Viana denunciou que, no concurso público municipal realizado nos dias 16 e 17 de dezembro, a mesma prova teria sido aplicada para cargos distintos (tratorista, auxiliar de enfermagem e agente de saúde), orientando os candidatos que se sentissem prejudicados a buscar orientação jurídica e recorrer via mandado de segurança.",Administração Municipal / Comissão do Concurso Público,Feita/cobrada pelo vereador,,,Pendente de Verificação,Vereador afirmou não ter acesso direto às provas; denúncia baseada em relatos de terceiros/população que o procurou.
2124-DEN-064,Denúncia,,2023,125ª Sessão Ordinária da 18ª Legislatura,2023-12-18,Anderson Marcos Viana,"Vereador Anderson Marcos Viana denunciou que a administração municipal e a imprensa da cidade deixam de divulgar recursos (emendas parlamentares) destinados por vereadores que não fazem parte da ""base"" governista, citando especificamente doações à Santa Casa de R$ 999.986,00 (obtida em 10/11 com o Deputado Arlindo Chignalia) e R$ 300 mil (obtidos com o Deputado Reinaldo Alguz) que não teriam sido divulgadas pela administração, em contraste com R$ 100 mil doados por outro vereador que foi amplamente noticiado.",Administração Municipal / Prefeitura,Feita/cobrada pelo vereador,,,Pendente de Verificação,Relato baseado na percepção do próprio vereador sobre tratamento diferenciado na divulgação de verbas; não há confirmação documental citada na sessão.
2124-DEN-065,Denúncia,,2023,125ª Sessão Ordinária da 18ª Legislatura,2023-12-18,Terezinha de Lourdes Freitas Regodanso,"Vereadora Terezinha de Lourdes Freitas Regodanço relatou que, na semana anterior à sessão, uma criança caiu da arquibancada do complexo esportivo Joaquina Porto Ferreira e ficou gravemente ferida, precisando ser transferida para atendimento médico fora do município, devido à falta de proteção (parapeito/corrimão) no local.",Diretoria de Obras / Prefeitura Municipal,Recebida pelo vereador,,,Pendente de Verificação,"Relato motivou a indicação nº 251/2023, apresentada na mesma sessão."
2124-DEN-066,Denúncia,,2023,125ª Sessão Ordinária da 18ª Legislatura,2023-12-18,Anderson Marcos Viana,"Vereador Anderson Marcos Viana relatou um acidente com o filho de um amigo na arquibancada do Campo da Curitiba, na Vila Beatriz: a criança perdeu o controle da bicicleta e caiu entre a calçada e a arquibancada, sofrendo fratura no braço e ferimentos na cabeça e no peito, sendo transferida em estado grave para Presidente Prudente. O vereador questionou se o local possuía AVCB (Auto de Vistoria do Corpo de Bombeiros) e criticou a ausência de corrimão/alambrado na estrutura.",Corpo de Bombeiros / Defesa Civil / Diretoria de Obras,Recebida pelo vereador,,,Pendente de Verificação,"Pode se tratar do mesmo episódio citado por outros vereadores em relação à arquibancada do complexo Joaquina Porto Ferreira, ou de um caso distinto em outro local (Campo da Curitiba/Vila Beatriz) — recomenda-se verificar com o vereador antes de publicar."
2124-DEN-067,Denúncia,,2023,125ª Sessão Ordinária da 18ª Legislatura,2023-12-18,Anderson Marcos Viana,"Vereador Anderson Marcos Viana cobrou da administração municipal a ausência de qualquer projeto de lei ou comunicado sobre o reajuste salarial dos servidores públicos até o encerramento do ano legislativo de 2023, alertando que outras cidades da região já haviam fechado o índice de aumento.",Prefeitura Municipal / Poder Executivo,Feita/cobrada pelo vereador,,,Pendente de Verificação,Trata-se mais de uma cobrança política do que de uma denúncia formal de irregularidade; incluído por envolver um fato concreto (ausência de projeto).
2124-DEN-068,Denúncia,,2024,85ª Sessão Extraordinária da 18ª Legislatura,2024-01-15,Anderson Marcos Viana,"Vereador Anderson Marcos Viana denunciou que a reunião realizada pelo prefeito para debater o índice de reajuste salarial dos servidores contou apenas com a presença do presidente da Câmara e da vereadora Sofia Rodrigues dos Santos, sem convite aos demais vereadores; segundo relatos que ele reproduziu (sem confirmar), a exclusão teria sido intencional para afastar vereadores vistos como oposição.",Prefeitura Municipal / Poder Executivo,Feita/cobrada pelo vereador,,,Pendente de Verificação,"O próprio vereador ressalvou que não tem certeza da veracidade do motivo da exclusão ('não estamos dizendo que é verdade, palavras soam por aí')."
2124-IND-390,Indicação,001,2024,126ª Sessão Ordinária da 18ª Legislatura,2024-02-05,Sofia Rodrigues dos Santos,"Solicita que se estude homenagear os saudosos José Mateus Granado, Milton Tramonte Crenich(e) e Oscar Codognato, atribuindo seus nomes a uma rua ou ponto de referência significativo do município.",,,,,Pendente de Análise,"O sobrenome 'Crenich(e)/Criniche' aparece transcrito de forma pouco consistente ao longo do texto (ora 'Crenich', ora 'Criniche'); mantida a grafia mais recorrente."
2124-IND-391,Indicação,002,2024,126ª Sessão Ordinária da 18ª Legislatura,2024-02-05,"Reinaldo Codognato, Valdir Aparecido de Oliveira","Solicita a introdução de quadras de basquete 3x3 no município e a reforma da quadra já existente no bairro Jardim Esperança (pintura do solo, altura de tabelas e aros).",,,,,Pendente de Análise,
2124-IND-392,Indicação,003,2024,126ª Sessão Ordinária da 18ª Legislatura,2024-02-05,"Reinaldo Codognato, Rui Domingos da Silva, Sofia Rodrigues dos Santos","Solicita a elaboração de um plano de recuperação e desenvolvimento para os bairros rurais, com destaque para Duas Barras e Vila São João, incluindo valorização da agricultura familiar, manutenção das estradas rurais e cursos de empreendedorismo rural.",,,,,Pendente de Análise,
2124-IND-393,Indicação,004,2024,126ª Sessão Ordinária da 18ª Legislatura,2024-02-05,Anderson Marcos Viana,"Solicita a disponibilização de kits de material escolar, além de bolsas e uniformes completos (camisetas, blusas, bermudas e calças), para os alunos da rede municipal de ensino.",,,,,Pendente de Análise,
2124-IND-394,Indicação,005,2024,126ª Sessão Ordinária da 18ª Legislatura,2024-02-05,"Teresinha de Lourdes Freitas Regodanso, Anderson Marcos Viana, Elio Furini Neto, Marisa Alves da Silva Costa, Paulo Sérgio Cordeiro","Solicita melhorias e expansão do Centro Comunitário do bairro Cristo Redentor, hoje pequeno para atender às demandas crescentes de atividades sociais, culturais e religiosas da comunidade.",,,,,Pendente de Análise,
2124-IND-395,Indicação,006,2024,126ª Sessão Ordinária da 18ª Legislatura,2024-02-05,Valdir Aparecido de Oliveira,"Solicita a realocação da Academia ao Ar Livre, atualmente localizada no estádio Raphael Capelli, para dentro do próprio estádio, preferencialmente próxima ao campo, para maior comodidade dos familiares de praticantes de esporte.",,,,,Pendente de Análise,
2124-IND-396,Indicação,007,2024,126ª Sessão Ordinária da 18ª Legislatura,2024-02-05,Valdir Aparecido de Oliveira,"Solicita a criação de uma pasta dedicada à segurança e saúde dos servidores (SESMT), com recursos orçamentários próprios para capacitações, exames médicos, organização da CIPAT e aquisição de equipamentos de proteção individual (EPIs).",,,,,Pendente de Análise,"O texto lido menciona 'reforçando a indicação número 201-203', referência que não foi possível confirmar/localizar; mantida como consta na transcrição."
2124-IND-397,Indicação,008,2024,126ª Sessão Ordinária da 18ª Legislatura,2024-02-05,Valdir Aparecido de Oliveira,"Solicita a substituição da bandeira brasileira atualmente posicionada no trevo principal do município, desgastada, mantendo o mesmo símbolo nacional, em conformidade com a Lei Federal nº 5.700/1971.",,,,,Pendente de Análise,
2124-IND-398,Indicação,009,2024,126ª Sessão Ordinária da 18ª Legislatura,2024-02-05,"Elio Furini Neto, Anderson Marcos Viana, Paulo Sérgio Cordeiro, Marisa Alves da Silva Costa, Teresinha de Lourdes Freitas Regodanso","Solicita que todas as máquinas da Prefeitura sejam equipadas com gabinete/cabine, semelhante à adaptação usada em caminhões, para maior conforto e proteção dos operadores contra calor e chuva.",,,,,Pendente de Análise,
2124-IND-399,Indicação,010,2024,126ª Sessão Ordinária da 18ª Legislatura,2024-02-05,Anderson Marcos Viana,"Solicita a disponibilização de transporte escolar para alunos que residem a menos de 1.500 metros da escola ou, alternativamente, para os que aguardam em ponto de ônibus designado e devidamente uniformizados.",,,,,Pendente de Análise,
2124-IND-400,Indicação,011,2024,126ª Sessão Ordinária da 18ª Legislatura,2024-02-05,Anderson Marcos Viana,"Solicita que se otimize o encaminhamento dos projetos de lei relacionados ao repasse do piso salarial de enfermeiros, técnicos de enfermagem, auxiliares de enfermagem e parteiras, para reduzir o atraso no repasse aos profissionais.",,,,,Pendente de Análise,
2124-REQ-078,Requerimento,001,2024,126ª Sessão Ordinária da 18ª Legislatura,2024-02-05,Elio Furini Neto,"Solicita esclarecimentos sobre o processo de formalização e operacionalização das atividades econômicas de pessoas físicas e jurídicas no município, com atenção especial à situação da abertura de supermercados aos domingos e feriados.","Diretoria de Agronegócio, Indústria, Comércio e Meio Ambiente e Gestão de Resíduos Sólidos",Normal,Aprovado,,Pendente,"Aprovado por unanimidade de votos. Requerimento relacionado a debate sobre horário de funcionamento do comércio, tema também discutido extensamente nas explicações pessoais desta sessão e da sessão seguinte."
2124-REQ-079,Requerimento,002,2024,126ª Sessão Ordinária da 18ª Legislatura,2024-02-05,"Elio Furini Neto, Anderson Marcos Viana, Marisa Alves da Silva Costa, Paulo Sérgio Cordeiro, Teresinha de Lourdes Freitas Regodanso","Solicita o envio de ofício ao DER-SP e à Casa Civil do Estado de São Paulo comunicando a relevância do início das obras de pavimentação da estrada vicinal JQL-010 (Governador Mário Covas), que liga Junqueirópolis a Dracena, já com projeto executivo contratado.",DER-SP (Departamento de Estradas de Rodagem do Estado de São Paulo) e Casa Civil do Estado de São Paulo,Normal,Aprovado,,Pendente,"Destinatários são órgãos externos ao município (mantidos os nomes reais), não uma diretoria da Prefeitura. Aprovado por unanimidade de votos. Vereador relatou que o pleito vem sendo reforçado desde 2021."
2124-REQ-080,Requerimento,003,2024,126ª Sessão Ordinária da 18ª Legislatura,2024-02-05,"Elio Furini Neto, Anderson Marcos Viana, Marisa Alves da Silva Costa, Paulo Sérgio Cordeiro, Teresinha de Lourdes Freitas Regodanso","Solicita esclarecimentos sobre as medidas que a administração municipal tem tomado para resolver a constante queda de energia elétrica em diversos setores da cidade, incluindo prédios públicos.","Diretoria de Planejamento, Obras, Serviços e Manutenção",Normal,Aprovado,,Pendente,"Diretoria de destino incerta: o requerimento é endereçado ao Prefeito Municipal questionando providências da administração, mas o problema em si é atribuído à concessionária de energia elétrica (Elektro/citada como 'Electro' na transcrição) e à ANEEL, para as quais a Câmara já havia enviado ofícios em separado, segundo relato do vereador Elio Furini Neto."
2124-DEN-069,Denúncia,,2024,126ª Sessão Ordinária da 18ª Legislatura,2024-02-05,Anderson Marcos Viana,"Vereador Anderson Marcos Viana denunciou que a obra no bairro Jardim Pioneiros, no valor de R$ 659.628,43, estava parada havia mais de 35 dias, com cimento endurecendo, porcelanato abandonado, fiação solta exposta e nenhuma proteção que impedisse o acesso de crianças, apesar de haver um playground ao lado.",Prefeitura Municipal / Diretoria de Obras,Feita/cobrada pelo vereador,,,Pendente de Verificação,
2124-DEN-070,Denúncia,,2024,126ª Sessão Ordinária da 18ª Legislatura,2024-02-05,Anderson Marcos Viana,"Vereador Anderson Marcos Viana apresentou formalmente uma denúncia de suposto desvio de patrimônio público: pedras portuguesas retiradas do Jardim Álvaro Junqueira (cerca de seis caminhões truncados) e levadas para trás do Campo das Duas Barras desapareceram; segundo resposta a requerimento anterior, as pedras teriam sumido ""no mandato passado"", mas o vereador afirma ter fotos datadas de janeiro de 2023 mostrando as pedras ainda no local, contradizendo essa versão. Pediu que o caso seja apurado, inclusive pelo Ministério Público.",Diretoria de Obras / Ministério Público,Feita/cobrada pelo vereador,,,Pendente de Verificação,"O próprio vereador qualificou a denúncia como ""suposta"" para evitar processo por difamação; pediu explicitamente investigação do Ministério Público."
2124-DEN-071,Denúncia,,2024,126ª Sessão Ordinária da 18ª Legislatura,2024-02-05,Reinaldo Codognato,"Vereador Reinaldo Codognato relatou que moradores denunciaram o uso indevido de locais destinados a ""ecopontos"" como depósitos irregulares de lixo, citando os casos da curva do Aramaque (onde a placa do ecoponto chegou a ser retirada após reclamações) e da entrada do bairro Jardim das Américas, prejudicando os moradores das proximidades.",Setor de Limpeza Urbana / Meio Ambiente,Recebida pelo vereador,,,Pendente de Verificação,
2124-IND-401,Indicação,012,2024,127ª Sessão Ordinária da 18ª Legislatura,2024-02-14,Reinaldo Codognato,"Solicita o aprimoramento do campo de futebol já existente no bairro Carmezinho 1: compactação do terreno, instalação de traves com rede, postes, alambrado e torneiras.",,,,,Pendente de Análise,
2124-IND-402,Indicação,013,2024,127ª Sessão Ordinária da 18ª Legislatura,2024-02-14,"Reinaldo Codognato, Rui Domingos da Silva, Sofia Rodrigues dos Santos, Valdir Aparecido de Oliveira","Solicita a elaboração de um plano abrangente de recapeamento municipal, com atenção especial a ruas do Alto do Cene (Rua Marconi, Avenida Camposales), Jardim Esperança (Rua José Bonifácio), Jardim dos Pássaros (Rua Manaus) e trecho da Rua São Luís.",,,,,Pendente de Análise,
2124-IND-403,Indicação,014,2024,127ª Sessão Ordinária da 18ª Legislatura,2024-02-14,Reinaldo Codognato,"Solicita a reforma e ampliação da pista de skate, além da criação de um programa de incentivo à prática desse esporte.",,,,,Pendente de Análise,"Reforça pedidos do próprio vereador feitos desde 2021, segundo o texto lido."
2124-IND-404,Indicação,015,2024,127ª Sessão Ordinária da 18ª Legislatura,2024-02-14,Anderson Marcos Viana,"Solicita a revitalização da praça do bairro Jardim Alvorada: plantio de árvores para sombra, manutenção da quadra esportiva, cercamento da quadra e reforma da área de lazer.",,,,,Pendente de Análise,
2124-IND-405,Indicação,016,2024,127ª Sessão Ordinária da 18ª Legislatura,2024-02-14,Anderson Marcos Viana,"Solicita o início das obras de fechamento da grande erosão conhecida como 'buracão' no Jardim Paulista, viabilizado pelos recursos já aprovados de operação de crédito de até R$ 2.500.000,00 junto à Desenvolve São Paulo.",,,,,Pendente de Análise,
2124-IND-406,Indicação,017,2024,127ª Sessão Ordinária da 18ª Legislatura,2024-02-14,Anderson Marcos Viana,"Solicita a implementação de medidas de controle de velocidade (radares) em diversos pontos do município, incluindo Rua São Salvador, Avenida Junqueira, Rua Curitiba, Rua Washington Luiz, cruzamento da Rua Zeca da Cunha com a Rua São Salvador, Avenida Bandeirantes, Avenida Camposales e Avenida Latina.",,,,,Pendente de Análise,
2124-IND-407,Indicação,018,2024,127ª Sessão Ordinária da 18ª Legislatura,2024-02-14,Elio Furini Neto,"Solicita a implantação de iluminação adequada na quadra do bairro Jardim dos Pássaros, que foi reformada em 2021 mas atualmente possui diversas lâmpadas queimadas, dificultando seu uso no período noturno.",,,,,Pendente de Análise,
2124-IND-408,Indicação,019,2024,127ª Sessão Ordinária da 18ª Legislatura,2024-02-14,"Elio Furini Neto, Teresinha de Lourdes Freitas Regodanso","Solicita a implantação de uma rotatória na Avenida João Furini, no bairro Residencial Figueira, devido ao intenso fluxo de veículos na entrada do bairro.",,,,,Pendente de Análise,
2124-IND-409,Indicação,020,2024,127ª Sessão Ordinária da 18ª Legislatura,2024-02-14,Valdir Aparecido de Oliveira,"Solicita a poda dos eucaliptos na área verde do bairro Jardim Pioneiros, devido ao risco de queda de galhos ou árvores inteiras sobre pedestres, veículos e propriedades adjacentes.",,,,,Pendente de Análise,
2124-IND-410,Indicação,021,2024,127ª Sessão Ordinária da 18ª Legislatura,2024-02-14,Rui Domingos da Silva,"Solicita uma revisão geral em todos os parques, praças e playgrounds do município, reforçando a indicação nº 167/2023 do mesmo vereador.",,,,,Pendente de Análise,
2124-IND-411,Indicação,022,2024,127ª Sessão Ordinária da 18ª Legislatura,2024-02-14,"Paulo Sérgio Cordeiro, Anderson Marcos Viana, Elio Furini Neto","Solicita a limpeza da calçada tomada pelo matagal na Alameda Vista do Sol (Residencial Vale do Sol), a construção de uma passagem para pedestres e a limpeza da área verde do bairro, com instalação de bancos e playground.",,,,,Pendente de Análise,
2124-REQ-081,Requerimento,004,2024,127ª Sessão Ordinária da 18ª Legislatura,2024-02-14,Paulo Sérgio Cordeiro,"Solicita os contratos e processos licitatórios de fornecedores/prestadores de serviços do setor de mídias e propagandas referentes aos anos de 2021, 2022 e 2023, complementando a relação já fornecida pelo Executivo através do ofício nº 197/2023 (excluídos contratos de 2023 já obtidos de três empresas específicas).","Diretoria de Licitações, Contratos e Convênios",Normal,Aprovado,,Pendente,Aprovado por unanimidade de votos. Vereador mencionou em explicações pessoais ter recebido ameaças relacionadas a este requerimento e ao nº 05/2024.
2124-REQ-082,Requerimento,005,2024,127ª Sessão Ordinária da 18ª Legislatura,2024-02-14,Paulo Sérgio Cordeiro,"Solicita esclarecimentos sobre os vínculos contratuais ou de prestação de serviço entre a empresa Renan Vinícius Tomás Monteiro (TV Oeste Diário) e o jornalista Fernando Aguiar Ramos com a Prefeitura Municipal, incluindo o motivo de ambos não constarem na relação de fornecedores de mídia fornecida no ofício nº 197/2023, além de cópias dos respectivos contratos.","Diretoria de Licitações, Contratos e Convênios",Normal,Aprovado,,Pendente,Aprovado por unanimidade de votos. Vereador mencionou em explicações pessoais ter recebido ameaças relacionadas a este requerimento e ao nº 04/2024.
2124-REQ-083,Requerimento,006,2024,127ª Sessão Ordinária da 18ª Legislatura,2024-02-14,"Anderson Marcos Viana, Elio Furini Neto, Valdir Aparecido de Oliveira","Solicita dados referentes ao percentual de despesas com pessoal da Prefeitura Municipal no ano de 2023, bem como o valor do superávit alcançado no mesmo período.","Diretoria de Fazenda, Compras, Almoxarifado e Recursos Humanos",Normal,Aprovado,,Pendente,"Aprovado por unanimidade de votos. Vereador relatou que a questão havia sido levantada durante o debate de votação do aumento salarial dos servidores em janeiro/2024 (sessão extraordinária de 2024-01-16), sendo este requerimento a formalização do pedido de informação."
2124-DEN-072,Denúncia,,2024,127ª Sessão Ordinária da 18ª Legislatura,2024-02-14,Anderson Marcos Viana,"Vereador Anderson Marcos Viana denunciou que a área de lazer/campo de futebol do bairro Carmezinho 1, construída há cerca de 3 anos com recursos públicos, nunca foi utilizada (nunca houve sequer uma partida), está tomada pelo mato, sem iluminação noturna, com relatos de cobras e escorpiões no local, além de um vazamento de água que já durava 24 horas sem reparo, favorecendo a proliferação do mosquito da dengue.",Diretoria de Obras / Secretaria de Saúde,Feita/cobrada pelo vereador,,,Pendente de Verificação,
2124-DEN-073,Denúncia,,2024,127ª Sessão Ordinária da 18ª Legislatura,2024-02-14,Anderson Marcos Viana,"Vereador Anderson Marcos Viana denunciou que a obra de contenção da erosão conhecida como ""buracão"" no Jardim Paulista, orçada em R$ 2,5 milhões e aprovada pela Câmara havia quase um ano, ainda não havia sido iniciada, apesar do risco de a erosão atingir residências (segundo ele, bastariam cerca de 2,5 metros de avanço para engolir uma casa). Suspeitou que o início da obra estaria sendo propositalmente adiado para coincidir com o período eleitoral.",Prefeitura Municipal / Diretoria de Obras,Feita/cobrada pelo vereador,,,Pendente de Verificação,"Vereadora Terezinha de Lourdes Freitas Regodanço confirmou, na mesma sessão, que a obra ainda não havia começado apesar da verba aprovada."
2124-DEN-074,Denúncia,,2024,127ª Sessão Ordinária da 18ª Legislatura,2024-02-14,Anderson Marcos Viana,"Vereador Anderson Marcos Viana denunciou que cortes de asfalto feitos para instalação de redutores de velocidade (lombadas) na Avenida Bandeirantes e em outro ponto próximo a uma área de lazer permanecem inacabados há quase um ano, sem que a lombada tenha sido efetivamente instalada.",Diretoria de Obras / Trânsito,Feita/cobrada pelo vereador,,,Pendente de Verificação,
2124-DEN-075,Denúncia,,2024,127ª Sessão Ordinária da 18ª Legislatura,2024-02-14,Anderson Marcos Viana,"Vereador Anderson Marcos Viana denunciou tratamento desigual na concessão de transporte escolar entre bairros: enquanto em alguns pontos o critério de distância mínima teria sido reduzido informalmente para 900-1.200 metros, outras crianças (caso citado: menina de 6 anos na Rua Curitiba, a 1.000 metros da escola, e outra criança a 1.100 metros perto do CRAS/Criança Feliz) tiveram o transporte negado por não atingirem os 1.500 metros previstos na lei federal.",Secretaria Municipal de Educação,Feita/cobrada pelo vereador,,,Pendente de Verificação,"Vereador Reinaldo Codognato respondeu na mesma sessão que a diferença decorre de linhas divisórias de bairros e não de privilégio, propondo esclarecimento em vídeo institucional; ponto ainda controverso entre os vereadores."
2124-DEN-076,Denúncia,,2024,127ª Sessão Ordinária da 18ª Legislatura,2024-02-14,Paulo Sérgio Cordeiro,"Vereador Paulo Sérgio Cordeiro relatou ter recebido ameaças em razão dos requerimentos 04/2024 e 05/2024, que pedem esclarecimentos sobre contratos de mídia e propaganda e sobre vínculos de fornecedores com a Prefeitura Municipal, sem detalhar a origem ou o teor das ameaças.",,Contra o vereador,,,Pendente de Verificação,Vereador não identificou o autor nem detalhou a natureza da ameaça; verificar se houve registro de boletim de ocorrência.
2124-DEN-077,Denúncia,,2024,127ª Sessão Ordinária da 18ª Legislatura,2024-02-14,Anderson Marcos Viana,"Vereador Anderson Marcos Viana denunciou que a Prefeitura protocolou, em 14/02/2024 (processo nº 5000073), nova ação judicial contra o pagamento do piso salarial dos professores, alegando que a norma que institui o piso seria apenas um decreto/portaria e não uma lei; em 2023 a administração já havia vencido ação semelhante, mantendo a não obrigatoriedade do pagamento do piso.",Prefeitura Municipal / Secretaria de Educação,Feita/cobrada pelo vereador,,,Pendente de Verificação,
2124-DEN-078,Denúncia,,2024,127ª Sessão Ordinária da 18ª Legislatura,2024-02-14,Anderson Marcos Viana,"Vereador Anderson Marcos Viana reiterou reclamações da população sobre o concurso público municipal, alegando que pessoas ligadas à empresa organizadora ou a encarregados/moradores da cidade poderiam ter participado da aplicação das provas, e voltou a orientar os interessados a buscar advogado e impetrar mandado de segurança.",Comissão do Concurso Público / Administração Municipal,Feita/cobrada pelo vereador,,,Pendente de Verificação,Reitera a denúncia já feita na sessão de 19/12/2023 sobre o mesmo concurso; sem provas concretas apresentadas em plenário.
2124-DEN-079,Denúncia,,2024,127ª Sessão Ordinária da 18ª Legislatura,2024-02-14,Marisa Alves da Silva Costa,"Vereadora Marisa Alves da Silva Costa denunciou que deixou de receber um veículo destinado ao trabalho de resgate e castração de animais porque não faz parte da ""base"" política da administração, tendo que usar seu próprio carro e combustível para buscar animais para castração.",Prefeitura Municipal,Feita/cobrada pelo vereador,,,Pendente de Verificação,Relato pouco detalhado quanto à origem do veículo (possível emenda parlamentar) e a quem caberia a decisão; vereadora não identificou responsáveis.
2124-IND-412,Indicação,023,2024,128ª Sessão Ordinária da 18ª Legislatura,2024-02-19,Reinaldo Codognato,"Solicita a criação de um Conselho Municipal de Esportes, com representantes de todas as modalidades esportivas, para acompanhar a correta construção e manutenção das instalações esportivas do município.",,,,,Pendente de Análise,
2124-IND-413,Indicação,024,2024,128ª Sessão Ordinária da 18ª Legislatura,2024-02-19,Reinaldo Codognato,"Solicita a instalação de redutores de velocidade na via de acesso que conecta o bairro Pioneiros aos bairros Delta Ville 1, 2 e Seringal, e também na Avenida/vicinal João Furini, no trecho entre os bairros Ferro Galvão e Figueira.",,,,,Pendente de Análise,
2124-IND-414,Indicação,025,2024,128ª Sessão Ordinária da 18ª Legislatura,2024-02-19,Reinaldo Codognato,"Solicita a construção de uma área de lazer (playground e academia ao ar livre) no bairro Figueira, aproveitando a área verde já existente e cuidada pelos moradores.",,,,,Pendente de Análise,
2124-IND-415,Indicação,026,2024,128ª Sessão Ordinária da 18ª Legislatura,2024-02-19,"Anderson Marcos Viana, Elio Furini Neto, Marisa Alves da Silva Costa, Paulo Sérgio Cordeiro, Teresinha de Lourdes Freitas Regodanso","Solicita a implementação de um serviço de ônibus circular para atender os bairros da cidade, com foco em facilitar o deslocamento dos idosos até o centro (farmácia, banco, comércio), com pelo menos três horários diários.",,,,,Pendente de Análise,
2124-IND-416,Indicação,027,2024,128ª Sessão Ordinária da 18ª Legislatura,2024-02-19,"Anderson Marcos Viana, Elio Furini Neto, Paulo Sérgio Cordeiro, Marisa Alves da Silva Costa, Teresinha de Lourdes Freitas Regodanso","Solicita a construção de um poço artesiano com reservatório estilo taça na Vila São João (nos moldes do já construído no bairro Duas Barras), além de aplicação de pedra brita nas vias e instalação de iluminação em LED, reforçando a indicação nº 106/2023.",,,,,Pendente de Análise,
2124-IND-417,Indicação,028,2024,128ª Sessão Ordinária da 18ª Legislatura,2024-02-19,"Anderson Marcos Viana, Elio Furini Neto","Solicita a revitalização dos bancos e a limpeza das lixeiras na Rua Piauí, bairro Colina Verde, ponto turístico local com vista do letreiro da cidade, reforçando a indicação nº 005/2023.",,,,,Pendente de Análise,
2124-IND-418,Indicação,029,2024,128ª Sessão Ordinária da 18ª Legislatura,2024-02-19,Paulo Sérgio Cordeiro,"Solicita a poda de árvores na área verde do bairro Cristo Redentor e a manutenção do local, por questões de segurança e uso comunitário.",,,,,Pendente de Análise,
2124-IND-419,Indicação,030,2024,128ª Sessão Ordinária da 18ª Legislatura,2024-02-19,Valdir Aparecido de Oliveira,"Solicita a instalação de um playground no Estádio Municipal Raphael Capelli, além da construção de um depósito para materiais/equipamentos esportivos e a reforma dos vestiários, em complemento à indicação nº 006/2024.",,,,,Pendente de Análise,
2124-IND-420,Indicação,031,2024,128ª Sessão Ordinária da 18ª Legislatura,2024-02-19,"Elio Furini Neto, Anderson Marcos Viana, Paulo Sérgio Cordeiro","Solicita medidas de controle de velocidade dos veículos no bairro Figueira, especificamente na Avenida da Acerola, devido ao fluxo constante de carros e ciclistas.",,,,,Pendente de Análise,
2124-IND-421,Indicação,032,2024,128ª Sessão Ordinária da 18ª Legislatura,2024-02-19,Valdir Aparecido de Oliveira,"Solicita a renovação e o aprimoramento das instalações do velório municipal, interna e externamente (bancos, calçadas, portas, iluminação e muretas), reforçando as indicações nº 067/2022 e nº 127/2023 apresentadas pela vereadora Teresinha de Lourdes Freitas Regodanso.",,,,,Pendente de Análise,
2124-DEN-080,Denúncia,,2024,128ª Sessão Ordinária da 18ª Legislatura,2024-02-19,Anderson Marcos Viana,"Vereador Anderson Marcos Viana denunciou que todas as árvores do canteiro da Avenida Bandeirantes foram arrancadas sem qualquer explicação ou comunicação prévia à Câmara, reduzindo a sombra na via — que passa por um centro de fisioterapia muito frequentado por idosos — e aumentando a velocidade dos veículos por falta de redutor de velocidade no local.",Diretoria de Obras / Meio Ambiente,Feita/cobrada pelo vereador,,,Pendente de Verificação,
2124-DEN-081,Denúncia,,2024,128ª Sessão Ordinária da 18ª Legislatura,2024-02-19,Anderson Marcos Viana,"Vereador Anderson Marcos Viana denunciou o caso de uma moradora idosa (referida na fala como ""Dona Beramina"") cuja casa apresenta rachaduras graves; apesar de duas visitas da Defesa Civil, nenhuma solução foi dada, e a moradora teria recebido de uma autoridade não identificada a resposta desrespeitosa de que bastaria ""achar um marido"" para resolver o problema.",Defesa Civil / Prefeitura Municipal,Recebida pelo vereador,,,Pendente de Verificação,Nome da moradora não ficou claro na transcrição (soa como 'Beramina'/'Berenice'); autor da fala desrespeitosa não identificado pelo vereador. Recomenda-se confirmar grafia do nome antes de publicar.
2124-DEN-082,Denúncia,,2024,128ª Sessão Ordinária da 18ª Legislatura,2024-02-19,Anderson Marcos Viana,"Vereador Anderson Marcos Viana denunciou a construção de uma calçada de concreto de aproximadamente 150 metros de comprimento por 1,20 m de largura e 20 cm de espessura (cerca de R$ 8.585 em material mais R$ 6.000 em mão de obra, segundo notas fiscais em nome da Prefeitura Municipal que ele fotografou) em terreno particular atrás de um estabelecimento comercial, sem utilidade pública aparente. Anunciou que protocolaria requerimento pedindo explicações da administração sobre o uso de recursos públicos na obra.",Prefeitura Municipal / Diretoria de Obras,Feita/cobrada pelo vereador,,,Pendente de Verificação,Vereador afirma ter fotografado as notas fiscais como prova; aguardar eventual requerimento formal e resposta da administração.
2124-DEN-083,Denúncia,,2024,128ª Sessão Ordinária da 18ª Legislatura,2024-02-19,Anderson Marcos Viana,"Vereador Anderson Marcos Viana denunciou que uma pista de caminhada de quase um quilômetro, construída com dinheiro público no sentido do município de Dracena, está tomada pelo mato e por uma cerca viva com espinhos, sem qualquer uso pela população, questionando a utilidade da obra.",Diretoria de Obras,Feita/cobrada pelo vereador,,,Pendente de Verificação,
2124-IND-422,Indicação,033,2024,129ª Sessão Ordinária da 18ª Legislatura,2024-02-26,Elio Furini Neto,"Solicita a melhoria da iluminação do campo de futebol da Vila Beatriz, incluindo a colocação de guarda-corpos e corrimão nas arquibancadas, tendo em vista acidente já ocorrido com uma criança no local.",,,,,Pendente de Análise,"A transcrição do expediente e do texto integral desta sessão data o expediente e as indicações como 'a ser realizada em 26 de fevereiro de 2024' (uma segunda-feira), enquanto o arquivo de transcrição está nomeado como 2024-02-27. Adotei 2024-02-26 como data_sessao por ser a data citada repetidamente no próprio texto (cabeçalhos das indicações e requerimentos). O mesmo padrão de divergência de um dia se repete nas demais sessões deste lote."
2124-IND-423,Indicação,034,2024,129ª Sessão Ordinária da 18ª Legislatura,2024-02-26,Anderson Marcos Viana,Solicita a construção de um espaço dedicado aos cachorros ('cachorródromo') para que a comunidade tenha um local adequado e seguro para passear com seus animais de estimação.,,,,,Pendente de Análise,
2124-IND-424,Indicação,035,2024,129ª Sessão Ordinária da 18ª Legislatura,2024-02-26,Anderson Marcos Viana,Solicita a utilização de fumacê adaptado em uma caminhoneta para percorrer os bairros da cidade no combate ao mosquito da dengue.,,,,,Pendente de Análise,
2124-IND-425,Indicação,036,2024,129ª Sessão Ordinária da 18ª Legislatura,2024-02-26,Anderson Marcos Viana,Solicita o retorno da divulgação de boletins diários com informações sobre o número de casos de Covid-19 no município.,,,,,Pendente de Análise,
2124-IND-426,Indicação,037,2024,129ª Sessão Ordinária da 18ª Legislatura,2024-02-26,Reinaldo Codognato,"Solicita a introdução, no centro comunitário do bairro Duas Barras, de academia ao ar livre, iluminação adequada, quadra de areia e lixeira comunitária, reforçando pedidos já feitos em indicações de 2021, 2022 e 2023.",,,,,Pendente de Análise,
2124-IND-427,Indicação,038,2024,129ª Sessão Ordinária da 18ª Legislatura,2024-02-26,Reinaldo Codognato,"Solicita a colocação de redutor de velocidade na Avenida Latina, no trecho entre a Rua General Osório e a Avenida Rio Branco, área com fluxo intenso de pedestres e comércio.",,,,,Pendente de Análise,
2124-IND-428,Indicação,039,2024,129ª Sessão Ordinária da 18ª Legislatura,2024-02-26,"Elio Furini Neto, Anderson Marcos Viana, Marisa Alves da Silva Costa, Paulo Sérgio Cordeiro, Teresinha de Lourdes Freitas Regodanso","Solicita a poda de galhos de um ipê localizado na Avenida João Furini, próximo à curva entre os residenciais Atenas e Bonança, cujas folhas e sementes vêm entupindo calhas e manchando pisos dos moradores vizinhos.",,,,,Pendente de Análise,
2124-REQ-084,Requerimento,07,2024,129ª Sessão Ordinária da 18ª Legislatura,2024-02-26,Elio Furini Neto,Solicita informações ao prefeito municipal acerca do envio do projeto de lei à Câmara Municipal que versa sobre o repasse do piso nacional da enfermagem no município de Junqueirópolis no ano de 2024.,Diretoria de Saúde,Normal,Aprovado,,Pendente,"Aprovado por unanimidade de votos. Data da sessão conforme mencionada repetidamente no texto da transcrição (26/02/2024), divergente da data do nome do arquivo (2024-02-27). Requerimento relacionado a projetos de lei nº 12 a 17/2024 (aditamentos de convênio com a Santa Casa), que vieram com erro e foram retirados de pauta na mesma sessão."
2124-REQ-085,Requerimento,08,2024,129ª Sessão Ordinária da 18ª Legislatura,2024-02-26,Anderson Marcos Viana,"Solicita esclarecimentos sobre a suposta participação da Prefeitura na construção de calçada em terreno privado, situado na Rua Victor Camargo Bodini (mencionada na transcrição também como ""Victor Camargo Budini""), no bairro Frei Galvão, ao lado do estabelecimento 3D Lava Rápido, incluindo motivo da obra, responsável pelo acompanhamento e gastos envolvidos.","Diretoria de Planejamento, Obras, Serviços e Manutenção",Normal,Aprovado,,Pendente,"Aprovado por unanimidade de votos. Grafia do sobrenome do proprietário do terreno divergente na transcrição (""Camargo Bonine""/""Camargo Budini""); mantida a forma predominante ""Camargo Bonini""."
2124-REQ-086,Requerimento,09,2024,129ª Sessão Ordinária da 18ª Legislatura,2024-02-26,Teresinha de Lourdes Freitas Regodanso,"Solicita informações sobre a operação de crédito relacionada à execução das obras para o fechamento da grande erosão conhecida como ""Buracão"", no Jardim Paulista, incluindo data da operação, valor recebido e se o montante está disponível ou já foi utilizado.","Diretoria de Fazenda, Compras, Almoxarifado e Recursos Humanos",Normal,Aprovado,,Pendente,Aprovado por unanimidade de votos.
2124-REQ-087,Requerimento,10,2024,129ª Sessão Ordinária da 18ª Legislatura,2024-02-26,Anderson Marcos Viana,"Solicita informações sobre a operação de crédito relacionada à execução das obras para a construção da usina fotovoltaica no município, incluindo data da operação, valor recebido e se o montante está disponível ou já foi utilizado.","Diretoria de Fazenda, Compras, Almoxarifado e Recursos Humanos",Normal,Aprovado,,Pendente,"Aprovado por unanimidade de votos. Em explicações pessoais o vereador relatou que a usina (orçada em aproximadamente 8 milhões de reais, votada em 2023) não apresentava andamento visível."
2124-DEN-084,Denúncia,,2024,129ª Sessão Ordinária da 18ª Legislatura,2024-02-26,Anderson Marcos Viana,"O vereador Anderson Marcos Viana relatou que a caminhonete da Defesa Civil do município é frequentemente encontrada de madrugada em locais diversos, fora do horário e do local de serviço, e cobrou informações sobre o convênio de transferência de equipamentos celebrado entre o Estado de São Paulo e o município para ações de proteção e defesa civil; afirmou que o ofício enviado sobre o assunto no ano anterior não havia sido respondido e cogitou impetrar mandado de segurança.","Diretoria de Planejamento, Obras, Serviços e Manutenção",Feita/cobrada pelo vereador,,,Pendente de Verificação,"A Diretoria de Obras é apontada como responsável pela Defesa Civil no relato do vereador (mesmo secretário acumula as duas funções). Ofício de resposta sobre o convênio (nº 51/2024) foi lido na sessão seguinte (131ª, 2024-03-11)."
2124-IND-429,Indicação,040,2024,130ª Sessão Ordinária da 18ª Legislatura,2024-03-04,Anderson Marcos Viana,"Solicita a dedetização dos Centros Educacionais Infantis (CEIs) e escolas municipais para mitigar a presença de animais peçonhentos, especialmente escorpiões, após incidente em que uma criança foi picada.",,,,,Pendente de Análise,"Esta sessão (expediente e indicações) é datada no próprio texto como 'a ser realizada em 4 de março de 2024', enquanto o arquivo está nomeado 2024-03-05. Adotei 2024-03-04 como data_sessao."
2124-IND-430,Indicação,041,2024,130ª Sessão Ordinária da 18ª Legislatura,2024-03-04,Anderson Marcos Viana,"Solicita contato com a Secretaria de Estado de Saúde de São Paulo para adquirir mais testes de Covid-19, diante do aumento de casos e da dificuldade de moradores em arcar com o custo dos testes particulares.",,,,,Pendente de Análise,
2124-IND-431,Indicação,042,2024,130ª Sessão Ordinária da 18ª Legislatura,2024-03-04,Anderson Marcos Viana,"Solicita manutenção (roçagem/limpeza) da área de lazer do bairro Jardim Conde, devido ao excesso de mato e ao aparecimento de animais peçonhentos no local.",,,,,Pendente de Análise,
2124-IND-432,Indicação,043,2024,130ª Sessão Ordinária da 18ª Legislatura,2024-03-04,Reinaldo Codognato,"Solicita manutenção periódica nos campos de futebol e áreas adjacentes dos bairros Vila São João e Duas Barras, usados com frequência para jogos e cerimônias religiosas.",,,,,Pendente de Análise,
2124-IND-433,Indicação,044,2024,130ª Sessão Ordinária da 18ª Legislatura,2024-03-04,Reinaldo Codognato,"Solicita a instalação de iluminação de LED no playground do bairro Jardim Conde, para aumentar a segurança do espaço à noite.",,,,,Pendente de Análise,
2124-IND-434,Indicação,045,2024,130ª Sessão Ordinária da 18ª Legislatura,2024-03-04,"Paulo Sérgio Cordeiro, Anderson Marcos Viana, Elio Furini Neto, Marisa Alves da Silva Costa, Teresinha de Lourdes Freitas Regodanso","Solicita o fornecimento de acesso à internet (wi-fi) no velório municipal, para dar suporte prático a familiares e amigos durante o velório.",,,,,Pendente de Análise,
2124-IND-435,Indicação,046,2024,130ª Sessão Ordinária da 18ª Legislatura,2024-03-04,Elio Furini Neto,Solicita providências para amenizar o mau cheiro exalado por bueiros no bairro Jardim Vale do Sol.,,,,,Pendente de Análise,
2124-IND-436,Indicação,047,2024,130ª Sessão Ordinária da 18ª Legislatura,2024-03-04,Rui Domingos da Silva,"Reforçando a indicação 059/2023, solicita reforma (reparos e pintura) na casa de apoio de Junqueirópolis na cidade de Jaú, usada por munícipes em tratamento oncológico que precisam pernoitar no local.",,,,,Pendente de Análise,
2124-IND-437,Indicação,048,2024,130ª Sessão Ordinária da 18ª Legislatura,2024-03-04,"Valdir Aparecido de Oliveira, Anderson Marcos Viana",Solicita a disponibilização de transporte somente de ida para crianças e mães com bebês de colo matriculados em CIs localizados a mais de 1 km de suas residências.,,,,,Pendente de Análise,
2124-IND-438,Indicação,049,2024,130ª Sessão Ordinária da 18ª Legislatura,2024-03-04,Valdir Aparecido de Oliveira,"Solicita adequações na iluminação pública das áreas verdes do município, para promover segurança e uso noturno desses espaços.",,,,,Pendente de Análise,
2124-IND-439,Indicação,050,2024,130ª Sessão Ordinária da 18ª Legislatura,2024-03-04,"Valdir Aparecido de Oliveira, Anderson Marcos Viana","Reforçando a indicação 076/2023, solicita manutenção da estrada e da ponte do córrego Palmeiras no bairro Segunda Sessão, que liga Junqueirópolis a Dracena, via importante para o escoamento da produção agrícola local.",,,,,Pendente de Análise,
2124-REQ-088,Requerimento,11,2024,130ª Sessão Ordinária da 18ª Legislatura,2024-03-04,"Valdir Aparecido de Oliveira, Anderson Marcos Viana","Solicita informações acerca do andamento do projeto de reconstrução da ponte localizada na estrada JQL-446, no bairro Segunda Sessão, que liga Junqueirópolis a Dracena.","Diretoria de Planejamento, Obras, Serviços e Manutenção",Normal,Aprovado,,Pendente,"Aprovado por unanimidade de votos. Data da sessão conforme mencionada no texto (04/03/2024), divergente da data do arquivo (2024-03-05)."
2124-DEN-085,Denúncia,,2024,130ª Sessão Ordinária da 18ª Legislatura,2024-03-04,Anderson Marcos Viana,"O vereador Anderson Marcos Viana relatou que o ""postão"" (posto de saúde central) e o ESF nº 8, que atende a zona rural, estavam tomados pelo mato, com aparecimento de animais peçonhentos; afirmou ter capturado pessoalmente um escorpião no local durante campanha de combate à dengue conduzida pela própria administração.",Diretoria de Saúde,Feita/cobrada pelo vereador,,,Pendente de Verificação,
2124-DEN-086,Denúncia,,2024,130ª Sessão Ordinária da 18ª Legislatura,2024-03-04,Anderson Marcos Viana,"O vereador Anderson Marcos Viana relatou que um morador do bairro Jardim Conde, engenheiro eletricista, instalou por conta própria iluminação no playground do bairro, mas a administração retirou a instalação por considerá-la irregular e nunca a substituiu; o local seguia às escuras havia mais de um ano, tomado pelo mato, com playground e pista de caminhada em desuso.","Diretoria de Planejamento, Obras, Serviços e Manutenção",Feita/cobrada pelo vereador,,,Pendente de Verificação,
2124-DEN-087,Denúncia,,2024,130ª Sessão Ordinária da 18ª Legislatura,2024-03-04,Anderson Marcos Viana,"O vereador Anderson Marcos Viana relatou ter constatado a construção de 13 pilares de concreto para postes de iluminação embaixo da linha férrea, em trecho que já possuía 8 postes de energia, sem que a Câmara tivesse conhecimento prévio da obra, questionando o uso do dinheiro público nesse serviço em vez de iluminar bairros carentes.","Diretoria de Planejamento, Obras, Serviços e Manutenção",Feita/cobrada pelo vereador,,,Pendente de Verificação,"Assunto retomado em sessões posteriores (132ª e 134ª) pelo mesmo vereador, questionando o uso repetido de concreto em obras ""debaixo da linha""."
2124-DEN-088,Denúncia,,2024,130ª Sessão Ordinária da 18ª Legislatura,2024-03-04,Anderson Marcos Viana,"O vereador Anderson Marcos Viana relatou que, na Rua do Viveiro, sentido Delta Ville, um fio elétrico caído atingiu um motociclista, arrancando parte da pele do pescoço da vítima; o trecho carece de iluminação e há travessia de animais na pista.","Diretoria de Planejamento, Obras, Serviços e Manutenção",Feita/cobrada pelo vereador,,,Pendente de Verificação,"O vereador afirmou ter filmado moradores relatando o ocorrido, mas não chegou a publicar o vídeo."
2124-DEN-089,Denúncia,,2024,130ª Sessão Ordinária da 18ª Legislatura,2024-03-04,Anderson Marcos Viana,"O vereador Anderson Marcos Viana relatou vazamento de esgoto por duas semanas no bairro Jardim Alvorada, com água escoando pela rua e crianças brincando no local.","Diretoria de Planejamento, Obras, Serviços e Manutenção",Feita/cobrada pelo vereador,,,Pendente de Verificação,
2124-DEN-090,Denúncia,,2024,130ª Sessão Ordinária da 18ª Legislatura,2024-03-04,Anderson Marcos Viana,"O vereador Anderson Marcos Viana relatou caso concreto de uma criança de 9 anos, moradora a aproximadamente 2.200 metros da escola, que não teria direito a transporte escolar segundo o critério informado pela administração, apesar de informações divergentes (900 m, 1.500 m) terem sido dadas pela Secretaria de Educação em diferentes ocasiões sobre a distância mínima exigida.","Diretoria de Educação, Cultura, Esportes, Lazer e Turismo",Recebida pelo vereador,,,Pendente de Verificação,Vereador solicitou a presença do secretário de Educação em sessão para esclarecer os critérios de concessão do transporte escolar.
2124-DEN-091,Denúncia,,2024,130ª Sessão Ordinária da 18ª Legislatura,2024-03-04,Anderson Marcos Viana,"O vereador Anderson Marcos Viana relatou que Centros de Educação Infantil (CEIs) passaram a pedir aos pais itens de higiene pessoal (sabonete, fralda) e alimentos, prática apontada como inédita, na mesma época em que recursos municipais eram usados em obras de concreto ""debaixo da linha"".","Diretoria de Educação, Cultura, Esportes, Lazer e Turismo",Feita/cobrada pelo vereador,,,Pendente de Verificação,"Motivou o Requerimento nº 13/2024, apresentado na sessão seguinte (131ª)."
2124-IND-440,Indicação,051,2024,131ª Sessão Ordinária da 18ª Legislatura,2024-03-11,Anderson Marcos Viana,"Solicita a instalação de iluminação de LED na Rua do Viveiro e na Avenida Rio Branco, especialmente onde ocorre a feira municipal às sextas-feiras.",,,,,Pendente de Análise,"Esta sessão é datada no texto como 'a ser realizada em 11 de março de 2024', enquanto o arquivo está nomeado 2024-03-12. Adotei 2024-03-11 como data_sessao."
2124-IND-441,Indicação,052,2024,131ª Sessão Ordinária da 18ª Legislatura,2024-03-11,Anderson Marcos Viana,"Solicita manutenção do meio-fio da calçada na Rua Victor Junqueira, entre a Avenida Paulista e a Rua General Osório, devido ao acúmulo de água parada no local.",,,,,Pendente de Análise,
2124-IND-442,Indicação,053,2024,131ª Sessão Ordinária da 18ª Legislatura,2024-03-11,Anderson Marcos Viana,"Reforçando a indicação 139/2023, solicita a conclusão da revitalização da Praça Álvaro de Oliveira Junqueira, incluindo a cobertura do palco, prevista no projeto original mas não executada.",,,,,Pendente de Análise,
2124-IND-443,Indicação,054,2024,131ª Sessão Ordinária da 18ª Legislatura,2024-03-11,"Elio Furini Neto, Paulo Sérgio Cordeiro, Anderson Marcos Viana, Marisa Alves da Silva Costa, Teresinha de Lourdes Freitas Regodanso","Solicita roçagem e limpeza do velório municipal e áreas adjacentes, além de reforma das calçadas e muros do cemitério municipal.",,,,,Pendente de Análise,
2124-IND-444,Indicação,055,2024,131ª Sessão Ordinária da 18ª Legislatura,2024-03-11,"Elio Furini Neto, Paulo Sérgio Cordeiro, Anderson Marcos Viana, Marisa Alves da Silva Costa, Teresinha de Lourdes Freitas Regodanso","Solicita manutenção geral da praça do Jardim Alvorada, cujo mato encobre os bancos e cuja falta de playground leva crianças a brincar de forma perigosa nos galhos de árvores do barranco.",,,,,Pendente de Análise,
2124-IND-445,Indicação,056,2024,131ª Sessão Ordinária da 18ª Legislatura,2024-03-11,"Reinaldo Codognato, Teresinha de Lourdes Freitas Regodanso","Solicita medidas de segurança em frente à nova farmácia municipal (marcação de solo ou lombada), após relato de quase atropelamento de pedestre por veículo tentando cruzar o semáforo local antes de fechar.",,,,,Pendente de Análise,
2124-REQ-089,Requerimento,12,2024,131ª Sessão Ordinária da 18ª Legislatura,2024-03-11,Anderson Marcos Viana,"Solicita esclarecimentos sobre os motivos que levaram à necessidade de aditamento no valor de R$ 82.400,00 para a reforma e ampliação do CCI (Centro de Convivência do Idoso) de Junqueirópolis, além de informações sobre o percentual de obra já concluído e o montante já pago até o momento.","Diretoria de Licitações, Contratos e Convênios",Normal,Aprovado,,Pendente,"Aprovado por 5 votos a 3, após pedido de vista do autor na sessão anterior (130ª) ter sido aprovado por 5 votos a 3, retirando de pauta o projeto de lei complementar nº 08/2024 (crédito adicional suplementar para a mesma obra). Na sessão seguinte (132ª) a administração respondeu ao ofício e o referido projeto de lei foi aprovado."
2124-REQ-090,Requerimento,13,2024,131ª Sessão Ordinária da 18ª Legislatura,2024-03-11,Anderson Marcos Viana,"Solicita esclarecimentos sobre a recente solicitação feita aos pais pelos Centros de Educação Infantil (CEIs), envolvendo pedidos de listas de materiais escolares e itens de higiene pessoal para seus filhos, prática apontada como inédita nos últimos anos.","Diretoria de Educação, Cultura, Esportes, Lazer e Turismo",Normal,Aprovado,,Pendente,Aprovado por unanimidade de votos.
2124-REQ-091,Requerimento,14,2024,131ª Sessão Ordinária da 18ª Legislatura,2024-03-11,Anderson Marcos Viana,"Solicita informações acerca de quantos servidores recebem a Gratificação por Trabalho por Tempo Integral e Dedicação Exclusiva (GTID), com relação de nome completo, cargo, função, setor e percentual de gratificação recebida, referente ao período de janeiro de 2024 até a data da resposta.","Diretoria de Fazenda, Compras, Almoxarifado e Recursos Humanos",Normal,Aprovado,,Pendente,"Aprovado por unanimidade de votos. Requerimento similar já havia sido feito em anos anteriores, segundo relato em plenário."
2124-DEN-092,Denúncia,,2024,131ª Sessão Ordinária da 18ª Legislatura,2024-03-11,"Anderson Marcos Viana, Teresinha de Lourdes Freitas Regodanso","Os vereadores relataram que a obra de reforma e ampliação do CCI (Centro de Convivência do Idoso) não estava sendo devidamente fiscalizada: a empresa terceirizada mantinha apenas de um a quatro funcionários por dia, o piso estava sendo instalado antes da cobertura e era de qualidade questionável, e a engenheira responsável teria chegado ao portão da obra e voltado sem entrar para fiscalizar.","Diretoria de Planejamento, Obras, Serviços e Manutenção",Feita/cobrada pelo vereador,,,Pendente de Verificação,Motivou o Requerimento nº 12/2024 e o pedido de vista que atrasou a votação do projeto de lei complementar nº 08/2024 (crédito adicional para a obra).
2124-DEN-093,Denúncia,,2024,131ª Sessão Ordinária da 18ª Legislatura,2024-03-11,"Anderson Marcos Viana, Helio Furini Neto, Teresinha de Lourdes Freitas Regodanso","Vereadores relataram que o cemitério e o velório municipal estavam havia tempos tomados pelo mato, com muro caído em parte do perímetro, situação que motivou comentários jocosos de visitantes de outra cidade presentes a um velório no local.","Diretoria de Planejamento, Obras, Serviços e Manutenção",Feita/cobrada pelo vereador,,,Pendente de Verificação,"Após a indicação (nº 54/2024) apresentada nesta mesma sessão, a roçagem foi realizada ainda na mesma semana, segundo relato do vereador Elio Furini Neto na sessão seguinte (132ª)."
2124-IND-446,Indicação,057,2024,132ª Sessão Ordinária da 18ª Legislatura,2024-03-18,Anderson Marcos Viana,"Solicita a manutenção dos ventiladores da Escola Estadual, além de buscar solução para doação de aparelhos de ar-condicionado para a escola, dado o impacto do calor no ambiente de estudo.",,,,,Pendente de Análise,"Esta sessão é datada no texto como 'a ser realizada em 18 de março de 2024', enquanto o arquivo está nomeado 2024-03-19. Adotei 2024-03-18 como data_sessao. Além disso, o nome da patrona da escola estadual citada aparece de forma inconsistente na transcrição ('Escola Profº Idene Rodrigues dos Santos' no resumo do expediente e 'Escola Profº Idene Rodrigues dos Santos' na leitura integral) — não foi possível confirmar a grafia correta do nome."
2124-IND-447,Indicação,058,2024,132ª Sessão Ordinária da 18ª Legislatura,2024-03-18,Anderson Marcos Viana,"Solicita o recapeamento na interseção da Rua José Bonifácio com a Rua Marconi e no final da Rua José Bonifácio, no bairro Jardim Esperança.",,,,,Pendente de Análise,
2124-IND-448,Indicação,059,2024,132ª Sessão Ordinária da 18ª Legislatura,2024-03-18,"Elio Furini Neto, Anderson Marcos Viana","Reforçando as indicações 144/2022 e 197/2023, solicita manutenção e compactação dos campos situados nos bairros Residencial das Américas, Jardim Paulista, Jardim Alvorada e Carmezinho 1.",,,,,Pendente de Análise,
2124-IND-449,Indicação,060,2024,132ª Sessão Ordinária da 18ª Legislatura,2024-03-18,"Anderson Marcos Viana, Elio Furini Neto, Marisa Alves da Silva Costa, Paulo Sérgio Cordeiro, Teresinha de Lourdes Freitas Regodanso","Reforçando a indicação 149/2023, solicita a construção de faixas elevadas no encontro da Avenida Paulista com a Rua Porto Alegre (em frente ao Pronto-Socorro) e na Rua Washington Luiz com a Avenida Bandeirantes (ao lado da Escola Chigueco).",,,,,Pendente de Análise,
2124-IND-450,Indicação,061,2024,132ª Sessão Ordinária da 18ª Legislatura,2024-03-18,Teresinha de Lourdes Freitas Regodanso,"Reforçando a indicação 47/2023, solicita a instalação de ninhos artificiais (caixotes) em palmeiras imperiais e demais árvores frequentadas por araras no perímetro urbano, para evitar a morte das palmeiras e apoiar a reprodução das aves.",,,,,Pendente de Análise,
2124-IND-451,Indicação,062,2024,132ª Sessão Ordinária da 18ª Legislatura,2024-03-18,Teresinha de Lourdes Freitas Regodanso,"Reforçando a indicação 056/2023, solicita a manutenção dos pisos intertravados de concreto da Praça Álvaro de Oliveira Junqueira, que estão irregulares e já causaram quedas, sobretudo em idosos.",,,,,Pendente de Análise,
2124-IND-452,Indicação,063,2024,132ª Sessão Ordinária da 18ª Legislatura,2024-03-18,Valdir Aparecido de Oliveira,"Solicita a construção de uma canaleta para escoamento de água pluvial no cruzamento da Rua Argentina com a Rua Iracema Sobreira, para prevenir alagamentos.",,,,,Pendente de Análise,
2124-IND-453,Indicação,064,2024,132ª Sessão Ordinária da 18ª Legislatura,2024-03-18,Valdir Aparecido de Oliveira,"Reforçando as indicações 049/2022 e 159/2021, solicita a revisão do percentual de insalubridade pago aos servidores municipais da área da saúde (hoje em torno de 20%), propondo também estender a discussão a outras categorias expostas a condições adversas.",,,,,Pendente de Análise,
2124-IND-454,Indicação,065,2024,132ª Sessão Ordinária da 18ª Legislatura,2024-03-18,"Rui Domingos da Silva, Valdir Aparecido de Oliveira","Reforçando as indicações 189/2023 e 166/2021, solicita serviços de proteção e manutenção das estruturas nas cabeceiras de todas as pontes do município, visando maior segurança sobretudo em períodos de chuva.",,,,,Pendente de Análise,
2124-IND-455,Indicação,066,2024,132ª Sessão Ordinária da 18ª Legislatura,2024-03-18,"Anderson Marcos Viana, Elio Furini Neto, Marisa Alves da Silva Costa, Paulo Sérgio Cordeiro, Reinaldo Codognato, Rui Domingos da Silva, Sofia Rodrigues dos Santos, Valdir Aparecido de Oliveira, Teresinha de Lourdes Freitas Regodanso","Solicita a implementação de duas lombadas ou depressões na Rua São Salvador, próximas à interseção com a Rua Lucélia, atendendo a abaixo-assinado de 120 moradores, devido ao alto fluxo de pessoas na região (ESFs 2 e 7, creche e duas igrejas).",,,,,Pendente de Análise,
2124-REQ-092,Requerimento,15,2024,132ª Sessão Ordinária da 18ª Legislatura,2024-03-18,"Anderson Marcos Viana, Marisa Alves da Silva Costa","Solicita cópias de todos os contratos de aluguéis celebrados entre a Prefeitura Municipal de Junqueirópolis e particulares, acompanhadas dos valores atualizados pagos mensalmente.","Diretoria de Fazenda, Compras, Almoxarifado e Recursos Humanos",Normal,Aprovado,,Pendente,"Aprovado por unanimidade de votos. Resposta trouxe relação de 10 imóveis alugados (farmácia municipal, posto de recebimento, setor de água e esgoto, setor de trânsito, projeto Guri, CI Cristo, CRAS, Conselho Tutelar, Poupatempo, CREAS)."
2124-REQ-093,Requerimento,16,2024,132ª Sessão Ordinária da 18ª Legislatura,2024-03-18,Paulo Sérgio Cordeiro,"Solicita relatório de gastos relativos à reforma da Academia de Judô do município neste ano, com descrição das melhorias realizadas, além de informações sobre os investimentos planejados para a construção da meia-quadra de basquete entre a pista de skate e a Academia de Judô.","Diretoria de Educação, Cultura, Esportes, Lazer e Turismo",Normal,Aprovado,,Pendente,"Aprovado por unanimidade de votos. Resposta da administração (ofício 70/2024) informou que não houve reforma, apenas manutenção (R$ 3.382,50), e que a meia-quadra de basquete estava em fase de terraplanagem, com investimento planejado de R$ 23.586,20."
2124-DEN-094,Denúncia,,2024,132ª Sessão Ordinária da 18ª Legislatura,2024-03-18,"Reinaldo Codognato, Teresinha de Lourdes Freitas Regodanso","Em reunião do Conselho de Segurança (CONSEG) do bairro Alto do Cene, um integrante relatou aos vereadores presentes ter presenciado um quase atropelamento de um pedestre em frente à nova farmácia municipal: um veículo passou em alta velocidade para não perder o sinal do semáforo enquanto a pessoa atravessava a rua para acessar a farmácia.","Diretoria Jurídica, Habitação e de Trânsito",Recebida pelo vereador,,,Pendente de Verificação,"Motivou a indicação nº 56/2024, apresentada na sessão anterior (131ª), solicitando marcação de solo ou lombada em frente à farmácia."
2124-DEN-095,Denúncia,,2024,132ª Sessão Ordinária da 18ª Legislatura,2024-03-18,Paulo Sérgio Cordeiro,"O vereador Paulo Sérgio Cordeiro relatou ter ido pessoalmente à Academia de Judô Municipal e constatado que a reforma anunciada consistiu apenas em pintura; segundo ele, o banheiro do local estava em condições tão precárias que teria vergonha de pedir a um pai ou mãe para utilizá-lo. O vereador afirmou ter filmado, mas optou por não divulgar o vídeo enquanto aguardava a reforma efetiva.","Diretoria de Educação, Cultura, Esportes, Lazer e Turismo",Feita/cobrada pelo vereador,,,Pendente de Verificação,"Motivou o Requerimento nº 16/2024, apresentado na mesma sessão."
2124-DEN-096,Denúncia,,2024,132ª Sessão Ordinária da 18ª Legislatura,2024-03-18,Helio Furini Neto,"O vereador Elio Furini Neto relatou reclamações de times visitantes durante campeonato realizado no Estádio Municipal Raphael Capelli sobre as condições dos vestiários: azulejos soltando, chuveiros pingando, privadas sem funcionar, falta de espaço e de iluminação adequada.","Diretoria de Educação, Cultura, Esportes, Lazer e Turismo",Recebida pelo vereador,,,Pendente de Verificação,"Terceira indicação consecutiva sobre o tema (reforçando indicações de 2022 e 2023); motivou a indicação nº 82/2024, apresentada na sessão seguinte (134ª)."
2124-IND-456,Indicação,067,2024,133ª Sessão Ordinária da 18ª Legislatura,2024-03-25,Anderson Marcos Viana,"Solicita melhorias no ponto de ônibus localizado na interseção da Rua José Bonifácio com a Rua das Américas, que se encontra deteriorado (assento afundado e cobertura destruída).",,,,,Pendente de Análise,"Esta sessão é datada no texto como 'a ser realizada em 25 de março de 2024', enquanto o arquivo está nomeado 2024-03-26. Adotei 2024-03-25 como data_sessao."
2124-IND-457,Indicação,068,2024,133ª Sessão Ordinária da 18ª Legislatura,2024-03-25,"Anderson Marcos Viana, Elio Furini Neto, Marisa Alves da Silva Costa, Paulo Sérgio Cordeiro, Teresinha de Lourdes Freitas Regodanso","Reforçando a indicação 226/2023, solicita flexibilização no horário de trabalho de categorias expostas ao sol forte (agentes comunitários de saúde, braçais, encanadores, serviços gerais etc.), como medida de prevenção ao câncer de pele e demais riscos à saúde.",,,,,Pendente de Análise,
2124-IND-458,Indicação,069,2024,133ª Sessão Ordinária da 18ª Legislatura,2024-03-25,Anderson Marcos Viana,"Solicita a implementação de um pátio cercado, com portaria e segurança, destinado ao estacionamento de caminhões e carretas, que hoje ocupam indevidamente as ruas e obstruem acessos de moradores.",,,,,Pendente de Análise,
2124-IND-459,Indicação,070,2024,133ª Sessão Ordinária da 18ª Legislatura,2024-03-25,"Elio Furini Neto, Anderson Marcos Viana, Marisa Alves da Silva Costa, Paulo Sérgio Cordeiro, Teresinha de Lourdes Freitas Regodanso","Reforçando a indicação 024/2021, solicita a ampliação do Centro Educacional Infantil (CI) do Cristo Redentor, diante da crescente demanda de crianças atendidas pela instituição.",,,,,Pendente de Análise,
2124-IND-460,Indicação,071,2024,133ª Sessão Ordinária da 18ª Legislatura,2024-03-25,"Elio Furini Neto, Anderson Marcos Viana, Marisa Alves da Silva Costa, Paulo Sérgio Cordeiro, Teresinha de Lourdes Freitas Regodanso","Reforçando a indicação 022/2021, solicita a revitalização do campo de futebol do bairro Cristo Redentor, incluindo a substituição do gramado, que se encontra em estado precário.",,,,,Pendente de Análise,
2124-IND-461,Indicação,072,2024,133ª Sessão Ordinária da 18ª Legislatura,2024-03-25,Valdir Aparecido de Oliveira,"Solicita melhorias nos CIs que recentemente receberam novas salas de aula, propondo construção de banheiros adicionais, cobertura de acesso às salas e bebedouros próximos às salas de aula.",,,,,Pendente de Análise,
2124-IND-462,Indicação,073,2024,133ª Sessão Ordinária da 18ª Legislatura,2024-03-25,Valdir Aparecido de Oliveira,"Solicita a alteração da Lei Municipal nº 3.493/2022 (convênio com o Estado para atividade delegada de policiais militares), para esclarecer a natureza indenizatória da gratificação e estabelecer valores específicos por patente.",,,,,Pendente de Análise,
2124-IND-463,Indicação,074,2024,133ª Sessão Ordinária da 18ª Legislatura,2024-03-25,Teresinha de Lourdes Freitas Regodanso,"Solicita o aumento da iluminação do Complexo Esportivo Parque Ecológico Tafarel Rodrigues Vieira, no bairro Jardim Paulista, cujo setor com baixa visibilidade compromete a segurança noturna.",,,,,Pendente de Análise,
2124-IND-464,Indicação,075,2024,133ª Sessão Ordinária da 18ª Legislatura,2024-03-25,Teresinha de Lourdes Freitas Regodanso,"Reforçando a indicação 205/2023, solicita a construção, locação ou aquisição de um prédio para instalar a 'creche municipal do idoso', voltada a famílias que não têm onde deixar idosos durante o período de trabalho.",,,,,Pendente de Análise,
2124-IND-465,Indicação,076,2024,133ª Sessão Ordinária da 18ª Legislatura,2024-03-25,Reinaldo Codognato,"Solicita a instalação de bancos e mesas no entorno da pista de caminhada do bairro Pioneiros, especificamente na Rua José Reis e na Rua Hermínio Grespan, para criar um ponto de convívio para os moradores.",,,,,Pendente de Análise,
2124-IND-466,Indicação,077,2024,133ª Sessão Ordinária da 18ª Legislatura,2024-03-25,Rui Domingos da Silva,"Reforçando as indicações 190/2021 e 151/2023, solicita a implantação de diárias de valor fixo para motoristas de ambulância e de transporte de pacientes da Secretaria de Saúde em deslocamentos fora da sede, substituindo o sistema de comprovação de despesas por notas fiscais, de difícil cumprimento.",,,,,Pendente de Análise,
2124-DEN-097,Denúncia,,2024,133ª Sessão Ordinária da 18ª Legislatura,2024-03-25,Anderson Marcos Viana,"O vereador Anderson Marcos Viana relatou o sucateamento do transporte de pacientes do município: uma van usada como ambulância apresentava marcas de acidente, o cinto de segurança não encaixava, peças de ferro caíam do veículo, e o veículo parava a cada 10 quilômetros rodados, exigindo intervenção improvisada do próprio motorista para continuar a viagem.",Diretoria de Saúde,Feita/cobrada pelo vereador,,,Pendente de Verificação,Vereador afirmou ter recebido relatos de mais de seis munícipes sobre o mesmo veículo no mesmo dia e possuir vídeo do ocorrido.
2124-DEN-098,Denúncia,,2024,133ª Sessão Ordinária da 18ª Legislatura,2024-03-25,Anderson Marcos Viana,"O vereador Anderson Marcos Viana relatou novamente (reiterando reclamação de sessão anterior) que o terreno na esquina da Rua Sete de Setembro com a Rua Santa Terezinha mantinha uma poça de água parada, podre e esverdeada, tomada pelo mato, durante período de campanha municipal de combate à dengue.","Diretoria de Agronegócio, Indústria, Comércio e Meio Ambiente e Gestão de Resíduos Sólidos",Feita/cobrada pelo vereador,,,Pendente de Verificação,
2124-DEN-099,Denúncia,,2024,133ª Sessão Ordinária da 18ª Legislatura,2024-03-25,Anderson Marcos Viana,"O vereador Anderson Marcos Viana relatou que um ponto de ônibus foi construído ""dentro do mato"" no bairro Conde, em local de difícil acesso, dificultando a manobra do ônibus para realizar a parada.","Diretoria de Planejamento, Obras, Serviços e Manutenção",Feita/cobrada pelo vereador,,,Pendente de Verificação,Citado de forma breve pelo vereador como exemplo de má escolha de local para instalação de mobiliário urbano.
2124-IND-467,Indicação,078,2024,134ª Sessão Ordinária da 18ª Legislatura,2024-04-01,Paulo Sérgio Cordeiro,"Solicita a manutenção da calçada situada no cruzamento da Rua Belo Horizonte com a Rua da Paz, atualmente tomada por vegetação e entulho.",,,,,Pendente de Análise,"Esta sessão é datada no texto como 'a ser realizada em 1º de abril de 2024', enquanto o arquivo está nomeado 2024-04-02. Adotei 2024-04-01 como data_sessao."
2124-IND-468,Indicação,079,2024,134ª Sessão Ordinária da 18ª Legislatura,2024-04-01,Anderson Marcos Viana,"Solicita melhorias no trecho entre a Rua Corumbá e a Rua Belo Horizonte, cuja situação persiste há anos e aumenta o risco de acidentes, especialmente para motociclistas.",,,,,Pendente de Análise,
2124-IND-469,Indicação,080,2024,134ª Sessão Ordinária da 18ª Legislatura,2024-04-01,Anderson Marcos Viana,"Solicita a construção de uma cobertura na Avenida Campos Salles, ao lado do muro do Lar Santo Antônio, para proteger da chuva e do sol os alunos que fazem aulas práticas de habilitação no local, sugerindo parceria com autoescolas e o Detran.",,,,,Pendente de Análise,
2124-IND-470,Indicação,081,2024,134ª Sessão Ordinária da 18ª Legislatura,2024-04-01,Anderson Marcos Viana,"Solicita o início da implementação de lombadas ecológicas (de material metálico, mais baratas e de fácil manutenção) em pontos críticos do município.",,,,,Pendente de Análise,
2124-IND-471,Indicação,082,2024,134ª Sessão Ordinária da 18ª Legislatura,2024-04-01,"Elio Furini Neto, Anderson Marcos Viana, Marisa Alves da Silva Costa, Paulo Sérgio Cordeiro, Teresinha de Lourdes Freitas Regodanso","Reforçando as indicações 122/2022 e 163/2023, solicita a reforma dos vestiários do Estádio Municipal Raphael Capelli, incluindo troca de pisos, chuveiros e sanitários, e adaptações para pessoas com deficiência ou mobilidade reduzida.",,,,,Pendente de Análise,
2124-IND-472,Indicação,083,2024,134ª Sessão Ordinária da 18ª Legislatura,2024-04-01,"Elio Furini Neto, Anderson Marcos Viana, Marisa Alves da Silva Costa, Paulo Sérgio Cordeiro, Teresinha de Lourdes Freitas Regodanso","Reforçando a indicação 239/2023, solicita a instituição de um auxílio municipal oncológico para fornecimento de alimentos naturais e saudáveis a pacientes em tratamento de quimioterapia, radioterapia ou similar.",,,,,Pendente de Análise,
2124-IND-473,Indicação,084,2024,134ª Sessão Ordinária da 18ª Legislatura,2024-04-01,Teresinha de Lourdes Freitas Regodanso,"Reforçando a indicação 48/2023, solicita a compra ou locação de um imóvel próximo ao Hospital Regional de Oncologia (Hospital de Esperança) em Presidente Prudente, para funcionar como casa de apoio a pacientes e acompanhantes em tratamento, nos moldes da casa de apoio existente em Jaú.",,,,,Pendente de Análise,
2124-IND-474,Indicação,085,2024,134ª Sessão Ordinária da 18ª Legislatura,2024-04-01,Reinaldo Codognato,"Solicita a implementação de um projeto denominado 'Revela Talentos' nas escolas municipais, para identificar e nutrir talentos artísticos e esportivos dos alunos.",,,,,Pendente de Análise,
2124-IND-475,Indicação,086,2024,134ª Sessão Ordinária da 18ª Legislatura,2024-04-01,Valdir Aparecido de Oliveira,"Solicita a disponibilização de ônibus de grande porte para transportar atletas e seus responsáveis em competições realizadas em outras cidades, permitindo que os pais acompanhem os filhos.",,,,,Pendente de Análise,
2124-REQ-094,Requerimento,17,2024,134ª Sessão Ordinária da 18ª Legislatura,2024-04-01,Paulo Sérgio Cordeiro,"Solicita esclarecimentos sobre os procedimentos e investimentos oferecidos pelo CAPS (Centro de Atenção Psicossocial) aos indivíduos que lutam contra dependência química, visando sua reintegração social, e a eficácia dos recursos aplicados.",Diretoria de Saúde,Normal,Aprovado,,Pendente,"Aprovado por unanimidade de votos. Data da sessão conforme mencionada no texto (01/04/2024), divergente da data do arquivo (2024-04-02). Na 133ª Sessão Ordinária (25/03/2024, arquivo 2024-03-26) não houve apresentação de requerimentos, apenas indicações (67 a 77/2024) e projetos de lei."
2124-DEN-100,Denúncia,,2024,134ª Sessão Ordinária da 18ª Legislatura,2024-04-01,Anderson Marcos Viana,"O vereador Anderson Marcos Viana relatou que a obra do salão comunitário do bairro Jardim Pioneiros estava com madeiramento novo exposto à chuva e ao sol por dias sem que a empresa retornasse ao local, e que havia fiação elétrica desencapada e emendada exposta ao lado de um playground, sem qualquer cercamento de segurança que impedisse o acesso de crianças.","Diretoria de Planejamento, Obras, Serviços e Manutenção",Feita/cobrada pelo vereador,,,Pendente de Verificação,
2124-DEN-101,Denúncia,,2024,134ª Sessão Ordinária da 18ª Legislatura,2024-04-01,Anderson Marcos Viana,"O vereador Anderson Marcos Viana relatou que a área verde do bairro Carmezinho 1 estava tomada pelo mato, com aparecimento de aranhas de grande porte, cobras e escorpiões — um funcionário teria capturado uma aranha do tamanho de um sapo — além de falta de iluminação no local.","Diretoria de Agronegócio, Indústria, Comércio e Meio Ambiente e Gestão de Resíduos Sólidos",Feita/cobrada pelo vereador,,,Pendente de Verificação,
2124-DEN-102,Denúncia,,2024,134ª Sessão Ordinária da 18ª Legislatura,2024-04-01,Anderson Marcos Viana,"O vereador Anderson Marcos Viana relatou que a obra de contenção do ""Buracão"" do Jardim Paulista (financiada por operação de crédito de aproximadamente R$ 2,5 milhões aprovada em 2023) estava novamente parada meses após o início esperado: as aduelas (manilhas de concreto) já instaladas começaram a ceder e cair, e o barranco erodido estava a poucos metros de uma residência.","Diretoria de Planejamento, Obras, Serviços e Manutenção",Feita/cobrada pelo vereador,,,Pendente de Verificação,"Tema relacionado ao Requerimento nº 09/2024, apresentado na sessão 129ª sobre a mesma operação de crédito."
2124-IND-476,Indicação,087,2024,135ª Sessão Ordinária da 18ª Legislatura,2024-04-08,Anderson Marcos Viana,"Solicita a construção de uma área de lazer com playground nas proximidades do encontro da Avenida Junqueira com a Rua da Paz e a Rua 4 de Setembro, no bairro Vila Beatriz, atendendo a antiga reivindicação dos moradores daquele bairro.",,,,,Pendente de Análise,"Data da sessão conforme mencionado no texto da transcrição (véspera da data do nome do arquivo, que corresponde ao dia da postagem/upload)."
2124-IND-477,Indicação,088,2024,135ª Sessão Ordinária da 18ª Legislatura,2024-04-08,Anderson Marcos Viana,"Reforçando a indicação nº 51/2023, solicita a pavimentação asfáltica ou colocação de pedrisco em trecho da via de acesso João Furini, de frente aos armazéns comerciais localizados atrás do Mercadinho Pioneiros, área que vem sofrendo rachaduras no asfalto com o tráfego de caminhões.",,,,,Pendente de Análise,"Data da sessão conforme mencionado no texto da transcrição (véspera da data do nome do arquivo, que corresponde ao dia da postagem/upload)."
2124-IND-478,Indicação,089,2024,135ª Sessão Ordinária da 18ª Legislatura,2024-04-08,Anderson Marcos Viana,"Reforçando a indicação nº 58/2023, solicita a instituição de uma semana comemorativa alusiva ao Dia Mundial de Conscientização do Autismo, celebrado em 2 de abril, visando reduzir a discriminação e promover conhecimento sobre o transtorno do espectro autista.",,,,,Pendente de Análise,"Data da sessão conforme mencionado no texto da transcrição (véspera da data do nome do arquivo, que corresponde ao dia da postagem/upload)."
2124-IND-479,Indicação,090,2024,135ª Sessão Ordinária da 18ª Legislatura,2024-04-08,"Elio Furini Neto, Anderson Marcos Viana, Marisa Alves da Silva Costa, Paulo Sérgio Cordeiro, Teresinha de Lourdes Freitas Regodanso","Complementando a indicação nº 083/2024, solicita o estabelecimento de uma parceria (convênio) com a Associação Junqueiropolense Amor e Vida (JAVI), grupo de apoio ao paciente com câncer, para viabilizar auxílio municipal com alimentação e ampliar a assistência prestada aos pacientes em tratamento oncológico.",,,,,Pendente de Análise,"Data da sessão conforme mencionado no texto da transcrição (véspera da data do nome do arquivo, que corresponde ao dia da postagem/upload)."
2124-IND-480,Indicação,091,2024,135ª Sessão Ordinária da 18ª Legislatura,2024-04-08,Valdir Aparecido de Oliveira,"Reforçando as indicações nº 161/2021 e 108/2022, solicita a conclusão da construção do muro no recinto da ACERUVA (parque de exposições), para mitigar o risco de deslizamento de terra do barranco existente no local durante o período chuvoso, protegendo imóveis e moradores vizinhos.",,,,,Pendente de Análise,"Data da sessão conforme mencionado no texto da transcrição (véspera da data do nome do arquivo, que corresponde ao dia da postagem/upload)."
2124-IND-481,Indicação,092,2024,135ª Sessão Ordinária da 18ª Legislatura,2024-04-08,Reinaldo Codognato,"Solicita o aumento do número de motoristas designados para o transporte escolar, por meio de remanejamento de servidores já capacitados dentro do próprio quadro da Prefeitura, considerando os limites de jornada e descanso dos motoristas atuais.",,,,,Pendente de Análise,"Data da sessão conforme mencionado no texto da transcrição (véspera da data do nome do arquivo, que corresponde ao dia da postagem/upload)."
2124-IND-482,Indicação,093,2024,135ª Sessão Ordinária da 18ª Legislatura,2024-04-08,"Elio Furini Neto, Anderson Marcos Viana, Marisa Alves da Silva Costa, Paulo Sérgio Cordeiro, Teresinha de Lourdes Freitas Regodanso","Solicita melhorias na praça localizada na Rua Wilson José de Souza, de frente ao Hotel Flor de Lis, incluindo roçagem do mato alto, melhoria da iluminação precária e reforma da quadra de areia, tomada por grama e sem condições de uso esportivo.",,,,,Pendente de Análise,"Data da sessão conforme mencionado no texto da transcrição (véspera da data do nome do arquivo, que corresponde ao dia da postagem/upload)."
2124-DEN-103,Denúncia,,2024,135ª Sessão Ordinária da 18ª Legislatura,2024-04-08,Anderson Marcos Viana,"O vereador critica publicamente a resposta da administração (ofício nº 022/2024) a um requerimento anterior seu sobre o calçamento construído pela Prefeitura na Rua Vitor Camargo Bunini (bairro Frei Galvão), ao lado do estabelecimento 3D Lava Rápido: alega que o ofício classificou o local como 'área verde', quando seria terreno particular onde há máquinas pesadas guardadas, e que a resposta não detalhou os gastos como solicitado, informando apenas a metragem de concreto usada. Afirma ter acionado o Ministério Público pela demora na resposta e informa que fará novo requerimento sobre o tema.","Diretoria de Planejamento, Obras, Serviços e Manutenção",Feita/cobrada pelo vereador,,,Pendente de Verificação,"A resposta formal a esse requerimento original (ofício nº 022/2024, informando o mesmo teor criticado pelo vereador) foi lida oficialmente na sessão seguinte (2024-04-15), como ofício nº 075/2024."
2124-DEN-104,Denúncia,,2024,135ª Sessão Ordinária da 18ª Legislatura,2024-04-08,Anderson Marcos Viana,"O vereador cobra, há cerca de 3 a 4 anos sem sucesso, uma simples roçagem de mato alto na Rua São Salvador (final do Jardim Alvorada, próximo à linha férrea), relatando que os próprios moradores acabam ateando fogo no matagal todos os anos para conseguir baixá-lo, na ausência de manutenção pelo poder público.",,Feita/cobrada pelo vereador,,,Pendente de Verificação,Não fica claro no texto qual diretoria seria responsável pela roçagem (Planejamento/Obras ou Agronegócio/Meio Ambiente e Gestão de Resíduos Sólidos); mantive null.
2124-IND-483,Indicação,094,2024,136ª Sessão Ordinária da 18ª Legislatura,2024-04-15,Anderson Marcos Viana,"Solicita a instalação de duas lixeiras na pista de skate do município, já que os praticantes, em sua maioria jovens, não têm onde descartar seu lixo no local.",,,,,Pendente de Análise,"Data da sessão conforme mencionado no texto da transcrição (véspera da data do nome do arquivo, que corresponde ao dia da postagem/upload)."
2124-IND-484,Indicação,095,2024,136ª Sessão Ordinária da 18ª Legislatura,2024-04-15,Anderson Marcos Viana,"Solicita a implementação de uma lombada (convencional ou ecológica) na Avenida Rio Branco em frente à Igreja do Evangelho Quadrangular, bem como o reforço da lombada já existente na mesma avenida, em frente à Casa do Sorvete, que se encontra desgastada.",,,,,Pendente de Análise,"Data da sessão conforme mencionado no texto da transcrição (véspera da data do nome do arquivo, que corresponde ao dia da postagem/upload)."
2124-IND-485,Indicação,096,2024,136ª Sessão Ordinária da 18ª Legislatura,2024-04-15,Anderson Marcos Viana,"Solicita reforço da faixa amarela central e poda das árvores na rodovia vicinal Dr. José Siniciato, no trecho entre a cidade e a Associação dos Catadores de Junqueirópolis (Acajunque), devido à baixa visibilidade noturna e histórico de acidentes relatado por moradores e caminhoneiros.",,,,,Pendente de Análise,"Data da sessão conforme mencionado no texto da transcrição (véspera da data do nome do arquivo, que corresponde ao dia da postagem/upload)."
2124-IND-486,Indicação,097,2024,136ª Sessão Ordinária da 18ª Legislatura,2024-04-15,Reinaldo Codognato,"Solicita a criação de um espaço cultural descentralizado, levando para os bairros as atividades culturais hoje concentradas no Centro de Formação Educacional (CEF); sugere como localização o bairro Jardim dos Pássaros, na Rua Curitiba.",,,,,Pendente de Análise,"Data da sessão conforme mencionado no texto da transcrição (véspera da data do nome do arquivo, que corresponde ao dia da postagem/upload)."
2124-IND-487,Indicação,098,2024,136ª Sessão Ordinária da 18ª Legislatura,2024-04-15,Reinaldo Codognato,"Reforçando a indicação nº 149/2022, solicita a implantação de uma carteira funcional para os servidores municipais (cerca de 800 pessoas), padronizando a identificação e possibilitando o acesso a isenções e descontos previstos em leis estaduais.",,,,,Pendente de Análise,"Data da sessão conforme mencionado no texto da transcrição (véspera da data do nome do arquivo, que corresponde ao dia da postagem/upload)."
2124-IND-488,Indicação,099,2024,136ª Sessão Ordinária da 18ª Legislatura,2024-04-15,Reinaldo Codognato,"Solicita a destinação de recursos anuais para substituição preventiva de encanamentos do sistema de abastecimento de água do município, visando prevenir vazamentos e reduzir custos com reparos emergenciais.",,,,,Pendente de Análise,"Data da sessão conforme mencionado no texto da transcrição (véspera da data do nome do arquivo, que corresponde ao dia da postagem/upload)."
2124-IND-489,Indicação,100,2024,136ª Sessão Ordinária da 18ª Legislatura,2024-04-15,Elio Furini Neto,"Solicita reforma geral na praça do bairro Jardim Boa Vista, incluindo modernização e manutenção de brinquedos, bancos e mesas já antigos.",,,,,Pendente de Análise,"Data da sessão conforme mencionado no texto da transcrição (véspera da data do nome do arquivo, que corresponde ao dia da postagem/upload)."
2124-IND-490,Indicação,101,2024,136ª Sessão Ordinária da 18ª Legislatura,2024-04-15,"Elio Furini Neto, Anderson Marcos Viana, Marisa Alves da Silva Costa, Paulo Sérgio Cordeiro, Teresinha de Lourdes Freitas Regodanso","Reforçando a indicação nº 38/2023, solicita a implantação de um serviço de transporte coletivo denominado 'Circular da Saúde', voltado a pacientes com dificuldade de locomoção, passando pelas ESFs, Santa Casa, Centro de Especialidades Odontológicas e CAPS.",,,,,Pendente de Análise,"Data da sessão conforme mencionado no texto da transcrição (véspera da data do nome do arquivo, que corresponde ao dia da postagem/upload). Consta no plano de governo da atual administração, segundo relatado pelos vereadores."
2124-IND-491,Indicação,102,2024,136ª Sessão Ordinária da 18ª Legislatura,2024-04-15,Anderson Marcos Viana,"Solicita que a alimentação escolar oferecida aos alunos seja estendida também aos professores e demais profissionais da educação durante o período letivo, sem prejuízo da prioridade de atendimento aos estudantes.",,,,,Pendente de Análise,"Data da sessão conforme mencionado no texto da transcrição (véspera da data do nome do arquivo, que corresponde ao dia da postagem/upload)."
2124-IND-492,Indicação,103,2024,136ª Sessão Ordinária da 18ª Legislatura,2024-04-15,Valdir Aparecido de Oliveira,"Solicita a instalação de coberturas para os Centros de Educação Infantil (CEIs) que tiveram suas salas recentemente ampliadas, protegendo crianças e colaboradores do sol e da chuva.",,,,,Pendente de Análise,"Data da sessão conforme mencionado no texto da transcrição (véspera da data do nome do arquivo, que corresponde ao dia da postagem/upload)."
2124-REQ-095,Requerimento,018,2024,136ª Sessão Ordinária da 18ª Legislatura,2024-04-15,Paulo Sérgio Cordeiro,"Solicita, em complemento aos requerimentos nº 05/2024 e nº 56/2023, informações ao prefeito municipal sobre o serviço prestado pela empresa Oeste Comunicações Eireli ME durante o ano de 2023, incluindo detalhes sobre campanhas de publicidade realizadas, eventos cobertos/filmados e vídeos ou artes produzidos, solicitando também o envio digital do material produzido.",Diretoria Administrativa,Normal,Aprovado,,Pendente,"O presidente da Câmara manifestou publicamente ser contrário a este requerimento (embora não vote), mas ele foi aprovado por unanimidade dos vereadores votantes. A diretoria de destino foi inferida como Administrativa, por se tratar de contrato de comunicação/publicidade; o texto não especifica explicitamente qual diretoria deveria responder."
2124-REQ-096,Requerimento,019,2024,136ª Sessão Ordinária da 18ª Legislatura,2024-04-15,Elio Furini Neto,"Solicita informações ao prefeito municipal sobre os valores repassados à Santa Casa de Misericórdia relativos ao Piso Nacional da Enfermagem, incluindo especificação dos meses abrangidos pelo repasse e a respectiva data de transferência.",Diretoria de Saúde,Normal,Aprovado,,Pendente,"Na transcrição o vereador aparece grafado ora como 'Elio Furini Neto', ora como 'Elio Furini Neto'; mantive o nome oficial da lista de vereadores da 18ª Legislatura."
2124-REQ-097,Requerimento,020,2024,136ª Sessão Ordinária da 18ª Legislatura,2024-04-15,"Elio Furini Neto, Valdir Aparecido de Oliveira, Anderson Marcos Viana","Em complemento ao requerimento nº 06/2024, solicita ao prefeito municipal os valores da receita corrente líquida e da despesa corrente líquida referentes aos exercícios de 2021, 2022 e 2023, acompanhados de cópia do extrato bancário das contas municipais relativas ao dia 31 de dezembro de cada um dos anos mencionados.","Diretoria de Fazenda, Compras, Almoxarifado e Recursos Humanos",Normal,Aprovado,,Pendente,
2124-REQ-098,Requerimento,021,2024,136ª Sessão Ordinária da 18ª Legislatura,2024-04-15,Anderson Marcos Viana,"Solicita informações ao prefeito municipal sobre o status do financiamento para a execução das obras do 'Buracão' (erosão do Jardim Paulista/Autopaulista), requisitando cópia do contrato de financiamento caso a resposta seja afirmativa.","Diretoria de Fazenda, Compras, Almoxarifado e Recursos Humanos",Normal,Aprovado,,Pendente,"A resposta a este requerimento (ofício nº 023/2024) foi lida na sessão seguinte (138ª, 2024-04-29), assinada pela Diretoria de Fazenda, Compras, Almoxarifado e RH, informando que o contrato de financiamento junto à Desenvolve SP havia sido formalizado em 05/04/2024, mas ainda estava em fase de registro."
2124-IND-493,Indicação,104,2024,137ª Sessão Ordinária da 18ª Legislatura,2024-04-22,Anderson Marcos Viana,"Solicita a retirada do antigo playground da praça do bairro Pioneiros, que apresenta peças de ferro quebradas e estrutura desgastada, oferecendo risco às crianças; sugere aproveitar o espaço para aparelhos de ginástica ao ar livre já que já foi instalado um playground novo no local.",,,,,Pendente de Análise,"Data da sessão conforme mencionado no texto da transcrição (véspera da data do nome do arquivo, que corresponde ao dia da postagem/upload)."
2124-IND-494,Indicação,105,2024,137ª Sessão Ordinária da 18ª Legislatura,2024-04-22,Anderson Marcos Viana,"Reforçando a indicação nº 015/2023, solicita reforma do playground e do calçamento da Praça do Centenário, além da instalação de bebedouros, em razão de reclamações da população sobre insegurança (fiação exposta) e playground danificado.",,,,,Pendente de Análise,"Data da sessão conforme mencionado no texto da transcrição (véspera da data do nome do arquivo, que corresponde ao dia da postagem/upload)."
2124-IND-495,Indicação,106,2024,137ª Sessão Ordinária da 18ª Legislatura,2024-04-22,Anderson Marcos Viana,"Reforçando a indicação nº 169/2023, solicita a demarcação de faixas de espera exclusivas para motocicletas em frente aos semáforos existentes na cidade, para reduzir o risco de colisões entre motos e outros veículos.",,,,,Pendente de Análise,"Data da sessão conforme mencionado no texto da transcrição (véspera da data do nome do arquivo, que corresponde ao dia da postagem/upload)."
2124-IND-496,Indicação,107,2024,137ª Sessão Ordinária da 18ª Legislatura,2024-04-22,Reinaldo Codognato,"Reforçando a indicação nº 179/2023, solicita a implantação de iluminação pública na Rua Primavera, bairro Recanto dos Eucaliptos.",,,,,Pendente de Análise,"Data da sessão conforme mencionado no texto da transcrição (véspera da data do nome do arquivo, que corresponde ao dia da postagem/upload)."
2124-IND-497,Indicação,108,2024,137ª Sessão Ordinária da 18ª Legislatura,2024-04-22,Reinaldo Codognato,"Reforçando a indicação nº 188/2023, solicita medidas de proteção (sinalização de solo ou redutores de velocidade) na Rua Florianópolis, em frente ao playground existente no local, tendo em vista o recente centro esportivo inaugurado nas proximidades e o intenso fluxo de crianças.",,,,,Pendente de Análise,"Data da sessão conforme mencionado no texto da transcrição (véspera da data do nome do arquivo, que corresponde ao dia da postagem/upload)."
2124-IND-498,Indicação,109,2024,137ª Sessão Ordinária da 18ª Legislatura,2024-04-22,Reinaldo Codognato,Solicita a reinstalação da cesta de basquete removida e nova pintura da quadra de basquete do bairro Jardim Alvorada.,,,,,Pendente de Análise,"Data da sessão conforme mencionado no texto da transcrição (véspera da data do nome do arquivo, que corresponde ao dia da postagem/upload)."
2124-IND-499,Indicação,110,2024,137ª Sessão Ordinária da 18ª Legislatura,2024-04-22,Valdir Aparecido de Oliveira,"Solicita a instalação de redutores de velocidade próximos a igrejas com sede própria no município, especialmente em vias de tráfego intenso, para reduzir riscos durante horários de culto e eventos religiosos.",,,,,Pendente de Análise,"Data da sessão conforme mencionado no texto da transcrição (véspera da data do nome do arquivo, que corresponde ao dia da postagem/upload)."
2124-IND-500,Indicação,111,2024,137ª Sessão Ordinária da 18ª Legislatura,2024-04-22,Valdir Aparecido de Oliveira,Solicita a promoção de eventos educativos sobre trânsito durante o ano letivo nas escolas municipais e estaduais do município.,,,,,Pendente de Análise,"Data da sessão conforme mencionado no texto da transcrição (véspera da data do nome do arquivo, que corresponde ao dia da postagem/upload)."
2124-IND-501,Indicação,112,2024,137ª Sessão Ordinária da 18ª Legislatura,2024-04-22,Valdir Aparecido de Oliveira,Solicita a instalação de academias adaptadas para pessoas com deficiência física ou mobilidade reduzida em todas as áreas da cidade que já contam com academias ao ar livre.,,,,,Pendente de Análise,"Data da sessão conforme mencionado no texto da transcrição (véspera da data do nome do arquivo, que corresponde ao dia da postagem/upload)."
2124-IND-502,Indicação,113,2024,137ª Sessão Ordinária da 18ª Legislatura,2024-04-22,Teresinha de Lourdes Freitas Regodanso,"Solicita a poda de árvores que estão obstruindo a visão dos motoristas, especialmente nas vias centrais da cidade de maior fluxo, com base na Lei Municipal nº 3.263/2019, incluindo apoio do poder público a proprietários sem condições de custear a poda.",,,,,Pendente de Análise,"Data da sessão conforme mencionado no texto da transcrição (véspera da data do nome do arquivo, que corresponde ao dia da postagem/upload)."
2124-REQ-099,Requerimento,022,2024,137ª Sessão Ordinária da 18ª Legislatura,2024-04-22,Anderson Marcos Viana,"Solicita ao prefeito municipal justificativa e fundamentação da publicação do Decreto nº 7.399, de 20/02/2024, que dispõe sobre a adoção dos mecanismos do artigo 167-A da Constituição Federal (contenção de despesas), incluindo o cálculo da contabilidade que apurou a superação do índice previsto no referido artigo. Solicita também a relação de todas as contratações efetivas e temporárias de servidores realizadas após 20/02/2024, informação sobre eventual anulação de contratação ou convocação de servidor após essa data, e a relação de gratificações concedidas a servidores municipais após 20/02/2024.","Diretoria de Fazenda, Compras, Almoxarifado e Recursos Humanos",Normal,Aprovado,,Pendente,"Este requerimento formaliza uma preocupação já verbalizada pelo vereador na sessão anterior (2024-04-15), sobre possível anulação de convocações de concurso público em razão do decreto de contenção fiscal."
2124-DEN-105,Denúncia,,2024,137ª Sessão Ordinária da 18ª Legislatura,2024-04-22,Anderson Marcos Viana,"O vereador denuncia que a administração não cumpre o prazo legal de 15 dias para resposta aos requerimentos da Câmara, citando casos que levaram de 4 a 5 meses para serem respondidos. Relata ter feito denúncia ao Ministério Público, que respondeu que a fiscalização do cumprimento do prazo é de responsabilidade da própria Câmara Municipal, e pede que o assunto seja encaminhado à comissão composta pelos vereadores Rui Domingos da Silva, Sofia Rodrigues dos Santos e Teresinha de Lourdes Freitas Regodanso.",,Feita/cobrada pelo vereador,,,Pendente de Verificação,"Trata-se de reclamação sobre o funcionamento interno da administração/Câmara (prazo de resposta a requerimentos), sem diretoria específica de destino."
2124-DEN-106,Denúncia,,2024,137ª Sessão Ordinária da 18ª Legislatura,2024-04-22,Anderson Marcos Viana,"O vereador relata que moradores da Rua São Salvador (Jardim Alvorada), próximos à antiga linha férrea, receberam notificação judicial (decisão em audiência realizada em Andradina) determinando prazo de 1 ano para desocupação da área, restando cerca de 8 meses na data da fala. Argumenta que a própria administração municipal, em gestões anteriores, autorizou a ligação de água, energia e esgoto nessas residências, incentivando a ocupação, e cobra que a Prefeitura assuma responsabilidade e adote providências (como programa habitacional) para não deixar as famílias desamparadas.","Diretoria Jurídica, Habitação e de Trânsito",Feita/cobrada pelo vereador,,,Pendente de Verificação,
2124-DEN-107,Denúncia,,2024,137ª Sessão Ordinária da 18ª Legislatura,2024-04-22,Anderson Marcos Viana,"O vereador aponta contradição: enquanto famílias do Jardim Alvorada são notificadas judicialmente para deixar a faixa de domínio da antiga linha férrea, a Prefeitura estaria construindo, dentro dessa mesma área (que classifica como irregular, conforme projeto de retificação do DNIT), um salão comunitário no bairro Pioneiros, com recursos públicos da ordem de R$ 700 mil.","Diretoria de Planejamento, Obras, Serviços e Manutenção",Feita/cobrada pelo vereador,,,Pendente de Verificação,"O valor de R$ 700 mil e a irregularidade do terreno são alegações do próprio vereador, não confirmadas de forma independente no texto da sessão."
2124-IND-503,Indicação,114,2024,138ª Sessão Ordinária da 18ª Legislatura,2024-04-29,Anderson Marcos Viana,"Solicita a limpeza das canaletas de captação de água pluvial da Praça Álvaro de Oliveira Junqueira, obstruídas há meses por folhas, com risco de alagamentos e proliferação do mosquito Aedes aegypti.",,,,,Pendente de Análise,"Data da sessão conforme mencionado no texto da transcrição (véspera da data do nome do arquivo, que corresponde ao dia da postagem/upload). A transcrição deste arquivo começa já em andamento, no meio da leitura do Requerimento nº 23/2024 (ver arquivo de requerimentos); a indicação nº 114 é o primeiro item integralmente capturado."
2124-IND-504,Indicação,115,2024,138ª Sessão Ordinária da 18ª Legislatura,2024-04-29,Anderson Marcos Viana,"Solicita a relocação de bancos instalados de forma inadequada na Rua José Reis, bairro Pioneiros, que dificultam o uso pelos moradores e chegam a obstruir a circulação.",,,,,Pendente de Análise,"Data da sessão conforme mencionado no texto da transcrição (véspera da data do nome do arquivo, que corresponde ao dia da postagem/upload). Em explicações pessoais o autor relatou que os bancos foram de fato reinstalados de forma incorreta e só corrigidos após cobrança e repercussão nas redes sociais."
2124-IND-505,Indicação,116,2024,138ª Sessão Ordinária da 18ª Legislatura,2024-04-29,Anderson Marcos Viana,"Solicita melhorias na acessibilidade do parque ecológico, especialmente no espaço dedicado a pessoas com deficiência ou mobilidade reduzida, cujas rampas de acesso estão estreitas e muito inclinadas.",,,,,Pendente de Análise,"Data da sessão conforme mencionado no texto da transcrição (véspera da data do nome do arquivo, que corresponde ao dia da postagem/upload)."
2124-IND-506,Indicação,117,2024,138ª Sessão Ordinária da 18ª Legislatura,2024-04-29,Reinaldo Codognato,"Solicita a promoção de treinamento simulado de evacuação escolar em caso de incêndio em todas as escolas municipais, estaduais e particulares do município.",,,,,Pendente de Análise,"Data da sessão conforme mencionado no texto da transcrição (véspera da data do nome do arquivo, que corresponde ao dia da postagem/upload)."
2124-IND-507,Indicação,118,2024,138ª Sessão Ordinária da 18ª Legislatura,2024-04-29,Reinaldo Codognato,"Reforçando a indicação nº 157/2023, solicita a implementação de um programa de Bolsa Atleta Municipal, com busca de apoio financeiro estadual e federal, para apoiar talentos esportivos locais.",,,,,Pendente de Análise,"Data da sessão conforme mencionado no texto da transcrição (véspera da data do nome do arquivo, que corresponde ao dia da postagem/upload)."
2124-IND-508,Indicação,119,2024,138ª Sessão Ordinária da 18ª Legislatura,2024-04-29,Reinaldo Codognato,"Reforçando a indicação nº 043/2023, solicita providências definitivas para o direcionamento e escoamento correto das águas pluviais no residencial Recanto dos Eucaliptos, que sofre com alagamentos em períodos de chuva forte.",,,,,Pendente de Análise,"Data da sessão conforme mencionado no texto da transcrição (véspera da data do nome do arquivo, que corresponde ao dia da postagem/upload)."
2124-IND-509,Indicação,120,2024,138ª Sessão Ordinária da 18ª Legislatura,2024-04-29,"Anderson Marcos Viana, Elio Furini Neto, Marisa Alves da Silva Costa, Paulo Sérgio Cordeiro, Reinaldo Codognato, Rui Domingos da Silva, Sofia Rodrigues dos Santos, Teresinha de Lourdes Freitas Regodanso, Valdir Aparecido de Oliveira","Reforçando as indicações nº 108/2021, 148/2022 e 224/2023, solicita a limpeza das estações de tratamento de esgoto (ETE), da lagoa de tratamento do matadouro e, principalmente, da lagoa de tratamento do bairro Carreiro/Jardim Paulista, cujo mau cheiro causa transtornos crescentes à população dos bairros adjacentes.",,,,,Pendente de Análise,"Data da sessão conforme mencionado no texto da transcrição (véspera da data do nome do arquivo, que corresponde ao dia da postagem/upload). Indicação assinada por todos os vereadores da Casa. Em explicações pessoais, vários vereadores relataram visita recente ao local e mau cheiro insuportável; um vereador mencionou promessa de campanha do prefeito de resolver a questão, ainda não cumprida."
2124-IND-510,Indicação,121,2024,138ª Sessão Ordinária da 18ª Legislatura,2024-04-29,Valdir Aparecido de Oliveira,"Solicita manutenção na estrada rural JQL 020, que conecta o bairro Duas Barras ao bairro Vila São João, incluindo a reconstrução dos bueiros/passagens danificados pelas chuvas.",,,,,Pendente de Análise,"Data da sessão conforme mencionado no texto da transcrição (véspera da data do nome do arquivo, que corresponde ao dia da postagem/upload)."
2124-REQ-100,Requerimento,023,2024,138ª Sessão Ordinária da 18ª Legislatura,2024-04-29,Anderson Marcos Viana,"Solicita informações/providências ao prefeito municipal sobre a contaminação de córregos nas proximidades do município, com destaque para o Córrego Colibri (bairro Palmeira), poluído por esgoto e resíduos, com danos comprovados por vídeo à fauna e à flora locais.","Diretoria de Agronegócio, Indústria, Comércio e Meio Ambiente e Gestão de Resíduos Sólidos",Normal,Aprovado,,Pendente,"O arquivo de transcrição desta sessão (2024-04-30_sessao.txt) começa cortado, já no meio da leitura deste requerimento; o resumo foi reconstituído a partir do trecho final capturado e da referência a este mesmo requerimento (enviado em 30/04/2024, mencionando também um córrego no bairro Saúde) feita na sessão de 2024-06-03, já registrada no lote16 (raw_denuncias_2021_2024_lote16.json)."
2124-DEN-108,Denúncia,,2024,138ª Sessão Ordinária da 18ª Legislatura,2024-04-29,Anderson Marcos Viana,"O vereador relata que bancos instalados na Rua José Reis (bairro Pioneiros) foram posicionados de forma incorreta pela equipe de obras, e que moradores que reclamaram diretamente ao setor responsável tiveram o pedido de correção recusado ('está bom demais'), permanecendo errados por cerca de 10 dias até que o próprio vereador fotografasse e divulgasse o caso em redes sociais, ocasião em que foram então corrigidos.","Diretoria de Planejamento, Obras, Serviços e Manutenção",Recebida pelo vereador,,,Pendente de Verificação,
2124-DEN-109,Denúncia,,2024,138ª Sessão Ordinária da 18ª Legislatura,2024-04-29,Anderson Marcos Viana,"O vereador relata situação crítica e antiga (mais de 4 anos) da lagoa de tratamento de esgoto do Jardim Paulista/bairro Carreiro: mau cheiro insuportável, lixo sendo jogado no local, e promessas reiteradas de solução (inclusive feitas por ele mesmo desde o início do mandato) nunca cumpridas.","Diretoria de Agronegócio, Indústria, Comércio e Meio Ambiente e Gestão de Resíduos Sólidos",Feita/cobrada pelo vereador,,,Pendente de Verificação,
2124-DEN-110,Denúncia,,2024,138ª Sessão Ordinária da 18ª Legislatura,2024-04-29,Anderson Marcos Viana,"O vereador relata problema de saúde pública próximo à Rua do CRAS/Avenida Junqueira: esgoto de um bueiro obstruído retorna à superfície ('água podre') e crianças da vizinhança continuam brincando na rua perto do local, mesmo após atuação pontual de uma equipe municipal (PIPA).","Diretoria de Planejamento, Obras, Serviços e Manutenção",Feita/cobrada pelo vereador,,,Pendente de Verificação,
2124-DEN-111,Denúncia,,2024,138ª Sessão Ordinária da 18ª Legislatura,2024-04-29,Teresinha de Lourdes Freitas Regodanso,"A vereadora relata que a obra da sede do Clube da Viola está paralisada novamente, apesar de promessas reiteradas de conclusão, e relata o falecimento recente de um dos integrantes idosos do clube (Anatalício/Natalício Inácio), que não chegou a ver a obra concluída, cobrando que promessas só sejam feitas quando houver real capacidade de cumpri-las.","Diretoria de Planejamento, Obras, Serviços e Manutenção",Feita/cobrada pelo vereador,,,Pendente de Verificação,"Na sessão seguinte (2024-05-06), o vereador Reinaldo Codognato informou que a obra estava em fase final (grades e portões), com promessa de conclusão até junho de 2024."
2124-DEN-112,Denúncia,,2024,138ª Sessão Ordinária da 18ª Legislatura,2024-04-29,Anderson Marcos Viana,"O vereador relata reclamação pública do time de futebol amador do bairro Vila São João, que teve de fazer rateio entre os próprios jogadores para custear transporte a jogos fora da cidade, e questiona a destinação da verba pública para o esporte municipal, alegando que ela seria concentrada no campeonato de campo (cuja inscrição já é paga pelos próprios times), enquanto atletas de outras modalidades (ex.: judô) dependeriam de rifas e vaquinhas das próprias famílias para competir fora da cidade.","Diretoria de Educação, Cultura, Esportes, Lazer e Turismo",Recebida pelo vereador,,,Pendente de Verificação,"O vereador também relata, sem citar nomes, ter ouvido de moradores de um bairro que 'pediram para o vereador errado', insinuando favorecimento político na liberação de obras conforme o vereador que fizer o pedido; trata-se de relato de boato, sem prova concreta apresentada na sessão."
2124-DEN-113,Denúncia,,2024,138ª Sessão Ordinária da 18ª Legislatura,2024-04-29,Anderson Marcos Viana,"Dando continuidade à cobrança sobre a área da antiga linha férrea no Jardim Alvorada, o vereador relata que uma máquina (retroescavadeira) da Prefeitura entrou na faixa da linha para alargar/nivelar a rua e abrir uma bacia de captação de água, mas o setor responsável nega poder roçar o mato da mesma área sob a justificativa de que 'a linha não é da administração', o que o vereador considera contraditório.","Diretoria de Planejamento, Obras, Serviços e Manutenção",Feita/cobrada pelo vereador,,,Pendente de Verificação,
2124-IND-511,Indicação,122,2024,139ª Sessão Ordinária da 18ª Legislatura,2024-05-06,"Anderson Marcos Viana, Valdir Aparecido de Oliveira","Solicita a implementação de políticas educacionais inovadoras voltadas ao reconhecimento dos direitos e do trabalho dos professores do município, incluindo a concessão de faltas abonadas (uma justificada e uma injustificada por ano), já praticada em municípios vizinhos.",,,,,Pendente de Análise,"Data da sessão conforme mencionado no texto da transcrição (véspera da data do nome do arquivo, que corresponde ao dia da postagem/upload). Em explicações pessoais, a vereadora Teresinha relatou que os professores já teriam conquistado as faltas abonadas em reunião com o Executivo, com projeto de lei a caminho da Câmara."
2124-IND-512,Indicação,123,2024,139ª Sessão Ordinária da 18ª Legislatura,2024-05-06,"Teresinha de Lourdes Freitas Regodanso, Anderson Marcos Viana","Solicita reparos e manutenção urgentes no terminal rodoviário municipal, danificado pelo vendaval de 7 de abril de 2024 (telhas de Eternit quebradas, forro caindo, sala de espera interditada), reforma que havia custado cerca de R$ 290 mil e foi entregue havia pouco mais de um ano.",,,,,Pendente de Análise,"Data da sessão conforme mencionado no texto da transcrição (véspera da data do nome do arquivo, que corresponde ao dia da postagem/upload). A indicação já havia sido anunciada verbalmente na sessão anterior (2024-04-29); formalizada por escrito nesta sessão."
2124-IND-513,Indicação,124,2024,139ª Sessão Ordinária da 18ª Legislatura,2024-05-06,"Elio Furini Neto, Anderson Marcos Viana, Marisa Alves da Silva Costa, Paulo Sérgio Cordeiro, Teresinha de Lourdes Freitas Regodanso","Reforçando a indicação nº 068/2023, solicita a disponibilização de profissional capacitado em Libras (Língua Brasileira de Sinais) para auxiliar, quando necessário, em reuniões de pais nas escolas e Centros de Educação Infantil (CEIs).",,,,,Pendente de Análise,"Data da sessão conforme mencionado no texto da transcrição (véspera da data do nome do arquivo, que corresponde ao dia da postagem/upload)."
2124-IND-514,Indicação,125,2024,139ª Sessão Ordinária da 18ª Legislatura,2024-05-06,"Elio Furini Neto, Anderson Marcos Viana, Marisa Alves da Silva Costa, Paulo Sérgio Cordeiro, Teresinha de Lourdes Regodanso","Solicita a reforma do campo de futebol do bairro Jardim Esperança, incluindo melhoria da iluminação (hoje presente em apenas um lado do campo) e instalação de alambrado, já que bolas caem em terrenos vizinhos.",,,,,Pendente de Análise,"Data da sessão conforme mencionado no texto da transcrição (véspera da data do nome do arquivo, que corresponde ao dia da postagem/upload)."
2124-IND-515,Indicação,126,2024,139ª Sessão Ordinária da 18ª Legislatura,2024-05-06,Valdir Aparecido de Oliveira,"Solicita a construção de lombadas na Rua Maria Eugênia Regazoli, Rua Akira Katoyama e Rua Vitor Camargo Bodini, em razão do fluxo relativamente alto de veículos e risco de acidentes.",,,,,Pendente de Análise,"Data da sessão conforme mencionado no texto da transcrição (véspera da data do nome do arquivo, que corresponde ao dia da postagem/upload)."
2124-IND-516,Indicação,127,2024,139ª Sessão Ordinária da 18ª Legislatura,2024-05-06,Reinaldo Codognato,"Reforçando a indicação nº 160/2023, solicita medidas de controle de velocidade (redutores) e melhoria de sinalização na Rua do Viveiro, via que conecta o bairro Pioneiros, o Residencial Carmezim I e II, o Delta Ville I e II e o loteamento Orto dos Seringais.",,,,,Pendente de Análise,"Data da sessão conforme mencionado no texto da transcrição (véspera da data do nome do arquivo, que corresponde ao dia da postagem/upload)."
2124-IND-517,Indicação,128,2024,139ª Sessão Ordinária da 18ª Legislatura,2024-05-06,Reinaldo Codognato,"Reforçando a indicação nº 171/2023, solicita a criação de cursos profissionalizantes na área automotiva, com foco em manutenção elétrica e mecânica de veículos leves, em parceria com o SEBRAE, diante da carência de mão de obra qualificada nessa área no município.",,,,,Pendente de Análise,"Data da sessão conforme mencionado no texto da transcrição (véspera da data do nome do arquivo, que corresponde ao dia da postagem/upload)."
2124-REQ-101,Requerimento,024,2024,139ª Sessão Ordinária da 18ª Legislatura,2024-05-06,Elio Furini Neto,Solicita cópia da rescisão do convênio de repasse (recurso de emenda parlamentar de aproximadamente R$ 400 mil) destinado à construção do Centro de Referência de Assistência Social (CRAS).,Diretoria de Assistência Social,Normal,Aprovado,,Pendente,"Diferentemente do padrão dos demais requerimentos do lote (dirigidos ao prefeito municipal), o texto lido em sessão direciona o pedido diretamente à Diretoria de Assistência e Desenvolvimento Social."
2124-DEN-114,Denúncia,,2024,139ª Sessão Ordinária da 18ª Legislatura,2024-05-06,Anderson Marcos Viana,"O vereador relata que o município obteve, via emenda parlamentar do ex-Deputado Reinaldo Alguz, recurso de aproximadamente R$ 400 mil para a construção de um prédio próprio do CRAS, mas o valor acabou sendo devolvido sem uso, enquanto a Prefeitura continua pagando cerca de R$ 1.500,00 mensais de aluguel de um imóvel no bairro Alvorada para o funcionamento do CRAS.",Diretoria de Assistência Social,Feita/cobrada pelo vereador,,,Pendente de Verificação,"Relato ligado ao Requerimento nº 024/2024 (vereador Elio Furini Neto), que solicitou cópia da rescisão desse mesmo convênio."
2124-DEN-115,Denúncia,,2024,139ª Sessão Ordinária da 18ª Legislatura,2024-05-06,Anderson Marcos Viana,"O vereador relata que recurso de aproximadamente R$ 90 mil (mais R$ 20 mil adicionais, via emenda do vereador Reinaldo Codognato), obtido em nome da vereadora Marisa Alves da Silva Costa para ações de proteção/causa animal, não pôde ser efetivamente utilizado pela causa animal, apesar de o nome dela ter sido usado na captação do recurso.",,Feita/cobrada pelo vereador,,,Pendente de Verificação,"Não ficou claro no relato se o recurso foi de fato devolvido ao órgão de origem ou apenas permanece não utilizado, nem qual seria a diretoria responsável (causa/proteção animal não corresponde a nenhuma diretoria da lista oficial fornecida)."
2124-DEN-116,Denúncia,,2024,139ª Sessão Ordinária da 18ª Legislatura,2024-05-06,Anderson Marcos Viana,"Pela quarta vez, o vereador cobra o reparo definitivo (enterrar corretamente) de um cano de água na estrada que liga Junqueirópolis a Irapuru, próximo ao trevo Salgado Filho, que segundo ele quebra recorrentemente após a passagem de máquinas, causando vazamento prolongado de água tratada.","Diretoria de Planejamento, Obras, Serviços e Manutenção",Feita/cobrada pelo vereador,,,Pendente de Verificação,
2124-DEN-117,Denúncia,,2024,139ª Sessão Ordinária da 18ª Legislatura,2024-05-06,Anderson Marcos Viana,"O vereador relata reclamação de moradores do bairro Figueira sobre o atraso na construção de uma rotatória considerada perigosa na entrada do bairro (obra de R$ 382 mil, já aprovada pela Câmara em 20/02/2024), e desmente boato local de que os cinco vereadores tidos como 'oposição' estariam travando a obra, esclarecendo que o projeto já foi aprovado e que a execução depende apenas da administração.","Diretoria de Planejamento, Obras, Serviços e Manutenção",Feita/cobrada pelo vereador,,,Pendente de Verificação,
2124-DEN-118,Denúncia,,2024,139ª Sessão Ordinária da 18ª Legislatura,2024-05-06,Anderson Marcos Viana,"O vereador cobra, há cerca de 3 anos sem sucesso, a instalação de cerca de 5 postes de iluminação pública na área de lazer/playground do bairro Primavera, contrastando com a instalação recente de 13 novos postes ao longo da faixa da antiga linha férrea (área desabitada), e relata que a escuridão do playground do bairro obriga a população a deixar o local por volta das 18h-19h, favorecendo o uso de entorpecentes na área.","Diretoria de Planejamento, Obras, Serviços e Manutenção",Feita/cobrada pelo vereador,,,Pendente de Verificação,
2124-DEN-119,Denúncia,,2024,139ª Sessão Ordinária da 18ª Legislatura,2024-05-06,Anderson Marcos Viana,"O vereador relata problemas recorrentes no loteamento Orto do Seringal (cerca de 10 famílias): vazamento de água constante desde a inauguração do loteamento, buracos no asfalto, e uma cerca de arame farpado instalada junto a uma calçada de apenas cerca de 30 cm de largura, o que classifica como risco de acidente grave para pedestres e ciclistas que utilizam a via para caminhada.","Diretoria de Planejamento, Obras, Serviços e Manutenção",Feita/cobrada pelo vereador,,,Pendente de Verificação,
2124-IND-518,Indicação,129,2024,140ª Sessão Ordinária da 18ª Legislatura,2024-05-13,"Elio Furini Neto, Anderson Marcos Viana, Marisa Alves da Silva Costa, Paulo Sérgio Cordeiro, Rui Domingos da Silva, Teresinha de Lourdes Freitas Regodanso, Valdir Aparecido de Oliveira","Reforçando a indicação nº 092/2023, solicita que se estude junto ao setor competente da administração as possibilidades de adequar a iluminação das mesas/áreas verdes dos bairros Aliança, Campo Belo, Carmesim II e demais áreas que forem necessárias, visando mais segurança aos moradores e frequentadores desses espaços à noite.",,,,,Pendente de Análise,"O arquivo 2024-05-14_sessao.txt traz apenas um AVISO informando que os primeiros ~17 minutos do áudio original (sessão de 13/05/2024) não continham fala detectável e foram removidos; a transcrição real começa em andamento, faltando abertura, chamada e parte do Expediente. O único trecho de fala real capturado é o início desta indicação (garbled: 'reforçando a integração número 092 para 2023... a possibilidade de adequar a iluminação das mesas, das áreas verdes dos bairros, aliança, quanto Belo, Carmesin 2'), sem número, sem nome de autor e sem encerramento. Reconstruí número (129/2024), autores e data de apresentação (06/05/2024) por correspondência textual exata com o registro oficial em painel_indicacoes/data/oficial_indicacoes_2021_2024.csv. A sessão em que foi lida (140ª Ordinária) e sua data (13/05/2024) foram inferidas a partir da ata aprovada no início da sessão seguinte (2024-05-21_sessao.txt: 'ata da centésima quadragésima sessão ordinária, realizada no dia 13 de maio de 2024'). Registro de baixíssima confiança devido à falha técnica de áudio relatada no aviso."
2124-IND-519,Indicação,138,2024,141ª Sessão Ordinária da 18ª Legislatura,2024-05-20,"Elio Furini Neto, Anderson Marcos Viana, Marisa Alves da Silva Costa, Paulo Sérgio Cordeiro, Teresinha de Lourdes Freitas Regodanso","Reforçando a indicação nº 078/2023, solicita a instalação de diversas benfeitorias no Centro Educacional Infantil Raio de Luz: instalação de câmeras, cobertura no espaço lateral já cimentado com bancos, banheiros e bebedouros para o novo bloco, coberturas ligando as novas salas ao bloco principal, coberturas na entrada e saída dos alunos e cercamento em volta do novo bloco, visando reforçar segurança e bem-estar de alunos e colaboradores.",,,,,Pendente de Análise,"O resumo do Expediente lido no início da sessão de 2024-05-21 identifica esta como a 141ª Sessão Ordinária a ser realizada em '30 de maio de 2024', mas o texto integral da própria indicação (lido mais adiante) e as demais indicações da mesma leva (139 a 142) trazem 'em 20 de maio de 2024', data condizente com o nome do arquivo (upload no dia seguinte). Usei a data do texto integral (20/05/2024) por ser mais específica e consistente entre todas as indicações da sessão; a menção a '30 de maio' no resumo do Expediente parece erro de transcrição/fala do vereador."
2124-IND-520,Indicação,139,2024,141ª Sessão Ordinária da 18ª Legislatura,2024-05-20,Reinaldo Codognato,"Reforçando a indicação nº 180/2023, solicita o lançamento de um programa denominado 'Colmeia Empreendedora', inspirado na colmeia como exemplo de inovação e empreendedorismo social, com o objetivo de potencializar o comércio local, fortalecer os laços entre bairros e comunidades e criar um local centralizado para a prática conjunta de empreendedores.",,,,,Pendente de Análise,
2124-IND-521,Indicação,140,2024,141ª Sessão Ordinária da 18ª Legislatura,2024-05-20,Reinaldo Codognato,"Solicita a implementação de uma horta comunitária no viveiro municipal, que poderia ser estendida a diversas entidades da zona urbana (CEIs, Santa Casa, lar de idosos), além da construção de um tanque para criação de peixes no mesmo local, visando integração social, educação ambiental e segurança alimentar.",,,,,Pendente de Análise,
2124-IND-522,Indicação,141,2024,141ª Sessão Ordinária da 18ª Legislatura,2024-05-20,"Valdir Aparecido de Oliveira, Anderson Marcos Viana","Solicita a construção de uma canaleta para escoamento de água pluvial no cruzamento da Alameda Vista do Sol com a Alameda Tailândia, para prevenir alagamentos e transtornos aos moradores e transeuntes, especialmente em períodos chuvosos.",,,,,Pendente de Análise,
2124-IND-523,Indicação,142,2024,141ª Sessão Ordinária da 18ª Legislatura,2024-05-20,"Anderson Marcos Viana, Elio Furini Neto, Marisa Alves da Silva Costa, Paulo Sérgio Cordeiro, Teresinha de Lourdes Freitas Regodanso","Propõe diversas ações em prol da educação especial: priorizar a preparação prévia dos professores, manter número reduzido de alunos por turma, estruturar apoio especializado ao docente regular, implementar orientação e acompanhamento contínuo com os pais, e lançar campanha de sensibilização comunitária sobre integração e inclusão escolar.",,,,,Pendente de Análise,
2124-REQ-102,Requerimento,025,2024,141ª Sessão Ordinária da 18ª Legislatura,2024-05-20,Elio Furini Neto,"Solicita o envio de ofício à Diretoria de Fazenda, Compras, Almoxarifado e Recursos Humanos requerendo informações detalhadas sobre o número de servidores efetivos da prefeitura, bem como a soma de seus salários base, líquido e bruto, referentes às datas de 31/12/2020, 31/12/2021, 31/12/2022, 31/12/2023 e abril/2024.","Diretoria de Fazenda, Compras, Almoxarifado e Recursos Humanos",Normal,Aprovado,,Pendente,"Há divergência na data final do período solicitado: o resumo do Expediente e a leitura do texto integral do requerimento mencionam datas diferentes para o último corte (""31 de abril de 2024"" no resumo do Expediente, mas ""31 de dezembro de 2024"" — data futura, impossível na época — na leitura do texto integral do requerimento). Optei por manter o resumo genérico sem fixar a data exata do último corte, por parecer erro de transcrição/fala. A resposta a este requerimento (ofício nº 033/2024 da Diretoria de Fazenda, remetendo ao portal da transparência) foi lida na sessão de 2024-06-11, mas como não cita explicitamente 'ofício de resposta a este requerimento específico' por número formal de resposta dedicado, mantive oficio_resposta e status_resposta como null, conforme critério do lote."
2124-REQ-103,Requerimento,026,2024,141ª Sessão Ordinária da 18ª Legislatura,2024-05-20,Paulo Sérgio Cordeiro,"Solicita o envio de ofício à Diretoria de Fazenda, Compras, Almoxarifado e Recursos Humanos requerendo relação detalhada das férias adquiridas e gozadas pelos servidores que ocupam cargos comissionados ou funções de confiança.","Diretoria de Fazenda, Compras, Almoxarifado e Recursos Humanos",Normal,Aprovado,,Pendente,"A resposta (ofício nº 034/2024) foi lida na sessão de 2024-06-11, mas sem citar formalmente ser resposta a este requerimento por número; mantive oficio_resposta e status_resposta como null."
2124-DEN-120,Denúncia,,2024,141ª Sessão Ordinária da 18ª Legislatura,2024-05-20,Anderson Marcos Viana,"O vereador relata ter sido procurado por moradores e pela comunidade católica, que lhe entregaram cerca de 200 cartas em apoio ao Padre Silvio, pedindo uma explicação sobre a remoção do padre da paróquia local, e se comprometeu a buscar uma resposta concreta junto à hierarquia da Igreja sobre o ocorrido.",,Recebida pelo vereador,,,Pendente de Verificação,"Caso limítrofe: trata-se de assunto interno da Diocese/Paróquia Santo Antônio de Junqueirópolis (transferência de um padre), não de administração pública municipal, mas foi tratado nesta sessão como uma reivindicação concreta trazida por moradores ao vereador, com pedido explícito de providência dele. Incluído por se enquadrar na definição ampla de 'denúncia recebida de moradores sobre algo específico'."
2124-DEN-121,Denúncia,,2024,141ª Sessão Ordinária da 18ª Legislatura,2024-05-20,Anderson Marcos Viana,"O vereador relata caso concreto de uma cachorra que morreu num final de semana, gerando repercussão e discussão em grupos de redes sociais entre a família do animal e voluntárias da causa animal (incluindo a vereadora Marisa); ele ouviu áudios de ambos os lados e mediou pedindo desculpas às partes, ressaltando que a causa animal é responsabilidade de saúde pública que a administração não assume adequadamente.",,Recebida pelo vereador,,,Pendente de Verificação,"Caso limítrofe entre disputa privada e cobrança à administração pela falta de estrutura pública para causa animal; incluído por envolver um caso concreto relatado ao vereador, com pedido de mediação/providência."
2124-IND-524,Indicação,143,2024,143ª Sessão Ordinária da 18ª Legislatura,2024-06-03,Anderson Marcos Viana,"Reforçando a indicação nº 34/2023, solicita que se estude fornecer alimentação (marmitex, ou ao menos um lanche reforçado pela manhã e no horário do almoço) aos pacientes que se deslocam a Presidente Prudente para consultas médicas e passam o dia aguardando atendimento, muitas vezes sem condições financeiras para se alimentar.",,,,,Pendente de Análise,"No resumo do Expediente e no cabeçalho lido junto com esta indicação (e também das indicações 144-145 e do requerimento 27), consta 'centésima, quadragésima, segunda sessão ordinária... em 27 de maio de 2024', que corresponde na verdade à sessão ANTERIOR (142ª, cuja ata foi aprovada no início desta sessão). A abertura da própria sessão, porém, afirma claramente tratar-se da 143ª Sessão Ordinária, com Expediente 'a ser realizada em 3 de junho de 2024' (arquivo nomeado 2024-06-04, padrão de upload no dia seguinte). Usei 143ª/03-06-2024 por ser a sessão em que a leitura de fato ocorreu; o cabeçalho de leitura repetindo dados da sessão anterior parece erro de transcrição/leitura do vereador."
2124-IND-525,Indicação,144,2024,143ª Sessão Ordinária da 18ª Legislatura,2024-06-03,Anderson Marcos Viana,"Solicita a instalação de cortinas ou insufilme nas vans que transportam cadeirantes, para proteger os pacientes da exposição solar intensa durante o transporte, prevenindo queimaduras, desidratação e outros problemas de saúde.",,,,,Pendente de Análise,Mesma observação sobre a data/número de sessão constante no cabeçalho de leitura da indicação 143/2024 desta mesma sessão.
2124-IND-526,Indicação,145,2024,143ª Sessão Ordinária da 18ª Legislatura,2024-06-03,Reinaldo Codognato,"Solicita a inclusão no calendário municipal de um torneio de futebol de categorias de base com participação de equipes de renome nacional, visando promover esporte e saúde entre jovens, fortalecer o turismo local e servir de inspiração para atletas locais.",,,,,Pendente de Análise,Mesma observação sobre a data/número de sessão constante no cabeçalho de leitura da indicação 143/2024 desta mesma sessão.
2124-REQ-104,Requerimento,027,2024,143ª Sessão Ordinária da 18ª Legislatura,2024-06-03,Anderson Marcos Viana,"Solicita o envio de ofício à Diretoria de Agronegócio, Indústria, Comércio e Meio Ambiente e Gestão de Resíduos Sólidos requerendo informações detalhadas sobre a fundamentação do corte de árvores e demais vegetações na área verde localizada no encontro da Avenida Paulista com a Avenida Latina, e sobre como será garantido o correto escoamento de água nessa área.","Diretoria de Agronegócio, Indústria, Comércio e Meio Ambiente e Gestão de Resíduos Sólidos",Normal,Aprovado,,Pendente,"O cabeçalho de leitura deste requerimento traz 'centésima, quadragésima, segunda sessão ordinária... em 27 de maio de 2024', mas a abertura da sessão confirma tratar-se da 143ª Sessão Ordinária (03/06/2024); usei esta última, mesma observação das indicações 143-145 lidas na mesma sessão."
2124-DEN-122,Denúncia,,2024,143ª Sessão Ordinária da 18ª Legislatura,2024-06-03,Anderson Marcos Viana,"O vereador relata ter enviado uma denúncia ao Ministério Público sobre irregularidades contra a administração/contra o prefeito, e que o Ministério Público respondeu que a apuração seria de competência da própria Câmara Municipal, motivo pelo qual pediu que o assunto fosse encaminhado à comissão formada pelos vereadores Rui Domingos da Silva, Sofia Rodrigues dos Santos e Teresinha de Lourdes Freitas Regodanso.",,Feita/cobrada pelo vereador,,,Pendente de Verificação,"O vereador não especifica no trecho transcrito qual seria exatamente a irregularidade denunciada ao Ministério Público; o contexto da fala é vago ('essas irregularidades... contra a administração, deixando bem claro a irregularidade contra o prefeito'). Não foi possível identificar com segurança o teor exato do fato denunciado nem a diretoria/órgão de destino."
2124-DEN-123,Denúncia,,2024,143ª Sessão Ordinária da 18ª Legislatura,2024-06-03,Anderson Marcos Viana,"O vereador relata ter enviado ofício em 30/04/2024 pedindo à administração uma resposta sobre o que está sendo feito para conter a contaminação de córregos do município (citando o Córrego Colibri, no bairro Palmeiras, e também um córrego no bairro Saúde) por despejo de esgoto, e que passados quase 90 dias (muito além do prazo legal de 15 dias) não obteve resposta.","Diretoria de Agronegócio, Indústria, Comércio e Meio Ambiente e Gestão de Resíduos Sólidos",Feita/cobrada pelo vereador,,,Pendente de Verificação,
2124-DEN-124,Denúncia,,2024,143ª Sessão Ordinária da 18ª Legislatura,2024-06-03,Anderson Marcos Viana,"O vereador denuncia o desaparecimento de aproximadamente 8 caminhões-truck de pedra portuguesa retirada do Praça do Centenário (destinada à reforma da praça), afirmando estar 'em cima' do caso e cobrando explicação sobre o destino desse patrimônio público, que segundo ele desapareceu sem justificativa.",,Feita/cobrada pelo vereador,,,Pendente de Verificação,O vereador não indica claramente a qual diretoria ou órgão está direcionando a cobrança; menciona apenas que 'vem na justiça' e está acompanhando o caso.
2124-IND-527,Indicação,146,2024,144ª Sessão Ordinária da 18ª Legislatura,2024-06-10,"Teresinha de Lourdes Freitas Regodanso, Elio Furini Neto","Solicita que se estude, junto ao setor competente, pedir ao poder estadual a denominação do trevo do Salgado Filho em homenagem ao saudoso Eugênio Zimiani, morador antigo da região e falecido no próprio trevo, cuja família mantém propriedades nas imediações até hoje.",,,,,Pendente de Análise,
2124-IND-528,Indicação,147,2024,144ª Sessão Ordinária da 18ª Legislatura,2024-06-10,"Elio Furini Neto, Anderson Marcos Viana, Marisa Alves da Silva Costa, Paulo Sérgio Cordeiro, Teresinha de Lourdes Freitas Regodanso","Solicita que se estude a implementação da equoterapia (ecoterapia/terapia assistida com cavalos) no município, prática reconhecida por seus benefícios no desenvolvimento de crianças com autismo, melhorando coordenação motora, equilíbrio, confiança e comunicação.",,,,,Pendente de Análise,"No resumo do Expediente, esta indicação foi lida por engano com o mesmo número da anterior ('Indicação número 146' repetida duas vezes seguidas). No texto integral, lido mais adiante na sessão, ela é corretamente identificada como Indicação número 147/2024; usei esse número."
2124-IND-529,Indicação,148,2024,144ª Sessão Ordinária da 18ª Legislatura,2024-06-10,Anderson Marcos Viana,"Solicita a instalação de um corrimão no Ginásio de Esportes Cícero Gomes, próximo à Academia de Judô (beneficiando crianças) e na área do bocha (auxiliando idosos), tornando o local mais acessível e seguro.",,,,,Pendente de Análise,
2124-IND-530,Indicação,149,2024,144ª Sessão Ordinária da 18ª Legislatura,2024-06-10,Anderson Marcos Viana,"Solicita o aumento da quantidade de postes de iluminação na área de lazer do bairro Pioneiros, atualmente com pouca luz, o que compromete a segurança e reduz o uso do espaço à noite.",,,,,Pendente de Análise,
2124-REQ-105,Requerimento,028,2024,144ª Sessão Ordinária da 18ª Legislatura,2024-06-10,Anderson Marcos Viana,"Solicita o envio de ofício à Diretoria Administrativa requerendo informações sobre o motivo pelo qual o portal da transparência da prefeitura esteve inacessível em determinados menus nos últimos dias, e se houve alterações na folha de pagamento de alguns servidores nos últimos meses.",Diretoria Administrativa,Normal,Aprovado,,Pendente,
2124-REQ-106,Requerimento,029,2024,144ª Sessão Ordinária da 18ª Legislatura,2024-06-10,Anderson Marcos Viana,"Solicita o envio de ofício à Diretoria de Planejamento, Obras, Serviços e Manutenção requerendo informações sobre o motivo pelo qual caminhões de terra da prefeitura despejaram terra na área verde do bairro Figueira, com risco de danificar árvores e demais vegetações próximas.","Diretoria de Planejamento, Obras, Serviços e Manutenção",Normal,Aprovado,,Pendente,
2124-DEN-125,Denúncia,,2024,144ª Sessão Ordinária da 18ª Legislatura,2024-06-10,Anderson Marcos Viana,"O vereador relata que um recurso de R$ 50 mil conseguido através do ex-Deputado Reinaldo Alguz para a Cooperativa Cooper Junque nunca foi repassado à entidade, e que até o momento não se sabe o que aconteceu com esse dinheiro.",,Feita/cobrada pelo vereador,,,Pendente de Verificação,"Relato pontual em explicações pessoais, sem detalhamento de quando o recurso foi obtido nem de qual órgão seria responsável pelo repasse; incluído por se tratar de caso concreto (verba pública supostamente não repassada) mencionado explicitamente pelo vereador."
2124-IND-531,Indicação,150,2024,145ª Sessão Ordinária da 18ª Legislatura,2024-06-17,Reinaldo Codognato,"Solicita a implementação de sinal de Wi-Fi no complexo esportivo e no centro comunitário do bairro Alto do Cene, além de outras melhorias necessárias para esses espaços, promovendo inclusão digital e facilitando a organização de eventos comunitários e esportivos.",,,,,Pendente de Análise,
2124-IND-532,Indicação,151,2024,145ª Sessão Ordinária da 18ª Legislatura,2024-06-17,Reinaldo Codognato,"Solicita que se estude a impermeabilização das estradas rurais do município com asfalto ecológico, reduzindo barro e poeira e a necessidade de manutenções frequentes, além de contribuir para a preservação ambiental e mais segurança no tráfego.",,,,,Pendente de Análise,
2124-IND-533,Indicação,152,2024,145ª Sessão Ordinária da 18ª Legislatura,2024-06-17,Rui Domingos da Silva,"Solicita a utilização de carros de som para divulgar o projeto Limpeza Beleza, informando em quais setores da cidade o projeto atuará e as datas de retirada de itens em cada setor, incentivando a população a separar itens inutilizados para coleta.",,,,,Pendente de Análise,
2124-IND-534,Indicação,153,2024,145ª Sessão Ordinária da 18ª Legislatura,2024-06-17,Valdir Aparecido de Oliveira,"Solicita a manutenção da estrada JQL-139 no bairro Paraizinho, onde o mato está invadindo a via, dificultando o tráfego e comprometendo a segurança e acessibilidade dos moradores.",,,,,Pendente de Análise,
2124-IND-535,Indicação,154,2024,145ª Sessão Ordinária da 18ª Legislatura,2024-06-17,"Teresinha de Lourdes Freitas Regodanso, Elio Furini Neto","Solicita a implementação de sinalização vertical indicando a velocidade máxima permitida nas proximidades do Colégio Objetivo 13 de Junho, especialmente na Avenida Junqueira (grande declive, onde veículos trafegam em alta velocidade), a pedido dos próprios alunos após quase-acidentes no local.",,,,,Pendente de Análise,"O vereador Elio Furini Neto assinou a indicação em apoio à autora principal (Teresinha de Lourdes Freitas Regodanso), conforme relatado nas explicações pessoais da sessão."
2124-REQ-107,Requerimento,030,2024,145ª Sessão Ordinária da 18ª Legislatura,2024-06-17,Paulo Sérgio Cordeiro,"Solicita o envio de ofício à Diretoria de Planejamento, Obras, Serviços e Manutenção requerendo relação detalhada das máquinas da prefeitura que estão em condições normais de uso, incluindo identificação de cada máquina e seu estado atual de funcionamento, em razão de comentários recorrentes sobre a inutilização de muitos equipamentos.","Diretoria de Planejamento, Obras, Serviços e Manutenção",Normal,Aprovado,,Pendente,
2124-DEN-126,Denúncia,,2024,145ª Sessão Ordinária da 18ª Legislatura,2024-06-17,,"Carta anônima de um servidor público, lida em plenário pela vereadora Marisa Alves da Silva Costa, questiona por que a verba de R$ 2,5 milhões votada pela Câmara para tapar o buraco conhecido como 'Catengolândia' e realizar melhorias na Lagoa de Tratamento (apontada como muito fétida) não foi usada, enquanto o Executivo agiu rapidamente (inclusive de madrugada) para reverter em juízo a decisão sobre os cargos comissionados.","Diretoria de Planejamento, Obras, Serviços e Manutenção",Relatada em documento/ofício,,,Pendente de Verificação,"O valor de R$ 2,5 milhões e o projeto específico não foram confirmados de forma independente no texto da sessão (a carta é de autoria de um munícipe/servidor não identificado, com fatos não verificados pela própria vereadora que a leu). A Lagoa de Tratamento pode se enquadrar também em Diretoria de Agronegócio/Meio Ambiente; mantive Obras por ser a diretoria mais associada ao 'buracão' mencionado."
2124-DEN-127,Denúncia,,2024,145ª Sessão Ordinária da 18ª Legislatura,2024-06-17,Anderson Marcos Viana,"O vereador relata caso concreto de uma moradora aposentada, que recebe salário mínimo, com receita médica de 13 medicamentos de uso contínuo (para problema cardíaco), da qual conseguiu apenas 1 na rede pública, tendo que arcar sozinha com cerca de R$ 500 para os demais.",Diretoria de Saúde,Recebida pelo vereador,,,Pendente de Verificação,
2124-DEN-128,Denúncia,,2024,145ª Sessão Ordinária da 18ª Legislatura,2024-06-17,Anderson Marcos Viana,"O vereador levanta suspeita de favorecimento no processo seletivo para as vagas de cuidadores/técnica de enfermagem da nova residência terapêutica (parceria com a Santa Casa), alegando que moradores o procuraram e que, segundo ele, os selecionados seriam recorrentemente dos mesmos sobrenomes/famílias, e que pedirá explicações sobre o critério de seleção utilizado.",,Feita/cobrada pelo vereador,,,Pendente de Verificação,"Suspeita levantada sem provas concretas apresentadas na sessão; o próprio vereador afirma que ainda vai pedir explicações formalmente. Não ficou claro se o processo seletivo foi conduzido pela Santa Casa, pela administração municipal ou por ambas, nem a diretoria responsável."
2124-IND-536,Indicação,155,2024,146ª Sessão Ordinária da 18ª Legislatura,2024-06-25,Paulo Sérgio Cordeiro,"Solicita ao prefeito municipal que estude a possibilidade de utilizar drones para reforçar o combate à dengue, facilitando a identificação de focos em locais de difícil acesso (imóveis vazios, telhados) e o mapeamento de criadouros como caixas d'água e depósitos, especialmente em imóveis abandonados e lotes vagos, sem substituir as inspeções semanais já realizadas.",,,,,Pendente de Análise,"O texto das indicações e do expediente desta sessão data consistentemente '24 de junho de 2024' (uma segunda-feira), divergindo do nome do arquivo (2024-06-25); mantida a data do nome do arquivo por instrução específica para este lote, seguindo o padrão já usado em lotes anteriores (data do arquivo = dia da postagem/upload)."
2124-IND-537,Indicação,156,2024,146ª Sessão Ordinária da 18ª Legislatura,2024-06-25,Terezinha de Lourdes Freitas Regodanso,"Solicita ao prefeito municipal que estude a possibilidade de escolher outro local para a instalação do ecoponto de coleta seletiva planejado para a curva de início da vicinal Dr. José Cinciato, em razão da preocupação e contrariedade de moradores próximos, e que a área hoje com acúmulo de lixo seja limpa, arborizada e receba serviço de paisagismo.",,,,,Pendente de Análise,Data da sessão conforme texto: 24/06/2024 (ver nota da indicação 155). A vereadora relatou em plenário já ter feito o mesmo pedido verbalmente em sessão anterior.
2124-IND-538,Indicação,157,2024,146ª Sessão Ordinária da 18ª Legislatura,2024-06-25,"Elio Furini Neto, Anderson Marcos Viana, Marisa Alves da Silva Costa, Paulo Sérgio Cordeiro, Terezinha de Lourdes Freitas Regodanso","Reiterando as indicações nº 245/2023 e 49/2021, solicita ao prefeito municipal que estude o desenvolvimento e implementação de um aplicativo voltado à área da saúde do município, permitindo consultas de informações, agendamento de consultas, alertas de vacinação e acesso remoto a outros serviços.",,,,,Pendente de Análise,Data da sessão conforme texto: 24/06/2024 (ver nota da indicação 155).
2124-IND-539,Indicação,158,2024,146ª Sessão Ordinária da 18ª Legislatura,2024-06-25,"Elio Furini Neto, Anderson Marcos Viana, Marisa Alves da Silva Costa, Paulo Sérgio Cordeiro, Terezinha de Lourdes Freitas Regodanso","Reforçando a indicação nº 115/2021, solicita ao prefeito municipal que estude alteração no estatuto dos servidores municipais para incluir cláusula que conceda redução de até 50% na carga horária, sem redução de salário ou prejuízo de direitos, aos servidores com cônjuge, filho ou dependente com deficiência.",,,,,Pendente de Análise,Data da sessão conforme texto: 24/06/2024 (ver nota da indicação 155).
2124-IND-540,Indicação,159,2024,146ª Sessão Ordinária da 18ª Legislatura,2024-06-25,"Elio Furini Neto, Anderson Marcos Viana, Marisa Alves da Silva Costa, Paulo Sérgio Cordeiro, Terezinha de Lourdes Freitas Regodanso","Reforçando a indicação nº 196/2023, solicita ao prefeito municipal melhorias na praça situada na Rua Internacional, bairro Jardim Paulista, com instalação de torneira para irrigação e plantio de árvores adicionais, já que as árvores recém-plantadas não têm acesso a água e correm risco de morrer.",,,,,Pendente de Análise,Data da sessão conforme texto: 24/06/2024 (ver nota da indicação 155).
2124-IND-541,Indicação,160,2024,146ª Sessão Ordinária da 18ª Legislatura,2024-06-25,"Elio Furini Neto, Anderson Marcos Viana, Marisa Alves da Silva Costa, Paulo Sérgio Cordeiro, Terezinha de Lourdes Freitas Regodanso","Reforçando a indicação nº 154/2023, solicita ao prefeito municipal parceria com a Usina Viterra visando um sistema de contenção de águas pluviais no bairro Vila São João (camalhões ou retenção de enxurradas), área rural sujeita a erosão e acúmulo de água que afeta as atividades agrícolas.",,,,,Pendente de Análise,Data da sessão conforme texto: 24/06/2024 (ver nota da indicação 155).
2124-IND-542,Indicação,161,2024,146ª Sessão Ordinária da 18ª Legislatura,2024-06-25,Valdir Aparecido de Oliveira,"Solicita ao prefeito municipal que estude a instituição da 'Semana de Combate ao Fumo' no município, com palestras e dinâmicas de conscientização nas escolas e um dia aberto à população no CEF, complementando a Lei Municipal nº 3.105/2017 (proibição de venda de narguilé a menores de 18 anos).",,,,,Pendente de Análise,Data da sessão conforme texto: 24/06/2024 (ver nota da indicação 155).
2124-IND-543,Indicação,162,2024,146ª Sessão Ordinária da 18ª Legislatura,2024-06-25,Anderson Marcos Viana,"Solicita ao prefeito municipal a poda das árvores do campinho do bairro Cristo Redentor, especialmente as que invadem o campo, e a elevação do alambrado do lado das casas populares, para reduzir transtornos e risco de danos aos veículos dos moradores.",,,,,Pendente de Análise,Data da sessão conforme texto: 24/06/2024 (ver nota da indicação 155).
2124-REQ-108,Requerimento,,2024,146ª Sessão Ordinária da 18ª Legislatura,2024-06-25,Terezinha de Lourdes Freitas Regodanso,"Pedido verbal para que a prefeitura envie à Câmara o projeto da reforma do velório municipal (obra iniciada aparentemente sem planejamento e sem aviso prévio às funerárias) e explique o quanto está orçada a obra, já que nenhuma verba específica havia sido submetida à aprovação da Câmara e não se sabia se seria custeada com recurso próprio.","Diretoria de Planejamento, Obras, Serviços e Manutenção",Verbal/Não Formalizado,,,Pendente,"Este pedido aparece no arquivo 'clipe' 2024-06-25_sessao.txt, que começa em andamento sem identificar o orador. Pelo contexto (fala de uma vereadora que se encerra com 'Obrigado, vereadora' antes de passar a palavra ao vereador Anderson, e por afinidade temática com a fala anterior dela sobre a Festa de Santo Antônio), atribuído por inferência à vereadora Terezinha de Lourdes Freitas Regodanso, mas a autoria não pôde ser confirmada com certeza pois o início da fala foi cortado no arquivo. Tema retomado formalmente na Indicação nº 168/2024 (sessão de 20/08/2024), sobre placas de transparência dos valores da mesma obra."
2124-REQ-109,Requerimento,,2024,146ª Sessão Ordinária da 18ª Legislatura,2024-06-25,Anderson Marcos Viana,"Pedido verbal, em explicação pessoal, para que o setor responsável dê atenção ao bueiro entupido na Rua Rui Barbosa, esquina com a Avenida Junqueira, próximo ao Posto São Paulo, com acúmulo de sujeira e mau cheiro no local.","Diretoria de Planejamento, Obras, Serviços e Manutenção",Verbal/Não Formalizado,,,Pendente,"Pedido feito em explicação pessoal no arquivo 'clipe' 2024-06-25_sessao.txt, sem numeração formal de requerimento."
2124-REQ-110,Requerimento,,2024,146ª Sessão Ordinária da 18ª Legislatura,2024-06-25,Anderson Marcos Viana,"Pedido verbal, em explicação pessoal, para que o setor responsável dê atenção aos brinquedos do Bosque municipal, citando dois acidentes recentes (uma senhora machucou a clavícula e uma criança possivelmente fraturou o braço) devido ao uso intenso dos equipamentos nos finais de semana.","Diretoria de Educação, Cultura, Esportes, Lazer e Turismo",Verbal/Não Formalizado,,,Pendente,"Pedido feito em explicação pessoal no arquivo 'clipe' 2024-06-25_sessao.txt, sem numeração formal de requerimento. Diretoria de destino incerta entre Educação/Lazer (Bosque como espaço de lazer) e Planejamento/Obras (manutenção física dos brinquedos); optou-se pela primeira por se tratar de equipamento de lazer público."
2124-REQ-111,Requerimento,,2024,146ª Sessão Ordinária da 18ª Legislatura,2024-06-25,Anderson Marcos Viana,"Pedido verbal, em explicação pessoal, para que a administração dê atenção à falta de médicos no pronto-socorro, relatando um final de semana com o setor de saúde lotado, apenas um médico e três enfermeiras de plantão, incluindo dois acidentes de moto, e solicitando a disponibilização de dois médicos no plantão.",Diretoria de Saúde,Verbal/Não Formalizado,,,Pendente,"Pedido feito em explicação pessoal no arquivo 'clipe' 2024-06-25_sessao.txt, sem numeração formal de requerimento."
2124-DEN-129,Denúncia,,2024,146ª Sessão Ordinária da 18ª Legislatura,2024-06-25,Anderson Marcos Viana,"Vereador relata ter recebido várias denúncias, nos dias anteriores, sobre irregularidades no processo seletivo da Santa Casa (favorecimento, sempre as mesmas pessoas sendo selecionadas), afirmando que, ao voltar do recesso, encaminhará documentação sobre o caso aos órgãos responsáveis, incluindo o Ministério Público, já que instituições que recebem dinheiro público em folha de pagamento são obrigadas a realizar processo seletivo.",Santa Casa de Misericórdia de Junqueirópolis,Recebida pelo vereador,,,Pendente de Verificação,"Relato feito em explicação pessoal no arquivo 'clipe' 2024-06-25_sessao.txt. O vereador não detalhou publicamente o conteúdo específico das denúncias recebidas, apenas o tema (processo seletivo) e sua intenção de formalizar o caso ao Ministério Público."
2124-IND-544,Indicação,163,2024,149ª Sessão Ordinária da 18ª Legislatura,2024-08-20,Reinaldo Codognato,"Solicita ao prefeito municipal a implementação de sistema de iluminação e irrigação na pista de motocross, substituindo o uso de caminhão-pipa por um mecanismo de irrigação, beneficiando os competidores do município e fomentando o esporte local.",,,,,Pendente de Análise,"O texto do expediente e das indicações desta sessão data '19 de agosto de 2024' (segunda-feira), divergindo do nome do arquivo (2024-08-20); mantida a data do arquivo por consistência com o padrão de outros lotes (data do arquivo = dia da postagem/upload)."
2124-IND-545,Indicação,164,2024,149ª Sessão Ordinária da 18ª Legislatura,2024-08-20,Reinaldo Codognato,"Solicita ao prefeito municipal a criação de um centro educacional agroecológico, para capacitar produtores rurais e incluir alunos da rede municipal, com conhecimentos práticos de agricultura familiar, fortalecendo práticas sustentáveis na comunidade.",,,,,Pendente de Análise,"Data da sessão conforme texto: 19/08/2024 (ver nota da indicação 163). Em plenário, o autor sugeriu aproveitar o viveiro municipal já localizado na escola do bairro Duas Barras para essa finalidade."
2124-IND-546,Indicação,165,2024,149ª Sessão Ordinária da 18ª Legislatura,2024-08-20,Reinaldo Codognato,"Solicita ao prefeito municipal a construção de uma rampa adequada e legalizada às margens do rio Aguapeí, em parceria com a Usina Viterra Bioenergia (Unidade Rio Vermelho), para beneficiar pescadores amadores e profissionais, facilitando embarque e desembarque de embarcações; pedido antigo dos pescadores, com mais de 150 assinaturas em apoio.",,,,,Pendente de Análise,Data da sessão conforme texto: 19/08/2024 (ver nota da indicação 163).
2124-IND-547,Indicação,166,2024,149ª Sessão Ordinária da 18ª Legislatura,2024-08-20,Anderson Marcos Viana,"Solicita ao prefeito municipal que contate a empresa responsável pela manutenção das lâmpadas de LED, que em diversos locais não estão funcionando adequadamente, com destaque para a Avenida Virgínia Aparecida Trevizan, sem iluminação havia cerca de um mês.",,,,,Pendente de Análise,Data da sessão conforme texto: 19/08/2024 (ver nota da indicação 163). Em plenário o autor citou também lâmpadas queimadas nos bairros Catuma e Fuentes.
2124-IND-548,Indicação,167,2024,149ª Sessão Ordinária da 18ª Legislatura,2024-08-20,Anderson Marcos Viana,"Solicita ao prefeito municipal a substituição do playground de madeira do bairro Fuentes (destruído, sem serventia) e a retirada do playground do bairro Pioneiros, que está deteriorado e caindo, oferecendo risco de acidente às crianças.",,,,,Pendente de Análise,Data da sessão conforme texto: 19/08/2024 (ver nota da indicação 163).
2124-IND-549,Indicação,168,2024,149ª Sessão Ordinária da 18ª Legislatura,2024-08-20,"Anderson Marcos Viana, Terezinha de Lourdes Freitas Regodanso","Solicita ao prefeito municipal a instalação de placas informativas com os valores investidos na reforma do velório municipal e na iluminação da área verde do bairro Jardim Pioneiros, visando maior transparência à população.",,,,,Pendente de Análise,Data da sessão conforme texto: 19/08/2024 (ver nota da indicação 163). Tema relacionado a um requerimento verbal sobre a mesma reforma do velório feito em sessão anterior (25/06/2024) — ver lote de requerimentos.
2124-IND-550,Indicação,169,2024,149ª Sessão Ordinária da 18ª Legislatura,2024-08-20,Anderson Marcos Viana,"Solicita ao prefeito municipal a instalação de redutores de velocidade na Avenida João Furini: um próximo ao Campo Belo/Supermercado Troiano, outro em frente ao ginásio de esportes (onde o asfalto já foi cortado para a lombofaixa) e outro em frente à Escola Municipal Neide Macedo.",,,,,Pendente de Análise,Data da sessão conforme texto: 19/08/2024 (ver nota da indicação 163).
2124-REQ-112,Requerimento,031,2024,149ª Sessão Ordinária da 18ª Legislatura,2024-08-20,Anderson Marcos Viana,"Solicita à Diretoria Administrativa o envio das filmagens das câmeras de segurança do Centro de Atenção Psicossocial (CAPS) dos últimos três meses, em razão de relatos e ligações anônimas da população sobre eventuais irregularidades ocorridas no local.",Diretoria Administrativa,Normal,Aprovado,,Pendente,Aprovado por unanimidade de votos. Data da sessão conforme texto: 19/08/2024 (nome do arquivo: 2024-08-20).
2124-DEN-130,Denúncia,,2024,149ª Sessão Ordinária da 18ª Legislatura,2024-08-20,Anderson Marcos Viana,"Vereador relata ter recebido ligações e relatos de denúncias anônimas da população sobre eventuais irregularidades ocorridas no Centro de Atenção Psicossocial (CAPS), o que motivou a apresentação do Requerimento nº 031/2024 solicitando as filmagens das câmeras de segurança do local para apurar o caso.",Centro de Atenção Psicossocial (CAPS),Recebida pelo vereador,,,Pendente de Verificação,"Relato feito em explicação pessoal, ligado diretamente ao Requerimento nº 031/2024. Data da sessão conforme texto: 19/08/2024 (nome do arquivo: 2024-08-20). O vereador não detalhou publicamente a natureza específica das irregularidades denunciadas."
2124-IND-551,Indicação,170,2024,150ª Sessão Ordinária da 18ª Legislatura,2024-08-27,Paulo Sérgio Cordeiro,"Solicita ao prefeito municipal que estude o redirecionamento adequado do fluxo de águas pluviais na interseção da Avenida Campos Salles com a Avenida Junqueira, onde a água tem invadido residências por falta de escoamento adequado, especialmente devido a uma valeta próxima.",,,,,Pendente de Análise,"O texto do expediente e das indicações desta sessão data '26 de agosto de 2024' (segunda-feira), divergindo do nome do arquivo (2024-08-27); mantida a data do arquivo por consistência com o padrão de outros lotes. O expediente lido chamou a sessão de '100ª a 56ª' por lapso, mas o restante do texto (indicações, requerimento) identifica corretamente como '150ª Sessão Ordinária'."
2124-IND-552,Indicação,171,2024,150ª Sessão Ordinária da 18ª Legislatura,2024-08-27,Valdir Aparecido de Oliveira,"Solicita ao prefeito municipal a instalação de um transformador no bairro Colina Verde, com o objetivo de ativar o poço artesiano já existente na região, que segundo relato em plenário ainda não está funcionando.",,,,,Pendente de Análise,Data da sessão conforme texto: 26/08/2024 (ver nota da indicação 170).
2124-IND-553,Indicação,172,2024,150ª Sessão Ordinária da 18ª Legislatura,2024-08-27,Terezinha de Lourdes Freitas Regodanso,"Solicita ao prefeito municipal a instalação de iluminação pública nas ruas Piauí e José Amatruda, paralelas à Avenida Geraldo Fudo, que hoje só possui iluminação central; vias muito usadas para caminhada e ciclismo por moradores dos bairros próximos.",,,,,Pendente de Análise,Data da sessão conforme texto: 26/08/2024 (ver nota da indicação 170).
2124-REQ-113,Requerimento,032,2024,150ª Sessão Ordinária da 18ª Legislatura,2024-08-27,Anderson Marcos Viana,"Solicita à Diretoria de Saúde relação detalhada dos veículos destinados ao transporte de pacientes: quantidade total, quantos em condições de uso, quantos fora de serviço e o motivo, quantos quebrados, quantos em manutenção, quantos com seguro vigente e quantos com rastreador instalado, com identificação individual de cada veículo.",Diretoria de Saúde,Normal,Aprovado,,Pendente,"Aprovado por unanimidade de votos. Data da sessão conforme texto: 26/08/2024 (nome do arquivo: 2024-08-27). Motivado por incidente relatado em plenário: uma ambulância em transferência de emergência quebrou no caminho a Presidente Prudente, exigindo acionamento do SAMU."
2124-REQ-114,Requerimento,33,2024,151ª Sessão Ordinária da 18ª Legislatura,2024-09-02,Terezinha de Lourdes Freitas Regodanço,"Solicita ao Tribunal de Justiça do Estado de São Paulo informações sobre a previsão de nomeação de novos oficiais de justiça para a comarca de Junqueirópolis, tendo em vista a homologação do concurso, a reserva de apenas duas vagas diretas para a 29ª Circunscrição Judicial (que abrange cinco cidades) e o déficit estrutural do quadro de oficiais de justiça da comarca (apenas 3 para atender mais de 20 mil habitantes e mais de 10 mil processos em andamento).",,Normal,Aprovado,,Pendente,"Aprovado por unanimidade de votos. Destinatário é órgão externo (Presidência do Tribunal de Justiça de SP), não uma diretoria da Prefeitura, por isso 'diretoria_destino' ficou null. Sessão identificada no texto como 151ª Sessão Ordinária, realizada em 2 de setembro de 2024 (arquivo nomeado 2024-09-03, data provavelmente de upload/publicação)."
2124-IND-554,Indicação,173,2024,152ª Sessão Ordinária da 18ª Legislatura,2024-09-09,Anderson Marcos Viana,"Solicita a aplicação de pedra brita na Alameda Vista do Sol e na estrada que liga o bairro Fuentes ao Lar Santa Terezinha, para reduzir a poeira na região e proporcionar mais conforto e qualidade de vida à população local.",,,,,Pendente de Análise,"Data da sessão conforme mencionado no texto da transcrição (véspera da data do nome do arquivo, que corresponde ao dia da postagem/upload)."
2124-IND-555,Indicação,174,2024,152ª Sessão Ordinária da 18ª Legislatura,2024-09-09,Reinaldo Codognato,"Solicita a elaboração de um planejamento anual para as despesas básicas voltadas à educação infantil, incluindo a aquisição de brinquedos (motocas, bonecas, blocos de montar, carrinhos) e itens de conforto como colchões e colchonetes.",,,,,Pendente de Análise,"Data da sessão conforme mencionado no texto da transcrição (véspera da data do nome do arquivo, que corresponde ao dia da postagem/upload)."
2124-IND-556,Indicação,175,2024,152ª Sessão Ordinária da 18ª Legislatura,2024-09-09,Valdir Aparecido de Oliveira,"Solicita melhorias no Residencial das Américas, no cruzamento da Rua Peru com a Rua Colômbia: construção de uma canaleta para escoamento de água (para solucionar problema de acúmulo) e instalação de um braço no poste com lâmpada LED para aumentar a segurança da área.",,,,,Pendente de Análise,"Data da sessão conforme mencionado no texto da transcrição (véspera da data do nome do arquivo, que corresponde ao dia da postagem/upload)."
2124-DEN-131,Denúncia,,2024,152ª Sessão Ordinária da 18ª Legislatura,2024-09-09,Anderson Marcos Viana,"Vereador cobra, em explicação pessoal, resposta a requerimento apresentado há cerca de 5 meses sobre as providências tomadas em relação à contaminação dos córregos do bairro Palmeira, relatando que nenhum requerimento seu recebeu resposta desde o retorno do recesso, com atrasos de 5 a 6 meses e, quando respondidos, com respostas que ele qualifica como não condizentes com a verdade.","Diretoria de Agronegócio, Indústria, Comércio e Meio Ambiente e Gestão de Resíduos Sólidos",Feita/cobrada pelo vereador,,,Pendente de Verificação,"Relato feito em explicação pessoal no arquivo 2024-09-10_sessao.txt (152ª Sessão Ordinária, realizada em 09/09/2024). O vereador não especificou o número do requerimento original sobre a contaminação dos córregos (não localizado nos lotes já processados até o momento desta extração). Diretoria de destino inferida por ser tema ambiental; não confirmada no texto."
2124-IND-557,Indicação,176,2024,153ª Sessão Ordinária da 18ª Legislatura,2024-09-16,Reinaldo Codognato,"Solicita a instalação de um braço de luz com lâmpada LED na Avenida Paulista, na esquina com a Avenida Marconi, nas proximidades das casas da FEPASA, atendendo a pedido de moradores preocupados com a falta de segurança na área.",,,,,Pendente de Análise,"Data da sessão conforme mencionado no texto da transcrição (véspera da data do nome do arquivo, que corresponde ao dia da postagem/upload)."
2124-IND-558,Indicação,177,2024,153ª Sessão Ordinária da 18ª Legislatura,2024-09-16,"Anderson Marcos Viana, Elio Furini Neto, Marisa Alves da Silva Costa, Paulo Sérgio Cordeiro, Teresinha de Lourdes Freitas Regodanso","Solicita a revisão dos nomes das ruas constantes nos incisos 5º a 9º do artigo 3º do Projeto de Lei nº 046/2024 (Residencial Florenza, atualmente com nomes de frutas), sugerindo a substituição pelos nomes de Antônio Carlos Lansone, Antônio Beviláqua, Antônio Luiz Gazzim, João Seloto e Ivany Peloso, como forma de gratidão e reconhecimento a pioneiros da cidade.",,,,,Pendente de Análise,"Data da sessão conforme mencionado no texto da transcrição (véspera da data do nome do arquivo, que corresponde ao dia da postagem/upload). Grafia do nome 'Antônio Luiz Gazzim' incerta na transcrição (pode haver erro de transcrição fonética). Na sessão seguinte (154ª, 2024-09-24) o vereador Anderson relata que essa indicação foi objeto de pedido de vista antes do período eleitoral e permanecia 'retirada' até aquela data, aguardando o fim do período eleitoral para retomar a discussão com o Executivo — como indicação não é matéria votada, não há registro formal de retirada, apenas o relato verbal do vereador."
2124-IND-559,Indicação,178,2024,154ª Sessão Ordinária da 18ª Legislatura,2024-09-23,Marisa Alves da Silva Costa,"Solicita a ampliação da área destinada ao estacionamento de motocicletas na Avenida Junqueira, em frente ao estabelecimento comercial Libanesa Ferragens e Ferramentas, devido à demanda crescente de motocicletas na região e à importância do comércio local.",,,,,Pendente de Análise,"Data da sessão conforme mencionado no texto da transcrição (véspera da data do nome do arquivo, que corresponde ao dia da postagem/upload)."
2124-IND-560,Indicação,179,2024,154ª Sessão Ordinária da 18ª Legislatura,2024-09-23,Reinaldo Codognato,"Solicita a implantação de uma residência inclusiva no município, destinada ao acolhimento de pessoas a partir de 18 anos em situação de vulnerabilidade social e sem amparo familiar, sugerindo a busca de recursos estaduais e federais para viabilizar o projeto.",,,,,Pendente de Análise,"Data da sessão conforme mencionado no texto da transcrição (véspera da data do nome do arquivo, que corresponde ao dia da postagem/upload)."
2124-IND-561,Indicação,180,2024,154ª Sessão Ordinária da 18ª Legislatura,2024-09-23,Valdir Aparecido de Oliveira,"Solicita a implantação de canaletas para escoamento de água na Rua das Figueiras, no cruzamento com a Alameda Paraíso, e na Rua Domingos Faria de Abreu, no Catuna, nos bairros Jardim Campo Belo e Jardim Catuna, devido ao grande volume de água que desce nessas áreas.",,,,,Pendente de Análise,"Data da sessão conforme mencionado no texto da transcrição (véspera da data do nome do arquivo, que corresponde ao dia da postagem/upload)."
2124-IND-562,Indicação,181,2024,154ª Sessão Ordinária da 18ª Legislatura,2024-09-23,Rui Domingos da Silva,"Solicita a renomeação de uma das ruas listadas nos incisos 4º a 9º do artigo 3º do Projeto de Lei nº 046/2024 em homenagem ao saudoso Sr. Salvador Vieira de Sousa, morador de longa data do município, reconhecido comerciante e proprietário de terras na região.",,,,,Pendente de Análise,"Data da sessão conforme mencionado no texto da transcrição (véspera da data do nome do arquivo, que corresponde ao dia da postagem/upload)."
2124-IND-563,Indicação,182,2024,154ª Sessão Ordinária da 18ª Legislatura,2024-09-23,Anderson Marcos Viana,"Solicita a aplicação de veneno (fumacê) contra pernilongos nos bairros Figueira, Jardim Paulista, Carmezinha 1 e 2, Jardim Alvorada, Alto do Cene e Residencial das Américas, como medida complementar ao uso de fumaça já indicado, para mitigar os problemas enfrentados pela população.",,,,,Pendente de Análise,"Data da sessão conforme mencionado no texto da transcrição (véspera da data do nome do arquivo, que corresponde ao dia da postagem/upload)."
2124-IND-564,Indicação,183,2024,154ª Sessão Ordinária da 18ª Legislatura,2024-09-23,Reinaldo Codognato,"Solicita a realização de um levantamento detalhado de todas as nascentes do município, visando sua recuperação futura por meio do plantio de árvores nativas do bioma local, diante dos problemas de degradação ambiental enfrentados atualmente.",,,,,Pendente de Análise,"Data da sessão conforme mencionado no texto da transcrição (véspera da data do nome do arquivo, que corresponde ao dia da postagem/upload)."
2124-IND-565,Indicação,184,2024,154ª Sessão Ordinária da 18ª Legislatura,2024-09-23,Reinaldo Codognato,"Reforçando a indicação nº 118/2021 de sua própria autoria, solicita que se promova a inclusão digital e social e se incentivem ações de governo eletrônico voltadas à população, estendendo a medida à zona rural, inclusive por meio de parcerias com empresas privadas, citando o programa federal Wi-Fi Brasil.",,,,,Pendente de Análise,"Data da sessão conforme mencionado no texto da transcrição (véspera da data do nome do arquivo, que corresponde ao dia da postagem/upload)."
2124-IND-566,Indicação,185,2024,154ª Sessão Ordinária da 18ª Legislatura,2024-09-23,Anderson Marcos Viana,"Solicita a manutenção das laterais da Rua Paraná, no bairro Cristo Redentor, cujo acostamento está em condições precárias dificultando o trânsito de pedestres, e a continuidade do asfalto nas proximidades da nova rotatória construída no bairro Figueira, onde resta um trecho de terra causando transtornos à população.",,,,,Pendente de Análise,"Data da sessão conforme mencionado no texto da transcrição (véspera da data do nome do arquivo, que corresponde ao dia da postagem/upload)."
2124-DEN-132,Denúncia,,2024,154ª Sessão Ordinária da 18ª Legislatura,2024-09-23,Anderson Marcos Viana,"Vereador relata divergência entre uma resposta da administração municipal a um ofício seu (afirmando existir convênio com a CDHU desde 2021 para construção de 100 casas populares no bairro Vila Liberta/Delta Ville 1 e 2, mais 130 unidades do programa Minha Casa Minha Vida) e a informação obtida diretamente junto à CDHU, segundo a qual o município não possui convênio com o órgão desde 2019.","Diretoria de Licitações, Contratos e Convênios",Relatada em documento/ofício,,,Pendente de Verificação,"Relato feito em explicação pessoal no arquivo 2024-09-24_sessao.txt (154ª Sessão Ordinária, realizada em 23/09/2024). Vereador cita ofício anterior da administração sobre o tema, cujo número/data não foi mencionado na fala. Diretoria de destino inferida (tema de convênio habitacional); poderia também ser atribuída à Diretoria Jurídica, Habitação e de Trânsito."
2124-DEN-133,Denúncia,,2024,154ª Sessão Ordinária da 18ª Legislatura,2024-09-23,Anderson Marcos Viana,"Vereador denuncia possível divergência de valores na obra da rotatória do bairro Figueira: a placa de obra no local indica R$ 325 mil, enquanto o valor aprovado pela Câmara para a obra foi de R$ 384 mil, questionando o destino da diferença e cobrando a conclusão de um trecho de terra ainda pendente no local.","Diretoria de Planejamento, Obras, Serviços e Manutenção",Feita/cobrada pelo vereador,,,Pendente de Verificação,"Relato feito em explicação pessoal no arquivo 2024-09-24_sessao.txt (154ª Sessão Ordinária, realizada em 23/09/2024)."
2124-DEN-134,Denúncia,,2024,154ª Sessão Ordinária da 18ª Legislatura,2024-09-23,Anderson Marcos Viana,"Vereador denuncia fiscalização de trânsito seletiva na Avenida Junqueira: cita caso de uma munícipe multada por estacionar a moto poucos minutos em vaga com sinalização mal definida, em contraste com uma caminhonete que, segundo relato e registro fotográfico apresentados a ele, estacionou sobre três a quatro vagas de moto próximo ao Posto São Paulo sem qualquer autuação ou advertência.","Diretoria Jurídica, Habitação e de Trânsito",Feita/cobrada pelo vereador,,,Pendente de Verificação,"Relato feito em explicação pessoal no arquivo 2024-09-24_sessao.txt (154ª Sessão Ordinária, realizada em 23/09/2024), em complemento à fala da vereadora Marisa Alves da Silva Costa sobre o mesmo local (base da Indicação nº 178/2024)."
2124-DEN-135,Denúncia,,2024,154ª Sessão Ordinária da 18ª Legislatura,2024-09-23,Anderson Marcos Viana,"Vereador denuncia atraso de mais de 5 meses na licitação para compra de veneno contra pernilongos (mosquitos), com infestação relatada nos bairros Figueira, Jardim Paulista, Carmesin 1 e 2, Jardim Alvorada, Alto do Cene, Residencial das Américas e Jardim Campo Belo, citando visita própria a alguns desses bairros junto com outro vereador para constatar a situação (larvas) e resposta oficial a ofício seu confirmando a demora.",Diretoria de Saúde,Feita/cobrada pelo vereador,,,Pendente de Verificação,"Relato feito em explicação pessoal no arquivo 2024-09-24_sessao.txt (154ª Sessão Ordinária, realizada em 23/09/2024), em referência à sua própria Indicação nº 182/2024 apresentada na mesma sessão. Diretoria de destino incerta entre Diretoria de Saúde (controle de vetores) e Diretoria de Agronegócio, Indústria, Comércio e Meio Ambiente e Gestão de Resíduos Sólidos; optou-se pela primeira por se tratar de controle de vetor de doença."
2124-IND-567,Indicação,186,2024,155ª Sessão Ordinária da 18ª Legislatura,2024-09-30,Reinaldo Codognato,"Solicita que se estude oferecer à população cursos técnicos em diversas áreas, como inteligência artificial, robótica, automação eletrônica embarcada e pilotagem de drones, voltados especialmente ao público jovem, visando aumentar sua permanência na cidade e criar oportunidades de acesso ao ensino superior e ao trabalho.",,,,,Pendente de Análise,"Data da sessão conforme mencionado no texto da transcrição (véspera da data do nome do arquivo, que corresponde ao dia da postagem/upload)."
2124-IND-568,Indicação,187,2024,155ª Sessão Ordinária da 18ª Legislatura,2024-09-30,Teresinha de Lourdes Freitas Regodanso,"Solicita a revisão dos nomes das ruas constantes nos incisos 5º a 9º do artigo 3º do Projeto de Lei nº 046/2024, sugerindo a substituição por nomes de pessoas queridas na comunidade, especificamente os saudosos Elvio Pinotti e Kenit Yaramaki.",,,,,Pendente de Análise,"Data da sessão conforme mencionado no texto da transcrição (véspera da data do nome do arquivo, que corresponde ao dia da postagem/upload). O sobrenome 'Yaramaki' aparece grafado como 'Aramaque' no resumo do Expediente lido no início da sessão e como 'Yaramaki' na leitura do texto integral da indicação; optou-se pela grafia do texto integral, mas há incerteza quanto à grafia correta."
2124-IND-569,Indicação,188,2024,155ª Sessão Ordinária da 18ª Legislatura,2024-09-30,Anderson Marcos Viana,"Solicita a instalação de alambrados na quadra de basquete, no playground e ao lado do minicampo de futebol localizados na Rua Santos Dumont, bairro Alto do Cene, para garantir a segurança das crianças que utilizam os espaços e dos motoristas que trafegam pela rua.",,,,,Pendente de Análise,"Data da sessão conforme mencionado no texto da transcrição (véspera da data do nome do arquivo, que corresponde ao dia da postagem/upload)."
2124-IND-570,Indicação,189,2024,155ª Sessão Ordinária da 18ª Legislatura,2024-09-30,Anderson Marcos Viana,"Solicita que se estude adquirir, por meio de recursos próprios ou convênio com o Estado, o prédio onde funcionava a antiga faculdade de Junqueirópolis, com o objetivo de transformá-lo em escola estadual, por ser alternativa mais econômica e rápida do que construir uma unidade nova.",,,,,Pendente de Análise,"Data da sessão conforme mencionado no texto da transcrição (véspera da data do nome do arquivo, que corresponde ao dia da postagem/upload)."
2124-REQ-115,Requerimento,34,2024,155ª Sessão Ordinária da 18ª Legislatura,2024-09-30,Paulo Sérgio Cordeiro,"Solicita à Diretoria de Agronegócio, Indústria, Comércio e Meio Ambiente e Gestão de Resíduos Sólidos informações sobre os motivos pelos quais a empresa Alfa 7 Construtora ainda não deu início à construção de suas instalações no Distrito Industrial 4, tendo em vista que o prazo estipulado pela Lei Complementar nº 1124/2023 para o início das obras já teria expirado.","Diretoria de Agronegócio, Indústria, Comércio e Meio Ambiente e Gestão de Resíduos Sólidos",Normal,Aprovado,,Pendente,"Aprovado por unanimidade de votos. Sessão identificada no texto como 155ª Sessão Ordinária, realizada em 30 de setembro de 2024 (arquivo nomeado 2024-10-01, data provavelmente de upload/publicação). Apresentado na Secretaria da Câmara em 24/09/2024."
2124-REQ-116,Requerimento,35,2024,155ª Sessão Ordinária da 18ª Legislatura,2024-09-30,Anderson Marcos Viana,"Solicita à Diretoria de Planejamento, Obras, Serviços e Manutenção informações sobre a execução e posterior remoção de obras no bairro Alto do Cene e na Rua Constantino Marcolino de Souza esquina com Rua Santa Fé: motivo da instalação e remoção de nove plataformas de concreto no Alto do Cene, justificativa para a construção e retirada de uma lombada na Rua Constantino Marcolino de Souza, origem dos recursos empregados e se houve acompanhamento técnico adequado na execução e remoção das obras.","Diretoria de Planejamento, Obras, Serviços e Manutenção",Normal,Aprovado,,Pendente,"Aprovado por unanimidade de votos. Sessão identificada no texto como 155ª Sessão Ordinária, realizada em 30 de setembro de 2024 (arquivo nomeado 2024-10-01, data provavelmente de upload/publicação). Apresentado na Secretaria da Câmara em 25/09/2024 (transcrição registra 'Representado', provável erro de transcrição de 'Apresentado'). Vereador detalhou o caso em explicação pessoal na mesma sessão, relatando suspeita de má gestão/desperdício de dinheiro público nas obras."
2124-IND-571,Indicação,190,2024,156ª Sessão Ordinária da 18ª Legislatura,2024-10-07,Valdir Aparecido de Oliveira,"Solicita a construção de duas bocas de lobo e a instalação de tubulações para melhorar o escoamento das águas pluviais no bairro Frei Galvão, no cruzamento da Rua Professora Terezinha Romanini com a Rua Akira Katayama.",,,,,Pendente de Análise,"Data da sessão conforme mencionado no texto da transcrição (véspera da data do nome do arquivo, que corresponde ao dia da postagem/upload)."
2124-IND-572,Indicação,191,2024,156ª Sessão Ordinária da 18ª Legislatura,2024-10-07,Valdir Aparecido de Oliveira,"Solicita a instalação de telas de proteção nas laterais e no fundo do campo de futebol do Residencial das Américas, para evitar que a bola coloque em risco jovens e motociclistas, além da instalação de um bebedouro para os usuários do espaço.",,,,,Pendente de Análise,"Data da sessão conforme mencionado no texto da transcrição (véspera da data do nome do arquivo, que corresponde ao dia da postagem/upload)."
2124-IND-573,Indicação,192,2024,156ª Sessão Ordinária da 18ª Legislatura,2024-10-07,Anderson Marcos Viana,"Solicita a ligação da caixa d'água do bairro Colina Verde à rede pública, uma vez que a caixa foi construída há mais de um ano sem ser ligada, causando falta ou baixa pressão de água no bairro e em áreas adjacentes.",,,,,Pendente de Análise,"Data da sessão conforme mencionado no texto da transcrição (véspera da data do nome do arquivo, que corresponde ao dia da postagem/upload)."
2124-DEN-136,Denúncia,,2024,156ª Sessão Ordinária da 18ª Legislatura,2024-10-07,Anderson Marcos Viana,"Vereador relata, após receber o parecer técnico da administração em resposta ao Requerimento nº 031/2024 (sobre as gravações das câmeras do CAPS), que munícipes lhe apresentaram gravações diferentes das informações constantes no parecer oficial, afirmando que vai apurar a divergência com os colaboradores responsáveis pela pasta e que, se houver irregularidade, os responsáveis 'arcarão com o peso da lei'.",Diretoria Administrativa,Recebida pelo vereador,,,Pendente de Verificação,"Relato feito em explicação pessoal no arquivo 2024-10-08_sessao.txt (156ª Sessão Ordinária, realizada em 07/10/2024), em continuidade ao Requerimento nº 031/2024 (já registrado no lote 17) e ao parecer técnico sobre a gravação do DVR lido no expediente dessa mesma sessão. Vereador não detalhou publicamente o conteúdo específico da divergência apontada pelos munícipes."
2124-IND-574,Indicação,193,2024,157ª Sessão Ordinária da 18ª Legislatura,2024-10-15,Reinaldo Codognato,"Solicita ao Prefeito Municipal a adoção de medidas para solucionar a falta de água em algumas áreas do bairro Alto do Sene, especialmente nos trechos mais altos, para garantir abastecimento regular e adequado aos moradores.",,,,,Pendente de Análise,
2124-IND-575,Indicação,194,2024,157ª Sessão Ordinária da 18ª Legislatura,2024-10-15,Reinaldo Codognato,"Solicita ao Prefeito Municipal a instalação de cabines climatizadas nos tratores da Associação Agrícola, visando proporcionar mais conforto e segurança aos trabalhadores expostos a temperaturas elevadas e longas jornadas.",,,,,Pendente de Análise,
2124-REQ-117,Requerimento,36,2024,157ª Sessão Ordinária da 18ª Legislatura,2024-10-15,Paulo Sérgio Cordeiro,"Solicita o envio de ofício à Diretoria de Agronegócio, Indústria, Comércio, Meio Ambiente e Gestão de Resíduos Sólidos requerendo os contratos atualizados das empresas contempladas com terrenos no Distrito Industrial IV, informações sobre eventual alteração de titularidade ou das condições contratuais desde a concessão inicial, além do percentual de execução das obras e da quantidade de empregos gerados até o momento.","Diretoria de Agronegócio, Indústria, Comércio e Meio Ambiente e Gestão de Resíduos Sólidos",Normal,Aprovado,,Pendente,"Apresentado na Secretaria da Câmara em 7 de outubro de 2024 e lido/votado na sessão de 14/10/2024 (157ª Sessão Ordinária), conforme texto; nome do arquivo de transcrição da sessão é 2024-10-15. Único requerimento formal encontrado nas 6 transcrições revisadas deste lote (2024-10-15, 2024-10-22, 2024-10-23, 2024-10-25, 2024-10-29, 2024-11-01); as três últimas datas (23, 25 e 11-01) são audiências públicas (PPA, LDO e LOA), sem apresentação/leitura de requerimentos formais."
2124-DEN-137,Denúncia,,2024,157ª Sessão Ordinária da 18ª Legislatura,2024-10-15,Anderson Marcos Viana,"Relata queda de um poste de aproximadamente 4 metros de altura no bairro Primavera, atribuída a um carro que deu ré e o atingiu; ao verificar a estrutura, constata que a base de concreto do poste não possui nenhum ferro/armação, e que cerca de 30 a 40 postes do mesmo padrão foram instalados no município sem ferragem na base, colocando a população em risco. Cobra que o engenheiro responsável pela obra venha à Casa dar explicações.","Diretoria de Planejamento, Obras, Serviços e Manutenção",Feita/cobrada pelo vereador,,,Pendente de Verificação,
2124-DEN-138,Denúncia,,2024,157ª Sessão Ordinária da 18ª Legislatura,2024-10-15,Anderson Marcos Viana,"Relata canaleta funda aberta na Avenida Bandeirantes, próximo à clínica de fisioterapia, sem qualquer sinalização de segurança apesar de pedidos anteriores; cita acidentes recentes com moto e ciclista devido à falta de aviso sobre a depressão no asfalto.","Diretoria de Planejamento, Obras, Serviços e Manutenção",Feita/cobrada pelo vereador,,,Pendente de Verificação,
2124-DEN-139,Denúncia,,2024,157ª Sessão Ordinária da 18ª Legislatura,2024-10-15,Anderson Marcos Viana,"Relata que a obra de grande porte no Jardim Paulista, orçada em R$ 2,5 milhões e já com o recurso liberado pela Casa, está com o prazo de execução de 153 dias vencido e sem previsão de conclusão, gerando preocupação na população local.","Diretoria de Planejamento, Obras, Serviços e Manutenção",Feita/cobrada pelo vereador,,,Pendente de Verificação,
2124-IND-576,Indicação,195,2024,158ª Sessão Ordinária da 18ª Legislatura,2024-10-22,Terezinha de Lourdes Freitas Regodanso,"Solicita ao Prefeito Municipal a instalação de espelhos nos banheiros do recinto onde ocorre a Aceruva, para melhorar as condições de uso das instalações, que são frequentemente utilizadas em outras festas e eventos ao longo do ano (ex.: leilão de gado).",,,,,Pendente de Análise,"O nome do recinto foi transcrito de forma inconsistente na sessão (ora 'aceruva', ora 'ACERUVA'); mantido como 'Aceruva', grafia predominante no texto lido da indicação."
2124-IND-577,Indicação,196,2024,158ª Sessão Ordinária da 18ª Legislatura,2024-10-22,Anderson Marcos Viana,"Reforça a indicação nº 124/2022 do mesmo vereador, solicitando a construção de um muro para cercar devidamente o poço artesiano da Rua Independência (entre a Rua Curitiba e a Avenida Bandeirantes), já que o muro anterior caiu, deixando o local vulnerável a uso de drogas, vandalismo, atos libidinosos e risco de contaminação da água do reservatório.",,,,,Pendente de Análise,
2124-IND-578,Indicação,197,2024,158ª Sessão Ordinária da 18ª Legislatura,2024-10-22,Anderson Marcos Viana,"Solicita ao Prefeito Municipal a ativação da iluminação no ponto de ônibus localizado ao lado da distribuidora de alimentos Francisco Iqueda, pedido já feito há algum tempo pelos usuários do transporte público, visando mais segurança e conforto.",,,,,Pendente de Análise,
2124-IND-579,Indicação,198,2024,158ª Sessão Ordinária da 18ª Legislatura,2024-10-22,Anderson Marcos Viana,"Solicita ao Prefeito Municipal a alteração do horário de trabalho dos coletores de lixo durante o período de calor intenso, propondo que as atividades iniciem mais cedo, preferencialmente de madrugada, medida já adotada em outras cidades.",,,,,Pendente de Análise,
2124-IND-580,Indicação,199,2024,158ª Sessão Ordinária da 18ª Legislatura,2024-10-22,Valdir Aparecido de Oliveira,"Solicita ao Prefeito Municipal a concessão de gratificação de 25% aos funcionários do setor de pintura da Prefeitura Municipal, como forma de reconhecer o trabalho realizado e valorizar seus esforços.",,,,,Pendente de Análise,
2124-IND-581,Indicação,200,2024,158ª Sessão Ordinária da 18ª Legislatura,2024-10-22,Reinaldo Codognato,"Solicita ao Prefeito Municipal a destinação de recursos anuais para a substituição preventiva dos encanamentos da rede de água do município, tendo em vista que boa parte da infraestrutura atual (incluindo trechos de amianto na área central) é antiga e necessita renovação.",,,,,Pendente de Análise,
2124-DEN-140,Denúncia,,2024,158ª Sessão Ordinária da 18ª Legislatura,2024-10-22,Anderson Marcos Viana,"Contesta a resposta recebida ao seu ofício sobre a remoção da lombada (Rua Constantino Marculino de Souza/Rua Santa Fé) e da plataforma de concreto da academia ao ar livre do Alto do Sene (posteriormente quebrada para instalação de um playground): a Diretoria de Obras alegou que houve acompanhamento técnico responsável, mas o setor de engenharia nega ter participado dessas obras, sem que ninguém assuma a responsabilidade pelo retrabalho custeado com recursos próprios (imposto da população).","Diretoria de Planejamento, Obras, Serviços e Manutenção",Feita/cobrada pelo vereador,,,Pendente de Verificação,"Trata-se de desdobramento do Ofício nº 204/2024, lido nesta mesma sessão em resposta a ofício anterior do vereador Anderson Marcos Viana (protocolo 2596/2024)."
2124-DEN-141,Denúncia,,2024,158ª Sessão Ordinária da 18ª Legislatura,2024-10-22,Anderson Marcos Viana,"Denuncia a revogação, por portaria, da gratificação de insalubridade de um servidor municipal cerca de 15 dias após a eleição, sem justificativa apresentada; afirma que o funcionário, que estava de férias e recebia a gratificação havia anos, teria sido o único a sofrê-la, interpretando o ato como possível perseguição por seu apoio à campanha do vereador.","Diretoria de Fazenda, Compras, Almoxarifado e Recursos Humanos",Feita/cobrada pelo vereador,,,Pendente de Verificação,"Vereador não identificou o servidor pelo nome; relato feito em tom de denúncia de perseguição política, sem confirmação da administração no mesmo trecho."
2124-IND-582,Indicação,201,2024,159ª Sessão Ordinária da 18ª Legislatura,2024-10-29,Terezinha de Lourdes Freitas Regodanso,"Solicita ao Prefeito Municipal a instalação de uma cobertura no banco de espera já existente na Unidade de Estratégia de Saúde da Família (ESF) 3, já que o espaço fica exposto à chuva e ao sol intenso, desmotivando seu uso.",,,,,Pendente de Análise,
2124-IND-583,Indicação,202,2024,159ª Sessão Ordinária da 18ª Legislatura,2024-10-29,Reinaldo Codognato,"Solicita ao Prefeito Municipal a reestruturação do Conselho Municipal da Cultura (instituído por lei de 2014, mas pouco atuante), visando abrir portas para captação de recursos estadual e federal para fortalecer eventos do calendário municipal.",,,,,Pendente de Análise,
2124-DEN-142,Denúncia,,2024,159ª Sessão Ordinária da 18ª Legislatura,2024-10-29,Anderson Marcos Viana,"Relata falhas recorrentes na iluminação pública em diversos bairros e ruas (Bela Vista, Seringal, praça da curva do S, Rua Campos Salles, Rua Lucélia), com lâmpadas trocadas recentemente já apagadas em poucos meses; cobra que a empresa contratada para manutenção da rede de iluminação faça rondas periódicas noturnas em vez de depender de notificação da própria administração.","Diretoria de Planejamento, Obras, Serviços e Manutenção",Feita/cobrada pelo vereador,,,Pendente de Verificação,
2124-DEN-143,Denúncia,,2024,159ª Sessão Ordinária da 18ª Legislatura,2024-10-29,Anderson Marcos Viana,"Relata a queda de mais um poste no bairro Frei Galvão, mal posicionado na calçada, cinco dias após moradores terem avisado que ele estava danificado; afirma que um encarregado de obras passou pelo local sem tomar providências apesar do aviso prévio.","Diretoria de Planejamento, Obras, Serviços e Manutenção",Feita/cobrada pelo vereador,,,Pendente de Verificação,
2124-DEN-144,Denúncia,,2024,159ª Sessão Ordinária da 18ª Legislatura,2024-10-29,Anderson Marcos Viana,"Relata que a porta do Salão Comunitário do bairro Jardim Pioneiros não fecha corretamente desde a entrega da obra, deixando o espaço vulnerável a invasões durante a noite, com moradores preocupados com possível depredação.","Diretoria de Planejamento, Obras, Serviços e Manutenção",Feita/cobrada pelo vereador,,,Pendente de Verificação,
2124-DEN-145,Denúncia,,2024,159ª Sessão Ordinária da 18ª Legislatura,2024-10-29,Anderson Marcos Viana,"Relata que, diferentemente dos demais vereadores, é exigido dele um ofício votado e aprovado em plenário para poder ingressar em órgãos públicos municipais (cita tentativas de visita ao CAPS e à residência terapêutica), o que classifica como discriminação/perseguição contra sua pessoa.",Diretoria Administrativa,Feita/cobrada pelo vereador,,,Pendente de Verificação,"Relato de cunho pessoal/político; o vereador atribui a exigência a discriminação, sem confirmação formal da administração no mesmo trecho."
2124-REQ-118,Requerimento,037,2024,160ª Sessão Ordinária da 18ª Legislatura,2024-11-04,Paulo Sérgio Cordeiro,"Solicita informações sobre os contratos atualizados das empresas contempladas com terrenos no Distrito Industrial 2, alterações de titularidade, andamento das obras, percentual de execução e empregos gerados.","Diretoria de Agronegócio, Indústria, Comércio e Meio Ambiente e Gestão de Resíduos Sólidos",Normal,Aprovado,,Pendente,"Data da sessão conforme mencionada no texto (4 de novembro de 2024), divergente do nome do arquivo (2024-11-05)."
2124-REQ-119,Requerimento,038,2024,160ª Sessão Ordinária da 18ª Legislatura,2024-11-04,Anderson Marcos Viana,"Solicita informações sobre a quantidade de servidores que recebem a gratificação GTID e a gratificação prevista no inciso 1º do artigo 156 da Lei Complementar nº 17/1991, com relação completa de nome, cargo, setor e percentual recebido (jan/2024 até a resposta).",Diretoria Administrativa,Normal,Aprovado,,Pendente,"Data da sessão conforme mencionada no texto (4 de novembro de 2024), divergente do nome do arquivo (2024-11-05)."
2124-DEN-146,Denúncia,,2024,160ª Sessão Ordinária da 18ª Legislatura,2024-11-04,Anderson Marcos Viana,"Relata que a Academia de Judô, reformada recentemente após anos de cobrança dos vereadores, voltou a apresentar infiltrações na primeira chuva forte, obrigando ao cancelamento das aulas; questiona a qualidade da reforma.","Diretoria de Planejamento, Obras, Serviços e Manutenção",Feita/cobrada pelo vereador,,,Pendente de Verificação,"Data da sessão conforme mencionada no texto (4 de novembro de 2024), divergente do nome do arquivo (2024-11-05)."
2124-DEN-147,Denúncia,,2024,160ª Sessão Ordinária da 18ª Legislatura,2024-11-04,"Anderson Marcos Viana, Valdir Aparecido de Oliveira","Relata que a administração negou pedido de visita dos vereadores ao Centro de Atenção Psicossocial (CAPS), exigindo prévia aprovação em plenário para caracterizar a fiscalização, conforme ofício nº 209/2024 recebido em resposta ao ofício da Câmara.",Diretoria de Saúde,Relatada em documento/ofício,,,Pendente de Verificação,"Data da sessão conforme mencionada no texto (4 de novembro de 2024), divergente do nome do arquivo (2024-11-05)."
2124-IND-584,Indicação,203,2024,161ª Sessão Ordinária da 18ª Legislatura,2024-11-11,Sofia Rodrigues dos Santos,"Solicita ao Prefeito Municipal que avalie a possibilidade de atribuir o nome do saudoso Milton Tramonte Crenich a uma rua ou ponto de referência do município, em reconhecimento à sua dedicação à atividade rural e à agricultura local.",,,,,Pendente de Análise,"Data da sessão conforme mencionada repetidamente no texto (11 de novembro de 2024), divergente do nome do arquivo (2024-11-12)."
2124-IND-585,Indicação,204,2024,161ª Sessão Ordinária da 18ª Legislatura,2024-11-11,Hélio Furini Neto,"Solicita ao Prefeito Municipal a organização de um mutirão de limpeza de bueiros, especialmente nos pontos conhecidos por alagamentos, devido às recentes chuvas.",,,,,Pendente de Análise,"Data da sessão conforme mencionada repetidamente no texto (11 de novembro de 2024), divergente do nome do arquivo (2024-11-12)."
2124-IND-586,Indicação,205,2024,161ª Sessão Ordinária da 18ª Legislatura,2024-11-11,Valdir Aparecido de Oliveira,"Solicita ao Prefeito Municipal a construção de uma canaleta na Avenida João Furini, nas proximidades do Residencial Atenas, para melhorar o escoamento das águas.",,,,,Pendente de Análise,"Data da sessão conforme mencionada repetidamente no texto (11 de novembro de 2024), divergente do nome do arquivo (2024-11-12)."
2124-IND-587,Indicação,206,2024,161ª Sessão Ordinária da 18ª Legislatura,2024-11-11,Anderson Marcos Viana,"Solicita ao Prefeito Municipal a instalação de sinalização em frente aos Centros de Educação Infantil (CEIs), com vagas prioritárias para cadeirantes e autistas.",,,,,Pendente de Análise,"Data da sessão conforme mencionada repetidamente no texto (11 de novembro de 2024), divergente do nome do arquivo (2024-11-12)."
2124-REQ-120,Requerimento,039,2024,161ª Sessão Ordinária da 18ª Legislatura,2024-11-11,Anderson Marcos Viana,"Solicita informações detalhadas sobre a destinação de verbas realizadas por meio da Lei Paulo Gustavo e da Lei Aldir Blanc nos anos de 2023 e 2024, incluindo beneficiados, projetos contemplados e, se possível, fotos e vídeos dos eventos realizados.",Diretoria Administrativa,Normal,Aprovado,,Pendente,"Data da sessão conforme mencionada no texto (11 de novembro de 2024), divergente do nome do arquivo (2024-11-12)."
2124-DEN-148,Denúncia,,2024,161ª Sessão Ordinária da 18ª Legislatura,2024-11-11,Anderson Marcos Viana,"Relata colapso de tubulação de drenagem (""buracão"") no Jardim Paulista, com risco de o dano atingir a lagoa de tratamento de esgoto; menciona que aduelas já haviam caído anteriormente e a chuva derrubou mais quatro.","Diretoria de Planejamento, Obras, Serviços e Manutenção",Feita/cobrada pelo vereador,,,Pendente de Verificação,"Data da sessão conforme mencionada no texto (11 de novembro de 2024), divergente do nome do arquivo (2024-11-12)."
2124-DEN-149,Denúncia,,2024,161ª Sessão Ordinária da 18ª Legislatura,2024-11-11,Anderson Marcos Viana,"Relata que a reforma do CCI (Centro de Convivência do Idoso), em andamento há mais de um ano, apresenta pisos sendo instalados antes da devida vedação, com vazamento aparente de caixa d'água nas paredes.","Diretoria de Planejamento, Obras, Serviços e Manutenção",Feita/cobrada pelo vereador,,,Pendente de Verificação,"Data da sessão conforme mencionada no texto (11 de novembro de 2024), divergente do nome do arquivo (2024-11-12)."
2124-DEN-150,Denúncia,,2024,161ª Sessão Ordinária da 18ª Legislatura,2024-11-11,Anderson Marcos Viana,"Relata o desaparecimento de aproximadamente seis caminhões de pedras portuguesas do Jardim Álvaro de Junqueira, desde 2019, sem explicação da administração sobre o destino do material.","Diretoria de Planejamento, Obras, Serviços e Manutenção",Feita/cobrada pelo vereador,,,Pendente de Verificação,"Data da sessão conforme mencionada no texto (11 de novembro de 2024), divergente do nome do arquivo (2024-11-12)."
2124-IND-588,Indicação,207,2024,162ª Sessão Ordinária da 18ª Legislatura,2024-11-18,Reinaldo Codognato,"Solicita ao Prefeito Municipal o ajuste das medidas de profundidade das canaletas localizadas em frente ao Centro de Fisioterapia (Avenida Bandeirantes) e na esquina da Rua Goiânia com a Avenida Bandeirantes, devido a relatos de danos a veículos.",,,,,Pendente de Análise,"Data da sessão conforme mencionada no texto (18 de novembro de 2024), divergente do nome do arquivo (2024-11-19)."
2124-IND-589,Indicação,208,2024,162ª Sessão Ordinária da 18ª Legislatura,2024-11-18,Valdir Aparecido de Oliveira,"Solicita ao Prefeito Municipal a sinalização de solo indicando a velocidade permitida na Rua Rui Barbosa, tendo em vista o aumento do movimento no centro no período de festas de fim de ano.",,,,,Pendente de Análise,"Data da sessão conforme mencionada no texto (18 de novembro de 2024), divergente do nome do arquivo (2024-11-19)."
2124-IND-590,Indicação,209,2024,163ª Sessão Ordinária da 18ª Legislatura,2024-11-25,Valdir Aparecido de Oliveira,"Solicita ao Prefeito Municipal a instalação de placa na entrada da cidade com a mensagem ""Esta cidade pertence ao Senhor Jesus"".",,,,,Pendente de Análise,"Data da sessão conforme mencionada no texto (25 de novembro de 2024), divergente do nome do arquivo (2024-11-26)."
2124-IND-591,Indicação,210,2024,163ª Sessão Ordinária da 18ª Legislatura,2024-11-25,Reinaldo Codognato,"Solicita ao Prefeito Municipal a mobilização de uma equipe da prefeitura para manutenção e limpeza dos centros comunitários do município, ou alternativamente o fornecimento de materiais de limpeza, visando reduzir os custos de locação desses espaços.",,,,,Pendente de Análise,"Data da sessão conforme mencionada no texto (25 de novembro de 2024), divergente do nome do arquivo (2024-11-26)."
2124-IND-592,Indicação,211,2024,163ª Sessão Ordinária da 18ª Legislatura,2024-11-25,Reinaldo Codognato,Solicita ao Prefeito Municipal providências para o adequado direcionamento de água pluvial na esquina da Avenida Internacional com a Rua São Paulo.,,,,,Pendente de Análise,"Data da sessão conforme mencionada no texto (25 de novembro de 2024), divergente do nome do arquivo (2024-11-26)."
2124-IND-593,Indicação,212,2024,163ª Sessão Ordinária da 18ª Legislatura,2024-11-25,"Hélio Furini Neto, Marisa Alves da Silva Costa","Solicita ao Prefeito Municipal a instalação de um playground pet em alguma praça da cidade, com preferência para a Praça do Cristo, para lazer e bem-estar dos animais de estimação.",,,,,Pendente de Análise,"Data da sessão conforme mencionada no texto (25 de novembro de 2024), divergente do nome do arquivo (2024-11-26)."
2124-REQ-121,Requerimento,040,2024,163ª Sessão Ordinária da 18ª Legislatura,2024-11-25,Anderson Marcos Viana,"Solicita informações sobre se a prefeitura possui rolo compactador pé de carneiro, rolo compactador vibratório e duas máquinas trituradoras de galho, e caso disponíveis, seus locais de armazenamento ou utilização atual.","Diretoria de Planejamento, Obras, Serviços e Manutenção",Normal,Aprovado,,Pendente,"Data da sessão conforme mencionada no texto (25 de novembro de 2024), divergente do nome do arquivo (2024-11-26)."
2124-REQ-122,Requerimento,041,2024,163ª Sessão Ordinária da 18ª Legislatura,2024-11-25,Anderson Marcos Viana,"Solicita informações sobre a situação funcional do servidor Israel Gumiero no cargo de auxiliar de enfermagem, se está ativo, afastado ou em outra condição, com datas e motivos, e se já reassumiu suas funções.","Diretoria de Fazenda, Compras, Almoxarifado e Recursos Humanos",Normal,Aprovado,,Pendente,"Data da sessão conforme mencionada no texto (25 de novembro de 2024), divergente do nome do arquivo (2024-11-26)."
2124-REQ-123,Requerimento,042,2024,163ª Sessão Ordinária da 18ª Legislatura,2024-11-25,Anderson Marcos Viana,"Solicita informações sobre a situação atual da rota ecológica, considerando processos de despejo ou reintegração de posse relacionados a moradores promovidos pela empresa Rumo Malha Paulista S.A.","Diretoria Jurídica, Habitação e de Trânsito",Normal,Aprovado,,Pendente,"Data da sessão conforme mencionada no texto (25 de novembro de 2024), divergente do nome do arquivo (2024-11-26)."
2124-REQ-124,Requerimento,043,2024,163ª Sessão Ordinária da 18ª Legislatura,2024-11-25,Reinaldo Codognato,"Solicita informações sobre a ambulância encontrada em oficina mecânica na cidade de Tupi Paulista, citada em postagem de ampla repercussão: data de envio, motivos, valor dos consertos, veículo substituto, outros veículos na mesma situação e quilometragem média mensal das ambulâncias.",Diretoria de Saúde,Normal,Aprovado,,Pendente,"Data da sessão conforme mencionada no texto (25 de novembro de 2024), divergente do nome do arquivo (2024-11-26)."
2124-REQ-125,Requerimento,044,2024,163ª Sessão Ordinária da 18ª Legislatura,2024-11-25,Anderson Marcos Viana,"Solicita à Comissão Permanente de Educação, Saúde e Assistência Social desta Casa que informe se tinha conhecimento da situação da ambulância encontrada em oficina mecânica em Tupi Paulista e, em caso positivo, quais medidas foram tomadas.","Comissão de Educação, Saúde e Assistência Social (Câmara Municipal)",Normal,Aprovado,,Pendente,"Data da sessão conforme mencionada no texto (25 de novembro de 2024), divergente do nome do arquivo (2024-11-26). Requerimento dirigido a órgão interno da própria Câmara (Comissão Permanente), e não a uma diretoria da Prefeitura."
2124-DEN-151,Denúncia,,2024,163ª Sessão Ordinária da 18ª Legislatura,2024-11-25,Anderson Marcos Viana,"Relata mato alto e falta de manutenção em diversas praças da cidade (Delta Ville 1 e 2, praça no Frei Galvão), tornando os espaços impróprios para uso pela população.","Diretoria de Planejamento, Obras, Serviços e Manutenção",Feita/cobrada pelo vereador,,,Pendente de Verificação,"Data da sessão conforme mencionada no texto (25 de novembro de 2024), divergente do nome do arquivo (2024-11-26)."
2124-DEN-152,Denúncia,,2024,163ª Sessão Ordinária da 18ª Legislatura,2024-11-25,Anderson Marcos Viana,"Relata furtos e vandalismo em veículos oficiais em menos de um mês: um caminhão-pipa arrombado e furtado (danos estimados em cerca de R$ 50 mil), uma viatura da saúde e uma caminhonete do setor de trânsito sabotada (parafusos e pregos colocados no motor), com boletim de ocorrência registrado.",Diretoria Administrativa,Feita/cobrada pelo vereador,,,Pendente de Verificação,"Data da sessão conforme mencionada no texto (25 de novembro de 2024), divergente do nome do arquivo (2024-11-26)."
2124-DEN-153,Denúncia,,2024,163ª Sessão Ordinária da 18ª Legislatura,2024-11-25,Anderson Marcos Viana,"Relata que o recapeamento asfáltico da Avenida Junqueira, refeito duas vezes em seis meses, já está novamente destruído, e questiona se há garantia sobre o serviço.","Diretoria de Planejamento, Obras, Serviços e Manutenção",Feita/cobrada pelo vereador,,,Pendente de Verificação,"Data da sessão conforme mencionada no texto (25 de novembro de 2024), divergente do nome do arquivo (2024-11-26)."
2124-DEN-154,Denúncia,,2024,163ª Sessão Ordinária da 18ª Legislatura,2024-11-25,Anderson Marcos Viana,"Relata que cortes no asfalto feitos para instalação de redutores de velocidade em diversos pontos da cidade (em frente ao ginásio de esportes, próximo à casa da Sra. Neide Macedo) nunca foram concluídos, alguns há mais de um ano.","Diretoria de Planejamento, Obras, Serviços e Manutenção",Feita/cobrada pelo vereador,,,Pendente de Verificação,"Data da sessão conforme mencionada no texto (25 de novembro de 2024), divergente do nome do arquivo (2024-11-26)."
2124-DEN-155,Denúncia,,2024,163ª Sessão Ordinária da 18ª Legislatura,2024-11-25,Anderson Marcos Viana,"Relata o rompimento de uma passagem/represa de terra no bairro Segunda Sessão, que teria feito o rio da região ""sumir"" (secar/desviar) após forte chuva, sem que o setor responsável tenha tomado providências.","Diretoria de Planejamento, Obras, Serviços e Manutenção",Feita/cobrada pelo vereador,,,Pendente de Verificação,"Data da sessão conforme mencionada no texto (25 de novembro de 2024), divergente do nome do arquivo (2024-11-26)."
2124-DEN-156,Denúncia,,2024,163ª Sessão Ordinária da 18ª Legislatura,2024-11-25,Anderson Marcos Viana,"Relata abandono, há anos, da estrada rural nos bairros Tacoara e Sudabanana, próximo à ponte, sem manutenção do setor responsável.","Diretoria de Planejamento, Obras, Serviços e Manutenção",Feita/cobrada pelo vereador,,,Pendente de Verificação,"Data da sessão conforme mencionada no texto (25 de novembro de 2024), divergente do nome do arquivo (2024-11-26)."
2124-DEN-157,Denúncia,,2024,163ª Sessão Ordinária da 18ª Legislatura,2024-11-25,Anderson Marcos Viana,"Questiona divergência de valores na obra da rotatória do bairro Figueira: R$ 384 mil aprovados nesta Casa, enquanto a placa da obra no local indica R$ 325 mil, questionando o destino dos R$ 59 mil restantes e sugerindo aplicação em lama asfáltica para reduzir risco de acidentes na lateral da rotatória.","Diretoria de Licitações, Contratos e Convênios",Feita/cobrada pelo vereador,,,Pendente de Verificação,"Data da sessão conforme mencionada no texto (25 de novembro de 2024), divergente do nome do arquivo (2024-11-26)."
2124-DEN-158,Denúncia,,2024,163ª Sessão Ordinária da 18ª Legislatura,2024-11-25,Anderson Marcos Viana,"Denuncia formalmente na tribuna o que classifica como mau uso de bem público: ambulância (Citroën Jumper, placa frota 1913) parada há cerca de três anos em oficina mecânica na cidade de Tupi Paulista, sem solução de conserto ou venda, enquanto a população enfrenta falta de ambulâncias disponíveis.",Diretoria de Saúde,Feita/cobrada pelo vereador,,,Pendente de Verificação,"Data da sessão conforme mencionada no texto (25 de novembro de 2024), divergente do nome do arquivo (2024-11-26). O vereador afirma explicitamente na tribuna se tratar de uma ""denúncia"" por mau uso do patrimônio público."
2124-DEN-159,Denúncia,,2024,163ª Sessão Ordinária da 18ª Legislatura,2024-11-25,Anderson Marcos Viana,"Relata falta de ambulâncias disponíveis para atendimento no dia da sessão (pacientes aguardando em Presidente Prudente e Dracena), além de outros veículos da frota de saúde parados: uma Fiat Doblô com motor fundido há cerca de sete meses e um VW Polo com problema mecânico há cerca de uma semana.",Diretoria de Saúde,Feita/cobrada pelo vereador,,,Pendente de Verificação,"Data da sessão conforme mencionada no texto (25 de novembro de 2024), divergente do nome do arquivo (2024-11-26)."
2124-DEN-160,Denúncia,,2024,163ª Sessão Ordinária da 18ª Legislatura,2024-11-25,Anderson Marcos Viana,"Relata água parada há anos na esquina da Rua Santa Terezinha com a Rua 7 de Setembro, formando poça e servindo de criadouro de mosquitos, sem que o setor responsável tenha localizado ou resolvido o problema.","Diretoria de Planejamento, Obras, Serviços e Manutenção",Feita/cobrada pelo vereador,,,Pendente de Verificação,"Data da sessão conforme mencionada no texto (25 de novembro de 2024), divergente do nome do arquivo (2024-11-26)."
2124-DEN-161,Denúncia,,2024,163ª Sessão Ordinária da 18ª Legislatura,2024-11-25,Anderson Marcos Viana,"Menciona denúncia formal apresentada por ele nesta Casa em 2022 sobre descarte irregular de medicamentos (vencidos e não vencidos) pela pasta da Saúde; segundo o vereador Reinaldo Codognato, presidente da Comissão de Saúde, a apuração (Câmara, Polícia Civil e Ministério Público) foi arquivada por falta de provas após cerca de quatro a cinco meses.",Diretoria de Saúde,Feita/cobrada pelo vereador,,,Pendente de Verificação,"Fato original ocorrido e denunciado em 2022, mas retomado e discutido nesta sessão de 25/11/2024 (arquivo 2024-11-26); incluído no lote por ter sido mencionado no texto da transcrição processada."
2124-DEN-162,Denúncia,,2024,163ª Sessão Ordinária da 18ª Legislatura,2024-11-25,Anderson Marcos Viana,"Relata situação de moradores próximos à faixa de domínio da concessionária Rumo Malha Paulista S.A. (rota ecológica), sob risco de despejo/reintegração de posse, com prazo judicial até janeiro para retirada.","Diretoria Jurídica, Habitação e de Trânsito",Recebida pelo vereador,,,Pendente de Verificação,"Data da sessão conforme mencionada no texto (25 de novembro de 2024), divergente do nome do arquivo (2024-11-26). Relacionado ao Requerimento nº 042/2024."
2124-IND-594,Indicação,213,2024,164ª Sessão Ordinária da 18ª Legislatura,2024-12-02,Anderson Marcos Viana,"Solicita ao Prefeito Municipal a reimplantação do REFIS, programa de regularização de débitos com o Fisco Municipal, com redução de juros e multas.",,,,,Pendente de Análise,"Data da sessão conforme mencionada no texto (2 de dezembro de 2024), divergente do nome do arquivo (2024-12-03)."
2124-IND-595,Indicação,214,2024,164ª Sessão Ordinária da 18ª Legislatura,2024-12-02,Terezinha de Lourdes Freitas Regodanso,"Solicita ao Prefeito Municipal a colocação de redutor de velocidade na Rua Santa Terezinha, entre as ruas Recife e São Luís, após atropelamentos de animais e relatos de acidentes por excesso de velocidade.",,,,,Pendente de Análise,"Data da sessão conforme mencionada no texto (2 de dezembro de 2024), divergente do nome do arquivo (2024-12-03)."
2124-IND-596,Indicação,215,2024,164ª Sessão Ordinária da 18ª Legislatura,2024-12-02,Terezinha de Lourdes Freitas Regodanso,"Solicita à concessionária Elektro Redes S.A. a poda de árvore localizada na esquina da Rua Santa Terezinha com a Rua Recife, que está encostada na rede elétrica e apresenta risco de queda.",,,,,Pendente de Análise,"Data da sessão conforme mencionada no texto (2 de dezembro de 2024), divergente do nome do arquivo (2024-12-03). Indicação dirigida diretamente à concessionária de energia (Elektro Redes S.A.), e não ao Prefeito Municipal, diferindo do padrão usual de indicação."
2124-IND-597,Indicação,216,2024,164ª Sessão Ordinária da 18ª Legislatura,2024-12-02,Valdir Aparecido de Oliveira,"Solicita ao Prefeito Municipal que estude, dentro dos parâmetros da Lei de Responsabilidade Fiscal, a concessão de reajuste anual de 12% nos salários dos servidores públicos municipais e vale-alimentação no valor de R$ 1.000, a partir de 1º de janeiro de 2025.",,,,,Pendente de Análise,"Data da sessão conforme mencionada no texto (2 de dezembro de 2024), divergente do nome do arquivo (2024-12-03)."
2124-IND-598,Indicação,217,2024,164ª Sessão Ordinária da 18ª Legislatura,2024-12-02,Anderson Marcos Viana,"Solicita ao Prefeito Municipal a implantação de ao menos duas vagas exclusivas para motos em serviço de carga e descarga em cada quarteirão da Rua Rui Barbosa, beneficiando motoboys e entregadores.",,,,,Pendente de Análise,"Data da sessão conforme mencionada no texto (2 de dezembro de 2024), divergente do nome do arquivo (2024-12-03)."
2124-IND-599,Indicação,218,2024,164ª Sessão Ordinária da 18ª Legislatura,2024-12-02,Reinaldo Codognato,"Solicita ao Prefeito Municipal melhorias nos pontos críticos de alagamento da estrada rural do bairro Juriti, onde trechos estão abaixo do nível das saídas de água.",,,,,Pendente de Análise,"Data da sessão conforme mencionada no texto (2 de dezembro de 2024), divergente do nome do arquivo (2024-12-03)."
2124-IND-600,Indicação,219,2024,164ª Sessão Ordinária da 18ª Legislatura,2024-12-02,Reinaldo Codognato,"Solicita ao Prefeito Municipal melhorias no escoamento de água da Rua da Amora, esquina com a Rua do Caju, devido a alagamentos frequentes que afetam residências da região.",,,,,Pendente de Análise,"Data da sessão conforme mencionada no texto (2 de dezembro de 2024), divergente do nome do arquivo (2024-12-03)."
2124-REQ-126,Requerimento,045,2024,164ª Sessão Ordinária da 18ª Legislatura,2024-12-02,Anderson Marcos Viana,"Solicita a data exata prevista para o show da dupla Taeme e Tiago, previsto para a segunda quinzena de dezembro de 2024.",Diretoria Administrativa,Normal,Aprovado,,Pendente,"Data da sessão conforme mencionada no texto (2 de dezembro de 2024), divergente do nome do arquivo (2024-12-03)."
2124-DEN-163,Denúncia,,2024,164ª Sessão Ordinária da 18ª Legislatura,2024-12-02,Anderson Marcos Viana,"Relata início de buracos na Rua Marconi, próximo ao Recinto de Exposições da ACERUVA, agravados pelas chuvas.","Diretoria de Planejamento, Obras, Serviços e Manutenção",Feita/cobrada pelo vereador,,,Pendente de Verificação,"Data da sessão conforme mencionada no texto (2 de dezembro de 2024), divergente do nome do arquivo (2024-12-03)."
2124-DEN-164,Denúncia,,2024,164ª Sessão Ordinária da 18ª Legislatura,2024-12-02,"Anderson Marcos Viana, Reinaldo Codognato","Relata alagamento e retorno de esgoto para dentro de residências no bairro Figueira durante forte chuva, incluindo a casa do morador Juarez.","Diretoria de Planejamento, Obras, Serviços e Manutenção",Feita/cobrada pelo vereador,,,Pendente de Verificação,"Data da sessão conforme mencionada no texto (2 de dezembro de 2024), divergente do nome do arquivo (2024-12-03)."
2124-DEN-165,Denúncia,,2024,164ª Sessão Ordinária da 18ª Legislatura,2024-12-02,Anderson Marcos Viana,"Relata afundamento progressivo da pavimentação na Avenida Junqueira, próximo à garagem do Evandro no Jardim Alvorada, sem sinalização de segurança no local.","Diretoria de Planejamento, Obras, Serviços e Manutenção",Feita/cobrada pelo vereador,,,Pendente de Verificação,"Data da sessão conforme mencionada no texto (2 de dezembro de 2024), divergente do nome do arquivo (2024-12-03)."
2124-DEN-166,Denúncia,,2024,164ª Sessão Ordinária da 18ª Legislatura,2024-12-02,Anderson Marcos Viana,"Relata que obra de drenagem realizada pela administração no Recanto dos Eucaliptos (bairro Figueira) desviou incorretamente o escoamento de água de chuva para dentro do loteamento, inundando a casa de um morador (""Barba"").","Diretoria de Planejamento, Obras, Serviços e Manutenção",Feita/cobrada pelo vereador,,,Pendente de Verificação,"Data da sessão conforme mencionada no texto (2 de dezembro de 2024), divergente do nome do arquivo (2024-12-03)."
2124-DEN-167,Denúncia,,2024,164ª Sessão Ordinária da 18ª Legislatura,2024-12-02,Anderson Marcos Viana,"Relata canaletas entupidas no centro da cidade (região da padaria da Bernadette e da lotérica), causando transtornos a comerciantes durante as chuvas por falta de limpeza.","Diretoria de Planejamento, Obras, Serviços e Manutenção",Feita/cobrada pelo vereador,,,Pendente de Verificação,"Data da sessão conforme mencionada no texto (2 de dezembro de 2024), divergente do nome do arquivo (2024-12-03)."
2124-DEN-168,Denúncia,,2024,164ª Sessão Ordinária da 18ª Legislatura,2024-12-02,Anderson Marcos Viana,"Relata infiltrações de água e mau cheiro (possível animal morto no telhado) no velório municipal durante um velório, apesar de reforma concluída havia cerca de cinco meses.","Diretoria de Planejamento, Obras, Serviços e Manutenção",Feita/cobrada pelo vereador,,,Pendente de Verificação,"Data da sessão conforme mencionada no texto (2 de dezembro de 2024), divergente do nome do arquivo (2024-12-03)."
2124-DEN-169,Denúncia,,2024,164ª Sessão Ordinária da 18ª Legislatura,2024-12-02,Anderson Marcos Viana,"Divulga em plenário alerta do Tribunal de Contas do Estado de São Paulo (processo TC 4264989/24) apontando que o município superou o limite de despesa com pessoal do art. 167 da Constituição Federal (93,44% ante limite de 85%), além de outras situações fiscais desfavoráveis (execução orçamentária e liquidez).","Diretoria de Fazenda, Compras, Almoxarifado e Recursos Humanos",Relatada em documento/ofício,,,Pendente de Verificação,"Data da sessão conforme mencionada no texto (2 de dezembro de 2024), divergente do nome do arquivo (2024-12-03)."
2124-IND-601,Indicação,220,2024,165ª Sessão Ordinária da 18ª Legislatura,2024-12-09,Reinaldo Codognato,"Solicita ao Prefeito Municipal que, em conjunto com a Associação Comercial e Empresarial de Junqueirópolis (ACE), estabeleça vagas para carga e descarga no quadrilátero central da cidade.",,,,,Pendente de Análise,"Data da sessão conforme mencionada no texto (9 de dezembro de 2024), divergente do nome do arquivo (2024-12-10)."
2124-IND-602,Indicação,221,2024,165ª Sessão Ordinária da 18ª Legislatura,2024-12-09,Terezinha de Lourdes Freitas Regodanso,"Solicita ao Prefeito Municipal melhorias no telhado e nas paredes da Biblioteca Municipal, em razão de infiltrações no período de chuva, além de reforma geral para proteger o acervo.",,,,,Pendente de Análise,"Data da sessão conforme mencionada no texto (9 de dezembro de 2024), divergente do nome do arquivo (2024-12-10)."
2124-IND-603,Indicação,222,2024,165ª Sessão Ordinária da 18ª Legislatura,2024-12-09,Sofia Rodrigues dos Santos,"Solicita ao Prefeito Municipal a denominação da Casa do Artesanato do município com o nome da saudosa Amélia Cavite Pinato, que foi responsável pela direção do local por muitos anos.",,,,,Pendente de Análise,"Data da sessão conforme mencionada no texto (9 de dezembro de 2024), divergente do nome do arquivo (2024-12-10)."
2124-IND-604,Indicação,223,2024,165ª Sessão Ordinária da 18ª Legislatura,2024-12-09,Anderson Marcos Viana,"Solicita ao Prefeito Municipal providências quanto à pavimentação asfáltica que está se desintegrando no final da Avenida Junqueira (Jardim Alvorada), recém-recapeada, e quanto à erosão que está se formando nas proximidades da vicinal João Furini, próximo ao mini campo do Jardim Boa Vista, com risco de assoreamento do córrego Culebri.",,,,,Pendente de Análise,"Data da sessão conforme mencionada no texto (9 de dezembro de 2024), divergente do nome do arquivo (2024-12-10)."
2124-IND-605,Indicação,224,2024,165ª Sessão Ordinária da 18ª Legislatura,2024-12-09,Reinaldo Codognato,"Solicita ao Prefeito Municipal a disponibilização de rádios comunicadores aos motoristas do transporte escolar, para uso em locais sem sinal de telefonia celular.",,,,,Pendente de Análise,"Data da sessão conforme mencionada no texto (9 de dezembro de 2024), divergente do nome do arquivo (2024-12-10)."
2124-DEN-170,Denúncia,,2024,165ª Sessão Ordinária da 18ª Legislatura,2024-12-09,Anderson Marcos Viana,"Relata avanço de erosão na vicinal João Furini, próximo ao bairro Picapau, já próxima do asfalto, com sinalização precária (placa torta) no local.","Diretoria de Planejamento, Obras, Serviços e Manutenção",Feita/cobrada pelo vereador,,,Pendente de Verificação,"Data da sessão conforme mencionada no texto (9 de dezembro de 2024), divergente do nome do arquivo (2024-12-10). Relacionado à Indicação nº 223/2024."
2124-DEN-171,Denúncia,,2024,165ª Sessão Ordinária da 18ª Legislatura,2024-12-09,Anderson Marcos Viana,"Relata que o trecho final da Avenida Junqueira, no Jardim Alvorada, continua com o asfalto afundando, sem qualquer sinalização de segurança (cavaletes ou fita), semanas após o problema ter sido relatado pela primeira vez.","Diretoria de Planejamento, Obras, Serviços e Manutenção",Feita/cobrada pelo vereador,,,Pendente de Verificação,"Data da sessão conforme mencionada no texto (9 de dezembro de 2024), divergente do nome do arquivo (2024-12-10). Situação já relatada na sessão de 2/12/2024; relacionado à Indicação nº 223/2024."
2124-DEN-172,Denúncia,,2024,165ª Sessão Ordinária da 18ª Legislatura,2024-12-09,,Registra ofício da Promotoria de Justiça de Junqueirópolis informando a instauração de inquérito civil (nº 0317.0000151/2024) para apurar irregularidades na contratação de cargos em comissão no município.,Prefeito Municipal,Relatada em documento/ofício,,,Pendente de Verificação,"Data da sessão conforme mencionada no texto (9 de dezembro de 2024), divergente do nome do arquivo (2024-12-10). Não há vereador denunciante específico; trata-se de ofício externo do Ministério Público lido em sessão."
2124-IND-606,Indicação,225,2024,166ª Sessão Ordinária da 18ª Legislatura,2024-12-16,"Anderson Marcos Viana, Valdir Aparecido de Oliveira","Solicita ao Prefeito Municipal que estude junto ao setor competente a instituição, no calendário de eventos do município, de uma festa cristã anual, com programação cultural diversificada (shows de cantores cristãos e artistas locais), praça de alimentação destinada exclusivamente a entidades beneficentes locais, e a formação de uma comissão organizadora com representantes das comunidades cristãs, entidades beneficentes e órgãos públicos, buscando parcerias e verba específica para o evento.",,,,,Pendente de Análise,"Sessão realizada em 16/12/2024 (166ª Sessão Ordinária), conforme texto da transcrição, embora o arquivo de áudio/transcrição seja datado de 17/12/2024 (dia da gravação/postagem). Indicação apresentada na Secretaria da Câmara em 12 de dezembro de 2024."
