ID,Ano,Sessao,Data_Sessao,Vereador,Resumo,Direcionada_A,Tipo,Status_Acompanhamento,Observacoes
DEN-001,2022,55ª Sessão Ordinária da 18ª Legislatura,2022-05-02,Anderson Marcos Viana,"Vereador relata furtos recorrentes de enfeites de bronze e metal em túmulos no cemitério municipal, citando o caso de uma amiga cujos enfeites (anjinhos) foram colocados no túmulo da filha e roubados poucos dias depois, e pede mais respeito à população e providências para conter os furtos.",,Feita/cobrada pelo vereador,Pendente de Verificação,"Data da sessão conforme mencionado no texto da transcrição (véspera da data do nome do arquivo, que corresponde ao dia da postagem/upload)."
DEN-002,2022,55ª Sessão Ordinária da 18ª Legislatura,2022-05-02,Anderson Marcos Viana,"Vereador relata que moradores entraram em contato com ele para informar o envenenamento de aproximadamente seis gatos e um cachorro nas proximidades da Rua Victor Junqueira, perto da Rua Belém e da sede da fisioterapia.",,Recebida pelo vereador,Pendente de Verificação,"Data da sessão conforme mencionado no texto da transcrição (véspera da data do nome do arquivo, que corresponde ao dia da postagem/upload)."
DEN-003,2022,57ª Sessão Ordinária da 18ª Legislatura,2022-05-16,Anderson Marcos Viana,"Vereador relata que há semanas a água jorra sem controle dos registros do Horto do Seringal (fotos e filmagem próprias), configurando desperdício constante de água, sem que o setor responsável ou a empresa loteadora tenham dado solução até o momento.",Setor de obras/loteador responsável,Feita/cobrada pelo vereador,Pendente de Verificação,"Denúncia reiterada praticamente com os mesmos termos pelo vereador na sessão seguinte (59ª, 30/05/2022), indicando que o problema seguia sem solução."
DEN-004,2022,57ª Sessão Ordinária da 18ª Legislatura,2022-05-16,Anderson Marcos Viana,"Vereador denuncia fiscalização desigual de lotes com mato alto: um lote no loteamento 'Trindade', próximo ao Campo do Madrugada, permanecia sem capinar havia mais de seis meses apesar de pedido formal, enquanto um lote pequeno de pessoa de menor posse foi encontrado, fotografado, notificado e limpo em apenas dois dias.",Setor de fiscalização da Prefeitura,Feita/cobrada pelo vereador,Pendente de Verificação,"Vereador reitera e detalha ainda mais essa denúncia na 59ª sessão (30/05/2022), citando também o loteamento Hortus Seringal, que teria recebido apenas 'advertência' em vez de multa por cerca de cinco meses."
DEN-005,2022,57ª Sessão Ordinária da 18ª Legislatura,2022-05-16,Anderson Marcos Viana,"Vereador relata risco de acidente por poste de madeira apodrecido, sustentado apenas por fios e galhos de árvore, próximo ao Salão Comunitário do Jardim Alvorada, em área com muitas crianças; pedido de troca já havia sido feito há mais de um ano e não foi atendido.",Setor de obras/empresa de energia elétrica,Feita/cobrada pelo vereador,Pendente de Verificação,
DEN-006,2022,58ª Sessão Ordinária da 18ª Legislatura,2022-05-23,Anderson Marcos Viana,"Vereador relata que leite distribuído a famílias pelo programa social do município (fabricação de 19/05, validade até 25/05) foi entregue estragado/azedo na quinta-feira anterior, deixando famílias que dependiam exclusivamente desse leite sem o produto durante o final de semana; a distribuidora alegou problema em máquina de fabricação.",Fornecedor/distribuidora de leite do programa social; Assistência Social,Recebida pelo vereador,Pendente de Verificação,Vereador relatou ter recebido fotos e questionamentos de várias mães; problema foi reconhecido e reposição foi feita na sessão seguinte à queixa.
DEN-007,2022,59ª Sessão Ordinária da 18ª Legislatura,2022-05-30,Anderson Marcos Viana,"Vereador denuncia que os exames de ultrassom, antes realizados na Santa Casa (o aparelho pertencia a um médico particular em parceria com a entidade), foram suspensos há cerca de um ano sem qualquer explicação ou comunicado formal aos vereadores ou à população, obrigando pacientes, especialmente idosos e gestantes, a se deslocarem a outras cidades.",Santa Casa de Misericórdia de Junqueirópolis / Secretaria de Saúde,Feita/cobrada pelo vereador,Pendente de Verificação,
DEN-008,2022,59ª Sessão Ordinária da 18ª Legislatura,2022-05-30,Anderson Marcos Viana,"Vereador relata que, há cerca de um ano, os funcionários do pronto-socorro municipal precisam usar o mesmo banheiro destinado aos pacientes (não há vestiário/banheiro próprio), situação constrangedora tanto para os trabalhadores quanto para os pacientes, que ficam sem acesso a um dos dois banheiros antes disponíveis.",Secretaria de Saúde,Feita/cobrada pelo vereador,Pendente de Verificação,
DEN-009,2022,59ª Sessão Ordinária da 18ª Legislatura,2022-05-30,"Valdir Aparecido de Oliveira, Reinaldo Codognato, Anderson Marcos Viana","Vereadores questionam o destino de cerca de R$ 201 mil aprovados nessa Casa em 2021 para a construção de uma usina de oxigênio na Santa Casa; a obra nunca foi realizada (segundo o diretor de saúde, o rompimento do contrato com o fornecedor de oxigênio não seria compensatório), sem que o valor tenha retornado aos cofres públicos ou tenha havido explicação clara sobre o ocorrido, enquanto a Câmara aprovava nova verba para custeio de oxigênio.",Secretaria de Saúde / Santa Casa de Misericórdia de Junqueirópolis,Feita/cobrada pelo vereador,Pendente de Verificação,"Discussão ocorreu durante a votação do Projeto de Lei Complementar nº 31/2022; vereador Valdir ressalta não estar acusando má gestão, mas questionando o que ocorreu com o valor já destinado."
DEN-010,2022,59ª Sessão Ordinária da 18ª Legislatura,2022-05-30,Anderson Marcos Viana,"Vereador relata ter sido chamado publicamente de 'vagabundo', 'sem-vergonha' e 'safado' por um vice-diretor de escola, em reunião de diretores de escolas da região, por conta de postagens do vereador nas redes sociais sobre crianças caminhando na chuva a caminho da escola.",,Contra o vereador,Pendente de Verificação,Vereador não identificou o nome do vice-diretor nem a escola de origem dele durante a fala.
DEN-011,2022,59ª Sessão Ordinária da 18ª Legislatura,2022-05-30,Anderson Marcos Viana,"Vereador relata que a ampliação da creche do bairro Cristo Redentor, anunciada aos pais no início do ano (época em que algumas crianças já foram remanejadas para outras creches), não havia sido sequer iniciada até o final de maio, gerando transtorno às famílias que precisam se deslocar para creches mais distantes.",Secretaria de Educação,Recebida pelo vereador,Pendente de Verificação,
DEN-012,2022,60ª Sessão Ordinária da 18ª Legislatura,2022-06-06,Anderson Marcos Viana,"Vereador denuncia a destruição de vegetação em um trecho de aproximadamente 100 a 150 metros próximo à sua residência, ocorrida sem autorização da diretoria de meio ambiente, segundo confirmado por telefone pela responsável do setor (Bianca), que atribuiu a atividade ao setor de obras e afirmou não ter assinado nenhuma autorização; vereador afirma que fará denúncia formal caso não haja autorização válida.",Diretoria de Meio Ambiente / Setor de Obras,Feita/cobrada pelo vereador,Pendente de Verificação,Vereador associa o episódio à contradição com a 'Semana do Meio Ambiente' promovida pela administração na mesma semana.
DEN-013,2022,61ª Sessão Ordinária da 18ª Legislatura,2022-06-14,Anderson Marcos Viana,"Vereador relata caso de uma mãe cadeirante cujo filho, paciente do CAPS com necessidades especiais, foi levado a uma consulta fora do serviço; ao tentar contato para buscar o filho, foi tratada com grosseria por funcionário do CAPS, que teria bloqueado seu número, deixando-a sem meio de contato e o filho sem transporte de volta por horas. Após desabafo da mãe nas redes sociais (com cerca de 50 compartilhamentos e outros relatos semelhantes de medo de denunciar), o funcionário abriu processo contra ela.",CAPS / Secretaria de Saúde,Recebida pelo vereador,Pendente de Verificação,"Vereador também relata que, em outra ocasião, o mesmo paciente não recebeu alimentação no CAPS; no primeiro episódio o secretário de saúde interveio e resolveu, no segundo não."
DEN-014,2022,62ª Sessão Ordinária da 18ª Legislatura,2022-06-20,Anderson Marcos Viana,"Vereador relata duas tentativas de furto em trecho escuro da Avenida Edwirges Aparecida Trevisan (próximo ao recinto de exposições/Ceruva): em uma, um indivíduo tentou desviar combustível de um caminhão-tanque através de mangueira, derramando toda a carga no asfalto ao fugir; em outra, houve tentativa de furto de bateria de caminhão estacionado no local. Atribui os episódios à falta de iluminação pública no trecho, já cobrada anteriormente sem solução.",Setor de obras/iluminação pública,Recebida pelo vereador,Pendente de Verificação,
DEN-015,2022,63ª Sessão Ordinária da 18ª Legislatura,2022-06-27,"Anderson Marcos Viana, Marisa Alves da Silva Costa, Paulo Sérgio Cordeiro","Relatório final da Comissão de Obras, Serviços Públicos e Atividades Privadas da Câmara sobre o processo de ouvidoria nº 03/2021, referente a denúncia apresentada pelo cidadão José Antônio Árabe Henrique sobre suposto uso indevido, pela Prefeitura, do leito e dos trilhos da linha férrea (área da concessionária Rumo Malha Paulista S.A.), incluindo remoção de trilhos, construção de bancos, gramados, pergolados, academia ao ar livre, pista de caminhada em concreto e passarelas, sem autorização da concessionária. A comissão concluiu haver indícios de investimento irregular de recursos públicos em área de faixa de domínio da concessionária e recomendou o encaminhamento de cópia do relatório final e do processo integral ao Tribunal de Contas do Estado de São Paulo e ao Ministério Público para apuração e eventual responsabilização.","Diretoria de Planejamento, Obras, Serviços e Manutenção",Relatada em documento/ofício,Pendente de Verificação,"Denúncia original protocolada em 2021 (processo aberto em 19/07/2021); o relatório final da comissão foi lido e constou do expediente desta sessão (27/06/2022). Vereadores listados são os membros da comissão que assinaram o relatório (Anderson Marcos Viana, presidente; Marisa Alves da Silva Costa e Paulo Sérgio Cordeiro, membros)."
DEN-016,2022,63ª Sessão Ordinária da 18ª Legislatura,2022-06-27,Anderson Marcos Viana,"Vereador relata ter percorrido cerca de 22 a 25 km em área rural do município (da Rua Belém, próximo ao Lar do Menor, até o Rio Caingans) e constatado nascentes, córregos e rios tomados por esgoto doméstico irregular, com animais mortos (peixes, cágados) e animais obrigados a beber água contaminada; filmou e fotografou a situação e conversou com o setor de obras responsável, que atribuiu o problema a ligações irregulares de esgoto feitas por moradores diretamente nas bocas de lobo.","Diretoria de Agronegócio, Indústria, Comércio e Meio Ambiente e Gestão de Resíduos Sólidos",Feita/cobrada pelo vereador,Pendente de Verificação,"Relato feito em explicações pessoais na tribuna, sem número formal ou requerimento associado nesta sessão. Diretoria de destino inferida (assunto de meio ambiente/saneamento), não citada explicitamente pelo vereador."
DEN-017,2022,63ª Sessão Ordinária da 18ª Legislatura,2022-06-27,Anderson Marcos Viana,"Vereador questiona processo seletivo realizado cerca de 15 dias antes pela Santa Casa de Junqueirópolis, com inscrição paga (R$ 40 para vagas de faxina, R$ 50 para outras) em regime de cadastro de reserva (sem garantia de contratação), enquanto, na mesma época, a entidade teria contratado uma enfermeira padrão por análise de currículo, sem qualquer processo seletivo ou prova, mesmo em meio a alegadas dificuldades financeiras da instituição.",,Feita/cobrada pelo vereador,Pendente de Verificação,"Entidade envolvida (Santa Casa de Misericórdia de Junqueirópolis) não é uma diretoria municipal, por isso 'direcionada_a' ficou nulo; campo 'resumo' menciona a entidade. Relato feito em explicações pessoais, sem documento formal associado nesta sessão."
DEN-018,2022,65ª Sessão Ordinária da 18ª Legislatura,2022-08-08,Anderson Marcos Viana,"Vereador comenta caso de maus-tratos a uma cadela ocorrido no final de semana anterior, relatando que moradores tiveram coragem de acionar advogados e registrar boletim de ocorrência contra o responsável, que não ficará impune; parabeniza os envolvidos pela iniciativa e menciona que a vereadora Marisa também já havia tentado agir em casos semelhantes.",,Recebida pelo vereador,Pendente de Verificação,"Não foi possível identificar com segurança se a denúncia/BO foi feita pela população, por advogados ou encaminhada ao próprio vereador; ele apenas comenta e parabeniza o desfecho na tribuna. Sem diretoria de destino explícita (caso já estava em tramitação policial/judicial, não administrativa)."
DEN-019,2022,65ª Sessão Ordinária da 18ª Legislatura,2022-08-08,"Anderson Marcos Viana, Paulo Sérgio Cordeiro, Marisa Alves da Silva Costa","Vereador relata que chegou nova denúncia à Comissão de Obras (da qual é presidente, com Paulo Sérgio Cordeiro e Marisa Alves da Silva Costa como membros) sobre a continuidade de obras na faixa de domínio da linha férrea (bancos, pilares e mesas de concreto), reafirmando que a comissão não autorizou tais intervenções e que o assunto está sendo investigado; também menciona que uma empresa contratada pela Rumo Logística está demarcando árvores na área para possível corte, e cita reuniões com a concessionária sobre a eventual retomada de trens cargueiros na malha ferroviária.","Diretoria de Planejamento, Obras, Serviços e Manutenção",Recebida pelo vereador,Pendente de Verificação,"Continuação do tema tratado no relatório da Comissão de Obras sobre o processo 03/2021, lido na sessão de 2022-06-27 (ver lote anterior). Vereadores listados são os membros da Comissão de Obras citados pelo próprio vereador nesta fala."
DEN-020,2022,65ª Sessão Ordinária da 18ª Legislatura,2022-08-08,Anderson Marcos Viana,"Vereador cobra da administração providências sobre a venda e locação irregular de casas populares do Residencial das Américas, alegando que a situação 'virou palhaçada', com casas alugadas ou fechadas em vez de destinadas aos suplentes da fila de espera; relembra um episódio semelhante ocorrido em 2012, quando teria sofrido represálias por denunciar um esquema de desvio de casas populares alugadas irregularmente.","Diretoria Jurídica, Habitação e de Trânsito",Feita/cobrada pelo vereador,Pendente de Verificação,"Motivou o Requerimento nº 013/2022, apresentado pelo mesmo vereador na sessão seguinte (2022-08-15), solicitando informações formais sobre a fiscalização do Residencial das Américas (ver raw_requerimentos). Diretoria de destino inferida (assunto de habitação), não foi citada explicitamente pelo vereador."
DEN-021,2022,69ª Sessão Ordinária da 18ª Legislatura,2022-09-06,Anderson Marcos Viana,"Vereador relata reclamações recebidas da população sobre o atendimento do serviço de resgate/socorro municipal, citando o caso de uma cidadã (referida como 'de Cropla' ou nome de bairro assemelhado) cuja criança teve um mal súbito; a mensagem enviada ao secretário sobre o caso ainda não havia sido respondida. O vereador também mencionou, de forma confusa, situações de moradores intimados a prestar depoimento na delegacia após postagens sobre o tema nas redes sociais.",Diretoria de Saúde,Recebida pelo vereador,Pendente de Verificação,O nome/local citado como 'cidadã de Cropla' não foi possível identificar com segurança (pode ser erro de transcrição de um bairro ou sobrenome). O trecho sobre moradores intimados pela delegacia após denúncias/reclamações contra a população ficou muito confuso na fala do vereador para render um registro separado com segurança; mantido apenas como contexto nesta nota.
DEN-022,2022,70ª Sessão Ordinária da 18ª Legislatura,2022-09-13,"Anderson Marcos Viana, Reinaldo Codognato","Vereadores relatam denúncia/reclamação recebida da população sobre o tempo de atendimento da base comunitária de bombeiros/resgate em um caso concreto ocorrido no início de setembro, exposto pela família em rede social; o caso foi esclarecido em reunião com o secretário da Saúde e o sargento responsável pela base, que apresentou os horários do atendimento (chamada às 6h07, chegada em poucos minutos) e a família reconheceu o equívoco ao final, pedindo desculpas. O morador Daniel também foi mencionado como tendo recebido intimação da delegacia após comentar o caso no Facebook.",Diretoria de Saúde,Recebida pelo vereador,Pendente de Verificação,"Caso é continuação do tema tratado na sessão anterior (2022-09-06). A situação do morador Daniel, intimado pela delegacia após comentar o caso, ficou pouco clara quanto à motivação exata da intimação (se por difamação, ou por outro motivo); mantida apenas como contexto complementar."
DEN-023,2022,77ª Sessão Ordinária da 18ª Legislatura,2022-11-01,Anderson Marcos Viana,"Vereador relata denúncia recebida de uma moradora da Rua das Andorinhas: outra moradora teria ido até a porta de sua casa e jogado veneno na tentativa de envenenar seus cães (que sobreviveram por comerem apenas ração). A vítima teria fotografado a situação e identificado a suspeita, mas sem provas suficientes para formalizar a denúncia no momento.",,Recebida pelo vereador,Pendente de Verificação,O vereador não citou nomes por já ter feito o alerta público na tribuna; não foi possível confirmar se houve registro formal de ocorrência policial sobre o caso.
DEN-024,2022,80ª Sessão Ordinária da 18ª Legislatura,2022-11-21,Anderson Marcos Viana,"O vereador Anderson Marcos Viana denunciou a retirada de aproximadamente mil caminhões de terra de um terreno público próximo ao campo de futebol do bairro Duas Barras, sem autorização da Câmara Municipal, alegando que o local era um antigo aterro sanitário/hospitalar com seringas, agulhas e resíduos médicos ainda não decompostos, configurando risco à saúde pública.",,Feita/cobrada pelo vereador,Pendente de Verificação,"O vereador afirma 'ter feito a denúncia' mas não especifica a qual órgão externo (delegacia, Ministério Público etc.) ela foi endereçada; parece, neste primeiro momento, tratar-se de denúncia formulada publicamente em tribuna."
DEN-025,2022,81ª Sessão Ordinária da 18ª Legislatura,2022-11-28,Anderson Marcos Viana,"Anderson Marcos Viana retomou a denúncia da sessão anterior sobre a retirada de terra de possível aterro hospitalar em Duas Barras, contestando explicação do vereador Reinaldo Codognato (dada na sessão de 21/11) de que parte dessa terra teria sido usada na base do asfalto do Distrito Industrial IV. Classificou a hipótese como possível 'crime de peculato' caso confirmada, e cobrou apuração por se tratar de assunto de saúde pública.",,Feita/cobrada pelo vereador,Pendente de Verificação,"Continuação/atualização do caso registrado na sessão de 21/11/2022 (retirada de terra de possível aterro hospitalar em Duas Barras). Até o momento da fala, não havia confirmação oficial de que a terra tenha realmente sido usada na base do asfalto do Distrito Industrial IV."
DEN-026,2022,82ª Sessão Ordinária da 18ª Legislatura,2022-12-05,,"O resumo do expediente da sessão registrou o Ofício nº 31/2022 do Departamento Jurídico da Prefeitura, em resposta ao Ofício nº 119/2022 desta Casa, tratando de 'eventuais irregularidades relacionadas ao descarte e armazenamento de material médico' — aparente desdobramento formal, por via de ofício da Câmara ao setor Jurídico, do caso da terra de possível aterro hospitalar retirada em Duas Barras, denunciado por Anderson Marcos Viana nas sessões de 21/11 e 28/11/2022.","Diretoria Jurídica, Habitação e de Trânsito",Relatada em documento/ofício,Pendente de Verificação,"O conteúdo do Ofício nº 31/2022 não foi lido na íntegra durante a sessão (apenas mencionado no resumo do expediente), portanto não há detalhe sobre a conclusão ou o teor da resposta jurídica. A ligação com o caso da terra/aterro hospitalar é inferida pelo tema ('descarte e armazenamento de material médico') e pela proximidade temporal com as falas de Anderson Marcos Viana nas duas sessões anteriores; não foi encontrada confirmação explícita no texto de que se trata do mesmo episódio."
DEN-027,2023,89ª Sessão Ordinária da 18ª Legislatura,2023-03-06,Anderson Marcos Viana,"Durante discussão sobre um requerimento anterior de sua autoria (que pedia explicações sobre o pagamento de professores de zumba e defesa pessoal), o vereador Anderson Marcos Viana relatou publicamente, em tom de confronto, que o secretário de Saúde, Israel Gumiero, o havia questionado pessoalmente sobre a origem do dinheiro usado para pagar esses professores. Em resposta, Anderson insinuou na tribuna um episódio anterior não detalhado em que o secretário teria 'agredido' e 'dado um chute' em uma senhora, afirmando nunca ter questionado publicamente esse fato antes, e alertou o secretário a 'cuidar de suas próprias casas'.",Diretoria de Saúde,Feita/cobrada pelo vereador,Pendente de Verificação,"Alegação grave e vaga, feita em tom de confronto pessoal na tribuna, sem menção de data, local, nome da suposta vítima ou de qualquer registro formal (boletim de ocorrência, processo, ofício). Não há confirmação, no texto revisado, de que esse episódio tenha sido levado adiante formalmente (não foi identificado requerimento, denúncia formal ou ofício tratando especificamente deste caso). Recomenda-se cautela na publicação por se tratar de acusação não comprovada contra servidor público nomeado; sugere-se revisão humana antes de divulgar."
DEN-028,2023,90ª Sessão Ordinária da 18ª Legislatura,2023-03-13,Anderson Marcos Viana,"O vereador relatou o caso de uma senhora idosa (referida como 'Dona Bela'), moradora da Rua Belo Horizonte, próximo ao Campo da Curitiba, cuja casa apresenta rachaduras e o chão afundado, estando sustentada apenas pela tesoura da estrutura de madeira, em risco de desabamento. Segundo o vereador, o caso já havia sido comunicado aos setores responsáveis da administração há cerca de 22 a 30 dias; uma equipe da Defesa Civil teria ido ao local, tirado três fotos e não retornado, sem solução até a data da sessão.",Diretoria de Assistência Social,Feita/cobrada pelo vereador,Pendente de Verificação,"Diretoria de destino inferida (situação de vulnerabilidade habitacional de idosa), podendo também envolver a Diretoria de Planejamento, Obras, Serviços e Manutenção (risco estrutural do imóvel) e a Defesa Civil, mencionada nominalmente pelo vereador como já acionada. Caso segue sendo mencionado nas sessões seguintes (ver denúncia da sessão de 20/03/2023 sobre o mesmo assunto)."
DEN-029,2023,90ª Sessão Ordinária da 18ª Legislatura,2023-03-13,Anderson Marcos Viana,"Moradores do loteamento Recanto do Eucalipto relataram ao vereador prejuízos materiais (perda de alimentos, geladeira e outros bens, danos a contenções de pneus) causados por fortes chuvas e enxurradas no final de semana anterior à sessão. Segundo o vereador, moradores atingidos tentaram contato com a administração sem retorno, e ninguém do poder público havia comparecido ao local até o momento de sua fala em plenário.","Diretoria de Planejamento, Obras, Serviços e Manutenção",Recebida pelo vereador,Pendente de Verificação,"Caso segue sendo discutido nas sessões seguintes; na sessão de 20/03/2023, o presidente da Câmara e outro vereador esclareceram que a Defesa Civil foi de fato acionada na noite dos fatos e que houve contato com moradores do bairro. Diretoria de destino inferida pelo tema (escoamento de águas pluviais/infraestrutura do loteamento)."
DEN-030,2023,90ª Sessão Ordinária da 18ª Legislatura,2023-03-13,Anderson Marcos Viana,"O vereador relatou o caso de uma moradora da Avenida Bandeirante com a Rua Tiradentes (próximo ao antigo prédio da Igreja Assembleia de Deus), cuja casa vem sendo destruída há cerca de 12 anos pelo escoamento de água pluvial proveniente de um terreno público, tendo já perdido três muros e parte da residência. Segundo o vereador, a moradora chegou a acionar a Justiça contra a administração municipal para tentar reparação, mas perdeu a ação.","Diretoria de Planejamento, Obras, Serviços e Manutenção",Recebida pelo vereador,Pendente de Verificação,"Situação de longa data (cerca de 12 anos) e com desfecho judicial desfavorável à moradora já mencionado pelo vereador; não há indicação de que providências tenham sido tomadas na sequência das sessões analisadas neste lote. Recomenda-se cautela por envolver processo judicial não detalhado (partes, número do processo)."
DEN-031,2023,91ª Sessão Ordinária da 18ª Legislatura,2023-03-20,Anderson Marcos Viana,"O vereador reiterou o caso da senhora idosa ('Dona Bela'), da Rua Belo Horizonte, cuja casa segue com risco de desabamento (chão afundado, rachaduras), informando que já se passaram entre 33 e 35 dias desde o primeiro pedido de providências, sem solução até o momento; relatou novamente que a Defesa Civil esteve no local, tirou fotos e não retornou.",Diretoria de Assistência Social,Feita/cobrada pelo vereador,Pendente de Verificação,"Continuidade do caso já relatado na sessão de 13/03/2023 (90ª sessão ordinária), sem solução até a data desta sessão."
DEN-032,2023,91ª Sessão Ordinária da 18ª Legislatura,2023-03-20,Anderson Marcos Viana,"O vereador cobrou, pela terceira vez em plenário, providências sobre a ponte do Córrego do Fogo, na estrada rural que liga Junqueirópolis a Flora Rica, que teria caído há aproximadamente 10 anos; segundo o vereador, a estrada municipal no local está tomada por mato e cercas, dificultando o acesso.","Diretoria de Planejamento, Obras, Serviços e Manutenção",Feita/cobrada pelo vereador,Pendente de Verificação,"Vereador afirmou já ter cobrado o mesmo assunto em pelo menos duas sessões anteriores, não identificadas neste lote."
DEN-033,2023,91ª Sessão Ordinária da 18ª Legislatura,2023-03-20,Anderson Marcos Viana,"O vereador relatou o caso de uma chácara na região da Chácara Santa Ruth (citado o nome 'Alberto Nucci' e o proprietário como 'seu Reginaldo'), próxima ao local conhecido como 'Pontilhão', onde a erosão causada por enxurradas estaria destruindo parte da propriedade, incluindo viveiros/lagoas de peixes. Segundo o vereador, tentativas de contato com o setor responsável da administração, feitas por telefone e mensagens, não obtiveram retorno após quatro ou cinco tentativas.","Diretoria de Planejamento, Obras, Serviços e Manutenção",Feita/cobrada pelo vereador,Pendente de Verificação,"Localização do imóvel e nome do proprietário mencionados de forma imprecisa/coloquial pelo vereador na fala; recomenda-se confirmação antes de publicação, se necessário identificar o local com mais precisão."
DEN-034,2023,91ª Sessão Ordinária da 18ª Legislatura,2023-03-20,Anderson Marcos Viana,"O vereador afirmou ter apresentado formalmente uma denúncia, já encaminhada à Promotoria de Justiça, questionando a legalidade de obras realizadas na área da antiga linha férrea (praça, jardins, pergolados, aparelhos de ginástica) sem que o investimento de recursos públicos tivesse sido submetido à aprovação da Câmara Municipal, alegando desconhecer qualquer documentação que autorizasse tais gastos.","Diretoria Jurídica, Habitação e de Trânsito",Feita/cobrada pelo vereador,Pendente de Verificação,"Vereador não apresentou em plenário a documentação da denúncia à Promotoria nem detalhou valores ou datas específicas; presidente da Câmara respondeu de forma genérica, afirmando que a Casa agiria dentro da lei se necessário. Recomenda-se cautela e verificação adicional antes de publicação, por se tratar de acusação de possível irregularidade administrativa sem comprovação apresentada na sessão."
DEN-035,2023,92ª Sessão Ordinária da 18ª Legislatura,2023-03-27,Anderson Marcos Viana,"O vereador relatou que uma criança deu entrada no pronto-socorro municipal (Santa Casa) com quadro respiratório grave e não foi avaliada pessoalmente pelo médico pediatra de plantão, que teria orientado apenas o encaminhamento da criança à UTI móvel ('cross') sem exame direto; a criança teria permanecido na fila de espera da UTI móvel por mais de um dia. Segundo o vereador, o mesmo tipo de situação ocorreu duas vezes na mesma semana.",Diretoria de Saúde,Feita/cobrada pelo vereador,Pendente de Verificação,"O presidente da Câmara se comprometeu, ainda durante a sessão, a encaminhar ofício à Armandade da Santa Casa de Misericórdia de Junqueirópolis solicitando explicações sobre o caso. Não foi identificada, nas sessões seguintes analisadas neste lote, resposta formal a esse pedido."
DEN-036,2023,92ª Sessão Ordinária da 18ª Legislatura,2023-03-27,Anderson Marcos Viana,"O vereador relatou que a água proveniente da área do cemitério municipal (recentemente ampliada) está causando erosão que já destruiu metade de um sítio vizinho, de propriedade de um morador não identificado pelo nome ('o rapaz que mora do lado'). Segundo o vereador, havia sido combinado verbalmente com a administração a construção de um muro de contenção para impedir o escoamento da água para o sítio, o que não foi cumprido, e a erosão segue avançando.","Diretoria de Planejamento, Obras, Serviços e Manutenção",Feita/cobrada pelo vereador,Pendente de Verificação,"Vereador não identificou o proprietário do sítio pelo nome nem apresentou documentação; recomenda-se cautela e, se possível, confirmação adicional antes de publicação."
DEN-037,2023,93ª Sessão Ordinária da 18ª Legislatura,2023-04-03,Anderson Marcos Viana,"O vereador apontou uma área verde na Rua Constantino Marcolino de Souza, próxima ao parque ecológico, como foco de proliferação do mosquito da dengue, com acúmulo de garrafas PET e outros recipientes trazidos pela água de bueiros, em mata fechada que dificulta a limpeza pelos serviços municipais.","Diretoria de Agronegócio, Indústria, Comércio e Meio Ambiente e Gestão de Resíduos Sólidos",Feita/cobrada pelo vereador,Pendente de Verificação,"Contexto de crise de dengue no município relatado ao longo de várias sessões deste lote, incluindo duas mortes de crianças mencionadas na mesma sessão."
DEN-038,2023,93ª Sessão Ordinária da 18ª Legislatura,2023-04-03,Anderson Marcos Viana,"O vereador relatou que, apesar de o setor responsável ter enviado máquina para melhorar a estrada do bairro Aburitio, alguns trechos continuaram intransitáveis para carros pequenos devido a lama/barro acumulado, pedindo nova atenção da administração ao local.","Diretoria de Planejamento, Obras, Serviços e Manutenção",Feita/cobrada pelo vereador,Pendente de Verificação,
DEN-039,2023,94ª Sessão Ordinária da 18ª Legislatura,2023-04-10,Anderson Marcos Viana,"O vereador apresentou, com base em documentos da licitação, um histórico de três adiamentos sucessivos do prazo de execução da obra de pavimentação asfáltica da Rua Chapéu de Couro (licitação vencida em 22/08/2022, com prazos adiados para dezembro/2022, fevereiro/2023 e abril/maio/2023), sem que a obra tivesse sido iniciada até a data da sessão. O vereador insinuou que o atraso poderia ser proposital, para que a obra seja iniciada perto do período eleitoral de 2024.","Diretoria de Licitações, Contratos e Convênios",Feita/cobrada pelo vereador,Pendente de Verificação,"Vereador afirmou possuir toda a documentação dos adiamentos, mas não a anexou/leu integralmente em plenário; menção a uma possível relação com um vídeo de cobrança feito por moradores é apresentada pelo próprio vereador como especulação ('não sei se é'). Recomenda-se cautela por se tratar de acusação de possível motivação política não comprovada."
DEN-040,2023,94ª Sessão Ordinária da 18ª Legislatura,2023-04-10,Anderson Marcos Viana,"O vereador relatou, após visita ao local com o projeto da obra em mãos, que a pavimentação da via de acesso João Furini não foi executada conforme o projeto: um trecho previsto (próximo ao campo de futebol) não teria sido asfaltado pela empresa contratada, que já havia sido paga em R$ 100.388,40 e havia deixado o local. O vereador questionou se a empresa retornaria para concluir o serviço.","Diretoria de Planejamento, Obras, Serviços e Manutenção",Feita/cobrada pelo vereador,Pendente de Verificação,"Diretamente relacionada ao Requerimento nº 13/2023, registrado no arquivo de requerimentos deste mesmo lote, apresentado na mesma sessão para formalizar o pedido de esclarecimentos."
DEN-041,2023,94ª Sessão Ordinária da 18ª Legislatura,2023-04-10,,"A vereadora Marisa Alves da Silva Costa foi vítima de um golpe de identidade: pessoa(s) não identificada(s) utilizaram sua imagem para enviar mensagens via WhatsApp a terceiros pedindo dinheiro em seu nome. A vereadora registrou boletim de ocorrência na delegacia no mesmo dia. O fato foi relatado em plenário pelo presidente da Câmara, em nome da vereadora, que estava ausente da sessão por estar com dengue.",,Contra o vereador,Pendente de Verificação,"Campo 'vereadores' deixado vazio por se tratar de caso relatado por terceiro (o presidente da Câmara) em nome da vereadora Marisa Alves da Silva Costa, que foi a vítima do golpe, e não estava presente na sessão para relatar pessoalmente. Campo 'direcionada_a' não se aplica por não se tratar de cobrança a diretoria/órgão municipal, e sim de um crime relatado à população como alerta."
DEN-042,2023,95ª Sessão Ordinária da 18ª Legislatura,2023-04-17,Anderson Marcos Viana,"O vereador relatou que diversos funcionários aprovados no concurso de auxiliar de serviços de educação estão sendo realocados para exercer funções de escriturário, impedindo a convocação de novos escriturários aprovados em concurso específico para esse cargo e deixando CIs com falta de auxiliares. Segundo o vereador, um funcionário da educação com problema de saúde que buscou judicialmente a recondução a outro setor teve o pedido contestado pela administração, que perdeu a ação (indenização citada de R$ 50 mil) e recorreu novamente, com nova derrota esperada pelo vereador.","Diretoria de Educação, Cultura, Esportes, Lazer e Turismo",Feita/cobrada pelo vereador,Pendente de Verificação,"Diretamente relacionada ao Requerimento nº 15/2023, registrado no arquivo de requerimentos deste mesmo lote, apresentado na mesma sessão. Vereador não identificou nominalmente o funcionário mencionado no caso judicial, preservando sua identidade; recomenda-se manter assim na publicação."
DEN-043,2023,95ª Sessão Ordinária da 18ª Legislatura,2023-04-17,Anderson Marcos Viana,"O vereador criticou a reforma da sala de espera da rodoviária municipal, que já completava um ano de execução com gasto aproximado de R$ 250 mil, afirmando que o serviço da empresa contratada teria se limitado ao forro e a uma pintura externa, enquanto a pintura interna e o paisagismo/jardim teriam sido feitos por funcionários da própria prefeitura. O vereador especulou que a inauguração da obra seria propositalmente adiada para próximo do período eleitoral de 2024.","Diretoria de Planejamento, Obras, Serviços e Manutenção",Feita/cobrada pelo vereador,Pendente de Verificação,"Valores e prazos citados de memória pelo vereador em tom de crítica política, sem apresentação de documentos na sessão; recomenda-se cautela e, se possível, confirmação dos valores antes de publicação."
DEN-044,2023,95ª Sessão Ordinária da 18ª Legislatura,2023-04-17,"Anderson Marcos Viana, Teresinha de Lourdes Freitas Regodanço","Os vereadores cobraram o cumprimento de uma promessa pública feita pela administração há cerca de dois anos, durante a inauguração de uma praça no Jardim Paulista, de instalação de uma faixa elevada (lombofaixa) próxima à praça e a um Centro Educacional Infantil do bairro, o que ainda não havia sido cumprido até a data da sessão.","Diretoria de Planejamento, Obras, Serviços e Manutenção",Feita/cobrada pelo vereador,Pendente de Verificação,"Relacionada à indicação nº 71/2023, dos mesmos vereadores, apresentada nesta mesma sessão, solicitando lombofaixa no encontro das ruas Dom Pedro II e Porto Alegre, próximo à SEI Sonho de Criança (Jardim Paulista)."
DEN-045,2023,98ª Sessão Ordinária da 18ª Legislatura,2023-05-08,Anderson Marcos Viana,"O vereador Anderson Marcos Viana questionou o paradeiro de R$ 20 mil de uma emenda parlamentar do deputado federal Milton Vieira (de um total de R$ 120 mil, dos quais R$ 100 mil foram destinados a um lar/abrigo e R$ 20 mil anunciados publicamente para a causa animal), já que a prestação de contas apresentada pela administração somava apenas R$ 70 mil (referentes a outra emenda, conquistada pela vereadora Marisa Alves da Silva Costa também para a causa animal) e indicava que o dinheiro fora usado pela Secretaria de Saúde, e não para a causa animal como anunciado.","Diretoria de Fazenda, Compras, Almoxarifado e Recursos Humanos",Feita/cobrada pelo vereador,Pendente de Verificação,"Na sessão seguinte (99ª, 15/05/2023), o vereador Reinaldo Codognato apresentou a resposta de um requerimento próprio sobre o assunto: os R$ 20 mil da emenda do deputado Milton Vieira permaneciam depositados em conta bancária específica ('Emenda MV Investimento'), sem poderem ser usados para a causa animal por não haver, no momento, entidade com CNPJ própria para custódia do CNPJ da causa animal em Junqueirópolis; o caso ficou em aberto quanto à destinação final do valor."
DEN-046,2023,99ª Sessão Ordinária da 18ª Legislatura,2023-05-15,Marisa Alves da Silva Costa,"A vereadora Marisa Alves da Silva Costa relatou um caso concreto de maus-tratos: um morador feriu a cabeça do próprio cão com um objeto pontiagudo e tentou enforcá-lo. A vereadora foi à delegacia (acompanhada de policial, por se tratar de suposto usuário de drogas), o animal foi recolhido e está sob seus cuidados, e foi registrado boletim de ocorrência por maus-tratos.",,Recebida pelo vereador,Pendente de Verificação,"A vereadora recebeu o relato da população (moradores da vizinhança) e, a partir dele, acompanhou pessoalmente a ocorrência e o registro do boletim de ocorrência (BO) de maus-tratos contra animal; ela relatou também outro caso concreto em andamento na mesma fala, envolvendo um homem que agride o próprio cachorro, mas para o qual ainda não havia registro formal por falta de testemunha presencial disposta a fazer a denúncia."
DEN-047,2023,104ª Sessão Ordinária da 18ª Legislatura,2023-06-20,Anderson Marcos Viana,"O vereador Anderson Marcos Viana relatou ter apresentado à Secretaria da Câmara, em julho do ano anterior, uma denúncia formal sobre possível irregularidade no descarte de remédios pela administração. A apuração levou cerca de 4 a 5 meses e concluiu que não havia irregularidade no descarte.",Diretoria de Saúde,Feita/cobrada pelo vereador,Pendente de Verificação,"O vereador criticou, na mesma fala, a demora da resposta (motivo pelo qual voltou a mencionar o caso nesta sessão) e afirmou publicamente que, apesar de a apuração não ter constatado irregularidade, cumpriu seu papel de fiscalizar; mencionou que um grupo de WhatsApp da administração teria tentado desqualificar a denúncia como infundada."
DEN-048,2023,108ª Sessão Ordinária da 18ª Legislatura,2023-08-21,Anderson Marcos Viana,"Vereador menciona denúncia protocolada pelo municípe José Arbes/Arabes há cerca de dois anos e reiterada na sexta-feira anterior à sessão, relacionada à “situação da linha férrea”, aguardando resposta do Poder Judiciário. Conteúdo específico da denúncia não foi detalhado na sessão.",,Recebida pelo vereador,Pendente de Verificação,"Data da sessão conforme mencionada no texto da transcrição (véspera da data do nome do arquivo, que corresponde ao dia da postagem/upload). Detalhes concretos da denúncia (o que exatamente está sendo denunciado sobre a linha férrea) não foram explicitados no áudio/transcrição; incluído por haver caso concreto com nome de denunciante e referência a protocolo formal. Mesmo assunto é mencionado novamente na sessão de 2023-09-26 sem resolução."
DEN-049,2023,113ª Sessão Ordinária da 18ª Legislatura,2023-09-25,Anderson Marcos Viana,"Vereador relata que a Câmara recebeu denúncia formal (Processo nº 01/2023, encaminhado à Comissão de Obras, Serviços Públicos e Atividades Privadas, composta por Anderson Marcos Viana, Paulo Sérgio Cordeiro e Marisa Alves da Silva Costa) de possível improbidade administrativa contra o atual prefeito, envolvendo o uso de máquinas da administração municipal, com fotos anexadas como base da acusação. Processo estava em fase de investigação/apuração na data da sessão.",Prefeito Municipal,Relatada em documento/ofício,Pendente de Verificação,"Data da sessão conforme mencionada no texto da transcrição (véspera da data do nome do arquivo, que corresponde ao dia da postagem/upload). Denúncia mencionada também na sessão de 2023-08-29 (recebimento inicial, sem detalhes) e comentada novamente aqui com mais contexto (número do processo e natureza da acusação). Detalhes completos do que exatamente foi feito com as máquinas não foram relatados na sessão — vereador afirma que a apuração ainda estava em andamento."
DEN-050,2023,113ª Sessão Ordinária da 18ª Legislatura,2023-09-25,Anderson Marcos Viana,"Vereador cobra resposta a requerimento (protocolo mencionado como do início do ano) sobre o paradeiro de pedras portuguesas retiradas da Praça Álvaro Junqueira no mandato anterior, avaliadas em aproximadamente R$ 230,00 o metro quadrado (mais de três caminhões/carrinhos de pedra), sem resposta do setor responsável há cerca de quatro meses.","Diretoria de Planejamento, Obras, Serviços e Manutenção",Feita/cobrada pelo vereador,Pendente de Verificação,"Data da sessão conforme mencionada no texto da transcrição (véspera da data do nome do arquivo, que corresponde ao dia da postagem/upload). Vereador menciona número de protocolo do requerimento de forma pouco clara na fala (“9.048/2023” citado em sessão anterior); não localizado como requerimento numerado formal nas pautas lidas dos lotes anteriores — pode ter sido apresentado em sessão fora deste lote ou de forma avulsa/protocolar direta."
DEN-051,2023,114ª Sessão Ordinária da 18ª Legislatura,2023-10-02,Elio Furini Neto,"O vereador Elio Furini Neto relatou que moradores o procuraram para relatar problemas com cães abandonados soltos nas ruas, incluindo casos concretos em que os animais morderam filhos e netos de moradores, e um relato de um parente que caiu de moto por causa de um desses animais soltos na via; o vereador cobrou providências da Prefeitura (castração, recolhimento e tratamento dos animais).",Diretoria de Saúde,Recebida pelo vereador,Pendente de Verificação,"O texto da sessão menciona explicitamente a data de 2 de outubro de 2023 (114ª Sessão Ordinária), enquanto o arquivo de transcrição está nomeado como 2023-10-03. Usada a data do texto."
DEN-052,2023,117ª Sessão Ordinária da 18ª Legislatura,2023-10-23,Anderson Marcos Viana,"O vereador Anderson Marcos Viana relatou a circulação, nas redes sociais, de um edital falso ('fake news') de concurso público da Prefeitura, reproduzindo timbre, CNPJ e marca d'água oficiais do município, o que gerou pânico e confusão na população; cobrou da administração a apuração do caso e a abertura de boletim de ocorrência.",Diretoria Administrativa,Feita/cobrada pelo vereador,Pendente de Verificação,"O texto da sessão menciona explicitamente a data de 23 de outubro de 2023 (117ª Sessão Ordinária), enquanto o arquivo está nomeado como 2023-10-24. Usada a data do texto."
DEN-053,2023,118ª Sessão Ordinária da 18ª Legislatura,2023-10-30,Anderson Marcos Viana,"O vereador Anderson Marcos Viana cobrou explicações sobre reportagem do portal G1 apontando a presença de 27 tipos de agrotóxicos na água distribuída em Junqueirópolis, contrastando com resposta anterior da administração a uma indicação sua de 2021 (nº 193/2021) que classificava a água como adequada; o presidente da Câmara informou que a indicação seria renovada, solicitando nova análise microbiológica, física e química da água.",Diretoria de Saúde,Feita/cobrada pelo vereador,Pendente de Verificação,"O texto da sessão menciona explicitamente a data de 30 de outubro de 2023 (118ª Sessão Ordinária), enquanto o arquivo está nomeado como 2023-10-31. Usada a data do texto."
DEN-054,2023,118ª Sessão Ordinária da 18ª Legislatura,2023-10-30,Anderson Marcos Viana,"O vereador Anderson Marcos Viana relatou que, no incêndio de uma residência ocorrido na sexta-feira anterior, a Defesa Civil não compareceu ao local durante todo o atendimento, apesar da presença de bombeiros, PM e assistência social; criticou o fato de o mesmo secretário de Obras acumular a presidência da Defesa Civil, apontando conflito de interesse em eventuais apurações de falhas relacionadas a obras públicas.","Diretoria de Planejamento, Obras, Serviços e Manutenção",Feita/cobrada pelo vereador,Pendente de Verificação,"O texto da sessão menciona explicitamente a data de 30 de outubro de 2023 (118ª Sessão Ordinária), enquanto o arquivo está nomeado como 2023-10-31. Usada a data do texto."
DEN-055,2023,122ª Sessão Ordinária da 18ª Legislatura,2023-11-28,Anderson Marcos Viana,"O vereador Anderson Marcos Viana relatou o caso concreto de moradores contemplados com casas populares pela CDHU que, durante atendimento da unidade móvel da CDHU na cidade, descobriram que já haviam quitado o financiamento havia até dois anos e continuaram recebendo e pagando carnês normalmente, sem que o sistema tivesse registrado a quitação; cobrou explicações de quem seria o responsável por essa falha de controle.","Diretoria Jurídica, Habitação e de Trânsito",Recebida pelo vereador,Pendente de Verificação,"O texto da sessão menciona a data de 27/11/2023 (122ª Sessão Ordinária), enquanto o arquivo está nomeado como 2023-11-28. Usada a data do texto. Caso relatado durante atendimento da CDHU móvel realizado no sábado anterior à sessão."
DEN-056,2023,122ª Sessão Ordinária da 18ª Legislatura,2023-11-28,Anderson Marcos Viana,"O vereador Anderson Marcos Viana denunciou o estado de abandono do Parque Ecológico, citando o exemplo concreto do piso do campinho de vôlei/areia, hoje coberto por terra dura e murundus, canos de PVC quebrados representando risco de acidente, grama invadindo a quadra e rede esportiva deteriorada; relatou que, na falta de resposta da administração, chegou a custear pessoalmente (via doador) um caminhão de areia para o local e se ofereceu a doar outro.","Diretoria de Planejamento, Obras, Serviços e Manutenção",Feita/cobrada pelo vereador,Pendente de Verificação,"O texto da sessão menciona a data de 27/11/2023 (122ª Sessão Ordinária), enquanto o arquivo está nomeado como 2023-11-28. Usada a data do texto."
DEN-057,2023,123ª Sessão Ordinária da 18ª Legislatura,2023-12-05,Anderson Marcos Viana,"O vereador Anderson Marcos Viana relatou o caso concreto de uma criança de 1 ano e 1 mês do município que necessita de cirurgia de aproximadamente R$ 40-46 mil não coberta pelos convênios de saúde votados pela Câmara, cuja família recorreu a vaquinha nas redes sociais; afirmou que a Secretaria de Saúde está a par do caso há mais de 5 meses sem solução, e que a criança passou por diversos diagnósticos e avaliações médicas equivocadas antes da identificação correta da doença, o que atrasou o tratamento.",Diretoria de Saúde,Recebida pelo vereador,Pendente de Verificação,"O texto da sessão menciona a data de 4/12/2023 (123ª Sessão Ordinária), enquanto o arquivo está nomeado como 2023-12-05. Usada a data do texto. O vereador citou também o caso de um amigo que teria falecido após 6 meses de espera por atendimento em outra especialidade, sem detalhar mais."
DEN-058,2023,123ª Sessão Ordinária da 18ª Legislatura,2023-12-05,Anderson Marcos Viana,"O vereador Anderson Marcos Viana denunciou o estado de sucateamento do micro-ônibus ('branquinho') usado pelo setor de transporte da saúde para levar pacientes a Presidente Prudente, relatando caso concreto em que o veículo perdeu velocidade repentinamente (de 60 para 20 km/h) durante viagem, com ferragem do teto se soltando e impossibilidade de instalar cinto de segurança; cobrou da administração a aquisição de veículo novo com recursos próprios, já que o governo estadual não havia providenciado substituição.",Diretoria de Saúde,Feita/cobrada pelo vereador,Pendente de Verificação,"O texto da sessão menciona a data de 4/12/2023 (123ª Sessão Ordinária), enquanto o arquivo está nomeado como 2023-12-05. Usada a data do texto. Relacionada à indicação nº 236/2023, de mesma autoria, pedindo aquisição de micro-ônibus para a saúde."
DEN-059,2023,124ª Sessão Ordinária da 18ª Legislatura,2023-12-12,Anderson Marcos Viana,"O vereador Anderson Marcos Viana cobrou o paradeiro de aproximadamente 8 caminhões-truck de pedras portuguesas retiradas da Praça Álvaro de Oliveira Junqueira durante sua reforma e armazenadas no bairro Duas Barras, que desapareceram entre visitas suas ao local em 1º e 13 de julho de 2023; classificou como insatisfatória a resposta da administração (ofício 264/2023), que atribuiu a retirada à 'gestão anterior' e alegou desconhecimento do assunto, e cobrou explicações sobre por que o setor responsável nunca teria verificado o local em três anos.","Diretoria de Planejamento, Obras, Serviços e Manutenção",Feita/cobrada pelo vereador,Pendente de Verificação,"O texto da sessão menciona a data de 11/12/2023 (124ª Sessão Ordinária), enquanto o arquivo está nomeado como 2023-12-12_2. Usada a data do texto. Caso vinculado ao requerimento nº 50/2023 (ver arquivo de requerimentos); o vereador variou o número de caminhões citados entre sessões (4, depois 8), dizendo evitar cravar o número exato 'para não dar processo' - possível exagero retórico, mantido conforme relatado."
DEN-060,2023,124ª Sessão Ordinária da 18ª Legislatura,2023-12-12,"Anderson Marcos Viana, Elio Furini Neto","Os vereadores relataram casos concretos de danos a equipamentos domésticos (queima de modem de internet, queima de um freezer no bairro próximo ao Troiano) causados por quedas/oscilações recorrentes de energia elétrica em diversos bairros da cidade, incluindo o Jardim das Américas; cobraram da concessionária Neoenergia, por meio da administração, explicações e soluções para a instabilidade da rede.",Neoenergia Elektro (concessionária de energia elétrica) / Diretoria Administrativa,Feita/cobrada pelo vereador,Pendente de Verificação,"O texto da sessão menciona a data de 11/12/2023 (124ª Sessão Ordinária), enquanto o arquivo está nomeado como 2023-12-12_2. Usada a data do texto. Relacionada à indicação nº 244/2023, de autoria de Anderson Marcos Viana, sobre a mesma questão."
DEN-061,2023,124ª Sessão Ordinária da 18ª Legislatura,2023-12-12,Anderson Marcos Viana,"O vereador Anderson Marcos Viana relatou confusão gerada por verba de causa animal anunciada em vídeo por um deputado como destinada a esse fim, mas que, segundo resposta da administração, teria sido incorporada ao setor de saúde; como resultado, munícipes passaram a procurar a casa da vereadora Marisa Alves da Silva Costa pedindo ração, quando o correto seria procurar o setor de zoonoses/saúde para castração e apoio a animais.",Diretoria de Saúde,Recebida pelo vereador,Pendente de Verificação,"O texto da sessão menciona a data de 11/12/2023 (124ª Sessão Ordinária), enquanto o arquivo está nomeado como 2023-12-12_2. Usada a data do texto."
DEN-062,2023,124ª Sessão Ordinária da 18ª Legislatura,2023-12-12,Anderson Marcos Viana,"O vereador Anderson Marcos Viana cobrou da administração, pela quinta ou sexta vez ao longo de anos, o repasse em dinheiro (bonificação equivalente a um 13º salário) aos Agentes Comunitários de Saúde (ACS) e Agentes de Combate a Endemias (ACE), afirmando que o município recebe recursos federais destinados a essa bonificação mas nunca os repassa aos agentes, ao contrário de outros municípios da região.",Diretoria de Saúde,Feita/cobrada pelo vereador,Pendente de Verificação,"O texto da sessão menciona a data de 11/12/2023 (124ª Sessão Ordinária), enquanto o arquivo está nomeado como 2023-12-12_2. Usada a data do texto. Relacionada à indicação nº 248/2023, de mesma autoria, propondo lei para conceder o incentivo."
DEN-063,2023,125ª Sessão Ordinária da 18ª Legislatura,2023-12-18,Anderson Marcos Viana,"Vereador Anderson Marcos Viana denunciou que, no concurso público municipal realizado nos dias 16 e 17 de dezembro, a mesma prova teria sido aplicada para cargos distintos (tratorista, auxiliar de enfermagem e agente de saúde), orientando os candidatos que se sentissem prejudicados a buscar orientação jurídica e recorrer via mandado de segurança.",Administração Municipal / Comissão do Concurso Público,Feita/cobrada pelo vereador,Pendente de Verificação,Vereador afirmou não ter acesso direto às provas; denúncia baseada em relatos de terceiros/população que o procurou.
DEN-064,2023,125ª Sessão Ordinária da 18ª Legislatura,2023-12-18,Anderson Marcos Viana,"Vereador Anderson Marcos Viana denunciou que a administração municipal e a imprensa da cidade deixam de divulgar recursos (emendas parlamentares) destinados por vereadores que não fazem parte da ""base"" governista, citando especificamente doações à Santa Casa de R$ 999.986,00 (obtida em 10/11 com o Deputado Arlindo Chignalia) e R$ 300 mil (obtidos com o Deputado Reinaldo Alguz) que não teriam sido divulgadas pela administração, em contraste com R$ 100 mil doados por outro vereador que foi amplamente noticiado.",Administração Municipal / Prefeitura,Feita/cobrada pelo vereador,Pendente de Verificação,Relato baseado na percepção do próprio vereador sobre tratamento diferenciado na divulgação de verbas; não há confirmação documental citada na sessão.
DEN-065,2023,125ª Sessão Ordinária da 18ª Legislatura,2023-12-18,Terezinha de Lourdes Freitas Regodanso,"Vereadora Terezinha de Lourdes Freitas Regodanço relatou que, na semana anterior à sessão, uma criança caiu da arquibancada do complexo esportivo Joaquina Porto Ferreira e ficou gravemente ferida, precisando ser transferida para atendimento médico fora do município, devido à falta de proteção (parapeito/corrimão) no local.",Diretoria de Obras / Prefeitura Municipal,Recebida pelo vereador,Pendente de Verificação,"Relato motivou a indicação nº 251/2023, apresentada na mesma sessão."
DEN-066,2023,125ª Sessão Ordinária da 18ª Legislatura,2023-12-18,Anderson Marcos Viana,"Vereador Anderson Marcos Viana relatou um acidente com o filho de um amigo na arquibancada do Campo da Curitiba, na Vila Beatriz: a criança perdeu o controle da bicicleta e caiu entre a calçada e a arquibancada, sofrendo fratura no braço e ferimentos na cabeça e no peito, sendo transferida em estado grave para Presidente Prudente. O vereador questionou se o local possuía AVCB (Auto de Vistoria do Corpo de Bombeiros) e criticou a ausência de corrimão/alambrado na estrutura.",Corpo de Bombeiros / Defesa Civil / Diretoria de Obras,Recebida pelo vereador,Pendente de Verificação,"Pode se tratar do mesmo episódio citado por outros vereadores em relação à arquibancada do complexo Joaquina Porto Ferreira, ou de um caso distinto em outro local (Campo da Curitiba/Vila Beatriz) — recomenda-se verificar com o vereador antes de publicar."
DEN-067,2023,125ª Sessão Ordinária da 18ª Legislatura,2023-12-18,Anderson Marcos Viana,"Vereador Anderson Marcos Viana cobrou da administração municipal a ausência de qualquer projeto de lei ou comunicado sobre o reajuste salarial dos servidores públicos até o encerramento do ano legislativo de 2023, alertando que outras cidades da região já haviam fechado o índice de aumento.",Prefeitura Municipal / Poder Executivo,Feita/cobrada pelo vereador,Pendente de Verificação,Trata-se mais de uma cobrança política do que de uma denúncia formal de irregularidade; incluído por envolver um fato concreto (ausência de projeto).
DEN-068,2024,85ª Sessão Extraordinária da 18ª Legislatura,2024-01-15,Anderson Marcos Viana,"Vereador Anderson Marcos Viana denunciou que a reunião realizada pelo prefeito para debater o índice de reajuste salarial dos servidores contou apenas com a presença do presidente da Câmara e da vereadora Sofia Rodrigues dos Santos, sem convite aos demais vereadores; segundo relatos que ele reproduziu (sem confirmar), a exclusão teria sido intencional para afastar vereadores vistos como oposição.",Prefeitura Municipal / Poder Executivo,Feita/cobrada pelo vereador,Pendente de Verificação,"O próprio vereador ressalvou que não tem certeza da veracidade do motivo da exclusão ('não estamos dizendo que é verdade, palavras soam por aí')."
DEN-069,2024,126ª Sessão Ordinária da 18ª Legislatura,2024-02-05,Anderson Marcos Viana,"Vereador Anderson Marcos Viana denunciou que a obra no bairro Jardim Pioneiros, no valor de R$ 659.628,43, estava parada havia mais de 35 dias, com cimento endurecendo, porcelanato abandonado, fiação solta exposta e nenhuma proteção que impedisse o acesso de crianças, apesar de haver um playground ao lado.",Prefeitura Municipal / Diretoria de Obras,Feita/cobrada pelo vereador,Pendente de Verificação,
DEN-070,2024,126ª Sessão Ordinária da 18ª Legislatura,2024-02-05,Anderson Marcos Viana,"Vereador Anderson Marcos Viana apresentou formalmente uma denúncia de suposto desvio de patrimônio público: pedras portuguesas retiradas do Jardim Álvaro Junqueira (cerca de seis caminhões truncados) e levadas para trás do Campo das Duas Barras desapareceram; segundo resposta a requerimento anterior, as pedras teriam sumido ""no mandato passado"", mas o vereador afirma ter fotos datadas de janeiro de 2023 mostrando as pedras ainda no local, contradizendo essa versão. Pediu que o caso seja apurado, inclusive pelo Ministério Público.",Diretoria de Obras / Ministério Público,Feita/cobrada pelo vereador,Pendente de Verificação,"O próprio vereador qualificou a denúncia como ""suposta"" para evitar processo por difamação; pediu explicitamente investigação do Ministério Público."
DEN-071,2024,126ª Sessão Ordinária da 18ª Legislatura,2024-02-05,Reinaldo Codognato,"Vereador Reinaldo Codognato relatou que moradores denunciaram o uso indevido de locais destinados a ""ecopontos"" como depósitos irregulares de lixo, citando os casos da curva do Aramaque (onde a placa do ecoponto chegou a ser retirada após reclamações) e da entrada do bairro Jardim das Américas, prejudicando os moradores das proximidades.",Setor de Limpeza Urbana / Meio Ambiente,Recebida pelo vereador,Pendente de Verificação,
DEN-072,2024,127ª Sessão Ordinária da 18ª Legislatura,2024-02-14,Anderson Marcos Viana,"Vereador Anderson Marcos Viana denunciou que a área de lazer/campo de futebol do bairro Carmezinho 1, construída há cerca de 3 anos com recursos públicos, nunca foi utilizada (nunca houve sequer uma partida), está tomada pelo mato, sem iluminação noturna, com relatos de cobras e escorpiões no local, além de um vazamento de água que já durava 24 horas sem reparo, favorecendo a proliferação do mosquito da dengue.",Diretoria de Obras / Secretaria de Saúde,Feita/cobrada pelo vereador,Pendente de Verificação,
DEN-073,2024,127ª Sessão Ordinária da 18ª Legislatura,2024-02-14,Anderson Marcos Viana,"Vereador Anderson Marcos Viana denunciou que a obra de contenção da erosão conhecida como ""buracão"" no Jardim Paulista, orçada em R$ 2,5 milhões e aprovada pela Câmara havia quase um ano, ainda não havia sido iniciada, apesar do risco de a erosão atingir residências (segundo ele, bastariam cerca de 2,5 metros de avanço para engolir uma casa). Suspeitou que o início da obra estaria sendo propositalmente adiado para coincidir com o período eleitoral.",Prefeitura Municipal / Diretoria de Obras,Feita/cobrada pelo vereador,Pendente de Verificação,"Vereadora Terezinha de Lourdes Freitas Regodanço confirmou, na mesma sessão, que a obra ainda não havia começado apesar da verba aprovada."
DEN-074,2024,127ª Sessão Ordinária da 18ª Legislatura,2024-02-14,Anderson Marcos Viana,"Vereador Anderson Marcos Viana denunciou que cortes de asfalto feitos para instalação de redutores de velocidade (lombadas) na Avenida Bandeirantes e em outro ponto próximo a uma área de lazer permanecem inacabados há quase um ano, sem que a lombada tenha sido efetivamente instalada.",Diretoria de Obras / Trânsito,Feita/cobrada pelo vereador,Pendente de Verificação,
DEN-075,2024,127ª Sessão Ordinária da 18ª Legislatura,2024-02-14,Anderson Marcos Viana,"Vereador Anderson Marcos Viana denunciou tratamento desigual na concessão de transporte escolar entre bairros: enquanto em alguns pontos o critério de distância mínima teria sido reduzido informalmente para 900-1.200 metros, outras crianças (caso citado: menina de 6 anos na Rua Curitiba, a 1.000 metros da escola, e outra criança a 1.100 metros perto do CRAS/Criança Feliz) tiveram o transporte negado por não atingirem os 1.500 metros previstos na lei federal.",Secretaria Municipal de Educação,Feita/cobrada pelo vereador,Pendente de Verificação,"Vereador Reinaldo Codognato respondeu na mesma sessão que a diferença decorre de linhas divisórias de bairros e não de privilégio, propondo esclarecimento em vídeo institucional; ponto ainda controverso entre os vereadores."
DEN-076,2024,127ª Sessão Ordinária da 18ª Legislatura,2024-02-14,Paulo Sérgio Cordeiro,"Vereador Paulo Sérgio Cordeiro relatou ter recebido ameaças em razão dos requerimentos 04/2024 e 05/2024, que pedem esclarecimentos sobre contratos de mídia e propaganda e sobre vínculos de fornecedores com a Prefeitura Municipal, sem detalhar a origem ou o teor das ameaças.",,Contra o vereador,Pendente de Verificação,Vereador não identificou o autor nem detalhou a natureza da ameaça; verificar se houve registro de boletim de ocorrência.
DEN-077,2024,127ª Sessão Ordinária da 18ª Legislatura,2024-02-14,Anderson Marcos Viana,"Vereador Anderson Marcos Viana denunciou que a Prefeitura protocolou, em 14/02/2024 (processo nº 5000073), nova ação judicial contra o pagamento do piso salarial dos professores, alegando que a norma que institui o piso seria apenas um decreto/portaria e não uma lei; em 2023 a administração já havia vencido ação semelhante, mantendo a não obrigatoriedade do pagamento do piso.",Prefeitura Municipal / Secretaria de Educação,Feita/cobrada pelo vereador,Pendente de Verificação,
DEN-078,2024,127ª Sessão Ordinária da 18ª Legislatura,2024-02-14,Anderson Marcos Viana,"Vereador Anderson Marcos Viana reiterou reclamações da população sobre o concurso público municipal, alegando que pessoas ligadas à empresa organizadora ou a encarregados/moradores da cidade poderiam ter participado da aplicação das provas, e voltou a orientar os interessados a buscar advogado e impetrar mandado de segurança.",Comissão do Concurso Público / Administração Municipal,Feita/cobrada pelo vereador,Pendente de Verificação,Reitera a denúncia já feita na sessão de 19/12/2023 sobre o mesmo concurso; sem provas concretas apresentadas em plenário.
DEN-079,2024,127ª Sessão Ordinária da 18ª Legislatura,2024-02-14,Marisa Alves da Silva Costa,"Vereadora Marisa Alves da Silva Costa denunciou que deixou de receber um veículo destinado ao trabalho de resgate e castração de animais porque não faz parte da ""base"" política da administração, tendo que usar seu próprio carro e combustível para buscar animais para castração.",Prefeitura Municipal,Feita/cobrada pelo vereador,Pendente de Verificação,Relato pouco detalhado quanto à origem do veículo (possível emenda parlamentar) e a quem caberia a decisão; vereadora não identificou responsáveis.
DEN-080,2024,128ª Sessão Ordinária da 18ª Legislatura,2024-02-19,Anderson Marcos Viana,"Vereador Anderson Marcos Viana denunciou que todas as árvores do canteiro da Avenida Bandeirantes foram arrancadas sem qualquer explicação ou comunicação prévia à Câmara, reduzindo a sombra na via — que passa por um centro de fisioterapia muito frequentado por idosos — e aumentando a velocidade dos veículos por falta de redutor de velocidade no local.",Diretoria de Obras / Meio Ambiente,Feita/cobrada pelo vereador,Pendente de Verificação,
DEN-081,2024,128ª Sessão Ordinária da 18ª Legislatura,2024-02-19,Anderson Marcos Viana,"Vereador Anderson Marcos Viana denunciou o caso de uma moradora idosa (referida na fala como ""Dona Beramina"") cuja casa apresenta rachaduras graves; apesar de duas visitas da Defesa Civil, nenhuma solução foi dada, e a moradora teria recebido de uma autoridade não identificada a resposta desrespeitosa de que bastaria ""achar um marido"" para resolver o problema.",Defesa Civil / Prefeitura Municipal,Recebida pelo vereador,Pendente de Verificação,Nome da moradora não ficou claro na transcrição (soa como 'Beramina'/'Berenice'); autor da fala desrespeitosa não identificado pelo vereador. Recomenda-se confirmar grafia do nome antes de publicar.
DEN-082,2024,128ª Sessão Ordinária da 18ª Legislatura,2024-02-19,Anderson Marcos Viana,"Vereador Anderson Marcos Viana denunciou a construção de uma calçada de concreto de aproximadamente 150 metros de comprimento por 1,20 m de largura e 20 cm de espessura (cerca de R$ 8.585 em material mais R$ 6.000 em mão de obra, segundo notas fiscais em nome da Prefeitura Municipal que ele fotografou) em terreno particular atrás de um estabelecimento comercial, sem utilidade pública aparente. Anunciou que protocolaria requerimento pedindo explicações da administração sobre o uso de recursos públicos na obra.",Prefeitura Municipal / Diretoria de Obras,Feita/cobrada pelo vereador,Pendente de Verificação,Vereador afirma ter fotografado as notas fiscais como prova; aguardar eventual requerimento formal e resposta da administração.
DEN-083,2024,128ª Sessão Ordinária da 18ª Legislatura,2024-02-19,Anderson Marcos Viana,"Vereador Anderson Marcos Viana denunciou que uma pista de caminhada de quase um quilômetro, construída com dinheiro público no sentido do município de Dracena, está tomada pelo mato e por uma cerca viva com espinhos, sem qualquer uso pela população, questionando a utilidade da obra.",Diretoria de Obras,Feita/cobrada pelo vereador,Pendente de Verificação,
DEN-084,2024,129ª Sessão Ordinária da 18ª Legislatura,2024-02-26,Anderson Marcos Viana,"O vereador Anderson Marcos Viana relatou que a caminhonete da Defesa Civil do município é frequentemente encontrada de madrugada em locais diversos, fora do horário e do local de serviço, e cobrou informações sobre o convênio de transferência de equipamentos celebrado entre o Estado de São Paulo e o município para ações de proteção e defesa civil; afirmou que o ofício enviado sobre o assunto no ano anterior não havia sido respondido e cogitou impetrar mandado de segurança.","Diretoria de Planejamento, Obras, Serviços e Manutenção",Feita/cobrada pelo vereador,Pendente de Verificação,"A Diretoria de Obras é apontada como responsável pela Defesa Civil no relato do vereador (mesmo secretário acumula as duas funções). Ofício de resposta sobre o convênio (nº 51/2024) foi lido na sessão seguinte (131ª, 2024-03-11)."
DEN-085,2024,130ª Sessão Ordinária da 18ª Legislatura,2024-03-04,Anderson Marcos Viana,"O vereador Anderson Marcos Viana relatou que o ""postão"" (posto de saúde central) e o ESF nº 8, que atende a zona rural, estavam tomados pelo mato, com aparecimento de animais peçonhentos; afirmou ter capturado pessoalmente um escorpião no local durante campanha de combate à dengue conduzida pela própria administração.",Diretoria de Saúde,Feita/cobrada pelo vereador,Pendente de Verificação,
DEN-086,2024,130ª Sessão Ordinária da 18ª Legislatura,2024-03-04,Anderson Marcos Viana,"O vereador Anderson Marcos Viana relatou que um morador do bairro Jardim Conde, engenheiro eletricista, instalou por conta própria iluminação no playground do bairro, mas a administração retirou a instalação por considerá-la irregular e nunca a substituiu; o local seguia às escuras havia mais de um ano, tomado pelo mato, com playground e pista de caminhada em desuso.","Diretoria de Planejamento, Obras, Serviços e Manutenção",Feita/cobrada pelo vereador,Pendente de Verificação,
DEN-087,2024,130ª Sessão Ordinária da 18ª Legislatura,2024-03-04,Anderson Marcos Viana,"O vereador Anderson Marcos Viana relatou ter constatado a construção de 13 pilares de concreto para postes de iluminação embaixo da linha férrea, em trecho que já possuía 8 postes de energia, sem que a Câmara tivesse conhecimento prévio da obra, questionando o uso do dinheiro público nesse serviço em vez de iluminar bairros carentes.","Diretoria de Planejamento, Obras, Serviços e Manutenção",Feita/cobrada pelo vereador,Pendente de Verificação,"Assunto retomado em sessões posteriores (132ª e 134ª) pelo mesmo vereador, questionando o uso repetido de concreto em obras ""debaixo da linha""."
DEN-088,2024,130ª Sessão Ordinária da 18ª Legislatura,2024-03-04,Anderson Marcos Viana,"O vereador Anderson Marcos Viana relatou que, na Rua do Viveiro, sentido Delta Ville, um fio elétrico caído atingiu um motociclista, arrancando parte da pele do pescoço da vítima; o trecho carece de iluminação e há travessia de animais na pista.","Diretoria de Planejamento, Obras, Serviços e Manutenção",Feita/cobrada pelo vereador,Pendente de Verificação,"O vereador afirmou ter filmado moradores relatando o ocorrido, mas não chegou a publicar o vídeo."
DEN-089,2024,130ª Sessão Ordinária da 18ª Legislatura,2024-03-04,Anderson Marcos Viana,"O vereador Anderson Marcos Viana relatou vazamento de esgoto por duas semanas no bairro Jardim Alvorada, com água escoando pela rua e crianças brincando no local.","Diretoria de Planejamento, Obras, Serviços e Manutenção",Feita/cobrada pelo vereador,Pendente de Verificação,
DEN-090,2024,130ª Sessão Ordinária da 18ª Legislatura,2024-03-04,Anderson Marcos Viana,"O vereador Anderson Marcos Viana relatou caso concreto de uma criança de 9 anos, moradora a aproximadamente 2.200 metros da escola, que não teria direito a transporte escolar segundo o critério informado pela administração, apesar de informações divergentes (900 m, 1.500 m) terem sido dadas pela Secretaria de Educação em diferentes ocasiões sobre a distância mínima exigida.","Diretoria de Educação, Cultura, Esportes, Lazer e Turismo",Recebida pelo vereador,Pendente de Verificação,Vereador solicitou a presença do secretário de Educação em sessão para esclarecer os critérios de concessão do transporte escolar.
DEN-091,2024,130ª Sessão Ordinária da 18ª Legislatura,2024-03-04,Anderson Marcos Viana,"O vereador Anderson Marcos Viana relatou que Centros de Educação Infantil (CEIs) passaram a pedir aos pais itens de higiene pessoal (sabonete, fralda) e alimentos, prática apontada como inédita, na mesma época em que recursos municipais eram usados em obras de concreto ""debaixo da linha"".","Diretoria de Educação, Cultura, Esportes, Lazer e Turismo",Feita/cobrada pelo vereador,Pendente de Verificação,"Motivou o Requerimento nº 13/2024, apresentado na sessão seguinte (131ª)."
DEN-092,2024,131ª Sessão Ordinária da 18ª Legislatura,2024-03-11,"Anderson Marcos Viana, Teresinha de Lourdes Freitas Regodanso","Os vereadores relataram que a obra de reforma e ampliação do CCI (Centro de Convivência do Idoso) não estava sendo devidamente fiscalizada: a empresa terceirizada mantinha apenas de um a quatro funcionários por dia, o piso estava sendo instalado antes da cobertura e era de qualidade questionável, e a engenheira responsável teria chegado ao portão da obra e voltado sem entrar para fiscalizar.","Diretoria de Planejamento, Obras, Serviços e Manutenção",Feita/cobrada pelo vereador,Pendente de Verificação,Motivou o Requerimento nº 12/2024 e o pedido de vista que atrasou a votação do projeto de lei complementar nº 08/2024 (crédito adicional para a obra).
DEN-093,2024,131ª Sessão Ordinária da 18ª Legislatura,2024-03-11,"Anderson Marcos Viana, Helio Furini Neto, Teresinha de Lourdes Freitas Regodanso","Vereadores relataram que o cemitério e o velório municipal estavam havia tempos tomados pelo mato, com muro caído em parte do perímetro, situação que motivou comentários jocosos de visitantes de outra cidade presentes a um velório no local.","Diretoria de Planejamento, Obras, Serviços e Manutenção",Feita/cobrada pelo vereador,Pendente de Verificação,"Após a indicação (nº 54/2024) apresentada nesta mesma sessão, a roçagem foi realizada ainda na mesma semana, segundo relato do vereador Elio Furini Neto na sessão seguinte (132ª)."
DEN-094,2024,132ª Sessão Ordinária da 18ª Legislatura,2024-03-18,"Reinaldo Codognato, Teresinha de Lourdes Freitas Regodanso","Em reunião do Conselho de Segurança (CONSEG) do bairro Alto do Cene, um integrante relatou aos vereadores presentes ter presenciado um quase atropelamento de um pedestre em frente à nova farmácia municipal: um veículo passou em alta velocidade para não perder o sinal do semáforo enquanto a pessoa atravessava a rua para acessar a farmácia.","Diretoria Jurídica, Habitação e de Trânsito",Recebida pelo vereador,Pendente de Verificação,"Motivou a indicação nº 56/2024, apresentada na sessão anterior (131ª), solicitando marcação de solo ou lombada em frente à farmácia."
DEN-095,2024,132ª Sessão Ordinária da 18ª Legislatura,2024-03-18,Paulo Sérgio Cordeiro,"O vereador Paulo Sérgio Cordeiro relatou ter ido pessoalmente à Academia de Judô Municipal e constatado que a reforma anunciada consistiu apenas em pintura; segundo ele, o banheiro do local estava em condições tão precárias que teria vergonha de pedir a um pai ou mãe para utilizá-lo. O vereador afirmou ter filmado, mas optou por não divulgar o vídeo enquanto aguardava a reforma efetiva.","Diretoria de Educação, Cultura, Esportes, Lazer e Turismo",Feita/cobrada pelo vereador,Pendente de Verificação,"Motivou o Requerimento nº 16/2024, apresentado na mesma sessão."
DEN-096,2024,132ª Sessão Ordinária da 18ª Legislatura,2024-03-18,Helio Furini Neto,"O vereador Elio Furini Neto relatou reclamações de times visitantes durante campeonato realizado no Estádio Municipal Raphael Capelli sobre as condições dos vestiários: azulejos soltando, chuveiros pingando, privadas sem funcionar, falta de espaço e de iluminação adequada.","Diretoria de Educação, Cultura, Esportes, Lazer e Turismo",Recebida pelo vereador,Pendente de Verificação,"Terceira indicação consecutiva sobre o tema (reforçando indicações de 2022 e 2023); motivou a indicação nº 82/2024, apresentada na sessão seguinte (134ª)."
DEN-097,2024,133ª Sessão Ordinária da 18ª Legislatura,2024-03-25,Anderson Marcos Viana,"O vereador Anderson Marcos Viana relatou o sucateamento do transporte de pacientes do município: uma van usada como ambulância apresentava marcas de acidente, o cinto de segurança não encaixava, peças de ferro caíam do veículo, e o veículo parava a cada 10 quilômetros rodados, exigindo intervenção improvisada do próprio motorista para continuar a viagem.",Diretoria de Saúde,Feita/cobrada pelo vereador,Pendente de Verificação,Vereador afirmou ter recebido relatos de mais de seis munícipes sobre o mesmo veículo no mesmo dia e possuir vídeo do ocorrido.
DEN-098,2024,133ª Sessão Ordinária da 18ª Legislatura,2024-03-25,Anderson Marcos Viana,"O vereador Anderson Marcos Viana relatou novamente (reiterando reclamação de sessão anterior) que o terreno na esquina da Rua Sete de Setembro com a Rua Santa Terezinha mantinha uma poça de água parada, podre e esverdeada, tomada pelo mato, durante período de campanha municipal de combate à dengue.","Diretoria de Agronegócio, Indústria, Comércio e Meio Ambiente e Gestão de Resíduos Sólidos",Feita/cobrada pelo vereador,Pendente de Verificação,
DEN-099,2024,133ª Sessão Ordinária da 18ª Legislatura,2024-03-25,Anderson Marcos Viana,"O vereador Anderson Marcos Viana relatou que um ponto de ônibus foi construído ""dentro do mato"" no bairro Conde, em local de difícil acesso, dificultando a manobra do ônibus para realizar a parada.","Diretoria de Planejamento, Obras, Serviços e Manutenção",Feita/cobrada pelo vereador,Pendente de Verificação,Citado de forma breve pelo vereador como exemplo de má escolha de local para instalação de mobiliário urbano.
DEN-100,2024,134ª Sessão Ordinária da 18ª Legislatura,2024-04-01,Anderson Marcos Viana,"O vereador Anderson Marcos Viana relatou que a obra do salão comunitário do bairro Jardim Pioneiros estava com madeiramento novo exposto à chuva e ao sol por dias sem que a empresa retornasse ao local, e que havia fiação elétrica desencapada e emendada exposta ao lado de um playground, sem qualquer cercamento de segurança que impedisse o acesso de crianças.","Diretoria de Planejamento, Obras, Serviços e Manutenção",Feita/cobrada pelo vereador,Pendente de Verificação,
DEN-101,2024,134ª Sessão Ordinária da 18ª Legislatura,2024-04-01,Anderson Marcos Viana,"O vereador Anderson Marcos Viana relatou que a área verde do bairro Carmezinho 1 estava tomada pelo mato, com aparecimento de aranhas de grande porte, cobras e escorpiões — um funcionário teria capturado uma aranha do tamanho de um sapo — além de falta de iluminação no local.","Diretoria de Agronegócio, Indústria, Comércio e Meio Ambiente e Gestão de Resíduos Sólidos",Feita/cobrada pelo vereador,Pendente de Verificação,
DEN-102,2024,134ª Sessão Ordinária da 18ª Legislatura,2024-04-01,Anderson Marcos Viana,"O vereador Anderson Marcos Viana relatou que a obra de contenção do ""Buracão"" do Jardim Paulista (financiada por operação de crédito de aproximadamente R$ 2,5 milhões aprovada em 2023) estava novamente parada meses após o início esperado: as aduelas (manilhas de concreto) já instaladas começaram a ceder e cair, e o barranco erodido estava a poucos metros de uma residência.","Diretoria de Planejamento, Obras, Serviços e Manutenção",Feita/cobrada pelo vereador,Pendente de Verificação,"Tema relacionado ao Requerimento nº 09/2024, apresentado na sessão 129ª sobre a mesma operação de crédito."
DEN-103,2024,135ª Sessão Ordinária da 18ª Legislatura,2024-04-08,Anderson Marcos Viana,"O vereador critica publicamente a resposta da administração (ofício nº 022/2024) a um requerimento anterior seu sobre o calçamento construído pela Prefeitura na Rua Vitor Camargo Bunini (bairro Frei Galvão), ao lado do estabelecimento 3D Lava Rápido: alega que o ofício classificou o local como 'área verde', quando seria terreno particular onde há máquinas pesadas guardadas, e que a resposta não detalhou os gastos como solicitado, informando apenas a metragem de concreto usada. Afirma ter acionado o Ministério Público pela demora na resposta e informa que fará novo requerimento sobre o tema.","Diretoria de Planejamento, Obras, Serviços e Manutenção",Feita/cobrada pelo vereador,Pendente de Verificação,"A resposta formal a esse requerimento original (ofício nº 022/2024, informando o mesmo teor criticado pelo vereador) foi lida oficialmente na sessão seguinte (2024-04-15), como ofício nº 075/2024."
DEN-104,2024,135ª Sessão Ordinária da 18ª Legislatura,2024-04-08,Anderson Marcos Viana,"O vereador cobra, há cerca de 3 a 4 anos sem sucesso, uma simples roçagem de mato alto na Rua São Salvador (final do Jardim Alvorada, próximo à linha férrea), relatando que os próprios moradores acabam ateando fogo no matagal todos os anos para conseguir baixá-lo, na ausência de manutenção pelo poder público.",,Feita/cobrada pelo vereador,Pendente de Verificação,Não fica claro no texto qual diretoria seria responsável pela roçagem (Planejamento/Obras ou Agronegócio/Meio Ambiente e Gestão de Resíduos Sólidos); mantive null.
DEN-105,2024,137ª Sessão Ordinária da 18ª Legislatura,2024-04-22,Anderson Marcos Viana,"O vereador denuncia que a administração não cumpre o prazo legal de 15 dias para resposta aos requerimentos da Câmara, citando casos que levaram de 4 a 5 meses para serem respondidos. Relata ter feito denúncia ao Ministério Público, que respondeu que a fiscalização do cumprimento do prazo é de responsabilidade da própria Câmara Municipal, e pede que o assunto seja encaminhado à comissão composta pelos vereadores Rui Domingos da Silva, Sofia Rodrigues dos Santos e Teresinha de Lourdes Freitas Regodanso.",,Feita/cobrada pelo vereador,Pendente de Verificação,"Trata-se de reclamação sobre o funcionamento interno da administração/Câmara (prazo de resposta a requerimentos), sem diretoria específica de destino."
DEN-106,2024,137ª Sessão Ordinária da 18ª Legislatura,2024-04-22,Anderson Marcos Viana,"O vereador relata que moradores da Rua São Salvador (Jardim Alvorada), próximos à antiga linha férrea, receberam notificação judicial (decisão em audiência realizada em Andradina) determinando prazo de 1 ano para desocupação da área, restando cerca de 8 meses na data da fala. Argumenta que a própria administração municipal, em gestões anteriores, autorizou a ligação de água, energia e esgoto nessas residências, incentivando a ocupação, e cobra que a Prefeitura assuma responsabilidade e adote providências (como programa habitacional) para não deixar as famílias desamparadas.","Diretoria Jurídica, Habitação e de Trânsito",Feita/cobrada pelo vereador,Pendente de Verificação,
DEN-107,2024,137ª Sessão Ordinária da 18ª Legislatura,2024-04-22,Anderson Marcos Viana,"O vereador aponta contradição: enquanto famílias do Jardim Alvorada são notificadas judicialmente para deixar a faixa de domínio da antiga linha férrea, a Prefeitura estaria construindo, dentro dessa mesma área (que classifica como irregular, conforme projeto de retificação do DNIT), um salão comunitário no bairro Pioneiros, com recursos públicos da ordem de R$ 700 mil.","Diretoria de Planejamento, Obras, Serviços e Manutenção",Feita/cobrada pelo vereador,Pendente de Verificação,"O valor de R$ 700 mil e a irregularidade do terreno são alegações do próprio vereador, não confirmadas de forma independente no texto da sessão."
DEN-108,2024,138ª Sessão Ordinária da 18ª Legislatura,2024-04-29,Anderson Marcos Viana,"O vereador relata que bancos instalados na Rua José Reis (bairro Pioneiros) foram posicionados de forma incorreta pela equipe de obras, e que moradores que reclamaram diretamente ao setor responsável tiveram o pedido de correção recusado ('está bom demais'), permanecendo errados por cerca de 10 dias até que o próprio vereador fotografasse e divulgasse o caso em redes sociais, ocasião em que foram então corrigidos.","Diretoria de Planejamento, Obras, Serviços e Manutenção",Recebida pelo vereador,Pendente de Verificação,
DEN-109,2024,138ª Sessão Ordinária da 18ª Legislatura,2024-04-29,Anderson Marcos Viana,"O vereador relata situação crítica e antiga (mais de 4 anos) da lagoa de tratamento de esgoto do Jardim Paulista/bairro Carreiro: mau cheiro insuportável, lixo sendo jogado no local, e promessas reiteradas de solução (inclusive feitas por ele mesmo desde o início do mandato) nunca cumpridas.","Diretoria de Agronegócio, Indústria, Comércio e Meio Ambiente e Gestão de Resíduos Sólidos",Feita/cobrada pelo vereador,Pendente de Verificação,
DEN-110,2024,138ª Sessão Ordinária da 18ª Legislatura,2024-04-29,Anderson Marcos Viana,"O vereador relata problema de saúde pública próximo à Rua do CRAS/Avenida Junqueira: esgoto de um bueiro obstruído retorna à superfície ('água podre') e crianças da vizinhança continuam brincando na rua perto do local, mesmo após atuação pontual de uma equipe municipal (PIPA).","Diretoria de Planejamento, Obras, Serviços e Manutenção",Feita/cobrada pelo vereador,Pendente de Verificação,
DEN-111,2024,138ª Sessão Ordinária da 18ª Legislatura,2024-04-29,Teresinha de Lourdes Freitas Regodanso,"A vereadora relata que a obra da sede do Clube da Viola está paralisada novamente, apesar de promessas reiteradas de conclusão, e relata o falecimento recente de um dos integrantes idosos do clube (Anatalício/Natalício Inácio), que não chegou a ver a obra concluída, cobrando que promessas só sejam feitas quando houver real capacidade de cumpri-las.","Diretoria de Planejamento, Obras, Serviços e Manutenção",Feita/cobrada pelo vereador,Pendente de Verificação,"Na sessão seguinte (2024-05-06), o vereador Reinaldo Codognato informou que a obra estava em fase final (grades e portões), com promessa de conclusão até junho de 2024."
DEN-112,2024,138ª Sessão Ordinária da 18ª Legislatura,2024-04-29,Anderson Marcos Viana,"O vereador relata reclamação pública do time de futebol amador do bairro Vila São João, que teve de fazer rateio entre os próprios jogadores para custear transporte a jogos fora da cidade, e questiona a destinação da verba pública para o esporte municipal, alegando que ela seria concentrada no campeonato de campo (cuja inscrição já é paga pelos próprios times), enquanto atletas de outras modalidades (ex.: judô) dependeriam de rifas e vaquinhas das próprias famílias para competir fora da cidade.","Diretoria de Educação, Cultura, Esportes, Lazer e Turismo",Recebida pelo vereador,Pendente de Verificação,"O vereador também relata, sem citar nomes, ter ouvido de moradores de um bairro que 'pediram para o vereador errado', insinuando favorecimento político na liberação de obras conforme o vereador que fizer o pedido; trata-se de relato de boato, sem prova concreta apresentada na sessão."
DEN-113,2024,138ª Sessão Ordinária da 18ª Legislatura,2024-04-29,Anderson Marcos Viana,"Dando continuidade à cobrança sobre a área da antiga linha férrea no Jardim Alvorada, o vereador relata que uma máquina (retroescavadeira) da Prefeitura entrou na faixa da linha para alargar/nivelar a rua e abrir uma bacia de captação de água, mas o setor responsável nega poder roçar o mato da mesma área sob a justificativa de que 'a linha não é da administração', o que o vereador considera contraditório.","Diretoria de Planejamento, Obras, Serviços e Manutenção",Feita/cobrada pelo vereador,Pendente de Verificação,
DEN-114,2024,139ª Sessão Ordinária da 18ª Legislatura,2024-05-06,Anderson Marcos Viana,"O vereador relata que o município obteve, via emenda parlamentar do ex-Deputado Reinaldo Alguz, recurso de aproximadamente R$ 400 mil para a construção de um prédio próprio do CRAS, mas o valor acabou sendo devolvido sem uso, enquanto a Prefeitura continua pagando cerca de R$ 1.500,00 mensais de aluguel de um imóvel no bairro Alvorada para o funcionamento do CRAS.",Diretoria de Assistência Social,Feita/cobrada pelo vereador,Pendente de Verificação,"Relato ligado ao Requerimento nº 024/2024 (vereador Elio Furini Neto), que solicitou cópia da rescisão desse mesmo convênio."
DEN-115,2024,139ª Sessão Ordinária da 18ª Legislatura,2024-05-06,Anderson Marcos Viana,"O vereador relata que recurso de aproximadamente R$ 90 mil (mais R$ 20 mil adicionais, via emenda do vereador Reinaldo Codognato), obtido em nome da vereadora Marisa Alves da Silva Costa para ações de proteção/causa animal, não pôde ser efetivamente utilizado pela causa animal, apesar de o nome dela ter sido usado na captação do recurso.",,Feita/cobrada pelo vereador,Pendente de Verificação,"Não ficou claro no relato se o recurso foi de fato devolvido ao órgão de origem ou apenas permanece não utilizado, nem qual seria a diretoria responsável (causa/proteção animal não corresponde a nenhuma diretoria da lista oficial fornecida)."
DEN-116,2024,139ª Sessão Ordinária da 18ª Legislatura,2024-05-06,Anderson Marcos Viana,"Pela quarta vez, o vereador cobra o reparo definitivo (enterrar corretamente) de um cano de água na estrada que liga Junqueirópolis a Irapuru, próximo ao trevo Salgado Filho, que segundo ele quebra recorrentemente após a passagem de máquinas, causando vazamento prolongado de água tratada.","Diretoria de Planejamento, Obras, Serviços e Manutenção",Feita/cobrada pelo vereador,Pendente de Verificação,
DEN-117,2024,139ª Sessão Ordinária da 18ª Legislatura,2024-05-06,Anderson Marcos Viana,"O vereador relata reclamação de moradores do bairro Figueira sobre o atraso na construção de uma rotatória considerada perigosa na entrada do bairro (obra de R$ 382 mil, já aprovada pela Câmara em 20/02/2024), e desmente boato local de que os cinco vereadores tidos como 'oposição' estariam travando a obra, esclarecendo que o projeto já foi aprovado e que a execução depende apenas da administração.","Diretoria de Planejamento, Obras, Serviços e Manutenção",Feita/cobrada pelo vereador,Pendente de Verificação,
DEN-118,2024,139ª Sessão Ordinária da 18ª Legislatura,2024-05-06,Anderson Marcos Viana,"O vereador cobra, há cerca de 3 anos sem sucesso, a instalação de cerca de 5 postes de iluminação pública na área de lazer/playground do bairro Primavera, contrastando com a instalação recente de 13 novos postes ao longo da faixa da antiga linha férrea (área desabitada), e relata que a escuridão do playground do bairro obriga a população a deixar o local por volta das 18h-19h, favorecendo o uso de entorpecentes na área.","Diretoria de Planejamento, Obras, Serviços e Manutenção",Feita/cobrada pelo vereador,Pendente de Verificação,
DEN-119,2024,139ª Sessão Ordinária da 18ª Legislatura,2024-05-06,Anderson Marcos Viana,"O vereador relata problemas recorrentes no loteamento Orto do Seringal (cerca de 10 famílias): vazamento de água constante desde a inauguração do loteamento, buracos no asfalto, e uma cerca de arame farpado instalada junto a uma calçada de apenas cerca de 30 cm de largura, o que classifica como risco de acidente grave para pedestres e ciclistas que utilizam a via para caminhada.","Diretoria de Planejamento, Obras, Serviços e Manutenção",Feita/cobrada pelo vereador,Pendente de Verificação,
DEN-120,2024,141ª Sessão Ordinária da 18ª Legislatura,2024-05-20,Anderson Marcos Viana,"O vereador relata ter sido procurado por moradores e pela comunidade católica, que lhe entregaram cerca de 200 cartas em apoio ao Padre Silvio, pedindo uma explicação sobre a remoção do padre da paróquia local, e se comprometeu a buscar uma resposta concreta junto à hierarquia da Igreja sobre o ocorrido.",,Recebida pelo vereador,Pendente de Verificação,"Caso limítrofe: trata-se de assunto interno da Diocese/Paróquia Santo Antônio de Junqueirópolis (transferência de um padre), não de administração pública municipal, mas foi tratado nesta sessão como uma reivindicação concreta trazida por moradores ao vereador, com pedido explícito de providência dele. Incluído por se enquadrar na definição ampla de 'denúncia recebida de moradores sobre algo específico'."
DEN-121,2024,141ª Sessão Ordinária da 18ª Legislatura,2024-05-20,Anderson Marcos Viana,"O vereador relata caso concreto de uma cachorra que morreu num final de semana, gerando repercussão e discussão em grupos de redes sociais entre a família do animal e voluntárias da causa animal (incluindo a vereadora Marisa); ele ouviu áudios de ambos os lados e mediou pedindo desculpas às partes, ressaltando que a causa animal é responsabilidade de saúde pública que a administração não assume adequadamente.",,Recebida pelo vereador,Pendente de Verificação,"Caso limítrofe entre disputa privada e cobrança à administração pela falta de estrutura pública para causa animal; incluído por envolver um caso concreto relatado ao vereador, com pedido de mediação/providência."
DEN-122,2024,143ª Sessão Ordinária da 18ª Legislatura,2024-06-03,Anderson Marcos Viana,"O vereador relata ter enviado uma denúncia ao Ministério Público sobre irregularidades contra a administração/contra o prefeito, e que o Ministério Público respondeu que a apuração seria de competência da própria Câmara Municipal, motivo pelo qual pediu que o assunto fosse encaminhado à comissão formada pelos vereadores Rui Domingos da Silva, Sofia Rodrigues dos Santos e Teresinha de Lourdes Freitas Regodanso.",,Feita/cobrada pelo vereador,Pendente de Verificação,"O vereador não especifica no trecho transcrito qual seria exatamente a irregularidade denunciada ao Ministério Público; o contexto da fala é vago ('essas irregularidades... contra a administração, deixando bem claro a irregularidade contra o prefeito'). Não foi possível identificar com segurança o teor exato do fato denunciado nem a diretoria/órgão de destino."
DEN-123,2024,143ª Sessão Ordinária da 18ª Legislatura,2024-06-03,Anderson Marcos Viana,"O vereador relata ter enviado ofício em 30/04/2024 pedindo à administração uma resposta sobre o que está sendo feito para conter a contaminação de córregos do município (citando o Córrego Colibri, no bairro Palmeiras, e também um córrego no bairro Saúde) por despejo de esgoto, e que passados quase 90 dias (muito além do prazo legal de 15 dias) não obteve resposta.","Diretoria de Agronegócio, Indústria, Comércio e Meio Ambiente e Gestão de Resíduos Sólidos",Feita/cobrada pelo vereador,Pendente de Verificação,
DEN-124,2024,143ª Sessão Ordinária da 18ª Legislatura,2024-06-03,Anderson Marcos Viana,"O vereador denuncia o desaparecimento de aproximadamente 8 caminhões-truck de pedra portuguesa retirada do Praça do Centenário (destinada à reforma da praça), afirmando estar 'em cima' do caso e cobrando explicação sobre o destino desse patrimônio público, que segundo ele desapareceu sem justificativa.",,Feita/cobrada pelo vereador,Pendente de Verificação,O vereador não indica claramente a qual diretoria ou órgão está direcionando a cobrança; menciona apenas que 'vem na justiça' e está acompanhando o caso.
DEN-125,2024,144ª Sessão Ordinária da 18ª Legislatura,2024-06-10,Anderson Marcos Viana,"O vereador relata que um recurso de R$ 50 mil conseguido através do ex-Deputado Reinaldo Alguz para a Cooperativa Cooper Junque nunca foi repassado à entidade, e que até o momento não se sabe o que aconteceu com esse dinheiro.",,Feita/cobrada pelo vereador,Pendente de Verificação,"Relato pontual em explicações pessoais, sem detalhamento de quando o recurso foi obtido nem de qual órgão seria responsável pelo repasse; incluído por se tratar de caso concreto (verba pública supostamente não repassada) mencionado explicitamente pelo vereador."
DEN-126,2024,145ª Sessão Ordinária da 18ª Legislatura,2024-06-17,,"Carta anônima de um servidor público, lida em plenário pela vereadora Marisa Alves da Silva Costa, questiona por que a verba de R$ 2,5 milhões votada pela Câmara para tapar o buraco conhecido como 'Catengolândia' e realizar melhorias na Lagoa de Tratamento (apontada como muito fétida) não foi usada, enquanto o Executivo agiu rapidamente (inclusive de madrugada) para reverter em juízo a decisão sobre os cargos comissionados.","Diretoria de Planejamento, Obras, Serviços e Manutenção",Relatada em documento/ofício,Pendente de Verificação,"O valor de R$ 2,5 milhões e o projeto específico não foram confirmados de forma independente no texto da sessão (a carta é de autoria de um munícipe/servidor não identificado, com fatos não verificados pela própria vereadora que a leu). A Lagoa de Tratamento pode se enquadrar também em Diretoria de Agronegócio/Meio Ambiente; mantive Obras por ser a diretoria mais associada ao 'buracão' mencionado."
DEN-127,2024,145ª Sessão Ordinária da 18ª Legislatura,2024-06-17,Anderson Marcos Viana,"O vereador relata caso concreto de uma moradora aposentada, que recebe salário mínimo, com receita médica de 13 medicamentos de uso contínuo (para problema cardíaco), da qual conseguiu apenas 1 na rede pública, tendo que arcar sozinha com cerca de R$ 500 para os demais.",Diretoria de Saúde,Recebida pelo vereador,Pendente de Verificação,
DEN-128,2024,145ª Sessão Ordinária da 18ª Legislatura,2024-06-17,Anderson Marcos Viana,"O vereador levanta suspeita de favorecimento no processo seletivo para as vagas de cuidadores/técnica de enfermagem da nova residência terapêutica (parceria com a Santa Casa), alegando que moradores o procuraram e que, segundo ele, os selecionados seriam recorrentemente dos mesmos sobrenomes/famílias, e que pedirá explicações sobre o critério de seleção utilizado.",,Feita/cobrada pelo vereador,Pendente de Verificação,"Suspeita levantada sem provas concretas apresentadas na sessão; o próprio vereador afirma que ainda vai pedir explicações formalmente. Não ficou claro se o processo seletivo foi conduzido pela Santa Casa, pela administração municipal ou por ambas, nem a diretoria responsável."
DEN-129,2024,146ª Sessão Ordinária da 18ª Legislatura,2024-06-25,Anderson Marcos Viana,"Vereador relata ter recebido várias denúncias, nos dias anteriores, sobre irregularidades no processo seletivo da Santa Casa (favorecimento, sempre as mesmas pessoas sendo selecionadas), afirmando que, ao voltar do recesso, encaminhará documentação sobre o caso aos órgãos responsáveis, incluindo o Ministério Público, já que instituições que recebem dinheiro público em folha de pagamento são obrigadas a realizar processo seletivo.",Santa Casa de Misericórdia de Junqueirópolis,Recebida pelo vereador,Pendente de Verificação,"Relato feito em explicação pessoal no arquivo 'clipe' 2024-06-25_sessao.txt. O vereador não detalhou publicamente o conteúdo específico das denúncias recebidas, apenas o tema (processo seletivo) e sua intenção de formalizar o caso ao Ministério Público."
DEN-130,2024,149ª Sessão Ordinária da 18ª Legislatura,2024-08-20,Anderson Marcos Viana,"Vereador relata ter recebido ligações e relatos de denúncias anônimas da população sobre eventuais irregularidades ocorridas no Centro de Atenção Psicossocial (CAPS), o que motivou a apresentação do Requerimento nº 031/2024 solicitando as filmagens das câmeras de segurança do local para apurar o caso.",Centro de Atenção Psicossocial (CAPS),Recebida pelo vereador,Pendente de Verificação,"Relato feito em explicação pessoal, ligado diretamente ao Requerimento nº 031/2024. Data da sessão conforme texto: 19/08/2024 (nome do arquivo: 2024-08-20). O vereador não detalhou publicamente a natureza específica das irregularidades denunciadas."
DEN-131,2024,152ª Sessão Ordinária da 18ª Legislatura,2024-09-09,Anderson Marcos Viana,"Vereador cobra, em explicação pessoal, resposta a requerimento apresentado há cerca de 5 meses sobre as providências tomadas em relação à contaminação dos córregos do bairro Palmeira, relatando que nenhum requerimento seu recebeu resposta desde o retorno do recesso, com atrasos de 5 a 6 meses e, quando respondidos, com respostas que ele qualifica como não condizentes com a verdade.","Diretoria de Agronegócio, Indústria, Comércio e Meio Ambiente e Gestão de Resíduos Sólidos",Feita/cobrada pelo vereador,Pendente de Verificação,"Relato feito em explicação pessoal no arquivo 2024-09-10_sessao.txt (152ª Sessão Ordinária, realizada em 09/09/2024). O vereador não especificou o número do requerimento original sobre a contaminação dos córregos (não localizado nos lotes já processados até o momento desta extração). Diretoria de destino inferida por ser tema ambiental; não confirmada no texto."
DEN-132,2024,154ª Sessão Ordinária da 18ª Legislatura,2024-09-23,Anderson Marcos Viana,"Vereador relata divergência entre uma resposta da administração municipal a um ofício seu (afirmando existir convênio com a CDHU desde 2021 para construção de 100 casas populares no bairro Vila Liberta/Delta Ville 1 e 2, mais 130 unidades do programa Minha Casa Minha Vida) e a informação obtida diretamente junto à CDHU, segundo a qual o município não possui convênio com o órgão desde 2019.","Diretoria de Licitações, Contratos e Convênios",Relatada em documento/ofício,Pendente de Verificação,"Relato feito em explicação pessoal no arquivo 2024-09-24_sessao.txt (154ª Sessão Ordinária, realizada em 23/09/2024). Vereador cita ofício anterior da administração sobre o tema, cujo número/data não foi mencionado na fala. Diretoria de destino inferida (tema de convênio habitacional); poderia também ser atribuída à Diretoria Jurídica, Habitação e de Trânsito."
DEN-133,2024,154ª Sessão Ordinária da 18ª Legislatura,2024-09-23,Anderson Marcos Viana,"Vereador denuncia possível divergência de valores na obra da rotatória do bairro Figueira: a placa de obra no local indica R$ 325 mil, enquanto o valor aprovado pela Câmara para a obra foi de R$ 384 mil, questionando o destino da diferença e cobrando a conclusão de um trecho de terra ainda pendente no local.","Diretoria de Planejamento, Obras, Serviços e Manutenção",Feita/cobrada pelo vereador,Pendente de Verificação,"Relato feito em explicação pessoal no arquivo 2024-09-24_sessao.txt (154ª Sessão Ordinária, realizada em 23/09/2024)."
DEN-134,2024,154ª Sessão Ordinária da 18ª Legislatura,2024-09-23,Anderson Marcos Viana,"Vereador denuncia fiscalização de trânsito seletiva na Avenida Junqueira: cita caso de uma munícipe multada por estacionar a moto poucos minutos em vaga com sinalização mal definida, em contraste com uma caminhonete que, segundo relato e registro fotográfico apresentados a ele, estacionou sobre três a quatro vagas de moto próximo ao Posto São Paulo sem qualquer autuação ou advertência.","Diretoria Jurídica, Habitação e de Trânsito",Feita/cobrada pelo vereador,Pendente de Verificação,"Relato feito em explicação pessoal no arquivo 2024-09-24_sessao.txt (154ª Sessão Ordinária, realizada em 23/09/2024), em complemento à fala da vereadora Marisa Alves da Silva Costa sobre o mesmo local (base da Indicação nº 178/2024)."
DEN-135,2024,154ª Sessão Ordinária da 18ª Legislatura,2024-09-23,Anderson Marcos Viana,"Vereador denuncia atraso de mais de 5 meses na licitação para compra de veneno contra pernilongos (mosquitos), com infestação relatada nos bairros Figueira, Jardim Paulista, Carmesin 1 e 2, Jardim Alvorada, Alto do Cene, Residencial das Américas e Jardim Campo Belo, citando visita própria a alguns desses bairros junto com outro vereador para constatar a situação (larvas) e resposta oficial a ofício seu confirmando a demora.",Diretoria de Saúde,Feita/cobrada pelo vereador,Pendente de Verificação,"Relato feito em explicação pessoal no arquivo 2024-09-24_sessao.txt (154ª Sessão Ordinária, realizada em 23/09/2024), em referência à sua própria Indicação nº 182/2024 apresentada na mesma sessão. Diretoria de destino incerta entre Diretoria de Saúde (controle de vetores) e Diretoria de Agronegócio, Indústria, Comércio e Meio Ambiente e Gestão de Resíduos Sólidos; optou-se pela primeira por se tratar de controle de vetor de doença."
DEN-136,2024,156ª Sessão Ordinária da 18ª Legislatura,2024-10-07,Anderson Marcos Viana,"Vereador relata, após receber o parecer técnico da administração em resposta ao Requerimento nº 031/2024 (sobre as gravações das câmeras do CAPS), que munícipes lhe apresentaram gravações diferentes das informações constantes no parecer oficial, afirmando que vai apurar a divergência com os colaboradores responsáveis pela pasta e que, se houver irregularidade, os responsáveis 'arcarão com o peso da lei'.",Diretoria Administrativa,Recebida pelo vereador,Pendente de Verificação,"Relato feito em explicação pessoal no arquivo 2024-10-08_sessao.txt (156ª Sessão Ordinária, realizada em 07/10/2024), em continuidade ao Requerimento nº 031/2024 (já registrado no lote 17) e ao parecer técnico sobre a gravação do DVR lido no expediente dessa mesma sessão. Vereador não detalhou publicamente o conteúdo específico da divergência apontada pelos munícipes."
DEN-137,2024,157ª Sessão Ordinária da 18ª Legislatura,2024-10-15,Anderson Marcos Viana,"Relata queda de um poste de aproximadamente 4 metros de altura no bairro Primavera, atribuída a um carro que deu ré e o atingiu; ao verificar a estrutura, constata que a base de concreto do poste não possui nenhum ferro/armação, e que cerca de 30 a 40 postes do mesmo padrão foram instalados no município sem ferragem na base, colocando a população em risco. Cobra que o engenheiro responsável pela obra venha à Casa dar explicações.","Diretoria de Planejamento, Obras, Serviços e Manutenção",Feita/cobrada pelo vereador,Pendente de Verificação,
DEN-138,2024,157ª Sessão Ordinária da 18ª Legislatura,2024-10-15,Anderson Marcos Viana,"Relata canaleta funda aberta na Avenida Bandeirantes, próximo à clínica de fisioterapia, sem qualquer sinalização de segurança apesar de pedidos anteriores; cita acidentes recentes com moto e ciclista devido à falta de aviso sobre a depressão no asfalto.","Diretoria de Planejamento, Obras, Serviços e Manutenção",Feita/cobrada pelo vereador,Pendente de Verificação,
DEN-139,2024,157ª Sessão Ordinária da 18ª Legislatura,2024-10-15,Anderson Marcos Viana,"Relata que a obra de grande porte no Jardim Paulista, orçada em R$ 2,5 milhões e já com o recurso liberado pela Casa, está com o prazo de execução de 153 dias vencido e sem previsão de conclusão, gerando preocupação na população local.","Diretoria de Planejamento, Obras, Serviços e Manutenção",Feita/cobrada pelo vereador,Pendente de Verificação,
DEN-140,2024,158ª Sessão Ordinária da 18ª Legislatura,2024-10-22,Anderson Marcos Viana,"Contesta a resposta recebida ao seu ofício sobre a remoção da lombada (Rua Constantino Marculino de Souza/Rua Santa Fé) e da plataforma de concreto da academia ao ar livre do Alto do Sene (posteriormente quebrada para instalação de um playground): a Diretoria de Obras alegou que houve acompanhamento técnico responsável, mas o setor de engenharia nega ter participado dessas obras, sem que ninguém assuma a responsabilidade pelo retrabalho custeado com recursos próprios (imposto da população).","Diretoria de Planejamento, Obras, Serviços e Manutenção",Feita/cobrada pelo vereador,Pendente de Verificação,"Trata-se de desdobramento do Ofício nº 204/2024, lido nesta mesma sessão em resposta a ofício anterior do vereador Anderson Marcos Viana (protocolo 2596/2024)."
DEN-141,2024,158ª Sessão Ordinária da 18ª Legislatura,2024-10-22,Anderson Marcos Viana,"Denuncia a revogação, por portaria, da gratificação de insalubridade de um servidor municipal cerca de 15 dias após a eleição, sem justificativa apresentada; afirma que o funcionário, que estava de férias e recebia a gratificação havia anos, teria sido o único a sofrê-la, interpretando o ato como possível perseguição por seu apoio à campanha do vereador.","Diretoria de Fazenda, Compras, Almoxarifado e Recursos Humanos",Feita/cobrada pelo vereador,Pendente de Verificação,"Vereador não identificou o servidor pelo nome; relato feito em tom de denúncia de perseguição política, sem confirmação da administração no mesmo trecho."
DEN-142,2024,159ª Sessão Ordinária da 18ª Legislatura,2024-10-29,Anderson Marcos Viana,"Relata falhas recorrentes na iluminação pública em diversos bairros e ruas (Bela Vista, Seringal, praça da curva do S, Rua Campos Salles, Rua Lucélia), com lâmpadas trocadas recentemente já apagadas em poucos meses; cobra que a empresa contratada para manutenção da rede de iluminação faça rondas periódicas noturnas em vez de depender de notificação da própria administração.","Diretoria de Planejamento, Obras, Serviços e Manutenção",Feita/cobrada pelo vereador,Pendente de Verificação,
DEN-143,2024,159ª Sessão Ordinária da 18ª Legislatura,2024-10-29,Anderson Marcos Viana,"Relata a queda de mais um poste no bairro Frei Galvão, mal posicionado na calçada, cinco dias após moradores terem avisado que ele estava danificado; afirma que um encarregado de obras passou pelo local sem tomar providências apesar do aviso prévio.","Diretoria de Planejamento, Obras, Serviços e Manutenção",Feita/cobrada pelo vereador,Pendente de Verificação,
DEN-144,2024,159ª Sessão Ordinária da 18ª Legislatura,2024-10-29,Anderson Marcos Viana,"Relata que a porta do Salão Comunitário do bairro Jardim Pioneiros não fecha corretamente desde a entrega da obra, deixando o espaço vulnerável a invasões durante a noite, com moradores preocupados com possível depredação.","Diretoria de Planejamento, Obras, Serviços e Manutenção",Feita/cobrada pelo vereador,Pendente de Verificação,
DEN-145,2024,159ª Sessão Ordinária da 18ª Legislatura,2024-10-29,Anderson Marcos Viana,"Relata que, diferentemente dos demais vereadores, é exigido dele um ofício votado e aprovado em plenário para poder ingressar em órgãos públicos municipais (cita tentativas de visita ao CAPS e à residência terapêutica), o que classifica como discriminação/perseguição contra sua pessoa.",Diretoria Administrativa,Feita/cobrada pelo vereador,Pendente de Verificação,"Relato de cunho pessoal/político; o vereador atribui a exigência a discriminação, sem confirmação formal da administração no mesmo trecho."
DEN-146,2024,160ª Sessão Ordinária da 18ª Legislatura,2024-11-04,Anderson Marcos Viana,"Relata que a Academia de Judô, reformada recentemente após anos de cobrança dos vereadores, voltou a apresentar infiltrações na primeira chuva forte, obrigando ao cancelamento das aulas; questiona a qualidade da reforma.","Diretoria de Planejamento, Obras, Serviços e Manutenção",Feita/cobrada pelo vereador,Pendente de Verificação,"Data da sessão conforme mencionada no texto (4 de novembro de 2024), divergente do nome do arquivo (2024-11-05)."
DEN-147,2024,160ª Sessão Ordinária da 18ª Legislatura,2024-11-04,"Anderson Marcos Viana, Valdir Aparecido de Oliveira","Relata que a administração negou pedido de visita dos vereadores ao Centro de Atenção Psicossocial (CAPS), exigindo prévia aprovação em plenário para caracterizar a fiscalização, conforme ofício nº 209/2024 recebido em resposta ao ofício da Câmara.",Diretoria de Saúde,Relatada em documento/ofício,Pendente de Verificação,"Data da sessão conforme mencionada no texto (4 de novembro de 2024), divergente do nome do arquivo (2024-11-05)."
DEN-148,2024,161ª Sessão Ordinária da 18ª Legislatura,2024-11-11,Anderson Marcos Viana,"Relata colapso de tubulação de drenagem (""buracão"") no Jardim Paulista, com risco de o dano atingir a lagoa de tratamento de esgoto; menciona que aduelas já haviam caído anteriormente e a chuva derrubou mais quatro.","Diretoria de Planejamento, Obras, Serviços e Manutenção",Feita/cobrada pelo vereador,Pendente de Verificação,"Data da sessão conforme mencionada no texto (11 de novembro de 2024), divergente do nome do arquivo (2024-11-12)."
DEN-149,2024,161ª Sessão Ordinária da 18ª Legislatura,2024-11-11,Anderson Marcos Viana,"Relata que a reforma do CCI (Centro de Convivência do Idoso), em andamento há mais de um ano, apresenta pisos sendo instalados antes da devida vedação, com vazamento aparente de caixa d'água nas paredes.","Diretoria de Planejamento, Obras, Serviços e Manutenção",Feita/cobrada pelo vereador,Pendente de Verificação,"Data da sessão conforme mencionada no texto (11 de novembro de 2024), divergente do nome do arquivo (2024-11-12)."
DEN-150,2024,161ª Sessão Ordinária da 18ª Legislatura,2024-11-11,Anderson Marcos Viana,"Relata o desaparecimento de aproximadamente seis caminhões de pedras portuguesas do Jardim Álvaro de Junqueira, desde 2019, sem explicação da administração sobre o destino do material.","Diretoria de Planejamento, Obras, Serviços e Manutenção",Feita/cobrada pelo vereador,Pendente de Verificação,"Data da sessão conforme mencionada no texto (11 de novembro de 2024), divergente do nome do arquivo (2024-11-12)."
DEN-151,2024,163ª Sessão Ordinária da 18ª Legislatura,2024-11-25,Anderson Marcos Viana,"Relata mato alto e falta de manutenção em diversas praças da cidade (Delta Ville 1 e 2, praça no Frei Galvão), tornando os espaços impróprios para uso pela população.","Diretoria de Planejamento, Obras, Serviços e Manutenção",Feita/cobrada pelo vereador,Pendente de Verificação,"Data da sessão conforme mencionada no texto (25 de novembro de 2024), divergente do nome do arquivo (2024-11-26)."
DEN-152,2024,163ª Sessão Ordinária da 18ª Legislatura,2024-11-25,Anderson Marcos Viana,"Relata furtos e vandalismo em veículos oficiais em menos de um mês: um caminhão-pipa arrombado e furtado (danos estimados em cerca de R$ 50 mil), uma viatura da saúde e uma caminhonete do setor de trânsito sabotada (parafusos e pregos colocados no motor), com boletim de ocorrência registrado.",Diretoria Administrativa,Feita/cobrada pelo vereador,Pendente de Verificação,"Data da sessão conforme mencionada no texto (25 de novembro de 2024), divergente do nome do arquivo (2024-11-26)."
DEN-153,2024,163ª Sessão Ordinária da 18ª Legislatura,2024-11-25,Anderson Marcos Viana,"Relata que o recapeamento asfáltico da Avenida Junqueira, refeito duas vezes em seis meses, já está novamente destruído, e questiona se há garantia sobre o serviço.","Diretoria de Planejamento, Obras, Serviços e Manutenção",Feita/cobrada pelo vereador,Pendente de Verificação,"Data da sessão conforme mencionada no texto (25 de novembro de 2024), divergente do nome do arquivo (2024-11-26)."
DEN-154,2024,163ª Sessão Ordinária da 18ª Legislatura,2024-11-25,Anderson Marcos Viana,"Relata que cortes no asfalto feitos para instalação de redutores de velocidade em diversos pontos da cidade (em frente ao ginásio de esportes, próximo à casa da Sra. Neide Macedo) nunca foram concluídos, alguns há mais de um ano.","Diretoria de Planejamento, Obras, Serviços e Manutenção",Feita/cobrada pelo vereador,Pendente de Verificação,"Data da sessão conforme mencionada no texto (25 de novembro de 2024), divergente do nome do arquivo (2024-11-26)."
DEN-155,2024,163ª Sessão Ordinária da 18ª Legislatura,2024-11-25,Anderson Marcos Viana,"Relata o rompimento de uma passagem/represa de terra no bairro Segunda Sessão, que teria feito o rio da região ""sumir"" (secar/desviar) após forte chuva, sem que o setor responsável tenha tomado providências.","Diretoria de Planejamento, Obras, Serviços e Manutenção",Feita/cobrada pelo vereador,Pendente de Verificação,"Data da sessão conforme mencionada no texto (25 de novembro de 2024), divergente do nome do arquivo (2024-11-26)."
DEN-156,2024,163ª Sessão Ordinária da 18ª Legislatura,2024-11-25,Anderson Marcos Viana,"Relata abandono, há anos, da estrada rural nos bairros Tacoara e Sudabanana, próximo à ponte, sem manutenção do setor responsável.","Diretoria de Planejamento, Obras, Serviços e Manutenção",Feita/cobrada pelo vereador,Pendente de Verificação,"Data da sessão conforme mencionada no texto (25 de novembro de 2024), divergente do nome do arquivo (2024-11-26)."
DEN-157,2024,163ª Sessão Ordinária da 18ª Legislatura,2024-11-25,Anderson Marcos Viana,"Questiona divergência de valores na obra da rotatória do bairro Figueira: R$ 384 mil aprovados nesta Casa, enquanto a placa da obra no local indica R$ 325 mil, questionando o destino dos R$ 59 mil restantes e sugerindo aplicação em lama asfáltica para reduzir risco de acidentes na lateral da rotatória.","Diretoria de Licitações, Contratos e Convênios",Feita/cobrada pelo vereador,Pendente de Verificação,"Data da sessão conforme mencionada no texto (25 de novembro de 2024), divergente do nome do arquivo (2024-11-26)."
DEN-158,2024,163ª Sessão Ordinária da 18ª Legislatura,2024-11-25,Anderson Marcos Viana,"Denuncia formalmente na tribuna o que classifica como mau uso de bem público: ambulância (Citroën Jumper, placa frota 1913) parada há cerca de três anos em oficina mecânica na cidade de Tupi Paulista, sem solução de conserto ou venda, enquanto a população enfrenta falta de ambulâncias disponíveis.",Diretoria de Saúde,Feita/cobrada pelo vereador,Pendente de Verificação,"Data da sessão conforme mencionada no texto (25 de novembro de 2024), divergente do nome do arquivo (2024-11-26). O vereador afirma explicitamente na tribuna se tratar de uma ""denúncia"" por mau uso do patrimônio público."
DEN-159,2024,163ª Sessão Ordinária da 18ª Legislatura,2024-11-25,Anderson Marcos Viana,"Relata falta de ambulâncias disponíveis para atendimento no dia da sessão (pacientes aguardando em Presidente Prudente e Dracena), além de outros veículos da frota de saúde parados: uma Fiat Doblô com motor fundido há cerca de sete meses e um VW Polo com problema mecânico há cerca de uma semana.",Diretoria de Saúde,Feita/cobrada pelo vereador,Pendente de Verificação,"Data da sessão conforme mencionada no texto (25 de novembro de 2024), divergente do nome do arquivo (2024-11-26)."
DEN-160,2024,163ª Sessão Ordinária da 18ª Legislatura,2024-11-25,Anderson Marcos Viana,"Relata água parada há anos na esquina da Rua Santa Terezinha com a Rua 7 de Setembro, formando poça e servindo de criadouro de mosquitos, sem que o setor responsável tenha localizado ou resolvido o problema.","Diretoria de Planejamento, Obras, Serviços e Manutenção",Feita/cobrada pelo vereador,Pendente de Verificação,"Data da sessão conforme mencionada no texto (25 de novembro de 2024), divergente do nome do arquivo (2024-11-26)."
DEN-161,2024,163ª Sessão Ordinária da 18ª Legislatura,2024-11-25,Anderson Marcos Viana,"Menciona denúncia formal apresentada por ele nesta Casa em 2022 sobre descarte irregular de medicamentos (vencidos e não vencidos) pela pasta da Saúde; segundo o vereador Reinaldo Codognato, presidente da Comissão de Saúde, a apuração (Câmara, Polícia Civil e Ministério Público) foi arquivada por falta de provas após cerca de quatro a cinco meses.",Diretoria de Saúde,Feita/cobrada pelo vereador,Pendente de Verificação,"Fato original ocorrido e denunciado em 2022, mas retomado e discutido nesta sessão de 25/11/2024 (arquivo 2024-11-26); incluído no lote por ter sido mencionado no texto da transcrição processada."
DEN-162,2024,163ª Sessão Ordinária da 18ª Legislatura,2024-11-25,Anderson Marcos Viana,"Relata situação de moradores próximos à faixa de domínio da concessionária Rumo Malha Paulista S.A. (rota ecológica), sob risco de despejo/reintegração de posse, com prazo judicial até janeiro para retirada.","Diretoria Jurídica, Habitação e de Trânsito",Recebida pelo vereador,Pendente de Verificação,"Data da sessão conforme mencionada no texto (25 de novembro de 2024), divergente do nome do arquivo (2024-11-26). Relacionado ao Requerimento nº 042/2024."
DEN-163,2024,164ª Sessão Ordinária da 18ª Legislatura,2024-12-02,Anderson Marcos Viana,"Relata início de buracos na Rua Marconi, próximo ao Recinto de Exposições da ACERUVA, agravados pelas chuvas.","Diretoria de Planejamento, Obras, Serviços e Manutenção",Feita/cobrada pelo vereador,Pendente de Verificação,"Data da sessão conforme mencionada no texto (2 de dezembro de 2024), divergente do nome do arquivo (2024-12-03)."
DEN-164,2024,164ª Sessão Ordinária da 18ª Legislatura,2024-12-02,"Anderson Marcos Viana, Reinaldo Codognato","Relata alagamento e retorno de esgoto para dentro de residências no bairro Figueira durante forte chuva, incluindo a casa do morador Juarez.","Diretoria de Planejamento, Obras, Serviços e Manutenção",Feita/cobrada pelo vereador,Pendente de Verificação,"Data da sessão conforme mencionada no texto (2 de dezembro de 2024), divergente do nome do arquivo (2024-12-03)."
DEN-165,2024,164ª Sessão Ordinária da 18ª Legislatura,2024-12-02,Anderson Marcos Viana,"Relata afundamento progressivo da pavimentação na Avenida Junqueira, próximo à garagem do Evandro no Jardim Alvorada, sem sinalização de segurança no local.","Diretoria de Planejamento, Obras, Serviços e Manutenção",Feita/cobrada pelo vereador,Pendente de Verificação,"Data da sessão conforme mencionada no texto (2 de dezembro de 2024), divergente do nome do arquivo (2024-12-03)."
DEN-166,2024,164ª Sessão Ordinária da 18ª Legislatura,2024-12-02,Anderson Marcos Viana,"Relata que obra de drenagem realizada pela administração no Recanto dos Eucaliptos (bairro Figueira) desviou incorretamente o escoamento de água de chuva para dentro do loteamento, inundando a casa de um morador (""Barba"").","Diretoria de Planejamento, Obras, Serviços e Manutenção",Feita/cobrada pelo vereador,Pendente de Verificação,"Data da sessão conforme mencionada no texto (2 de dezembro de 2024), divergente do nome do arquivo (2024-12-03)."
DEN-167,2024,164ª Sessão Ordinária da 18ª Legislatura,2024-12-02,Anderson Marcos Viana,"Relata canaletas entupidas no centro da cidade (região da padaria da Bernadette e da lotérica), causando transtornos a comerciantes durante as chuvas por falta de limpeza.","Diretoria de Planejamento, Obras, Serviços e Manutenção",Feita/cobrada pelo vereador,Pendente de Verificação,"Data da sessão conforme mencionada no texto (2 de dezembro de 2024), divergente do nome do arquivo (2024-12-03)."
DEN-168,2024,164ª Sessão Ordinária da 18ª Legislatura,2024-12-02,Anderson Marcos Viana,"Relata infiltrações de água e mau cheiro (possível animal morto no telhado) no velório municipal durante um velório, apesar de reforma concluída havia cerca de cinco meses.","Diretoria de Planejamento, Obras, Serviços e Manutenção",Feita/cobrada pelo vereador,Pendente de Verificação,"Data da sessão conforme mencionada no texto (2 de dezembro de 2024), divergente do nome do arquivo (2024-12-03)."
DEN-169,2024,164ª Sessão Ordinária da 18ª Legislatura,2024-12-02,Anderson Marcos Viana,"Divulga em plenário alerta do Tribunal de Contas do Estado de São Paulo (processo TC 4264989/24) apontando que o município superou o limite de despesa com pessoal do art. 167 da Constituição Federal (93,44% ante limite de 85%), além de outras situações fiscais desfavoráveis (execução orçamentária e liquidez).","Diretoria de Fazenda, Compras, Almoxarifado e Recursos Humanos",Relatada em documento/ofício,Pendente de Verificação,"Data da sessão conforme mencionada no texto (2 de dezembro de 2024), divergente do nome do arquivo (2024-12-03)."
DEN-170,2024,165ª Sessão Ordinária da 18ª Legislatura,2024-12-09,Anderson Marcos Viana,"Relata avanço de erosão na vicinal João Furini, próximo ao bairro Picapau, já próxima do asfalto, com sinalização precária (placa torta) no local.","Diretoria de Planejamento, Obras, Serviços e Manutenção",Feita/cobrada pelo vereador,Pendente de Verificação,"Data da sessão conforme mencionada no texto (9 de dezembro de 2024), divergente do nome do arquivo (2024-12-10). Relacionado à Indicação nº 223/2024."
DEN-171,2024,165ª Sessão Ordinária da 18ª Legislatura,2024-12-09,Anderson Marcos Viana,"Relata que o trecho final da Avenida Junqueira, no Jardim Alvorada, continua com o asfalto afundando, sem qualquer sinalização de segurança (cavaletes ou fita), semanas após o problema ter sido relatado pela primeira vez.","Diretoria de Planejamento, Obras, Serviços e Manutenção",Feita/cobrada pelo vereador,Pendente de Verificação,"Data da sessão conforme mencionada no texto (9 de dezembro de 2024), divergente do nome do arquivo (2024-12-10). Situação já relatada na sessão de 2/12/2024; relacionado à Indicação nº 223/2024."
DEN-172,2024,165ª Sessão Ordinária da 18ª Legislatura,2024-12-09,,Registra ofício da Promotoria de Justiça de Junqueirópolis informando a instauração de inquérito civil (nº 0317.0000151/2024) para apurar irregularidades na contratação de cargos em comissão no município.,Prefeito Municipal,Relatada em documento/ofício,Pendente de Verificação,"Data da sessão conforme mencionada no texto (9 de dezembro de 2024), divergente do nome do arquivo (2024-12-10). Não há vereador denunciante específico; trata-se de ofício externo do Ministério Público lido em sessão."
DEN-173,2025,Primeira Sessão Ordinária da 19ª Legislatura,2025-02-03,Anderson Marcos Viana,"Durante debate sobre a retirada de placas de homenagem na rota ecológica, o vereador Anderson Marcos Viana mencionou que a obra (pontilhão/estrutura) não havia sido autorizada pela concessionária ferroviária Rumo, e que o munícipe José Árabes chegou a fazer uma denúncia à Rumo sobre isso, o que gerou uma audiência entre a empresa e os envolvidos.",Rumo (concessionária ferroviária),Recebida pelo vereador,Pendente de Verificação,"A denúncia foi feita pelo munícipe José Árabes diretamente à empresa Rumo, não ao vereador; Anderson Marcos Viana apenas relatou o fato oralmente em sessão (não há documento/ofício lido). Nenhum dos 4 tipos padrão descreve perfeitamente esse caso — classificado como 'Recebida pelo vereador' por ser a opção mais próxima, mas com incerteza sobre o canal exato."
DEN-174,2025,2ª Sessão Ordinária da 19ª Legislatura (sessão de 10 de fevereiro de 2025),2025-02-10,Anderson Marcos Viana,"O vereador Anderson Marcos Viana relatou que, após receber denúncias anônimas, descobriu o paradeiro de pedras portuguesas (patrimônio público retirado do jardim centenário) enterradas em um terreno atrás do campo esportivo das Duas Barras. Ele próprio registrou uma denúncia por telefone, indicando o local exato, foi até lá e encontrou parte das pedras enterradas; cobrou da administração que apure e responsabilize quem enterrou o material, anunciando o envio de um ofício formal sobre o caso.",,Feita/cobrada pelo vereador,Pendente de Verificação,
DEN-175,2025,4ª Sessão Ordinária da 19ª Legislatura,2025-02-24,Anderson Marcos Viana,"O vereador Anderson Marcos Viana relatou que, no mandato passado, foi alvo de uma denúncia anônima questionando sua atuação profissional (enfermagem do trabalho) em instituições conveniadas com a prefeitura (Lar Santo Antônio, Santa Casa), o que resultou em processo de cassação de seu mandato na Câmara; os vereadores da época votaram a favor dele, rejeitando a cassação. Ele citou o episódio ao reclamar que hoje enfrenta impedimento semelhante, por parecer jurídico da administração, para assumir um novo emprego.",Câmara Municipal de Junqueirópolis (processo de cassação de mandato),Contra o vereador,Pendente de Verificação,
DEN-176,2025,8ª Sessão Ordinária da 19ª Legislatura,2025-03-24,Adriano de Marcos Lopes,"O vereador Adriano de Marcos Lopes afirmou ter recebido denúncia de ex-funcionários da prefeitura sobre o local exato, atrás do campo das Duas Barras, onde teriam sido enterrados oito caminhões de pedra portuguesa (patrimônio público) que desapareceram do jardim central. Disse que faria ofício ao setor de obras cobrando escavação do local e explicações sobre o desaparecimento.","Diretoria de Planejamento, Obras, Serviço e Manutenção (citada como ""setor de obra"")",Recebida pelo vereador,Pendente de Verificação,Mesmo caso das pedras portuguesas mencionado também na sessão de 22/04/2025 por outro vereador (Anderson Marcos Viana); aqui quem relata ter recebido a denúncia de ex-funcionários é Adriano de Marcos Lopes.
DEN-177,2025,9ª Sessão Ordinária da 19ª Legislatura,2025-03-31,Anderson Marcos Viana,"Ofício da Diretoria Jurídica, de Habitação e de Trânsito, lido em resposta a requerimento, relatou que uma denúncia anônima encaminhada à Ouvidoria da Prefeitura, no mandato anterior, deu início a expediente administrativo que concluiu pela incompatibilidade do então funcionário (hoje vereador) Anderson Marcos Viana em ocupar emprego remunerado na Irmandade da Santa Casa de Junqueirópolis, entidade conveniada com o município, resultando em sua dispensa. O próprio vereador comentou o caso na sequência, alegando ter sido perseguido por não ter aceitado a concessão da água no mandato anterior.",Ouvidoria da Prefeitura Municipal de Junqueirópolis,Contra o vereador,Pendente de Verificação,"Caso ocorreu no mandato anterior (cerca de 3 anos e meio antes), mas foi tratado formalmente nesta sessão via ofício de resposta a requerimento e comentado em plenário pelo próprio vereador; por isso registrado na sessão de 2025-03-31, data em que foi relatado na Câmara."
DEN-178,2025,12ª Sessão Ordinária da 19ª Legislatura,2025-04-22,Anderson Marcos Viana,"O vereador Anderson Marcos Viana (conhecido como Neguinho) afirmou ter sido informado/denunciado sobre o local exato onde estariam enterrados oito caminhões de pedra portuguesa (patrimônio público, comprada com dinheiro público) que desapareceram do jardim central em 2022. Disse ter ido ao local, atrás do Campinho das Duas Barras, e encontrado indícios de parte das pedras, e que faria novo ofício à administração cobrando a escavação e explicações.",,Recebida pelo vereador,Pendente de Verificação,
DEN-179,2025,14ª Sessão Ordinária da 19ª Legislatura,2025-05-05,Anderson Marcos Viana,"O vereador Anderson Marcos Viana relatou ter recebido, ao longo da semana, denúncias (fotos e textos enviados por um munícipe) envolvendo setores públicos e profissionais que prestam serviço na área da saúde. Ele afirmou não saber se as denúncias eram verdadeiras, e disse que iria repassar o material aos demais vereadores para investigação conjunta antes de dar sequência ao assunto.",,Recebida pelo vereador,Pendente de Verificação,"O vereador não detalhou o conteúdo específico das denúncias nem a diretoria/órgão a que seriam direcionadas nesta sessão, dizendo que ainda avaliaria com os demais vereadores."
DEN-180,2025,15ª Sessão Ordinária da 19ª Legislatura,2025-05-12,Anderson Marcos Viana,"Durante a discussão do projeto de lei de abertura de crédito para compra de pneus, o vereador relatou ter recebido denúncias vagas e anônimas (recentes, de cerca de um mês) sobre a venda irregular de pneus usados retirados do depósito municipal (barracão às margens da ferrovia, área da RUMO), pedindo apuração de para qual pasta estaria indo o dinheiro da venda.",,Recebida pelo vereador,Pendente de Verificação,O próprio vereador qualifica as denúncias como 'vagas' e diz não confirmar se são verdadeiras; ele defende visita in loco para apurar antes de fazer requerimento formal.
DEN-181,2025,17ª Sessão Ordinária da 19ª Legislatura,2025-05-26,Anderson Marcos Viana,"O vereador Anderson Marcos Viana (Neguinho) relatou que a administração municipal fez uma espécie de denúncia/questionamento à Santa Casa de Junqueirópolis sobre ele exercer cargo remunerado na instituição enquanto era vereador, o que levou ao seu desligamento do emprego por parecer jurídico da entidade.",Santa Casa de Junqueirópolis,Contra o vereador,Pendente de Verificação,
DEN-182,2025,18ª Sessão Ordinária da 19ª Legislatura,2025-06-02,Samir Edson Tino,"O vereador relatou ter feito uma denúncia sobre a calçada irregular/danificada atrás do Mercado Avenida, que dá acesso ao ginásio de esportes. Disse que o prazo de 30 dias já venceu e cobrou que seja apresentada nesta Casa a multa aplicada à Prefeitura por descumprimento da lei de calçadas, comparando ao fato de ele próprio já ter sido multado por irregularidade semelhante em sua residência.",Prefeitura Municipal de Junqueirópolis (fiscalização/administração responsável pela calçada),Feita/cobrada pelo vereador,Pendente de Verificação,"Ao encerrar a sessão, o presidente também comentou genericamente sobre 'essas denúncias de irregularidade na calçada', cobrando que se verifique se a providência/multa foi tomada — trata-se do mesmo caso relatado pelo vereador Samir Edson Tino, não um caso novo."
DEN-183,2025,19ª Sessão Ordinária da 19ª Legislatura (sessão de 9 de junho de 2025),2025-06-09,,"Ofício nº 101/2025 do Poder Executivo, lido em sessão, informou sobre o arquivamento pelo Ministério Público de uma denúncia apresentada pelo munícipe Fabiano de Carvalho, questionando a decisão da prefeitura de não construir uma ciclovia na vicinal Cid Escânula (JQL-020) com verba do Fundo Estadual de Defesa de Interesses Difusos (FID). O promotor de justiça arquivou a denúncia, considerando correta a decisão do prefeito de não prosseguir com a obra por limitação orçamentária.",Ministério Público,Relatada em documento/ofício,Pendente de Verificação,
DEN-184,2025,19ª Sessão Ordinária da 19ª Legislatura (sessão de 9 de junho de 2025),2025-06-09,Anderson Marcos Viana,"O vereador Anderson Marcos Viana relatou que uma moradora da Rua Victor Junqueira, esquina com Rua Santos Dumont, já havia feito uma denúncia (com fotos e vídeo) há mais de 15 dias sobre um terreno tomado pelo mato, com presença de escorpiões e aranhas, próximo a duas crianças, mas o prazo legal de 10 dias para a limpeza pela administração não havia sido cumprido. Ele cobrou providência do setor responsável.",,Recebida pelo vereador,Pendente de Verificação,"Vereador não soube precisar se o terreno é da prefeitura ou particular, nem a qual setor a denúncia original da moradora foi endereçada."
DEN-185,2025,21ª Sessão Ordinária da 19ª Legislatura,2025-06-23,Teresinha de Lourdes Freitas Regodanso,"Ao comentar o Requerimento 28/2025 (de autoria do vereador Anderson Marcos Viana) sobre o desaparecimento de diversas mesas modelo bistrô, patrimônio público que estava armazenado no recinto da Seruva, a vereadora Teresinha afirmou que, se a resposta confirmar que restam poucas unidades, é preciso tomar medidas cabíveis de investigação e de denúncia para apurar o que aconteceu com os bistrôs.",,Feita/cobrada pelo vereador,Pendente de Verificação,"A vereadora cobra que se abra denúncia/investigação, mas não especifica o órgão a quem a denúncia seria dirigida (o requerimento em si foi endereçado à Diretoria de Planejamento, Obras, Serviços e Manutenção). Único trecho da transcrição com a palavra 'denúncia'; demais falas sobre o caso (Anderson, presidente) usam apenas 'investigação', sem citar 'denúncia' explicitamente."
DEN-186,2025,22ª Sessão Ordinária da 19ª Legislatura,2025-06-30,"Adriano de Marcos Lopes, Anderson Marcos Viana","Ao defender que a Câmara apure com cuidado as denúncias que chegam sobre a saúde municipal, o vereador Adriano de Marcos Lopes citou como exemplo concreto um relato do vereador Anderson Marcos Viana: em um final de semana, foi chamado um pediatra para atendimento e o profissional não compareceu.",Diretoria de Saúde,Feita/cobrada pelo vereador,Pendente de Verificação,"Caso mencionado de forma indireta e breve: quem fala na tribuna é Adriano de Marcos Lopes, citando um relato anterior de Anderson Marcos Viana sobre o pediatra que não compareceu; não há detalhes adicionais (paciente, data exata, bairro) além do que foi dito em plenário. Incluído por descrever um episódio concreto, ainda que vago, conforme critério de inclusão."
DEN-187,2025,28ª Sessão Ordinária da 19ª Legislatura,2025-09-08,Edvaldo Aparecido Carvalho,"O presidente da Câmara, vereador Edvaldo Aparecido Carvalho, apresentou representações/pedidos de informação ao Tribunal de Contas do Estado de São Paulo (posto de Adamantina) e ao Ministério Público sobre a organização financeira da Festa da Seruva 2025 (Projeto de Lei nº 32/2025), após os requerimentos da Câmara terem sido respondidos de forma considerada vaga pelo Executivo.",Tribunal de Contas do Estado de São Paulo e Ministério Público,Feita/cobrada pelo vereador,Pendente de Verificação,"Na sessão, circulou rumor de que o vereador Anderson Marcos Viana teria feito boletim de ocorrência/denúncia contra a Seruva; ele nega qualquer autoria. O próprio presidente esclarece que tecnicamente não se trata de 'denúncia', mas de representações/pedidos de informação; incluído aqui por descrever um caso concreto de acionamento de órgãos de controle."
DEN-188,2025,29ª Sessão Ordinária da 19ª Legislatura,2025-09-15,Anderson Marcos Viana,"O vereador Anderson Marcos Viana informou que o Tribunal de Contas do Estado de São Paulo e o Ministério Público arquivaram as representações/denúncias sobre a organização financeira da Seruva 2025, conforme confirmado pelo presidente da Câmara, Edvaldo Aparecido Carvalho.",Tribunal de Contas do Estado de São Paulo e Ministério Público,Relatada em documento/ofício,Pendente de Verificação,Atualização/desfecho do mesmo caso já registrado na sessão de 08/09/2025 (representação da presidência da Câmara ao TCE e ao MP sobre a Seruva).
DEN-189,2025,30ª Sessão Ordinária da 19ª Legislatura,2025-09-22,Renato Vieira de Brito,"O vereador Renato Vieira de Brito relatou que funcionários, principalmente da saúde, que dirigem veículos oficiais têm recebido denúncias/PAD (sindicância) por atenderem ligações de responsáveis do setor durante a condução, situação que motivou o pedido de instalação de rádios comunicadores nos veículos municipais.",,Relatada em documento/ofício,Pendente de Verificação,O vereador não é o denunciante nem o denunciado; ele relata caso de funcionário público não identificado que responde a PAD/sindicância decorrente de denúncia por uso de celular ao dirigir veículo oficial.
DEN-190,2025,31ª Sessão Ordinária da 19ª Legislatura,2025-09-29,Anderson Marcos Viana,"O vereador anunciou que fará denúncia formal à Câmara sobre a contaminação do córrego Taquaro Sul (Taquaroçu da Banana), relatando esgoto e resíduos oleosos despejados há meses, mortandade de peixes e ausência de fiscalização apesar do número de cargos de confiança na área responsável. O tema também foi objeto do requerimento 44/2025, de sua autoria, aprovado na mesma sessão.",Câmara Municipal de Junqueirópolis (setor responsável pela fiscalização ambiental / resíduos sólidos não identificado nominalmente),Feita/cobrada pelo vereador,Pendente de Verificação,
DEN-191,2025,32ª Sessão Ordinária da 19ª Legislatura,2025-10-06,Anderson Marcos Viana,"O vereador Anderson Marcos Viana anunciou que fará denúncia formal por venda casada (prática vedada pelo Código de Defesa do Consumidor) caso se confirme que a organização da Seruva proibiu a entrada de bebidas próprias nos camarotes, prática conhecida como 'Dia da Rolha', que segundo compradores de camarote não seria mais permitida em 2025.",,Feita/cobrada pelo vereador,Pendente de Verificação,"Anúncio de denúncia condicional (""se acaso houver...""), não confirmação de que a denúncia já foi protocolada; o vereador diz ter gravação em celular como prova."
DEN-192,2025,35ª Sessão Ordinária da 19ª Legislatura,2025-10-27,Reinaldo Codognato,"Requerimento nº 46/2025 pede envio de ofício à ANEEL denunciando as recorrentes instabilidades e quedas no fornecimento de energia elétrica na zona rural do município, atribuídas à concessionária Neoenergia Elektro, solicitando fiscalização, ressarcimento de danos a máquinas/equipamentos e apresentação de plano de investimentos. Aprovado por unanimidade, de autoria de todos os vereadores.",ANEEL (Agência Nacional de Energia Elétrica) / Neoenergia Elektro,Feita/cobrada pelo vereador,Pendente de Verificação,"O texto do requerimento usa explicitamente o verbo 'denunciar' referindo-se às instabilidades no fornecimento de energia. É uma denúncia formal encaminhada via ofício, não apenas retórica."
DEN-193,2025,35ª Sessão Ordinária da 19ª Legislatura,2025-10-27,"Anderson Marcos Viana, Adriano de Marcos Lopes","Durante a discussão do requerimento sobre a frota municipal, o vereador Anderson relatou ter visto e filmado, por volta das 2h da madrugada de uma sexta-feira, um carro da administração sendo usado por pessoas que não são funcionárias da prefeitura. O vereador Adriano de Marcos Lopes respondeu que, havendo conhecimento de uso indevido do veículo, é preciso apurar e 'fazer a denúncia' junto à ouvidoria.",Ouvidoria / setor responsável da administração municipal,Feita/cobrada pelo vereador,Pendente de Verificação,"O relato do Anderson é concreto (filmagem, horário, local), mas ele mesmo não afirma que fará ou fez a denúncia; quem usa o termo 'denúncia' explicitamente é o colega Adriano de Marcos Lopes, cobrando que isso seja levado à ouvidoria. Não fica claro no áudio se a denúncia formal chegou a ser efetivamente registrada."
DEN-194,2025,35ª Sessão Ordinária da 19ª Legislatura,2025-10-27,,"Ao comentar o ofício da associação Ter Ajudo (atendimento a autistas), foi relatado que um deputado estadual prometeu repassar R$ 50 mil à associação por meio da prefeitura, mas o valor ainda não havia chegado aos beneficiários. Foi afirmado que, se o dinheiro não chegar à associação, será feita denúncia ao próprio deputado, conforme pedido dele mesmo, e a plenária declarou apoio a essa cobrança.",Deputado (não identificado pelo nome na transcrição) / Prefeitura Municipal (repasse do recurso),Feita/cobrada pelo vereador,Pendente de Verificação,"Não foi possível identificar com certeza qual vereador fez esta fala na leitura do trecho (ocorre logo após a leitura do ofício do Ter Ajudo, antes da fala nominal do vereador Anderson); o nome do deputado que prometeu os R$ 50 mil também não é citado nesse trecho. Recomenda-se reouvir o áudio original neste ponto para confirmar autoria da fala."
DEN-195,2025,36ª Sessão Ordinária da 19ª Legislatura,2025-11-03,Anderson Marcos Viana,"O vereador relatou que a Câmara/administração recebeu denúncia(s) de desvio de função por parte de servidores, citando o caso da funcionária Leninha, que foi remanejada de função por esse motivo, e cobrou que a mesma medida valha para todos os setores em situação semelhante.",Administração Municipal (setor responsável por recursos humanos),Recebida pelo vereador,Pendente de Verificação,"O trecho é impreciso sobre quem exatamente recebeu a(s) denúncia(s) (a Câmara como instituição, a administração, ou o próprio vereador) — no áudio: 'porque se atendeu uma denúncia, se teve, essa casa de lei teve várias denúncias de desvio de função'."
DEN-196,2025,37ª Sessão Ordinária da 19ª Legislatura,2025-11-10,Anderson Marcos Viana,"Nas explicações pessoais, o vereador Anderson Marcos Viana mostrou fotos e vídeos de esgoto a céu aberto em vários bairros do município, atribuído (segundo a administração) a queima simultânea das bombas das elevatórias. Diante da falta de providências, o presidente da Câmara anunciou, ao encerrar a sessão, que a Casa vai formalizar uma denúncia aos órgãos responsáveis, com base nas provas e documentos apresentados pelo vereador.",Órgãos responsáveis pelo meio ambiente e pelo saneamento básico (externos à Prefeitura),Feita/cobrada pelo vereador,Pendente de Verificação,
DEN-197,2025,40ª Sessão Ordinária da 19ª Legislatura,2025-12-02,Anderson Marcos Viana,"O vereador relatou ter recebido, de forma anônima, mais uma denúncia contra ele, alegando uso indevido do carro oficial da prefeitura (Corolla placa 001) para ir à academia; ele contestou a acusação, explicando que parou o carro por menos de 15 minutos numa loja próxima à academia para buscar uma roupa social, e pediu a checagem das câmeras do semáforo e de uma loja local para comprovar sua versão.",,Contra o vereador,Pendente de Verificação,Vereador afirma suspeitar da autoria (cita apelidos 'Tiririca' e 'Praguinha') mas não há confirmação formal de quem denunciou.
DEN-198,2025,43ª Sessão Ordinária da 19ª Legislatura,2025-12-22,Edvaldo Aparecido Carvalho,"Durante a discussão sobre o incentivo financeiro adicional (IFA) aos agentes comunitários de saúde, o presidente Edvaldo Aparecido Carvalho afirmou que o valor repassado à prefeitura pelo convênio federal é passível de denúncia caso não seja repassado corretamente aos agentes, e declarou que ele pessoalmente vai denunciar o convênio ao Ministério da Saúde se o dinheiro não for repassado como deveria (inclusive citando o risco de o valor ser usado para comprar pneus em vez de pagar a gratificação, o que caracterizaria desvio de finalidade).",Ministério da Saúde,Feita/cobrada pelo vereador,Pendente de Verificação,
DEN-199,2026,49ª Sessão Ordinária da 19ª Legislatura,2026-03-09,Anderson Marcos Viana,"O vereador Anderson Marcos Viana relatou que vem fazendo denúncias há meses (inclusive com vídeos ao vivo) sobre a obra paralisada de uma nova estação elevatória de esgoto no bairro Jardim Conde, cujo esgoto está sendo lançado diretamente nas nascentes de rio da região, contaminando a água usada por animais domésticos e silvestres. A obra, orçada em R$ 483.600, estaria abandonada há cerca de 4-5 meses sem explicação da empresa contratada.","Diretoria de Planejamento, Obras, Serviços e Manutenção",Feita/cobrada pelo vereador,Pendente de Verificação,
DEN-200,2026,49ª Sessão Ordinária da 19ª Legislatura,2026-03-09,Anderson Marcos Viana,"O vereador Anderson Marcos Viana recebeu denúncias de funcionários da obra de reforma e ampliação da EMEI Cristo Redentor relatando atraso no pagamento de salários pela empresa terceirizada contratada. Ao averiguar no local, o vereador confirmou que a denúncia procedia; a empresa terceirizada se desligou por falta de pagamento, reduzindo a equipe de obra (de cerca de 12-13 funcionários) e colocando em risco o prazo de entrega, motivada por atraso no repasse de recursos do governo à construtora.","Diretoria de Planejamento, Obras, Serviços e Manutenção",Recebida pelo vereador,Pendente de Verificação,
DEN-201,2026,"51ª Sessão Ordinária da 19ª Legislatura (sessão de 16 de março de 2026 — número exato não citado no início da transcrição; ata da 51ª sessão foi aprovada na sessão seguinte, de 30/03/2026, referente a esta data)",2026-03-16,Anderson Marcos Viana,"Durante a defesa de projeto de lei sobre fiscalização de casas populares, o vereador que se identifica na fala como ""Neguim"" relatou ter denunciado, ao longo de aproximadamente 15 anos, o desvio de cerca de 40 a 50 casas populares no bairro Pioneiros (venda/aluguel irregular de unidades habitacionais por pessoas de boa condição financeira). Afirmou ter sido agredido (pauladas na cabeça, invasão de sua casa, internação em UTI) em represália às denúncias, e relatou que um delegado teria dito que ele ""não podia denunciar"" por ser quem era. Pediu à população que continue denunciando casos semelhantes a ele e à prefeitura, com registro de protocolo.",Prefeitura Municipal / Delegacia de Polícia,Feita/cobrada pelo vereador,Pendente de Verificação,
DEN-202,2026,53ª Sessão Ordinária da 19ª Legislatura,2026-04-06,Anderson Marcos Viana,"O vereador relatou que esgoto está sendo despejado a céu aberto em vários pontos do município (citou um local que soou como ""Fuentes"", vazando havia cerca de cinco dias, e um córrego que desagua no sentido do Ribeirão/Rio próximo à região citada como ""Taquaruçu""/área rural), apesar de requerimentos anteriores que teriam recebido resposta de que o problema estava resolvido. Declarou que, se a situação não for corrigida, a Câmara terá que fazer denúncia formal aos órgãos ambientais responsáveis do Estado.",Órgãos ambientais do Estado de São Paulo,Feita/cobrada pelo vereador,Pendente de Verificação,"O nome do local onde o esgoto vaza foi transcrito de forma pouco clara pelo Whisper (soou como 'Fuentes' — pode ser 'Duas Barras', 'Alto do Cene' ou outro bairro; e a menção ao 'rio que vai para o Taquaru sul da banana' também está com problema de transcrição/encoding, possivelmente 'Taquaruçu'). Recomenda-se confirmar os nomes exatos dos locais antes de publicar."
DEN-203,2026,57ª Sessão Ordinária da 19ª Legislatura,2026-05-04,Edvaldo Aparecido Carvalho,"Durante comentário livre sobre processo seletivo/concurso público, o presidente da Câmara afirmou que é preciso ter 'coragem de denunciar' a situação da Santa Casa, que estaria funcionando com grande parte do quadro contratada via terceiro setor para contornar o limite de 48% da folha de pagamento imposto pela Lei de Responsabilidade Fiscal, prejudicando servidores efetivos com desvio de função e colocando a instituição em risco de ser interditada em fiscalização do Tribunal de Contas.",,Feita/cobrada pelo vereador,Pendente de Verificação,"Fala inserida dentro de um discurso amplo sobre cargos de confiança e concursos; o caso concreto apontado é a terceirização/desvio de função na Santa Casa, mas o vereador não especifica a quem a denúncia formal deveria ser dirigida (possivelmente Tribunal de Contas ou Ministério Público, não citados explicitamente)."
DEN-204,2026,59ª Sessão Ordinária da 19ª Legislatura,2026-05-18,Renato Vieira de Brito,"O vereador relatou ter recebido uma denúncia sobre uma coordenadora (cargo comissionado) da educação que faltou ao trabalho por dois dias no período pós-carnaval sem que houvesse o devido desconto no ponto, e questionou a diretora de educação sobre o caso em reunião com a Câmara.","Diretoria de Educação, Cultura, Esportes, Lazer e Turismo",Recebida pelo vereador,Pendente de Verificação,
DEN-205,2026,63ª Sessão Ordinária da 19ª Legislatura,2026-06-15,Anderson Marcos Viana,"O vereador Anderson Marcos Viana relatou ter sido alvo de denúncias feitas contra ele na Santa Casa e na ouvidoria, alegando que ele teria sido ouvido em um corredor falando mal da Santa Casa e sugerindo que, se não estivesse satisfeito, pedisse para sair do cargo.",Santa Casa,Contra o vereador,Pendente de Verificação,
DEN-206,2026,63ª Sessão Ordinária da 19ª Legislatura,2026-06-15,Anderson Marcos Viana,"No mesmo dia das denúncias feitas contra ele na Santa Casa, o vereador Anderson Marcos Viana relatou ter sido alvo de uma denúncia no Conselho Tutelar por suposta negligência em relação à sua filha, referente a uma consulta/exame médico que não teria sido levado a cabo por ele.",Conselho Tutelar,Contra o vereador,Pendente de Verificação,
DEN-207,2026,"Sessão Ordinária da 19ª Legislatura (número não indicado no trecho disponível da transcrição; pela sequência das sessões anteriores, provavelmente a 64ª Sessão Ordinária)",2026-06-22,"Anderson Marcos Viana, Edvaldo Aparecido Carvalho","O vereador Anderson Marcos Viana mostrou fotos/vídeo de um córrego contaminado por fezes no bairro Saúde, que deságua no Rio Canganha; proprietários rurais do local pediram a ele que fizesse denúncia, pois o gado não tem mais água limpa para beber. Em seguida, o presidente Edvaldo Aparecido Carvalho comentou estranhar que nenhum órgão de fiscalização estadual ou federal tenha autuado o município pelo tratamento irregular de esgoto, questionando se chegou a haver denúncia formal a respeito.",,Feita/cobrada pelo vereador,Pendente de Verificação,Não ficou claro no áudio se alguma denúncia formal já foi de fato protocolada por Anderson ou pelos moradores; o trecho registra um pedido da população para que se faça denúncia e uma especulação do presidente sobre se já houve denúncia aos órgãos estaduais/federais de fiscalização do tratamento de esgoto.
DEN-208,2026,69ª Sessão Ordinária da 19ª Legislatura,2026-08-24,,"O cidadão e eleitor José Pedro dos Santos Filho protocolou representação formal (denúncia escrita) contra o prefeito Hélio Furini Neto, pedindo abertura de Comissão Processante por suposta infração político-administrativa (art. 4º, inciso 8, do Decreto-Lei 201/67 — omissão/negligência na defesa de bens e rendas do município). A denúncia alega pagamento em duplicidade por serviço de reforma e instalação de placas de identificação em prédios públicos, escolas e diretorias: a Prefeitura contratou a empresa de Fábio Siqueira Duarte para o serviço (cerca de R$ 8.645,80 em notas de empenho), o serviço não foi executado (placas nunca instaladas, conforme fotos anexadas à denúncia), mesmo assim a nota foi paga, e cerca de 4 meses depois o mesmo serviço foi contratado novamente — desta vez da empresa de Ana Paula Bertoso, companheira de Fábio Siqueira Duarte — e paga novamente, agora com o serviço executado. A representação classifica a situação como possível ""nota fria"" (pagamento sem prestação de serviço) e menciona que Fábio Siqueira Duarte foi candidato pela coligação do atual prefeito na eleição de 2024. Em votação nominal, a Câmara decidiu por 5 a 4 receber a representação e instaurar a Comissão Processante (votos favoráveis: Anderson Marcos Viana, Edvaldo Aparecido Carvalho, Reinaldo Codognato, Renato Vieira de Brito e Samir Edson Tino; contrários: Adriano de Marcos Lopes, Bruno Herreira, Elizeu Adriano e Teresinha de Lourdes Freitas Regodanso). A comissão foi sorteada e ficou composta por Samir Edson Tino (presidente), Anderson Marcos Viana (relator) e Elizeu Adriano (membro), que agora vão notificar o prefeito para apresentar defesa e provas antes de emitir parecer, a ser depois votado em plenário (podendo resultar em cassação de mandato se procedente).","Prefeito Municipal (representado) — processo conduzido pela própria Câmara Municipal via Comissão Processante, nos termos do Decreto-Lei federal nº 201/1967",Relatada em documento/ofício,Pendente de Verificação,"Caso de grande repercussão e debate intenso em plenário; a Câmara já decidiu formalmente pelo recebimento e abertura da Comissão Processante nesta mesma sessão — acompanhar o desfecho (parecer da comissão e votação final) em sessões futuras. Corresponde ao registro ""DVS - Representação"" nº 3/2026 já visto no cruzamento com o site oficial da Câmara (data de protocolo no site: 01/08/2026; lida em plenário em 24/08/2026)."
DEN-209,2026,70ª Sessão Ordinária da 19ª Legislatura,2026-08-31,Anderson Marcos Viana,"O vereador Anderson Marcos Viana relatou ter recebido, por e-mail, uma denúncia anônima de que uma máquina da Prefeitura estava fazendo obras dentro de uma propriedade rural particular conhecida como ""Conde"". Ele foi ao local averiguar e confirmou a obra, o que já havia originado o Requerimento 049/2026 pedindo o projeto topográfico da obra. Nesta sessão, a resposta oficial da administração (que alegou tratar-se de uma ""caixa seca"" para conter enxurrada e proteger uma estação elevatória, sem estudo topográfico por não ser necessário) foi rejeitada pelos vereadores como insatisfatória e incoerente com o que fora explicado verbalmente em reunião anterior com os secretários — inclusive questionando se a estrutura seria, na realidade, um tanque de piscicultura, e cobrando explicação sobre quem seria o engenheiro/topógrafo responsável.","Diretoria de Planejamento, Obras, Serviços e Manutenção",Recebida pelo vereador,Pendente de Verificação,"Caso já em andamento desde o Requerimento 049/2026 (sessão de 22/06/2026); esta sessão traz a resposta oficial recebida e sua rejeição pelos vereadores, que pediram nova convocação do secretário responsável. Ver também a atualização feita no registro do Requerimento 049/2026 (REQ-148) e do Requerimento 053/2026 (REQ-154), cujas respostas também vieram e foram rejeitadas nesta mesma sessão."
