ID,Numero_Indicacao,Ano,Sessao,Data_Sessao,Vereador,Resumo,Setor,Oficio_Resposta,Status_Atendimento,Observacoes
IND-001,011,2022,51ª Sessão Ordinária da 18ª Legislatura,2022-04-04,"Reinaldo Codognato, Sofia Rodrigues dos Santos","Solicita a implementação de sinalização de solo em frente aos Centros de Educação Infantil (CEIs), uma vez que motoristas transitam em velocidade elevada nesses locais, colocando em risco a segurança das crianças.",Educação,,Pendente de Análise,"Data da sessão conforme mencionado no texto da transcrição (véspera da data do nome do arquivo, que corresponde ao dia da postagem/upload)."
IND-002,012,2022,51ª Sessão Ordinária da 18ª Legislatura,2022-04-04,"Reinaldo Codognato, Marisa Alves da Silva Costa","Solicita a implementação de aulas de Muay Thai nos centros comunitários da cidade, a fim de promover a saúde física e mental dos jovens e incentivar o convívio social da comunidade.",Saúde,,Pendente de Análise,"Data da sessão conforme mencionado no texto da transcrição (véspera da data do nome do arquivo, que corresponde ao dia da postagem/upload)."
IND-003,013,2022,51ª Sessão Ordinária da 18ª Legislatura,2022-04-04,Rui Domingos da Silva,"Solicita, com base na Lei Complementar nº 191/2022, o restabelecimento da contagem para aquisição de direitos relacionados a tempo de serviço aos servidores da saúde do município, referente ao período em que essa contagem esteve congelada devido à pandemia da Covid-19 (maio de 2020 a 31 de dezembro de 2021).",Saúde,,Pendente de Análise,"Data da sessão conforme mencionado no texto da transcrição (véspera da data do nome do arquivo, que corresponde ao dia da postagem/upload)."
IND-004,014,2022,52ª Sessão Ordinária da 18ª Legislatura,2022-04-11,Valdir Aparecido de Oliveira,"Solicita a construção de canaletas para captação de águas pluviais nas proximidades do nº 585 da Rua das Perdizes, local que em períodos de chuva causa transtornos e danos aos móveis das residências devido ao acúmulo de água.",Obras e Serviços Públicos,,Pendente de Análise,"Data da sessão conforme mencionado no texto da transcrição (véspera da data do nome do arquivo, que corresponde ao dia da postagem/upload)."
IND-005,015,2022,52ª Sessão Ordinária da 18ª Legislatura,2022-04-11,Valdir Aparecido de Oliveira,"Solicita a reconstrução da estrada municipal JQL 237, no bairro Palmeiras, sentido à propriedade do Sr. Paulo Dias, com alargamento da via, quebra de barrancos e caixas de contenção de águas pluviais, por se tratar de via de acesso a Dracena usada por produtores rurais para escoamento da produção agrícola.",Obras e Serviços Públicos,,Atendida,"Data da sessão conforme mencionado no texto da transcrição (véspera da data do nome do arquivo, que corresponde ao dia da postagem/upload). Vereador Valdir relatou na sessão de 2022-04-19 (53ª sessão) que a manutenção da estrada já havia sido realizada pelo setor de obras."
IND-006,016,2022,52ª Sessão Ordinária da 18ª Legislatura,2022-04-11,"Anderson Marcos Viana, Valdir Aparecido de Oliveira","Solicita a implementação de sinalização e proteção lateral na estrada JQL 357, devido a uma erosão causada pelo deságue de águas pluviais de diversos pontos da cidade, que oferece risco de acidentes a produtores rurais e demais moradores que transitam pelo local.",Trânsito e Mobilidade,,Pendente de Análise,"Data da sessão conforme mencionado no texto da transcrição (véspera da data do nome do arquivo, que corresponde ao dia da postagem/upload)."
IND-007,017,2022,52ª Sessão Ordinária da 18ª Legislatura,2022-04-11,"Elio Furini Neto, Anderson Marcos Viana, Paulo Sérgio Cordeiro, Teresinha de Lourdes Freitas Regodanso, Valdir Aparecido de Oliveira","Solicita a realização de batimetria nas lagoas de tratamento de esgoto do município (Jardim Paulista e Matadouro), para apurar a real situação e eficácia das mesmas, tendo em vista o odor forte que pode causar problemas respiratórios e dores de cabeça constantes.",Obras e Serviços Públicos,,Pendente de Análise,"Data da sessão conforme mencionado no texto da transcrição (véspera da data do nome do arquivo, que corresponde ao dia da postagem/upload)."
IND-008,018,2022,54ª Sessão Ordinária da 18ª Legislatura,2022-04-25,Valdir Aparecido de Oliveira,"Solicita a realização de treinamentos e capacitações com ênfase em primeiros socorros e direção defensiva para funcionários municipais que atuam como motoristas e operadores de máquinas (setores de obras, educação e saúde), a fim de evitar acidentes e assegurar a proteção dos servidores e da população.",Saúde,,Pendente de Análise,"Data da sessão conforme mencionado no texto da transcrição (véspera da data do nome do arquivo, que corresponde ao dia da postagem/upload)."
IND-009,019,2022,54ª Sessão Ordinária da 18ª Legislatura,2022-04-25,"Reinaldo Codognato, Rui Domingos da Silva","Solicita manutenção periódica nas vias laterais da vicinal (nome transcrito de forma inconsistente ao longo da sessão), além da remoção de árvores que oferecem risco a condutores, pedestres e ciclistas da região, em razão do grande fluxo de pessoas e veículos na localidade.",Meio Ambiente,,Pendente de Análise,"Nome da vicinal transcrito de forma inconsistente: no resumo do expediente consta 'Vicinal Alcides Cânola', no texto integral da indicação consta 'Vicinal Alcides Cânola'/'Vicinal Alcides Cânola', e o vereador Reinaldo, ao comentar a indicação, fala em 'vicinal Henrique Coutinho' (bairro Salgado Filho) como pedido verbal adicional a ser incluído. Não foi possível confirmar o nome oficial correto da via. Data da sessão conforme mencionado no texto da transcrição (véspera da data do nome do arquivo, que corresponde ao dia da postagem/upload)."
IND-010,020,2022,54ª Sessão Ordinária da 18ª Legislatura,2022-04-25,"Reinaldo Codognato, Marisa Alves da Silva Costa, Sofia Rodrigues dos Santos","Solicita a manutenção da área verde localizada na comunidade Lar Santa Terezinha, a fim de oferecer alternativa de lazer e entretenimento aos internos da entidade, reduzindo ansiedade e melhorando a convivência entre os moradores.",Meio Ambiente,,Pendente de Análise,"Data da sessão conforme mencionado no texto da transcrição (véspera da data do nome do arquivo, que corresponde ao dia da postagem/upload)."
IND-011,021,2022,55ª Sessão Ordinária da 18ª Legislatura,2022-05-02,Valdir Aparecido de Oliveira,"Solicita a aquisição de uma moto fumacê para ajudar no combate à dengue, chikungunya, pernilongos e demais insetos, em razão do crescimento da cidade e do surto de dengue no período.",A Classificar,,Pendente de Análise,"Data da sessão conforme mencionado no texto da transcrição (véspera da data do nome do arquivo, que corresponde ao dia da postagem/upload)."
IND-012,022,2022,55ª Sessão Ordinária da 18ª Legislatura,2022-05-02,"Elio Furini Neto, Anderson Marcos Viana, Marisa Alves da Silva Costa, Paulo Sérgio Cordeiro, Teresinha de Lourdes Freitas Regodanso, Valdir Aparecido de Oliveira","Solicita a ampliação do horário permitido para velório no velório municipal, podendo ser velado a qualquer hora, para que a família possa se despedir do ente querido pelo período que achar necessário.",A Classificar,,Pendente de Análise,"Data da sessão conforme mencionado no texto da transcrição (véspera da data do nome do arquivo, que corresponde ao dia da postagem/upload)."
IND-013,023,2022,55ª Sessão Ordinária da 18ª Legislatura,2022-05-02,"Teresinha de Lourdes Freitas Regodanso, Anderson Marcos Viana, Elio Furini Neto, Marisa Alves da Silva Costa, Paulo Sérgio Cordeiro, Valdir Aparecido de Oliveira","Solicita a ampliação do horário de atendimento e da quantidade de postos de atendimento de fisioterapia em locais estratégicos da cidade, além da contratação de mais profissionais para atendimentos domiciliares a pacientes com maior dificuldade de locomoção, como idosos.",A Classificar,,Pendente de Análise,"Data da sessão conforme mencionado no texto da transcrição (véspera da data do nome do arquivo, que corresponde ao dia da postagem/upload)."
IND-014,024,2022,55ª Sessão Ordinária da 18ª Legislatura,2022-05-02,Anderson Marcos Viana,"Solicita a poda de árvores nos canteiros do final da Rua Tiradentes (Jardim Esperança) e no final da Rua da Paz com a Rua Recife, em razão de o ambiente escuro se tornar propício ao uso de entorpecentes e a comportamentos suspeitos durante a noite.",Meio Ambiente,,Pendente de Análise,"Data da sessão conforme mencionado no texto da transcrição (véspera da data do nome do arquivo, que corresponde ao dia da postagem/upload)."
IND-015,025,2022,55ª Sessão Ordinária da 18ª Legislatura,2022-05-02,Anderson Marcos Viana,"Solicita o aumento do número de lugares disponíveis nas arquibancadas da ACERUVA 2022, em razão da alta demanda esperada em virtude da entrada franca do evento.",A Classificar,,Pendente de Análise,"Data da sessão conforme mencionado no texto da transcrição (véspera da data do nome do arquivo, que corresponde ao dia da postagem/upload)."
IND-016,026,2022,55ª Sessão Ordinária da 18ª Legislatura,2022-05-02,Reinaldo Codognato,"Solicita a pavimentação asfáltica da rampa que dá acesso da rua até o portão de entrada da Sociedade de Proteção à Infância (SPI), em razão dos danos causados ao portão em períodos de chuva devido ao acúmulo de lama no terreno íngreme.",Obras e Serviços Públicos,,Pendente de Análise,"Data da sessão conforme mencionado no texto da transcrição (véspera da data do nome do arquivo, que corresponde ao dia da postagem/upload)."
IND-017,027,2022,56ª Sessão Ordinária da 18ª Legislatura,2022-05-09,"Reinaldo Codognato, Sofia Rodrigues dos Santos","Propõe que o futuro parque ecológico a ser criado no complexo de áreas verdes dos bairros Jardim Aliança, Residencial Campo Belo e Jardim Catuna receba o nome do saudoso João Seloto, um dos pioneiros do município, que trabalhou por anos na Prefeitura e foi zelador da antiga Igreja Católica dos Jardins e da Praça Bandeirantes (atual Praça Álvaro de Oliveira Junqueira).",Meio Ambiente,,Pendente de Análise,"Data da sessão conforme mencionado no texto da transcrição (véspera da data do nome do arquivo, que corresponde ao dia da postagem/upload)."
IND-018,028,2022,56ª Sessão Ordinária da 18ª Legislatura,2022-05-09,"Elio Furini Neto, Anderson Marcos Viana, Paulo Sérgio Cordeiro, Teresinha de Lourdes Freitas Regodanso, Valdir Aparecido de Oliveira","Solicita a instituição de um auxílio municipal oncológico para fornecimento de alimentos naturais e essenciais a pessoas em tratamento contra o câncer (quimioterapia, radioterapia ou outros), a fim de manter e restaurar a imunidade do paciente durante o tratamento.",A Classificar,,Pendente de Análise,"Data da sessão conforme mencionado no texto da transcrição (véspera da data do nome do arquivo, que corresponde ao dia da postagem/upload)."
IND-019,029,2022,56ª Sessão Ordinária da 18ª Legislatura,2022-05-09,"Reinaldo Codognato, Sofia Rodrigues dos Santos","Solicita o retorno das atividades de recreação para a terceira idade, pausadas em razão da pandemia da Covid-19, incluindo o retorno dos técnicos e professores responsáveis pelo acompanhamento das atividades.",Educação,,Atendida,"Data da sessão conforme mencionado no texto da transcrição (véspera da data do nome do arquivo, que corresponde ao dia da postagem/upload). O vereador Reinaldo esclareceu na própria sessão que as atividades recreativas já haviam retornado antes da votação desta indicação, restando pendente principalmente o reforço do acompanhamento por profissional de educação física."
IND-020,030,2022,57ª Sessão Ordinária da 18ª Legislatura,2022-05-16,"Anderson Marcos Viana, Elio Furini Neto, Rui Domingos da Silva, Teresinha de Lourdes Freitas Regodanço, Valdir Aparecido de Oliveira","Solicita implementação de iluminação no trecho da Avenida Edvirgem Aparecida Trevisan, citando riscos noturnos como uso de entorpecentes, problemas de trânsito e outros delitos favorecidos pela escuridão.",Trânsito e Mobilidade,,Pendente de Análise,"Data da sessão conforme texto do expediente é 16/05/2022, um dia antes da data do nome do arquivo (2022-05-17) - a transcrição parece corresponder a um vídeo publicado no dia seguinte à sessão. Usada a data do texto. O nome da avenida aparece transcrito de forma inconsistente ao longo da sessão (""Edivir Gisana"", ""Edvidesana Aparecida Trevisan"", ""Edvirgem Aparecida Trevisan""); normalizado para ""Avenida Edvirgem Aparecida Trevisan"", mas a grafia exata não pôde ser confirmada."
IND-021,031,2022,57ª Sessão Ordinária da 18ª Legislatura,2022-05-16,Anderson Marcos Viana,"Solicita reforma da Academia de Judô do município, em razão do estado precário da estrutura relatado por pais de praticantes das modalidades de judô e caratê.",Obras e Serviços Públicos,,Pendente de Análise,"Data da sessão conforme texto do expediente é 16/05/2022, um dia antes da data do nome do arquivo (2022-05-17). Usada a data do texto."
IND-022,032,2022,57ª Sessão Ordinária da 18ª Legislatura,2022-05-16,Anderson Marcos Viana,"Solicita implantação de pontos de ônibus em diversos bairros (Residencial das Américas, Jardim Paulista, Jardim Junqueirópolis, Vila Beatriz, Residencial Carmesim I e II, Pioneiros, Cristo Redentor, Residencial Figueira, Delta Ville, Jardim Esperança, Jardim dos Pássaros, Vila Santa Ruth, Jardim Boa Vista e Recanto dos Eucaliptos), para proteger moradores da chuva e do sol enquanto aguardam ônibus ou ambulâncias.",Saúde,,Pendente de Análise,"Data da sessão conforme texto do expediente é 16/05/2022, um dia antes da data do nome do arquivo (2022-05-17). Usada a data do texto."
IND-023,033,2022,57ª Sessão Ordinária da 18ª Legislatura,2022-05-16,Anderson Marcos Viana,"Solicita iluminação e reforma das calçadas e muros do cemitério municipal, em razão de furtos frequentes relatados nas proximidades.",Obras e Serviços Públicos,,Pendente de Análise,"Data da sessão conforme texto do expediente é 16/05/2022, um dia antes da data do nome do arquivo (2022-05-17). Usada a data do texto."
IND-024,034,2022,57ª Sessão Ordinária da 18ª Legislatura,2022-05-16,"Anderson Marcos Viana, Elio Furini Neto, Teresinha de Lourdes Freitas Regodanço, Valdir Aparecido de Oliveira","Solicita construção de cobertura nos ESFs 2, 3, 6 e 7, para proteger pacientes (especialmente crianças e idosos) que aguardam consultas da chuva e do sol intenso.",Obras e Serviços Públicos,,Pendente de Análise,"Data da sessão conforme texto do expediente é 16/05/2022, um dia antes da data do nome do arquivo (2022-05-17). Usada a data do texto."
IND-025,035,2022,57ª Sessão Ordinária da 18ª Legislatura,2022-05-16,"Teresinha de Lourdes Freitas Regodanço, Elio Furini Neto, Valdir Aparecido de Oliveira","Solicita que o sistema de lazer do bairro Jardim Alvorada receba o nome da saudosa professora Maria das Dores Barbosa Estopa, a ""Professora Dorinha"", em homenagem ao seu trabalho social e educacional junto à comunidade do bairro.",Educação,,Pendente de Análise,"Data da sessão conforme texto do expediente é 16/05/2022, um dia antes da data do nome do arquivo (2022-05-17). Usada a data do texto."
IND-026,036,2022,58ª Sessão Ordinária da 18ª Legislatura,2022-05-23,Anderson Marcos Viana,"Solicita dois caminhões de areia para cobrir as quadras do Parque Ecológico, pois a pouca areia existente vem causando lesões em praticantes de esporte ao entrarem em contato com as pedras do solo.",Meio Ambiente,,Pendente de Análise,"Data da sessão conforme texto do expediente é 23/05/2022, um dia antes da data do nome do arquivo (2022-05-24). Usada a data do texto."
IND-027,037,2022,58ª Sessão Ordinária da 18ª Legislatura,2022-05-23,"Anderson Marcos Viana, Elio Furini Neto, Paulo Sérgio Cordeiro, Teresinha de Lourdes Freitas Regodanço, Valdir Aparecido de Oliveira","Solicita divulgação, via mídias sociais do Executivo e carro de som, da Lei Municipal nº 3.507, que institui o colar de girassol como símbolo de identificação de pessoas com deficiências ocultas, visando conscientizar munícipes e estabelecimentos comerciais.",A Classificar,,Pendente de Análise,"Data da sessão conforme texto do expediente é 23/05/2022, um dia antes da data do nome do arquivo (2022-05-24). Usada a data do texto."
IND-028,038,2022,58ª Sessão Ordinária da 18ª Legislatura,2022-05-23,"Anderson Marcos Viana, Elio Furini Neto, Paulo Sérgio Cordeiro, Teresinha de Lourdes Freitas Regodanço, Valdir Aparecido de Oliveira","Solicita disponibilização de ônibus nos períodos da manhã e da noite, em época de frio, para alunos que residem a menos de 1.500 metros da escola (grupo atualmente sem direito ao transporte escolar), em razão do risco de adoecimento pelo deslocamento a pé nas baixas temperaturas.",Educação,,Pendente de Análise,"Data da sessão conforme texto do expediente é 23/05/2022, um dia antes da data do nome do arquivo (2022-05-24). Usada a data do texto."
IND-029,039,2022,58ª Sessão Ordinária da 18ª Legislatura,2022-05-23,Anderson Marcos Viana,"Solicita implantação de mão única na Avenida Bandeirantes, no trecho de frente ao Centro de Saúde, em razão de acidentes frequentes e do grande fluxo de veículos no local.",Saúde,,Pendente de Análise,"Data da sessão conforme texto do expediente é 23/05/2022, um dia antes da data do nome do arquivo (2022-05-24). Usada a data do texto."
IND-030,040,2022,59ª Sessão Ordinária da 18ª Legislatura,2022-05-30,Valdir Aparecido de Oliveira,"Solicita implantação de mão única na Rua São Luís, lateral ao Estádio Municipal Raphael Capelli, e a reforma ou substituição dos aparelhos da academia ao ar livre em frente ao estádio, que estão quebrados ou com peças faltando, oferecendo risco aos usuários.",Saúde,,Pendente de Análise,"Data da sessão conforme texto do expediente é 30/05/2022, um dia antes da data do nome do arquivo (2022-05-31). Usada a data do texto."
IND-031,041,2022,59ª Sessão Ordinária da 18ª Legislatura,2022-05-30,Valdir Aparecido de Oliveira,"Solicita o corte das árvores secas existentes às margens da vicinal Alcides Canola, que liga a cidade ao bairro Duas Barras, atingidas por um incêndio de grandes proporções, oferecendo atualmente risco de acidentes a quem trafega pela via.",Meio Ambiente,,Pendente de Análise,"Data da sessão conforme texto do expediente é 30/05/2022, um dia antes da data do nome do arquivo (2022-05-31). Usada a data do texto."
IND-032,042,2022,59ª Sessão Ordinária da 18ª Legislatura,2022-05-30,Anderson Marcos Viana,"Solicita o retorno do funcionamento dos exames de ultrassom na Santa Casa de Junqueirópolis, interrompidos havia cerca de um ano, em razão dos transtornos causados a pacientes (especialmente idosos e gestantes) que precisam se deslocar a cidades vizinhas para realizar o exame.",A Classificar,,Pendente de Análise,"Data da sessão conforme texto do expediente é 30/05/2022, um dia antes da data do nome do arquivo (2022-05-31). Usada a data do texto."
IND-033,043,2022,59ª Sessão Ordinária da 18ª Legislatura,2022-05-30,Anderson Marcos Viana,"Solicita funcionamento de uma pequena farmácia nos finais de semana, por 12 horas diárias, no pronto-socorro municipal, para atender a população mais carente que tem dificuldade de adquirir remédios prescritos fora do horário comercial.",Saúde,,Pendente de Análise,"Data da sessão conforme texto do expediente é 30/05/2022, um dia antes da data do nome do arquivo (2022-05-31). Usada a data do texto."
IND-034,044,2022,59ª Sessão Ordinária da 18ª Legislatura,2022-05-30,Anderson Marcos Viana,"Solicita a construção de banheiro com vestiário destinado aos funcionários do pronto-socorro municipal, que atualmente utilizam o mesmo banheiro destinado aos pacientes.",Obras e Serviços Públicos,,Pendente de Análise,"Data da sessão conforme texto do expediente é 30/05/2022, um dia antes da data do nome do arquivo (2022-05-31). Usada a data do texto."
IND-035,045,2022,59ª Sessão Ordinária da 18ª Legislatura,2022-05-30,Anderson Marcos Viana,"Solicita a disponibilização de um local para troca de óleo de cozinha usado por óleo novo nos ESFs 1, 3, 4, 7 e Central, e também no CRAS, como apoio a uma campanha comunitária de reaproveitamento, sem custo adicional para a administração.",A Classificar,,Pendente de Análise,"Data da sessão conforme texto do expediente é 30/05/2022, um dia antes da data do nome do arquivo (2022-05-31). Usada a data do texto."
IND-036,046,2022,60ª Sessão Ordinária da 18ª Legislatura,2022-06-06,Valdir Aparecido de Oliveira,"Reforçando a indicação nº 27/2021, solicita a reconstrução do trecho da estrada JQL 145, no bairro Taquaruçu, próximo à Fazenda Boa Esperança, e a reconstrução da ponte do local que dá acesso à vicinal Henrique Coutinho (estrada conhecida como ""26""), citando o uso da via para transporte de cargas pesadas como cana, calcário e fertilizantes.",Obras e Serviços Públicos,,Pendente de Análise,"Data da sessão conforme texto do expediente é 06/06/2022, um dia antes da data do nome do arquivo (2022-06-07). Usada a data do texto. Durante a sessão, o vereador Reinaldo Codognato pediu para acrescentar sua assinatura em apoio a esta indicação, mas o documento lido consta apenas com a autoria de Valdir Aparecido de Oliveira."
IND-037,047,2022,60ª Sessão Ordinária da 18ª Legislatura,2022-06-06,Valdir Aparecido de Oliveira,"Solicita implantação de redutor de velocidade na Rua Quinzinho da Cunha, entre a Avenida Latina e a Rua das Américas, em razão de ponto de ônibus existente no local e do tráfego de veículos em alta velocidade.",Trânsito e Mobilidade,,Pendente de Análise,"Data da sessão conforme texto do expediente é 06/06/2022, um dia antes da data do nome do arquivo (2022-06-07). Usada a data do texto."
IND-038,048,2022,61ª Sessão Ordinária da 18ª Legislatura,2022-06-14,Anderson Marcos Viana,"Solicita a reconstrução da ponte que liga Junqueirópolis a Flora Rica, próxima ao Córrego do Fogo, caída havia cerca de dois anos em decorrência de fortes chuvas, impedindo a circulação de pedestres e veículos entre os dois municípios.",Obras e Serviços Públicos,,Pendente de Análise,"Data da sessão conforme texto do expediente é 14/06/2022, um dia antes da data do nome do arquivo (2022-06-15). Usada a data do texto. O próprio autor, na tribuna, corrigiu o prazo citado no texto da indicação (""cerca de cinco meses"") para ""cerca de dois anos""."
IND-039,049,2022,61ª Sessão Ordinária da 18ª Legislatura,2022-06-14,Valdir Aparecido de Oliveira,"Reforçando a indicação nº 159/2021, solicita a revisão do percentual de insalubridade pago aos servidores municipais da área da saúde (motoristas de ambulância, técnicos e auxiliares de enfermagem), atualmente em 20%, em reconhecimento ao trabalho de risco exercido, inclusive durante a pandemia de Covid-19.",Saúde,,Pendente de Análise,"Data da sessão conforme texto do expediente é 14/06/2022, um dia antes da data do nome do arquivo (2022-06-15). Usada a data do texto."
IND-040,050,2022,61ª Sessão Ordinária da 18ª Legislatura,2022-06-14,Elio Furini Neto,"Solicita melhorias no local de treinamento de tênis de mesa, atualmente improvisado, para proporcionar melhores condições de treino aos atletas e melhor representação da cidade em competições.",A Classificar,,Pendente de Análise,"Data da sessão conforme texto do expediente é 14/06/2022, um dia antes da data do nome do arquivo (2022-06-15). Usada a data do texto."
IND-041,051,2022,61ª Sessão Ordinária da 18ª Legislatura,2022-06-14,Elio Furini Neto,"Reforçando a indicação nº 126/2021, solicita a reforma do campo de futebol da Vila Beatriz, incluindo manutenção do gramado, construção de área de lazer, ampliação dos banheiros/vestiários masculino e feminino e implantação de quadra de areia.",Obras e Serviços Públicos,,Pendente de Análise,"Data da sessão conforme texto do expediente é 14/06/2022, um dia antes da data do nome do arquivo (2022-06-15). Usada a data do texto."
IND-042,052,2022,61ª Sessão Ordinária da 18ª Legislatura,2022-06-14,"Sofia Rodrigues dos Santos, Reinaldo Codognato","Solicita recapeamento das ruas Nazareno Sedrone e Augusto E. Nogueira (esta se prolongando até a via de acesso João Furini), no bairro Jardim Boa Vista, e da Rua Curitiba, no trecho entre as ruas Sebastiana de Oliveira e Florianópolis.",Obras e Serviços Públicos,,Pendente de Análise,"Data da sessão conforme texto do expediente é 14/06/2022, um dia antes da data do nome do arquivo (2022-06-15). Usada a data do texto. Grafia dos nomes das ruas ""Nazareno Sedrone"" e ""Augusto E. Nogueira"" incerta na transcrição."
IND-043,053,2022,62ª Sessão Ordinária da 18ª Legislatura,2022-06-20,Anderson Marcos Viana,"Solicita fornecimento de areia para revestir a caixa do playground das crianças no Jardim dos Pioneiros, a fim de amortecer quedas e evitar lesões nas crianças que utilizam o local.",Meio Ambiente,,Pendente de Análise,"Data da sessão conforme texto do expediente é 20/06/2022, um dia antes da data do nome do arquivo (2022-06-21). Usada a data do texto."
IND-044,054,2022,62ª Sessão Ordinária da 18ª Legislatura,2022-06-20,Anderson Marcos Viana,"Reforçando a indicação nº 158/2021, solicita o aproveitamento da água que jorra da bica no bairro Vila Beatriz, para uso em caminhões-pipa, usinas e pelo Corpo de Bombeiros de Dracena, preservando a água potável exclusivamente para consumo humano.",A Classificar,,Pendente de Análise,"Data da sessão conforme texto do expediente é 20/06/2022, um dia antes da data do nome do arquivo (2022-06-21). Usada a data do texto."
IND-045,055,2022,62ª Sessão Ordinária da 18ª Legislatura,2022-06-20,"Valdir Aparecido de Oliveira, Reinaldo Codognato, Teresinha de Lourdes Freitas Regodanço","Reforçando a indicação nº 149/2021, solicita a substituição dos canos da rede de água do bairro Duas Barras por tubulação de maior diâmetro, para aumentar a pressão da água nas residências abastecidas pelo reservatório local e reduzir vazamentos.",Saúde,,Pendente de Análise,"Data da sessão conforme texto do expediente é 20/06/2022, um dia antes da data do nome do arquivo (2022-06-21). Usada a data do texto."
IND-046,056,2022,62ª Sessão Ordinária da 18ª Legislatura,2022-06-20,Valdir Aparecido de Oliveira,"Solicita a destinação da caminhonete 4x4 a diesel, cabine dupla, conquistada pelo programa estadual ""Agro Mais Seguro"", para a realização de rondas policiais na zona rural, em parceria com a Polícia Militar (Operação Delegada), visando combater furtos contra produtores rurais.",Agricultura e Meio Rural,,Pendente de Análise,"Data da sessão conforme texto do expediente é 20/06/2022, um dia antes da data do nome do arquivo (2022-06-21). Usada a data do texto."
IND-047,057,2022,63ª Sessão Ordinária da 18ª Legislatura,2022-06-27,Anderson Marcos Viana,"Solicita a implantação de iluminação no trevo de acesso ao bairro Duas Barras, em razão de diversos pedidos da população que relatam acidentes, roubos e demais transtornos causados pela falta de iluminação no local.",A Classificar,,Pendente de Análise,"Nome do arquivo indica 2022-06-28, mas o texto da transcrição afirma explicitamente que o expediente é 'da 63ª Sessão Ordinária... a ser realizada em 27 de junho de 2022' (uma segunda-feira, consistente com o padrão semanal das sessões); usada a data do texto."
IND-048,058,2022,63ª Sessão Ordinária da 18ª Legislatura,2022-06-27,"Elio Furini Neto, Anderson Marcos Viana, Paulo Sérgio Cordeiro, Teresinha de Lourdes Freitas Regodanso, Valdir Aparecido de Oliveira","Solicita que as unidades de Estratégia de Saúde da Família (ESF) também possam distribuir medicamentos à população, para amenizar o intenso movimento e as filas no Centro de Saúde central.",Saúde,,Pendente de Análise,Nome do arquivo indica 2022-06-28; texto integral confirma sessão de 27 de junho de 2022 (ver nota da indicação 057 da mesma sessão).
IND-049,059,2022,63ª Sessão Ordinária da 18ª Legislatura,2022-06-27,"Reinaldo Codognato, Sofia Rodrigues dos Santos","Solicita a instalação de um playground no bairro Jardim Conde, para proporcionar área de recreação às crianças que moram na região.",Meio Ambiente,,Pendente de Análise,Nome do arquivo indica 2022-06-28; texto integral confirma sessão de 27 de junho de 2022 (ver nota da indicação 057 da mesma sessão).
IND-050,060,2022,63ª Sessão Ordinária da 18ª Legislatura,2022-06-27,"Reinaldo Codognato, Teresinha de Lourdes Freitas Regodanso, Sofia Rodrigues dos Santos","Reforça a indicação nº 12/2021 e solicita a instalação de redutores de velocidade em pontos estratégicos da Rua Constantino Marcolino de Souza, em razão do fluxo de veículos em alta velocidade que causa transtornos aos pedestres.",Trânsito e Mobilidade,,Pendente de Análise,Nome do arquivo indica 2022-06-28; texto integral confirma sessão de 27 de junho de 2022 (ver nota da indicação 057 da mesma sessão).
IND-051,061,2022,63ª Sessão Ordinária da 18ª Legislatura,2022-06-27,"Reinaldo Codognato, Teresinha de Lourdes Freitas Regodanso, Sofia Rodrigues dos Santos","Reforça a indicação nº 98/2021 e solicita o recapeamento asfáltico no prolongamento das ruas Jacinto José Alegrete e Guerino Val, além de melhorias nas ruas adjacentes, devido aos buracos que dificultam o tráfego.",Obras e Serviços Públicos,,Pendente de Análise,Nome do arquivo indica 2022-06-28; texto integral confirma sessão de 27 de junho de 2022 (ver nota da indicação 057 da mesma sessão).
IND-052,062,2022,64ª Sessão Ordinária da 18ª Legislatura,2022-08-01,Sofia Rodrigues dos Santos,"Solicita a nomeação do saudoso José Fernandes Filho para a praça localizada no bairro Delta Ville 1, em homenagem a um dos primeiros moradores da cidade.",Meio Ambiente,,Pendente de Análise,"Nome do arquivo indica 2022-08-02, mas o texto afirma que o expediente é 'da 64ª Sessão Ordinária... a ser realizada em 1º de agosto de 2022' (segunda-feira); usada a data do texto."
IND-053,063,2022,64ª Sessão Ordinária da 18ª Legislatura,2022-08-01,"Anderson Marcos Viana, Elio Furini Neto, Valdir Aparecido de Oliveira","Solicita a construção de uma área de lazer e playground de frente à Rua Vereador Gélcio José da Silva (bairro Frei Galvão), bem como a implantação de iluminação no local.",Obras e Serviços Públicos,,Pendente de Análise,"O resumo do expediente citou apenas Anderson Marcos Viana e Valdir Aparecido de Oliveira como autores, mas o texto integral lido em plenário inclui também Elio Furini Neto; usados os autores do texto integral. Data da sessão: ver nota da indicação 062."
IND-054,064,2022,64ª Sessão Ordinária da 18ª Legislatura,2022-08-01,"Anderson Marcos Viana, Valdir Aparecido de Oliveira","Solicita a abertura de uma comissão de fiscalização para os suplentes contemplados pelas casas populares do Residencial das Américas, em razão de irregularidades e de casas fechadas que prejudicam moradores em situação de vulnerabilidade.",A Classificar,,Pendente de Análise,Data da sessão: ver nota da indicação 062.
IND-055,065,2022,65ª Sessão Ordinária da 18ª Legislatura,2022-08-08,"Reinaldo Codognato, Rui Domingos da Silva","Solicita a instalação de canaletas na esquina da Rua Ilásio Bedamar Buso com a Rua Manuel Vicente Monteiro (bairro Carmezim 1), para direcionar corretamente o fluxo de águas pluviais.",A Classificar,,Pendente de Análise,"Nome do arquivo indica 2022-08-09, mas o texto afirma que o expediente é 'da 65ª Sessão Ordinária... a ser realizada em 8 de agosto de 2022' (segunda-feira); usada a data do texto."
IND-056,066,2022,65ª Sessão Ordinária da 18ª Legislatura,2022-08-08,"Reinaldo Codognato, Marisa Alves da Silva Costa","Solicita melhorias na iluminação da Praça Cristo Redentor, uma das mais movimentadas da cidade, para aumentar a segurança e o bem-estar dos frequentadores.",Meio Ambiente,,Pendente de Análise,Data da sessão: ver nota da indicação 065.
IND-057,067,2022,65ª Sessão Ordinária da 18ª Legislatura,2022-08-08,Teresinha de Lourdes Freitas Regodanso,"Solicita reforma e melhorias na parte interna e externa do velório municipal, incluindo manutenção de bancos, calçadas, portas, luzes, muretas dos canteiros, troca do piso e limpeza geral do local.",Obras e Serviços Públicos,,Pendente de Análise,Data da sessão: ver nota da indicação 065.
IND-058,068,2022,65ª Sessão Ordinária da 18ª Legislatura,2022-08-08,"Reinaldo Codognato, Sofia Rodrigues dos Santos","Solicita a pavimentação do trecho que liga os bairros Jardim Alvorada e Jardim Fluentes, localizado entre as ruas mencionadas como 'Vereadora Augusta Stander Raineri' e 'Avenida Edwvirges Anna Aparecida Trevisan'.",Obras e Serviços Públicos,,Pendente de Análise,"Nomes das ruas incertos: a transcrição traz grafias distintas em diferentes trechos ('Augusta Standard Raineri' / 'Adivide-Estrevizan'), provavelmente 'Vereadora Augusta Stander Raineri' e 'Avenida Edwvirges Anna Aparecida Trevisan' (nome que aparece corretamente em indicações posteriores). Data da sessão: ver nota da indicação 065."
IND-059,069,2022,66ª Sessão Ordinária da 18ª Legislatura,2022-08-15,"Anderson Marcos Viana, Elio Furini Neto","Reforça a indicação nº 105/2021 e solicita a instalação de bebedouros de água potável em locais estratégicos da Praça do Cristo Redentor, além da construção de sanitários públicos (feminino e masculino) no Parque Ecológico.",Obras e Serviços Públicos,,Pendente de Análise,"Nome do arquivo indica 2022-08-16, mas o texto afirma que o expediente é 'da 66ª Sessão Ordinária... a ser realizada em 15 de agosto de 2022' (segunda-feira); usada a data do texto."
IND-060,070,2022,66ª Sessão Ordinária da 18ª Legislatura,2022-08-15,Valdir Aparecido de Oliveira,"Solicita prioridade no atendimento dos ESFs a pacientes portadores de deficiência física e mental, incluindo crianças e jovens com autismo, observando a Lei Municipal nº 3.507 sobre o colar de girassol.",A Classificar,,Pendente de Análise,Data da sessão: ver nota da indicação 069.
IND-061,071,2022,66ª Sessão Ordinária da 18ª Legislatura,2022-08-15,Valdir Aparecido de Oliveira,"Solicita a instalação de um redutor de velocidade na Rua Antônio Cabrera Reis, bairro Jardim Pioneiros, devido ao aumento do fluxo de veículos após a implantação de sentido único na Rua Sr. Pepeu.",Trânsito e Mobilidade,,Pendente de Análise,Data da sessão: ver nota da indicação 069.
IND-062,072,2022,66ª Sessão Ordinária da 18ª Legislatura,2022-08-15,"Valdir Aparecido de Oliveira, Elio Furini Neto","Solicita a adequação da captação de águas pluviais no bairro Campo Belo, em especial na Alameda Paraíso esquina com a Rua das Figueiras, para evitar alagamentos e acúmulo de água parada.",A Classificar,,Pendente de Análise,Data da sessão: ver nota da indicação 069.
IND-063,073,2022,66ª Sessão Ordinária da 18ª Legislatura,2022-08-15,"Reinaldo Codognato, Marisa Alves da Silva Costa","Reforça a indicação nº 176/2021 e solicita reforma da pista de skate do município, devido às péssimas condições do piso (buracos e remendos de concreto) e melhorias na iluminação do local.",Obras e Serviços Públicos,,Pendente de Análise,Data da sessão: ver nota da indicação 069.
IND-064,074,2022,66ª Sessão Ordinária da 18ª Legislatura,2022-08-15,Reinaldo Codognato,"Solicita a criação de áreas destinadas a fins comerciais nos centros comunitários dos bairros da cidade, para apoiar pequenos empreendedores que vendem produtos nas ruas, como nos bairros Jardim Alvorada e Alto do Cene.",Meio Ambiente,,Pendente de Análise,Data da sessão: ver nota da indicação 069.
IND-065,075,2022,67ª Sessão Ordinária da 18ª Legislatura,2022-08-22,Valdir Aparecido de Oliveira,"Solicita sinalização de solo nas canaletas existentes na Rua Dom Pedro II, esquinas com as ruas São Luís e das Américas, para reduzir a velocidade dos veículos e evitar acidentes na travessia.",Trânsito e Mobilidade,,Pendente de Análise,"Nome do arquivo indica 2022-08-23, mas o texto afirma que o expediente é 'da 67ª Sessão Ordinária... a ser realizada em 22 de agosto de 2022' (segunda-feira); usada a data do texto."
IND-066,076,2022,67ª Sessão Ordinária da 18ª Legislatura,2022-08-22,"Anderson Marcos Viana, Paulo Sérgio Cordeiro","Solicita mais incentivos ao esporte municipal, principalmente custeio de passagens e estadias para atletas (atletismo, jiu-jitsu, basquete) que representam a cidade em competições em outras cidades.",Esporte e Lazer,,Pendente de Análise,Data da sessão: ver nota da indicação 075.
IND-067,077,2022,67ª Sessão Ordinária da 18ª Legislatura,2022-08-22,"Teresinha de Lourdes Freitas Regodanso, Valdir Aparecido de Oliveira","Reforça a indicação nº 38/2021 e solicita a implantação de uma linha de transporte público coletivo para atender aos bairros da cidade, sobretudo idosos que frequentam o Centro de Convivência do Idoso (CCI), sugerindo cobrança de pequena taxa por usuário.",Trânsito e Mobilidade,,Pendente de Análise,Data da sessão: ver nota da indicação 075.
IND-068,078,2022,68ª Sessão Ordinária da 18ª Legislatura,2022-08-29,Valdir Aparecido de Oliveira,"Solicita sinalização de solo e adequação da canaleta (muito profunda) localizada na Rua Goiás com a Rua Amazonas, bairro Cristo Redentor, que tem causado danos a veículos.",Trânsito e Mobilidade,,Pendente de Análise,"Nome do arquivo indica 2022-08-30, mas o texto afirma que o expediente é 'da 68ª Sessão Ordinária... a ser realizada em 29 de agosto de 2022' (segunda-feira); usada a data do texto."
IND-069,079,2022,68ª Sessão Ordinária da 18ª Legislatura,2022-08-29,Valdir Aparecido de Oliveira,"Solicita a construção de um playground na praça do bairro Colina Verde, já que crianças vinham usando os aparelhos de ginástica como brinquedo, com risco de acidentes.",Obras e Serviços Públicos,,Pendente de Análise,Data da sessão: ver nota da indicação 078.
IND-070,080,2022,68ª Sessão Ordinária da 18ª Legislatura,2022-08-29,"Reinaldo Codognato, Sofia Rodrigues dos Santos, Teresinha de Lourdes Freitas Regodanso","Solicita a construção de uma travessia elevada e uma rotatória entre os bairros Jardim Campo Belo e loteamento Horto do Seringal, na via de acesso João Furini, para reduzir acidentes de trânsito.",Trânsito e Mobilidade,,Pendente de Análise,Data da sessão: ver nota da indicação 078.
IND-071,081,2022,68ª Sessão Ordinária da 18ª Legislatura,2022-08-29,"Reinaldo Codognato, Rui Domingos da Silva","Solicita a implantação de uma lixeira comunitária no bairro Duas Barras, em razão da expansão do bairro e do aumento no fluxo de pessoas que descartam resíduos no local.",Meio Ambiente,,Pendente de Análise,Data da sessão: ver nota da indicação 078.
IND-072,082,2022,68ª Sessão Ordinária da 18ª Legislatura,2022-08-29,Anderson Marcos Viana,"Solicita sinalização ou construção de depressões redutoras de velocidade em trechos próximos a creches e escolas: Rua Santos Dumont (próx. CEI Raio de Luz e Parque Ecológico Tafarel), ruas Dom Pedro II e Ipiranga (próx. CEI Sonho de Criança) e Avenida Campos Salles (próx. Escola Profº Idene Rodrigues dos Santos).",Educação,,Pendente de Análise,Nome da escola na Avenida Campos Salles transcrito de forma confusa ('Escola Idene e Rodrigues do Santos'); interpretado como Escola Profº Idene Rodrigues dos Santos. Data da sessão: ver nota da indicação 078.
IND-073,083,2022,68ª Sessão Ordinária da 18ª Legislatura,2022-08-29,Anderson Marcos Viana,"Solicita a sinalização de advertência das lombofaixas e depressões existentes nas ruas do município, conforme normas do CONTRAN, em razão de acidentes recentes causados pela falta de sinalização.",Trânsito e Mobilidade,,Pendente de Análise,Data da sessão: ver nota da indicação 078.
IND-074,084,2022,68ª Sessão Ordinária da 18ª Legislatura,2022-08-29,"Elio Furini Neto, Anderson Marcos Viana","Reforça a indicação nº 37/2021 e solicita a extensão da iluminação pública no trecho da Avenida Avenida Edwvirges Anna Aparecida Trevisan, que liga o Residencial Carmezim ao conjunto habitacional Pioneiros, área escura utilizada por pedestres à noite.",Obras e Serviços Públicos,,Pendente de Análise,Data da sessão: ver nota da indicação 078.
IND-075,085,2022,69ª Sessão Ordinária da 18ª Legislatura,2022-09-06,Valdir Aparecido de Oliveira,"Solicita a construção de uma rotatória na via de acesso João Furini, no bairro residencial Figueira, além da instalação de redutor de velocidade nas proximidades, dentro dos padrões da resolução 39 do CONTRAN, em razão do tráfego intenso de veículos no local.",Trânsito e Mobilidade,,Pendente de Análise,
IND-076,086,2022,69ª Sessão Ordinária da 18ª Legislatura,2022-09-06,Valdir Aparecido de Oliveira,"Solicita a revitalização e preservação do lago existente no bairro Colina Verde, que não seca mesmo em períodos de estiagem e é usado pelos moradores para soltar peixes e como espaço de lazer.",Esporte e Lazer,,Pendente de Análise,
IND-077,087,2022,69ª Sessão Ordinária da 18ª Legislatura,2022-09-06,"Elio Furini Neto, Reinaldo Codognato","Reforçando a indicação nº 156/2021, solicita a instalação de uma rede de água com torneiras na área verde do bairro Figueira, além de bancos, lixeiras e iluminação pública no local, atendendo pedido de moradores que se prontificam a cuidar das plantas do espaço.",Obras e Serviços Públicos,,Pendente de Análise,
IND-078,088,2022,69ª Sessão Ordinária da 18ª Legislatura,2022-09-06,"Valdir Aparecido de Oliveira, Reinaldo Codognato, Marisa Alves da Silva Costa, Anderson Marcos Viana, Elio Furini Neto, Paulo Sérgio Cordeiro, Rui Domingos da Silva, Sofia Rodrigues dos Santos, Teresinha de Lourdes Freitas Regodanso","Reforçando a indicação nº 142/2021, de autoria de todos os vereadores, solicita a construção de redutores de velocidade em pontos estratégicos da Rua Santos Dumont, priorizando os bairros Alto do Cene, Jardim Paulista e Jardim das Américas, via preferencial com grande movimentação.",Trânsito e Mobilidade,,Pendente de Análise,Apresentada por 'todos os vereadores' conforme o texto; lista completa reconstituída a partir da composição da Câmara na 18ª Legislatura.
IND-079,089,2022,69ª Sessão Ordinária da 18ª Legislatura,2022-09-06,Reinaldo Codognato,"Solicita que se analise a viabilidade de implementar o Conselho Municipal de Trânsito, previsto na Lei nº 2.826, de 18 de junho de 2013, para atuar como foro de participação da população sobre o trânsito municipal.",Trânsito e Mobilidade,,Pendente de Análise,
IND-080,090,2022,69ª Sessão Ordinária da 18ª Legislatura,2022-09-06,Anderson Marcos Viana,"Solicita um levantamento da quantidade de crianças no município com transtorno do espectro autista (TEA), para facilitar a implementação e execução da Lei 3.507/2022, que dispõe sobre o colar de girassol como símbolo de identificação de deficiências ocultas.",A Classificar,,Pendente de Análise,
IND-081,091,2022,69ª Sessão Ordinária da 18ª Legislatura,2022-09-06,Anderson Marcos Viana,"Solicita reforma do playground e do calçamento da Praça do Centenário, além da construção de bebedouros, em razão da falta de segurança do espaço (fiação exposta e playground danificado) apontada pela população.",Obras e Serviços Públicos,,Pendente de Análise,
IND-082,092,2022,69ª Sessão Ordinária da 18ª Legislatura,2022-09-06,"Paulo Sérgio Cordeiro, Anderson Marcos Viana","Reforçando a indicação nº 151/2021, de autoria do vereador Anderson Marcos Viana, solicita a pavimentação asfáltica da Rua Santa Fé, próxima ao Parque Ecológico, rua de pequena extensão ainda não pavimentada.",Obras e Serviços Públicos,,Pendente de Análise,
IND-083,093,2022,70ª Sessão Ordinária da 18ª Legislatura,2022-09-13,"Anderson Marcos Viana, Teresinha de Lourdes Freitas Regodanso","Reforçando a indicação 28/2021, de autoria da vereadora Teresinha de Lourdes Freitas Regodanso, solicita a construção, aluguel ou aquisição de um prédio para instalação de uma 'creche do idoso' (centro-dia), para atender famílias carentes que não têm onde deixar o idoso durante o período de trabalho.",Educação,,Pendente de Análise,"Contou também com apoio do vereador Elio Furini Neto conforme o texto lido, embora não conste como autor principal."
IND-084,094,2022,70ª Sessão Ordinária da 18ª Legislatura,2022-09-13,Anderson Marcos Viana,"Solicita a implementação de serviço de saneamento básico na Rua Belém com a Rua Porto Alegre, no bairro Jardim Junqueirópolis, onde há cerca de 15 anos o esgoto é despejado de forma irregular no local.",Obras e Serviços Públicos,,Pendente de Análise,
IND-085,095,2022,70ª Sessão Ordinária da 18ª Legislatura,2022-09-13,Anderson Marcos Viana,"Solicita a inclusão, na primeira remessa de construção de pontos de ônibus, dos bairros Pioneiros, Recanto dos Eucaliptos, Delta Velho II e Distrito Industrial I (próximo à faculdade), para dar melhores condições aos usuários do transporte público.",Trânsito e Mobilidade,,Pendente de Análise,
IND-086,096,2022,70ª Sessão Ordinária da 18ª Legislatura,2022-09-13,Rui Domingos da Silva,"Solicita que a ciclovia em construção no entorno do bairro Duas Barras receba o nome do saudoso senhor Gilmar Batista, pioneiro do ciclismo no município.",Trânsito e Mobilidade,,Pendente de Análise,Apresentada em apoio pelo vereador Reinaldo Codognato conforme o texto lido.
IND-087,097,2022,71ª Sessão Ordinária da 18ª Legislatura,2022-09-20,Anderson Marcos Viana,"Solicita manutenção da área de lazer localizada ao fundo do CI Sonho de Criança, incluindo conserto das traves dos gols, restauração da grama sintética e adequação da iluminação, por falta de segurança no local à noite.",Esporte e Lazer,,Pendente de Análise,
IND-088,098,2022,71ª Sessão Ordinária da 18ª Legislatura,2022-09-20,"Valdir Aparecido de Oliveira, Reinaldo Codognato, Anderson Marcos Viana, Elio Furini Neto","Reforçando a indicação nº 40/2021, solicita a instalação de uma academia ao ar livre no bairro Duas Barras com o nome da saudosa Sandra Gonçalves Amaral, pioneira do bairro, além de bebedouro, reforma dos banheiros públicos e pavimentação de cerca de 200 metros no trecho da área.",Obras e Serviços Públicos,,Pendente de Análise,
IND-089,099,2022,71ª Sessão Ordinária da 18ª Legislatura,2022-09-20,Valdir Aparecido de Oliveira,"Solicita melhorias e adequações nas calçadas do município conforme a NBR 9050/2004, principalmente nas proximidades da Avenida 7 de Setembro com a Rua 15 da Cunha, para dar mais acessibilidade a pessoas com deficiência ou mobilidade reduzida.",Trânsito e Mobilidade,,Pendente de Análise,
IND-090,100,2022,71ª Sessão Ordinária da 18ª Legislatura,2022-09-20,Valdir Aparecido de Oliveira,"Solicita a abertura da Rua Piauí, dando acesso direto à Avenida Geraldo Fudo nas proximidades do CEI Cristo Redentor, para evitar que os usuários precisem sempre contornar pela rotatória do Cristo.",Trânsito e Mobilidade,,Pendente de Análise,
IND-091,101,2022,71ª Sessão Ordinária da 18ª Legislatura,2022-09-20,Marisa Alves da Silva Costa,"Solicita a implantação de um crédito mensal destinado ao custeio de atendimentos e consultas médicas para animais em situação de vulnerabilidade no município, complementando as castrações já realizadas via CISNAP.",Saúde,,Pendente de Análise,
IND-092,102,2022,72ª Sessão Ordinária da 18ª Legislatura,2022-09-27,Paulo Sérgio Cordeiro,"Solicita a implantação de um crédito mensal destinado ao custeio do tratamento de dependentes químicos do município, tendo em vista a dificuldade das famílias em arcar com equipe multidisciplinar de médicos e psicólogos.",Saúde,,Pendente de Análise,
IND-093,103,2022,72ª Sessão Ordinária da 18ª Legislatura,2022-09-27,Reinaldo Codognato,"Solicita a colocação de redutores de velocidade em locais estratégicos próximos aos playgrounds construídos para as crianças, principalmente no Parque Ecológico, devido ao risco de crianças brincarem próximo à circulação de veículos.",Trânsito e Mobilidade,,Pendente de Análise,
IND-094,104,2022,72ª Sessão Ordinária da 18ª Legislatura,2022-09-27,Reinaldo Codognato,"Solicita a criação de uma equipe para realizar intervenções emergenciais nos trechos considerados críticos das estradas rurais, com manutenção braçal (camalhões, bigodes e caixas secas), especialmente em períodos de chuva intensa.",A Classificar,,Pendente de Análise,
IND-095,105,2022,72ª Sessão Ordinária da 18ª Legislatura,2022-09-27,"Teresinha de Lourdes Freitas Regodanso, Marisa Alves da Silva Costa, Sofia Rodrigues dos Santos","Solicita a criação de um espaço, que poderia ser denominado Casa Lilás, para acolhimento de mulheres vítimas de violência doméstica e sexual, dada a fragilidade das vítimas e o risco de perseguição pelos agressores.",A Classificar,,Pendente de Análise,Apresentada com apoio do vereador Elio Furini Neto conforme o texto lido.
IND-096,106,2022,72ª Sessão Ordinária da 18ª Legislatura,2022-09-27,Anderson Marcos Viana,"Solicita a inclusão, na Lei Orçamentária Anual (LOA), de dotação para atender programas de reconstrução e pequenas reformas de residências de famílias carentes, nos moldes da Lei Municipal nº 2.791/2012.",Obras e Serviços Públicos,,Pendente de Análise,
IND-097,124,2022,76ª Sessão Ordinária da 18ª Legislatura,2022-10-25,Anderson Marcos Viana,"Solicita o cercamento do poço artesiano da Rua Independência, entre a Avenida Bandeirantes e a Rua Curitiba, pois o muro que o cercava caiu, deixando o local vulnerável a uso de drogas, vandalismo e contaminação da água.",A Classificar,,Pendente de Análise,
IND-098,125,2022,76ª Sessão Ordinária da 18ª Legislatura,2022-10-25,"Valdir Aparecido de Oliveira, Reinaldo Codognato, Marisa Alves da Silva Costa, Anderson Marcos Viana, Elio Furini Neto, Paulo Sérgio Cordeiro, Rui Domingos da Silva, Sofia Rodrigues dos Santos, Teresinha de Lourdes Freitas Regodanso","Solicita reajuste anual de 13% nos salários de todos os servidores públicos municipais (executivo e legislativo), a contar de 1º de janeiro de 2023, e o aumento do ticket alimentação para R$ 900,00, considerando a inflação acumulada e o reajuste de 3% não concedido em 2022.",Administração e Finanças,,Pendente de Análise,Assinada por todos os vereadores conforme o texto lido no expediente.
IND-099,126,2022,76ª Sessão Ordinária da 18ª Legislatura,2022-10-25,"Marisa Alves da Silva Costa, Elio Furini Neto","Solicita a locação de um espaço amplo para recolher cães em situação de abandono, funcionando como canil municipal, em razão do crescente número de animais abandonados e do risco de acidentes e propagação de doenças.",A Classificar,,Pendente de Análise,
IND-100,127,2022,76ª Sessão Ordinária da 18ª Legislatura,2022-10-25,Reinaldo Codognato,"Solicita a reforma da praça localizada no bairro Boa Vista, bem como a troca do playground do local, muito frequentado por crianças do bairro e do CEI Cristo Redentor.",Obras e Serviços Públicos,,Pendente de Análise,
IND-101,128,2022,76ª Sessão Ordinária da 18ª Legislatura,2022-10-25,"Reinaldo Codognato, Valdir Aparecido de Oliveira, Teresinha de Lourdes Freitas Regodanso","Reforçando a indicação nº 153/2021, solicita uma reforma geral no Centro Comunitário do bairro Duas Barras, dadas as condições precárias dos sanitários, cozinha, churrasqueira e do salão de festas.",Obras e Serviços Públicos,,Pendente de Análise,
IND-102,129,2022,77ª Sessão Ordinária da 18ª Legislatura,2022-11-01,Reinaldo Codognato,"Solicita providências, parciais (contenção com entulho/terra) ou totais (instalação de tubulação), para a erosão formada aos fundos da Rua Alberto Nusse, área rural da Vila Santa Ruth, problema antigo levado ao vereador por moradores que recolheram assinaturas.",Agricultura e Meio Rural,,Pendente de Análise,
IND-103,130,2022,77ª Sessão Ordinária da 18ª Legislatura,2022-11-01,"Reinaldo Codognato, Rui Domingos da Silva","Solicita o recapeamento de pontos estratégicos das ruas do município, em especial do bairro Jardim Esperança, cujas ruas estão esburacadas há muito tempo sem receber recapeamento.",Obras e Serviços Públicos,,Pendente de Análise,
IND-104,131,2022,77ª Sessão Ordinária da 18ª Legislatura,2022-11-01,"Paulo Sérgio Cordeiro, Valdir Aparecido de Oliveira","Reforçando a indicação nº 86/2021, solicita a contratação de segurança privada e instalação de câmeras de vigilância nas creches e escolas do município, para coibir brigas, vandalismo e crimes contra o patrimônio e garantir a segurança de alunos e servidores.",Educação,,Pendente de Análise,
IND-105,132,2022,78ª Sessão Ordinária da 18ª Legislatura,2022-11-07,Paulo Sérgio Cordeiro,"Solicita que seja servido um lanche da tarde às crianças e jovens que frequentam o projeto Espaço Amigo, para garantir alimentação adequada durante o período em que ficam fora de casa.",A Classificar,,Pendente de Análise,"Divergência de data: o nome do arquivo indica 2022-11-08, mas o texto da sessão (abertura e leitura do expediente) menciona explicitamente '78ª sessão ordinária ... a ser realizada em 7 de novembro de 2022'. Adotada a data do texto, seguindo o padrão já observado em lotes anteriores (upload no YouTube um dia após a sessão real)."
IND-106,133,2022,79ª Sessão Ordinária da 18ª Legislatura,2022-11-16,"Reinaldo Codognato, Rui Domingos da Silva","Solicita reforma geral do estabelecimento comercial localizado às margens do campo de futebol do bairro Vila São João, que serve comidas e bebidas a quem assiste aos jogos e funciona como ponto de encontro do time local.",Obras e Serviços Públicos,,Pendente de Análise,"Divergência de data: nome do arquivo indica 2022-11-17, texto da sessão menciona '79ª sessão ordinária ... a ser realizada em 16 de novembro de 2022'. Adotada a data do texto."
IND-107,134,2022,79ª Sessão Ordinária da 18ª Legislatura,2022-11-16,Paulo Sérgio Cordeiro,"Reforçando a indicação 107/2021, solicita a construção de redutores de velocidade (lombadas/lombofaixas) na Avenida Rio Branco e na Rua Quinzinho da Cunha, nos cruzamentos com a Rua Victor Junqueira, próximo à Escola Municipal Professora Neide Macedo Brandão Fernandes.",Educação,,Pendente de Análise,
IND-108,135,2022,79ª Sessão Ordinária da 18ª Legislatura,2022-11-16,"Anderson Marcos Viana, Elio Furini Neto, Valdir Aparecido de Oliveira","Solicita a construção de um poço artesiano com reservatório estilo taça no bairro Vila São João, nos moldes do que foi feito no bairro Duas Barras, em razão da seca de poços caipiras que abastecem famílias do bairro.",Obras e Serviços Públicos,,Pendente de Análise,
IND-109,136,2022,79ª Sessão Ordinária da 18ª Legislatura,2022-11-16,Anderson Marcos Viana,"Solicita a construção de um salão comunitário no bairro Jardim Paulista, na esquina da Rua Recife com a Rua Ipiranga, para sediar festividades do bairro e eventos do CI Sonho de Criança, que fica ao lado do local.",Obras e Serviços Públicos,,Pendente de Análise,
IND-110,137,2022,79ª Sessão Ordinária da 18ª Legislatura,2022-11-16,Anderson Marcos Viana,"Solicita que se dê continuidade às lombadas/lombofaixas já riscadas no asfalto meses antes, como em frente à Escola Neide Macedo Brandão Fernandes, próximo ao Armazém do Hilário, e no cruzamento da Avenida Paulista com a Bandeirantes.",Educação,,Pendente de Análise,
IND-111,138,2022,79ª Sessão Ordinária da 18ª Legislatura,2022-11-16,"Anderson Marcos Viana, Elio Furini Neto, Marisa Alves da Silva Costa, Paulo Sérgio Cordeiro, Teresinha de Lourdes Freitas Regodanso, Valdir Aparecido de Oliveira","Solicita a construção de um memorial para as vítimas fatais da Covid-19 na entrada do trevo principal do município, na Avenida Geraldo Fudo, em homenagem às 105 vítimas registradas até o momento e suas famílias.",Obras e Serviços Públicos,,Pendente de Análise,
IND-112,139,2022,80ª Sessão Ordinária da 18ª Legislatura,2022-11-21,Anderson Marcos Viana,"Solicita que seja cercada a quadra de esportes do Jardim Alvorada, em razão de bolas chutadas ou arremessadas atingirem pessoas que caminham nas proximidades, especialmente idosos.",Meio Ambiente,,Pendente de Análise,"Divergência de data: nome do arquivo indica 2022-11-22, texto da sessão menciona '80ª sessão ordinária ... a ser realizada em 21 de novembro de 2022'. Adotada a data do texto."
IND-113,140,2022,80ª Sessão Ordinária da 18ª Legislatura,2022-11-21,"Anderson Marcos Viana, Elio Furini Neto, Marisa Alves da Silva Costa, Paulo Sérgio Cordeiro, Reinaldo Codognato, Rui Domingos da Silva, Sofia Rodrigues dos Santos, Teresinha de Lourdes Freitas Regodanso, Valdir Aparecido de Oliveira","Solicita que seja providenciado um local adequado para o ensino de técnicas de autodefesa, voltado principalmente a mulheres, alvos frequentes de assédio e abuso na rua ou no transporte público. Indicação apresentada a partir de sugestão de alunos do Centro Comunitário Semente da Vida.",Educação,,Pendente de Análise,
IND-114,141,2022,80ª Sessão Ordinária da 18ª Legislatura,2022-11-21,"Anderson Marcos Viana, Elio Furini Neto, Marisa Alves da Silva Costa, Paulo Sérgio Cordeiro, Reinaldo Codognato, Rui Domingos da Silva, Sofia Rodrigues dos Santos, Teresinha de Lourdes Freitas Regodanso, Valdir Aparecido de Oliveira","Solicita a criação de um festival cultural denominado 'Junk Art', envolvendo música, dança, teatro e cinema, e sugere a adaptação do Centro de Formação Educacional (CEF) para implantação de um cinema municipal.",A Classificar,,Pendente de Análise,
IND-115,142,2022,80ª Sessão Ordinária da 18ª Legislatura,2022-11-21,"Anderson Marcos Viana, Elio Furini Neto, Marisa Alves da Silva Costa, Paulo Sérgio Cordeiro, Reinaldo Codognato, Rui Domingos da Silva, Sofia Rodrigues dos Santos, Teresinha de Lourdes Freitas Regodanso, Valdir Aparecido de Oliveira","Solicita a instalação de 'bueiros inteligentes' equipados com cestos coletores removíveis, para facilitar a limpeza e reduzir o entupimento das redes de drenagem da cidade.",Obras e Serviços Públicos,,Pendente de Análise,
IND-116,143,2022,80ª Sessão Ordinária da 18ª Legislatura,2022-11-21,"Anderson Marcos Viana, Elio Furini Neto, Marisa Alves da Silva Costa, Paulo Sérgio Cordeiro, Reinaldo Codognato, Rui Domingos da Silva, Sofia Rodrigues dos Santos, Teresinha de Lourdes Freitas Regodanso, Valdir Aparecido de Oliveira","Solicita a troca dos canos e redes que delimitam as quadras do Parque Ecológico, instalação de bebedouros no local e organização de campeonatos de vôlei a cada três meses como incentivo ao esporte.",Meio Ambiente,,Pendente de Análise,
IND-117,144,2022,81ª Sessão Ordinária da 18ª Legislatura,2022-11-28,"Anderson Marcos Viana, Elio Furini Neto","Solicita a manutenção do campo sintético do Jardim Paulista, cujo revestimento está deteriorado por falta de manutenção desde sua construção.",Obras e Serviços Públicos,,Pendente de Análise,"Divergência de data: nome do arquivo indica 2022-11-29, texto da sessão menciona '81ª sessão ordinária ... a ser realizada em 28 de novembro de 2022'. Adotada a data do texto."
IND-118,145,2022,81ª Sessão Ordinária da 18ª Legislatura,2022-11-28,Valdir Aparecido de Oliveira,"Solicita a construção de uma quadra de vôlei de areia nas proximidades do ginásio de esportes Cícero Gomes, ao lado da Academia de Judô, para incentivar a prática de vôlei de areia, futebol e beach tennis.",Obras e Serviços Públicos,,Pendente de Análise,
IND-119,146,2022,81ª Sessão Ordinária da 18ª Legislatura,2022-11-28,Anderson Marcos Viana,"Solicita a substituição ou restauração das placas de trânsito do município, em razão de várias estarem quebradas ou arrancadas, prejudicando o fluxo e a segurança viária.",Saúde,,Pendente de Análise,
IND-120,147,2022,81ª Sessão Ordinária da 18ª Legislatura,2022-11-28,Anderson Marcos Viana,"Solicita a construção de um redutor de velocidade no encontro da Rua Victor Junqueira com a Rua Professora Neide Autrão, onde termina a pavimentação do bairro Jardim Alvorada, em razão do risco de acidentes com crianças no local.",Educação,,Pendente de Análise,
IND-121,148,2022,81ª Sessão Ordinária da 18ª Legislatura,2022-11-28,"Anderson Marcos Viana, Elio Furini Neto, Marisa Alves da Silva Costa, Paulo Sérgio Cordeiro, Reinaldo Codognato, Rui Domingos da Silva, Sofia Rodrigues dos Santos, Teresinha de Lourdes Freitas Regodanso, Valdir Aparecido de Oliveira","Reforçando a indicação 108/2021, solicita a limpeza das lagoas de tratamento de esgoto do Matadouro e, principalmente, do Carreiro (Jardim Paulista), em razão da saturação e do mau cheiro que afetam moradores dos bairros adjacentes.",Obras e Serviços Públicos,,Pendente de Análise,
IND-122,149,2022,81ª Sessão Ordinária da 18ª Legislatura,2022-11-28,"Reinaldo Codognato, Marisa Alves da Silva Costa, Rui Domingos da Silva, Sofia Rodrigues dos Santos","Solicita a implantação de carteira funcional para os servidores municipais, para facilitar a comprovação de vínculo e viabilizar isenções previstas nas Leis Estaduais 10.858/2001 e 15.298/2014, sem necessidade de apresentar holerite.",Administração e Finanças,,Pendente de Análise,
IND-123,150,2022,81ª Sessão Ordinária da 18ª Legislatura,2022-11-28,Reinaldo Codognato,"Reforçando a indicação 162/2021, solicita que a administração intermedeie junto à Rumo Logística, com apoio do ITESP, a regularização da situação dos antigos moradores da colônia da FEPASA, visando a doação ou aquisição legal definitiva dos imóveis em que residem.",A Classificar,,Pendente de Análise,
IND-124,151,2022,81ª Sessão Ordinária da 18ª Legislatura,2022-11-28,"Rui Domingos da Silva, Reinaldo Codognato","Solicita revisão geral em todos os parques, praças e playgrounds do município, para oferecer opções seguras de lazer à população.",Meio Ambiente,,Pendente de Análise,
IND-125,152,2022,82ª Sessão Ordinária da 18ª Legislatura,2022-12-05,Anderson Marcos Viana,"Solicita a construção de uma escadaria de acesso com corrimão da Rua São Salvador até o Salão Comunitário do Jardim Alvorada, para facilitar o acesso de idosos, que hoje precisam contornar o local passando perto das quadras.",Obras e Serviços Públicos,,Pendente de Análise,"Divergência de data: nome do arquivo indica 2022-12-06, texto da sessão menciona '82ª sessão ordinária ... a ser realizada em 5 de dezembro de 2022'. Adotada a data do texto."
IND-126,153,2022,82ª Sessão Ordinária da 18ª Legislatura,2022-12-05,Anderson Marcos Viana,"Solicita a reforma dos aros/tabelas de basquete das quadras do sistema de lazer do Jardim Esperança e do Jardim Alvorada, que se encontram em péssimo estado e representam risco aos jovens que os utilizam.",Obras e Serviços Públicos,,Pendente de Análise,
IND-127,154,2022,82ª Sessão Ordinária da 18ª Legislatura,2022-12-05,Anderson Marcos Viana,"Reforçando a indicação 145/2021, solicita a colocação dos braços de luz que ainda faltam nos postes do Residencial das Américas, para maior segurança noturna e embelezamento do bairro.",Obras e Serviços Públicos,,Pendente de Análise,
IND-128,155,2022,82ª Sessão Ordinária da 18ª Legislatura,2022-12-05,Anderson Marcos Viana,"Solicita a poda de árvores, eliminação de formigueiros e adequação dos bancos e da iluminação pública da Rua Piauí, no bairro Colina Verde, cujo espaço de lazer está se deteriorando.",Obras e Serviços Públicos,,Pendente de Análise,
IND-129,156,2022,82ª Sessão Ordinária da 18ª Legislatura,2022-12-05,"Teresinha de Lourdes Freitas Regodanso, Elio Furini Neto","Solicita a revitalização da Praça Sebastião Claro, na esquina da Rua Porto Alegre com a Avenida Paulista, próxima ao fórum, à Santa Casa e ao pronto-socorro, que necessita de limpeza geral e reforma do calçamento, bancos e iluminação.",Obras e Serviços Públicos,,Pendente de Análise,
IND-130,157,2022,82ª Sessão Ordinária da 18ª Legislatura,2022-12-05,"Reinaldo Codognato, Sofia Rodrigues dos Santos, Rui Domingos da Silva","Solicita a instalação de guias e sarjetas delimitando o perímetro de casas e estradas no centro do bairro Vila São João, em razão da perda de material sólido da estrada, poeira na seca e lama nas chuvas.",A Classificar,,Pendente de Análise,
IND-131,158,2022,82ª Sessão Ordinária da 18ª Legislatura,2022-12-05,Valdir Aparecido de Oliveira,"Solicita a implantação de iluminação adequada na área verde do bairro Carmesin 2, hoje muito escura e utilizada para atividades nocivas, como uso de entorpecentes, além de registros de tentativas de furto nas proximidades.",Meio Ambiente,,Pendente de Análise,
IND-132,159,2022,82ª Sessão Ordinária da 18ª Legislatura,2022-12-05,"Elio Furini Neto, Anderson Marcos Viana","Complementando a indicação 144/2022, solicita iluminação adequada no campo sintético e na quadra de areia do Jardim Paulista, além de sugerir a construção de banheiros, vestiários e bebedouros para os praticantes.",Obras e Serviços Públicos,,Pendente de Análise,
IND-133,160,2022,83ª Sessão Ordinária da 18ª Legislatura,2022-12-12,"Anderson Marcos Viana, Elio Furini Neto","Solicita a disponibilização de um médico veterinário público a cada 15 dias, em regime de mutirão, para atendimento de casos de urgência/emergência de animais de munícipes de baixa renda, aliviando o trabalho das organizações voluntárias de proteção animal.",Saúde,,Pendente de Análise,"Divergência de data: nome do arquivo indica 2022-12-13, texto da sessão menciona '83ª sessão ordinária ... a ser realizada em 12 de dezembro de 2022'. Adotada a data do texto."
IND-134,161,2022,83ª Sessão Ordinária da 18ª Legislatura,2022-12-12,Anderson Marcos Viana,"Reforçando a indicação 170/2021, solicita serviço de drenagem para o escoamento correto da água parada na Rua Argentina, altura do nº 84, no Residencial das Américas.",A Classificar,,Pendente de Análise,
IND-135,162,2022,83ª Sessão Ordinária da 18ª Legislatura,2022-12-12,Anderson Marcos Viana,"Reforçando a indicação 181/2021, solicita contato com a empresa Fumagalli Eletricidade, responsável pela troca de lâmpadas da iluminação pública, para que aumente a frequência de verificação noturna da rede, evitando que a população precise ligar para relatar queima de lâmpadas.",Obras e Serviços Públicos,,Pendente de Análise,
IND-136,163,2022,83ª Sessão Ordinária da 18ª Legislatura,2022-12-12,"Teresinha de Lourdes Freitas Regodanso, Reinaldo Codognato","Solicita a colocação de redutor de velocidade na Avenida Paulista, nas proximidades da Clínica Bem-Estar, em trecho de declive com histórico de acidentes e alta velocidade dos veículos.",Saúde,,Pendente de Análise,"O texto integral desta indicação não foi lido/capturado na transcrição da sessão (a leitura das indicações seguiu direto de 162 para o texto correspondente à cesta de Natal, numerado '163' na fala do locutor). Resumo baseado no resumo do expediente. A numeração usada aqui (163) segue o resumo do expediente e a autoria (Teresinha e Reinaldo) mencionada por Teresinha em explicações pessoais mais adiante na mesma sessão, que trata do mesmo assunto (redutor de velocidade na Av. Paulista perto da Clínica Bem-Estar)."
IND-137,164,2022,83ª Sessão Ordinária da 18ª Legislatura,2022-12-12,Valdir Aparecido de Oliveira,"Solicita a concessão de uma cesta de Natal no valor de R$ 150,00 aos servidores públicos municipais, como forma de reconhecimento pelo trabalho prestado ao longo do ano.",Administração e Finanças,,Pendente de Análise,"Na leitura integral da sessão, esta indicação foi anunciada pelo locutor como número '163' (um número a menos que no resumo do expediente, que a lista como 164). Mantido o número 164 do resumo do expediente, por ser a fonte de numeração oficial; o conteúdo (cesta de Natal, autoria de Valdir Aparecido de Oliveira) corresponde inequivocamente ao item 164 do expediente."
IND-138,165,2022,83ª Sessão Ordinária da 18ª Legislatura,2022-12-12,Anderson Marcos Viana,"Solicita a disponibilização de ao menos uma sala para atendimentos de fisioterapia no bairro Alto do Cene, já que os atendimentos hoje estão centralizados no bairro Vila Beatriz, obrigando pacientes idosos a longos deslocamentos.",A Classificar,,Pendente de Análise,"Na leitura integral da sessão, esta indicação foi anunciada pelo locutor como número '164' (um número a menos que no resumo do expediente, que a lista como 165). Mantido o número 165 do resumo do expediente, por ser a fonte de numeração oficial; o conteúdo (fisioterapia no Alto do Cene, autoria de Anderson Marcos Viana) corresponde inequivocamente ao item 165 do expediente."
IND-139,003,2023,86ª Sessão Ordinária da 18ª Legislatura,2023-02-13,Anderson Marcos Viana,"Solicita estudo junto ao setor competente da administração para adequar a iluminação dos playgrounds dos bairros Jardim Campo Belo e Jardim Primavera, locais frequentados por jovens e crianças que precisam de iluminação apropriada para lazer.",Meio Ambiente,,Pendente de Análise,"O texto da sessão menciona repetidamente a data de 13 de fevereiro de 2023, enquanto o arquivo de transcrição está nomeado como 2023-02-14 (provável upload no YouTube um dia após a sessão). Usada a data do texto (2023-02-13)."
IND-140,004,2023,86ª Sessão Ordinária da 18ª Legislatura,2023-02-13,Anderson Marcos Viana,"Solicita estudo para providenciar um ônibus coletivo que percorra os bairros do município ao menos quatro vezes ao dia (7h às 11h e 13h às 17h30), cobrando tarifa acessível, para atender moradores sem meio próprio de condução, situação agravada em dias de chuva ou sol intenso.",Trânsito e Mobilidade,,Pendente de Análise,"Mesma observação de data do arquivo: transcrição nomeada 2023-02-14, texto da sessão indica 13 de fevereiro de 2023."
IND-141,005,2023,86ª Sessão Ordinária da 18ª Legislatura,2023-02-13,Anderson Marcos Viana,"Solicita adequação dos bancos degradados da Rua Piauí, bairro Colina Verde, local com vista privilegiada do letreiro da cidade e da rodovia, bastante frequentado pela população.",A Classificar,,Pendente de Análise,"Mesma observação de data do arquivo: transcrição nomeada 2023-02-14, texto da sessão indica 13 de fevereiro de 2023."
IND-142,006,2023,86ª Sessão Ordinária da 18ª Legislatura,2023-02-13,"Reinaldo Codognato, Valdir Aparecido de Oliveira, Sofia Rodrigues dos Santos","Solicita construção de uma canaleta de captação de águas pluviais no encontro da Rua da Amora com a Rua do Caju (bairro Figueira), para direcionar corretamente o fluxo de água e evitar alagamentos em terrenos e estruturas adjacentes.",Obras e Serviços Públicos,,Pendente de Análise,"Mesma observação de data do arquivo: transcrição nomeada 2023-02-14, texto da sessão indica 13 de fevereiro de 2023."
IND-143,007,2023,86ª Sessão Ordinária da 18ª Legislatura,2023-02-13,"Reinaldo Codognato, Marisa Alves da Silva Costa","Solicita implementação de estacionamento a 45 graus na avenida da região da Rua Padre Miguel (área comercial em crescimento, com lojas, postos e clínicas), sem prejudicar o fluxo de trânsito, já que a via é larga.",Saúde,,Pendente de Análise,"Nome da avenida transcrito de forma inconsistente: 'Avenida Geraldo Fudo' no resumo do expediente e algo como 'Avenida Geraldo Fud[o]' na leitura da indicação e na discussão em plenário, que a esclarece como sendo próxima à Rua Padre Miguel. Não foi possível confirmar a grafia exata do nome da avenida. Mesma observação de data do arquivo: transcrição nomeada 2023-02-14, texto da sessão indica 13 de fevereiro de 2023."
IND-144,008,2023,86ª Sessão Ordinária da 18ª Legislatura,2023-02-13,"Teresinha de Lourdes Freitas Regodanso, Reinaldo Codognato","Solicita reforma do Clube da Viola, localizado nas dependências do Recinto da ACERUVA, cujo mau estado vem deteriorando os instrumentos ali guardados, conforme relato dos próprios integrantes do clube.",Obras e Serviços Públicos,,Pendente de Análise,"Mesma observação de data do arquivo: transcrição nomeada 2023-02-14, texto da sessão indica 13 de fevereiro de 2023."
IND-145,009,2023,86ª Sessão Ordinária da 18ª Legislatura,2023-02-13,"Reinaldo Codognato, Rui Domingos da Silva","Solicita distribuição gratuita de material escolar para crianças da rede pública municipal de ensino, visando oportunidades iguais de estudo e economia às famílias carentes.",Educação,,Pendente de Análise,"Mesma observação de data do arquivo: transcrição nomeada 2023-02-14, texto da sessão indica 13 de fevereiro de 2023."
IND-146,010,2023,87ª Sessão Ordinária da 18ª Legislatura,2023-02-22,Anderson Marcos Viana,"Reforça a indicação nº 166/2022, solicitando intensificação do combate a escorpiões, aranhas e outros animais peçonhentos, e sugere nebulização (fumacê) nos bairros contra o mosquito da dengue, cujos casos voltaram a aumentar.",A Classificar,,Pendente de Análise,"O texto da sessão menciona repetidamente a data de 22 de fevereiro de 2023, enquanto o arquivo de transcrição está nomeado como 2023-02-23 (provável upload no YouTube um dia após a sessão). Usada a data do texto (2023-02-22)."
IND-147,011,2023,87ª Sessão Ordinária da 18ª Legislatura,2023-02-22,Valdir Aparecido de Oliveira,"Reforça a indicação nº 40/2022, solicitando manutenção ou substituição dos aparelhos de ginástica da Academia ao Ar Livre em frente ao estádio municipal Raphael Capelli, atualmente de madeira, quebrados ou incompletos, oferecendo risco aos usuários.",Saúde,,Pendente de Análise,"Mesma observação de data do arquivo: transcrição nomeada 2023-02-23, texto da sessão indica 22 de fevereiro de 2023."
IND-148,012,2023,87ª Sessão Ordinária da 18ª Legislatura,2023-02-22,Anderson Marcos Viana,"Solicita reforma e ampliação da Academia de Judô Municipal, aproveitando o terreno ao lado do prédio inclusive para pista de skate, devido ao estado precário e ao pouco espaço relatado pelos pais dos praticantes.",Obras e Serviços Públicos,,Pendente de Análise,"Mesma observação de data do arquivo: transcrição nomeada 2023-02-23, texto da sessão indica 22 de fevereiro de 2023."
IND-149,013,2023,87ª Sessão Ordinária da 18ª Legislatura,2023-02-22,"Anderson Marcos Viana, Hélio Furini Neto, Marisa Alves da Silva Costa, Paulo Sérgio Cordeiro, Reinaldo Codognato, Rui Domingos da Silva, Sofia Rodrigues dos Santos, Teresinha de Lourdes Freitas Regodanso, Valdir Aparecido de Oliveira","Solicita construção de uma cabine de transmissão no Ginásio de Esportes Cícero Gomes, já que as atuais são pequenas e obrigam as equipes de transmissão a ficarem expostas a acidentes com bolas durante os jogos.",Obras e Serviços Públicos,,Pendente de Análise,"Indicação apresentada por todos os vereadores, conforme o texto ('assinado por todos os vereadores'). Mesma observação de data do arquivo: transcrição nomeada 2023-02-23, texto da sessão indica 22 de fevereiro de 2023."
IND-150,014,2023,87ª Sessão Ordinária da 18ª Legislatura,2023-02-22,Anderson Marcos Viana,"Reforça a indicação nº 57/2022, solicitando implantação de iluminação no trevo do bairro Duas Barras, associado pela população a acidentes, roubos e outras atividades ilícitas por falta de luz.",A Classificar,,Pendente de Análise,"Mesma observação de data do arquivo: transcrição nomeada 2023-02-23, texto da sessão indica 22 de fevereiro de 2023."
IND-151,015,2023,87ª Sessão Ordinária da 18ª Legislatura,2023-02-22,Anderson Marcos Viana,"Reforça a indicação nº 91/2022, solicitando reforma do playground e do calçamento da Praça do Centenário e construção de bebedouros no local, citando fios de energia expostos e playground danificado, com risco às crianças.",Obras e Serviços Públicos,,Pendente de Análise,"Mesma observação de data do arquivo: transcrição nomeada 2023-02-23, texto da sessão indica 22 de fevereiro de 2023."
IND-152,016,2023,87ª Sessão Ordinária da 18ª Legislatura,2023-02-22,"Anderson Marcos Viana, Hélio Furini Neto","Reforça a indicação nº 69/2022, solicitando instalação de bebedouros na praça do bairro Cristo Redentor e construção de sanitários públicos, masculino e feminino, no Parque Ecológico, locais de grande movimento sem essa infraestrutura.",Obras e Serviços Públicos,,Pendente de Análise,"Mesma observação de data do arquivo: transcrição nomeada 2023-02-23, texto da sessão indica 22 de fevereiro de 2023."
IND-153,017,2023,87ª Sessão Ordinária da 18ª Legislatura,2023-02-22,Reinaldo Codognato,"Solicita construção de um redutor de velocidade (lombada) no cruzamento da Rua José Bonifácio com a Avenida Junqueira, ponto de intenso fluxo de carros e pedestres próximo à Escola 13 de Junho e ao Colégio Objetivo, onde ocorreu acidente recente.",Educação,,Pendente de Análise,"Mesma observação de data do arquivo: transcrição nomeada 2023-02-23, texto da sessão indica 22 de fevereiro de 2023."
IND-154,018,2023,87ª Sessão Ordinária da 18ª Legislatura,2023-02-22,Valdir Aparecido de Oliveira,"Solicita implantação de faixas de pedestre, estacionamento exclusivo para deficientes físicos e idosos e, onde a via comportar, estacionamento a 45 graus em frente às igrejas católicas e evangélicas com sede própria, para maior segurança e comodidade em dias de missa e cultos.",Trânsito e Mobilidade,,Pendente de Análise,"Mesma observação de data do arquivo: transcrição nomeada 2023-02-23, texto da sessão indica 22 de fevereiro de 2023."
IND-155,019,2023,88ª Sessão Ordinária da 18ª Legislatura,2023-02-27,Anderson Marcos Viana,"Solicita substituição da iluminação pública da Avenida Junqueira, proximidades do Lar do Menor, onde árvores obstruem a luz e o local fica escuro e perigoso para pedestres, principalmente mulheres.",Saúde,,Pendente de Análise,"O texto da sessão menciona repetidamente a data de 27 de fevereiro de 2023, enquanto o arquivo de transcrição está nomeado como 2023-02-28 (provável upload no YouTube um dia após a sessão). Usada a data do texto (2023-02-27)."
IND-156,020,2023,88ª Sessão Ordinária da 18ª Legislatura,2023-02-27,"Hélio Furini Neto, Anderson Marcos Viana","Solicita melhorias e ampliação da captação de águas pluviais no encontro da Avenida Junqueira com a Rua da Paz (proximidades do Lar do Menor) e no encontro da Avenida Junqueira com a Rua José Bonifácio e a Avenida Campos Sales (proximidades do Colégio Objetivo), para evitar alagamentos em períodos de chuva forte.",A Classificar,,Pendente de Análise,"Mesma observação de data do arquivo: transcrição nomeada 2023-02-28, texto da sessão indica 27 de fevereiro de 2023."
IND-157,021,2023,88ª Sessão Ordinária da 18ª Legislatura,2023-02-27,"Rui Domingos da Silva, Reinaldo Codognato","Solicita revisão geral em todos os parques, praças e playgrounds do município, para oferecer lazer seguro e gratuito às famílias e ocupar o tempo ocioso dos jovens.",Meio Ambiente,,Pendente de Análise,"Apresentada pelo vereador Rui Domingos da Silva, com apoio do vereador Reinaldo Codognato, conforme assinatura no texto. Mesma observação de data do arquivo: transcrição nomeada 2023-02-28, texto da sessão indica 27 de fevereiro de 2023."
IND-158,022,2023,88ª Sessão Ordinária da 18ª Legislatura,2023-02-27,Valdir Aparecido de Oliveira,"Reforça a indicação nº 21/2022, solicitando aquisição de uma moto Fumacê para auxiliar no combate à dengue, chikungunya, pernilongos e demais insetos nocivos, diante do aumento de casos e do crescimento da cidade.",A Classificar,,Pendente de Análise,"Mesma observação de data do arquivo: transcrição nomeada 2023-02-28, texto da sessão indica 27 de fevereiro de 2023."
IND-159,023,2023,89ª Sessão Ordinária da 18ª Legislatura,2023-03-06,Valdir Aparecido de Oliveira,"Solicita locação de um imóvel para atender à demanda de crianças que precisam frequentar o Centro Educacional Infantil (CEI) do bairro Cristo Redentor, já que crianças estão sendo transferidas para outras unidades por falta de espaço.",A Classificar,,Pendente de Análise,"O texto da sessão menciona repetidamente a data de 6 de março de 2023, enquanto o arquivo de transcrição está nomeado como 2023-03-07 (provável upload no YouTube um dia após a sessão). Usada a data do texto (2023-03-06)."
IND-160,024,2023,89ª Sessão Ordinária da 18ª Legislatura,2023-03-06,Valdir Aparecido de Oliveira,"Solicita estudo, junto à assessoria jurídica e ao setor de pessoal, para incluir no Estatuto dos Servidores Públicos Municipais uma forma de compensar (com folga ou outra opção) os servidores mensalistas nos meses com 31 dias, já que o cálculo salarial e de férias considera sempre 30 dias, gerando perda de um dia de remuneração.",Administração e Finanças,,Pendente de Análise,"Mesma observação de data do arquivo: transcrição nomeada 2023-03-07, texto da sessão indica 6 de março de 2023."
IND-161,025,2023,89ª Sessão Ordinária da 18ª Legislatura,2023-03-06,Teresinha de Lourdes Freitas Regodanso,"Solicita recapeamento asfáltico de trecho da Rua Vitor Junqueira (entre as ruas Zeca da Cunha e Washington Luiz) e da Avenida Junqueira (entre a Rua Sebastiana de Oliveira e o Jardim dos Pássaros), degradados pelas fortes chuvas recentes.",Obras e Serviços Públicos,,Pendente de Análise,"Mesma observação de data do arquivo: transcrição nomeada 2023-03-07, texto da sessão indica 6 de março de 2023."
IND-162,026,2023,89ª Sessão Ordinária da 18ª Legislatura,2023-03-06,"Anderson Marcos Viana, Valdir Aparecido de Oliveira","Solicita construção de um salão comunitário no bairro Vila Beatriz, junto ao vestiário já existente, e que o espaço seja cercado, para uso da população em festas, palestras e lazer.",Obras e Serviços Públicos,,Pendente de Análise,"Mesma observação de data do arquivo: transcrição nomeada 2023-03-07, texto da sessão indica 6 de março de 2023."
IND-163,027,2023,89ª Sessão Ordinária da 18ª Legislatura,2023-03-06,Anderson Marcos Viana,"Solicita substituição dos brinquedos de madeira do playground do bairro Jardim Alvorada, que oferecem risco às crianças, e reabertura do banheiro do local, fechado há aproximadamente cinco anos sem uso.",Saúde,,Pendente de Análise,"Mesma observação de data do arquivo: transcrição nomeada 2023-03-07, texto da sessão indica 6 de março de 2023."
IND-164,028,2023,89ª Sessão Ordinária da 18ª Legislatura,2023-03-06,Reinaldo Codognato,"Solicita a realização do programa 'Domingo no Bairro' no bairro Alto do Cene, que não recebe o evento há alguns meses, incluindo exames preventivos de saúde, incentivo a atividades físicas, recreação infantil e serviços de cidadania gratuitos.",Saúde,,Pendente de Análise,"Mesma observação de data do arquivo: transcrição nomeada 2023-03-07, texto da sessão indica 6 de março de 2023."
IND-165,029,2023,89ª Sessão Ordinária da 18ª Legislatura,2023-03-06,"Reinaldo Codognato, Rui Domingos da Silva, Valdir Aparecido de Oliveira","Solicita que as futuras instalações do complexo de saúde do município recebam o nome do saudoso Jorge Yochinobu Chihara, farmacêutico nascido em Junqueirópolis, ex-secretário municipal de saúde de Junqueirópolis e Adamantina e ex-diretor do Departamento Regional de Saúde (DRS 11).",Saúde,,Pendente de Análise,"Apresentada pelo vereador Reinaldo Codognato com apoio dos vereadores Rui Domingos da Silva e Valdir Aparecido de Oliveira, conforme assinaturas no texto. Mesma observação de data do arquivo: transcrição nomeada 2023-03-07, texto da sessão indica 6 de março de 2023."
IND-166,030,2023,89ª Sessão Ordinária da 18ª Legislatura,2023-03-06,"Reinaldo Codognato, Valdir Aparecido de Oliveira","Solicita intensificação da fiscalização nas estradas rurais municipais com base na Lei Municipal nº 1921/97, para coibir a obstrução do escoamento de águas pluviais por maquinário de empresas terceirizadas durante a manutenção das estradas, garantindo o tráfego mesmo em períodos de chuva.",A Classificar,,Pendente de Análise,"Mesma observação de data do arquivo: transcrição nomeada 2023-03-07, texto da sessão indica 6 de março de 2023."
IND-167,031,2023,90ª Sessão Ordinária da 18ª Legislatura,2023-03-13,Anderson Marcos Viana,"Solicita a construção de um redutor de velocidade (lombada, lombofaixa ou sonorizador) na rua São Salvador, próximo ao ponto de ônibus no bairro Jardim Alvorada, devido a corridas de carros e motos no local.",Trânsito e Mobilidade,,Pendente de Análise,"Data do arquivo (2023-03-14) diverge da data mencionada ao longo de todo o texto da transcrição (13 de março de 2023, uma segunda-feira, consistente com o padrão semanal das sessões); usada a data do texto. Provável upload no YouTube um dia após a sessão real."
IND-168,032,2023,90ª Sessão Ordinária da 18ª Legislatura,2023-03-13,Anderson Marcos Viana,"Solicita a construção de um redutor de velocidade (lombada, lombofaixa ou sonorizador) na Avenida Latina, próximo ao ponto de ônibus e à ESF 3, devido ao grande fluxo de alunos, funcionários, idosos e pacientes na região.",Educação,,Pendente de Análise,Data do arquivo (2023-03-14) diverge da data mencionada no texto (13 de março de 2023); usada a data do texto. Ver nota da indicação 031 da mesma sessão.
IND-169,033,2023,90ª Sessão Ordinária da 18ª Legislatura,2023-03-13,Anderson Marcos Viana,"Solicita o fornecimento de pedra brita ou material similar para revestir a rua Chapéu de Couro, que não possui pavimentação nem guias, causando danos aos moradores em épocas de chuva.",Obras e Serviços Públicos,,Pendente de Análise,Data do arquivo (2023-03-14) diverge da data mencionada no texto (13 de março de 2023); usada a data do texto. Ver nota da indicação 031 da mesma sessão.
IND-170,034,2023,90ª Sessão Ordinária da 18ª Legislatura,2023-03-13,Anderson Marcos Viana,"Solicita o fornecimento de alimentação (marmitex ou, alternativamente, lanche reforçado pela manhã e por volta do horário do almoço) aos pacientes que se deslocam a Presidente Prudente para consultas médicas, muitas vezes sem condições de arcar com os custos.",Saúde,,Pendente de Análise,Data do arquivo (2023-03-14) diverge da data mencionada no texto (13 de março de 2023); usada a data do texto. Ver nota da indicação 031 da mesma sessão.
IND-171,035,2023,90ª Sessão Ordinária da 18ª Legislatura,2023-03-13,"Teresinha de Lourdes Freitas Regodanso, Anderson Marcos Viana, Elio Furini Neto, Paulo Sérgio Cordeiro","Solicita a substituição dos equipamentos de ginástica ao ar livre do Centro de Convivência do Idoso (CCI), atualmente de madeira e com risco de acidente, além de sugerir a troca da iluminação da quadra local.",Saúde,,Pendente de Análise,"Data do arquivo (2023-03-14) diverge da data mencionada no texto (13 de março de 2023); usada a data do texto. Além disso, o texto lido cita erroneamente '96ª Sessão Ordinária' em vez de '90ª Sessão Ordinária' (a numeração correta consta no cabeçalho do expediente e nas demais indicações da mesma sessão)."
IND-172,036,2023,90ª Sessão Ordinária da 18ª Legislatura,2023-03-13,Teresinha de Lourdes Freitas Regodanso,"Solicita o recapeamento do trecho da rua Independência entre a Avenida Junqueira e a Rua Recife, que está com muitos buracos dificultando a passagem de carros e motos.",Obras e Serviços Públicos,,Pendente de Análise,Data do arquivo (2023-03-14) diverge da data mencionada no texto (13 de março de 2023); usada a data do texto. Ver nota da indicação 031 da mesma sessão.
IND-173,037,2023,91ª Sessão Ordinária da 18ª Legislatura,2023-03-20,Anderson Marcos Viana,"Solicita melhorias na iluminação da Avenida Rio Branco, principalmente no trecho da Feira Livre, com troca das lâmpadas de vapor de sódio por LED, citando a Lei Complementar nº 1.080/2023.",A Classificar,,Pendente de Análise,"Data do arquivo (2023-03-21) diverge da data mencionada no texto (20 de março de 2023, segunda-feira, dia da sessão anterior 13/3 mais uma semana); usada a data do texto. Provável upload no YouTube um dia após a sessão real."
IND-174,038,2023,91ª Sessão Ordinária da 18ª Legislatura,2023-03-20,Elio Furini Neto,"Reforçando indicação anterior do mesmo vereador, solicita a implantação de um serviço de transporte coletivo (""Circular da Saúde"") para pacientes com deficiência física, especialmente cadeirantes, passando pelas ESFs, Santa Casa, CEO e CAPS.",Saúde,,Pendente de Análise,"Data do arquivo (2023-03-21) diverge da data mencionada no texto (20 de março de 2023); usada a data do texto. O texto lido cita 'reforçando a indicação nº 48, barra 2081' — claramente um erro de transcrição para '48/2021' (ano)."
IND-175,039,2023,91ª Sessão Ordinária da 18ª Legislatura,2023-03-20,Elio Furini Neto,"Solicita o reforço do muro e a instalação de câmeras de segurança no CEI Sonho de Criança, que sofreu episódios recentes de vandalismo e furto.",A Classificar,,Pendente de Análise,Data do arquivo (2023-03-21) diverge da data mencionada no texto (20 de março de 2023); usada a data do texto.
IND-176,040,2023,91ª Sessão Ordinária da 18ª Legislatura,2023-03-20,Marisa Alves da Silva Costa,"Solicita a concessão de Gratificação por Trabalho por Tempo Integral e Dedicação Exclusiva (GTID) aos servidores da Biblioteca Municipal, que atuam também no CEF em períodos noturnos e finais de semana sem gratificação adicional.",Educação,,Pendente de Análise,Data do arquivo (2023-03-21) diverge da data mencionada no texto (20 de março de 2023); usada a data do texto.
IND-177,041,2023,91ª Sessão Ordinária da 18ª Legislatura,2023-03-20,Elio Furini Neto,"Solicita a instalação de toldo ou cobertura entre o portão e a entrada dos Centros Educacionais Infantis (CEIs) que ainda não possuem essa estrutura, para proteger alunos e responsáveis em dias de chuva.",Educação,,Pendente de Análise,Data do arquivo (2023-03-21) diverge da data mencionada no texto (20 de março de 2023); usada a data do texto.
IND-178,042,2023,91ª Sessão Ordinária da 18ª Legislatura,2023-03-20,Reinaldo Codognato,"Solicita providências junto à empresa responsável pelo recente recapeamento da vicinal Henrique Coutinho (trecho entre a rodovia Comandante João Ribeiro de Barros e a usina Viterra Bioenergia), devido a buracos que afetam o transporte escolar rural.",Educação,,Pendente de Análise,Data do arquivo (2023-03-21) diverge da data mencionada no texto (20 de março de 2023); usada a data do texto.
IND-179,043,2023,91ª Sessão Ordinária da 18ª Legislatura,2023-03-20,"Reinaldo Codognato, Rui Domingos da Silva","Solicita providências definitivas para o escoamento correto das águas pluviais acumuladas no residencial Recanto dos Eucaliptos, agravado durante o período de fortes chuvas.",A Classificar,,Pendente de Análise,Data do arquivo (2023-03-21) diverge da data mencionada no texto (20 de março de 2023); usada a data do texto.
IND-180,044,2023,91ª Sessão Ordinária da 18ª Legislatura,2023-03-20,"Reinaldo Codognato, Valdir Aparecido de Oliveira","Solicita a manutenção do campo sintético do bairro Jardim Paulista, deteriorado por falta de manutenção desde sua construção.",Obras e Serviços Públicos,,Pendente de Análise,Data do arquivo (2023-03-21) diverge da data mencionada no texto (20 de março de 2023); usada a data do texto.
IND-181,045,2023,91ª Sessão Ordinária da 18ª Legislatura,2023-03-20,"Reinaldo Codognato, Marisa Alves da Silva Costa, Sofia Rodrigues dos Santos","Solicita a construção de uma pista de caminhada no bairro Jardim Primavera, atendendo a pedidos constantes dos moradores.",Obras e Serviços Públicos,,Pendente de Análise,Data do arquivo (2023-03-21) diverge da data mencionada no texto (20 de março de 2023); usada a data do texto.
IND-182,046,2023,91ª Sessão Ordinária da 18ª Legislatura,2023-03-20,Paulo Sérgio Cordeiro,"Solicita reparos no asfalto do trecho da entrada da cidade próximo ao trevo, que possui buracos e fissuras que reduzem a segurança dos motoristas.",Obras e Serviços Públicos,,Pendente de Análise,Data do arquivo (2023-03-21) diverge da data mencionada no texto (20 de março de 2023); usada a data do texto.
IND-183,047,2023,92ª Sessão Ordinária da 18ª Legislatura,2023-03-27,Teresinha de Lourdes Freitas Regodanso,"Solicita a instalação de ninhos artificiais (caixotes) nas palmeiras imperiais e demais árvores visitadas por araras, para evitar a destruição das copas e apoiar a reprodução da espécie, a exemplo de Santa Fé do Sul.",Meio Ambiente,,Pendente de Análise,"Data do arquivo (2023-03-28) diverge da data mencionada no texto (27 de março de 2023, segunda-feira seguinte à sessão anterior de 20/3); usada a data do texto. Provável upload no YouTube um dia após a sessão real."
IND-184,048,2023,92ª Sessão Ordinária da 18ª Legislatura,2023-03-27,"Rui Domingos da Silva, Teresinha de Lourdes Freitas Regodanso","Reforçando indicação nº 001/2021, solicita a compra ou locação de imóvel próximo ao Hospital Regional de Oncologia em Presidente Prudente para funcionar como casa de apoio a pacientes junqueiropolenses em tratamento, a exemplo da casa de apoio de Jaú.",Saúde,,Pendente de Análise,Data do arquivo (2023-03-28) diverge da data mencionada no texto (27 de março de 2023); usada a data do texto.
IND-185,049,2023,92ª Sessão Ordinária da 18ª Legislatura,2023-03-27,Rui Domingos da Silva,"Solicita a aquisição de um caminhão-prancha para transporte de maquinário pesado utilizado na área rural, reduzindo desgaste e despesas de deslocamento.",Agricultura e Meio Rural,,Pendente de Análise,Data do arquivo (2023-03-28) diverge da data mencionada no texto (27 de março de 2023); usada a data do texto.
IND-186,050,2023,92ª Sessão Ordinária da 18ª Legislatura,2023-03-27,Anderson Marcos Viana,"Solicita a reforma da pista de skate do município, cujas rampas, corrimãos e piso apresentam desgaste e riscos aos praticantes.",Obras e Serviços Públicos,,Pendente de Análise,Data do arquivo (2023-03-28) diverge da data mencionada no texto (27 de março de 2023); usada a data do texto.
IND-187,051,2023,92ª Sessão Ordinária da 18ª Legislatura,2023-03-27,Anderson Marcos Viana,"Solicita a pavimentação asfáltica na via de acesso João Furini, em frente aos armazéns comerciais atrás do Mercadinho Pioneiros, aproveitando obra já em andamento no acostamento contrário.",Obras e Serviços Públicos,,Pendente de Análise,Data do arquivo (2023-03-28) diverge da data mencionada no texto (27 de março de 2023); usada a data do texto.
IND-188,052,2023,92ª Sessão Ordinária da 18ª Legislatura,2023-03-27,"Elio Furini Neto, Anderson Marcos Viana, Paulo Sérgio Cordeiro, Teresinha de Lourdes Freitas Regodanso","Solicita a capacitação em Língua Brasileira de Sinais (Libras) de profissionais da área de saúde, para melhorar a comunicação e o atendimento humanizado a pacientes com perda auditiva.",Saúde,,Pendente de Análise,Data do arquivo (2023-03-28) diverge da data mencionada no texto (27 de março de 2023); usada a data do texto.
IND-189,053,2023,92ª Sessão Ordinária da 18ª Legislatura,2023-03-27,Anderson Marcos Viana,"Solicita a instalação de redutores de velocidade na rua Zeca da Cunha com a rua São Salvador e na rua Constantino Marcolino de Souza, próximo à Avenida Geraldo Fudo, devido a diversos acidentes relatados pela população.",Trânsito e Mobilidade,,Pendente de Análise,Data do arquivo (2023-03-28) diverge da data mencionada no texto (27 de março de 2023); usada a data do texto.
IND-190,054,2023,92ª Sessão Ordinária da 18ª Legislatura,2023-03-27,Anderson Marcos Viana,"Solicita a manutenção do Centro Comunitário do bairro Cristo Redentor, cuja cozinha e banheiros necessitam de melhorias para atender eventos e festividades da população.",A Classificar,,Pendente de Análise,Data do arquivo (2023-03-28) diverge da data mencionada no texto (27 de março de 2023); usada a data do texto.
IND-191,055,2023,92ª Sessão Ordinária da 18ª Legislatura,2023-03-27,Valdir Aparecido de Oliveira,"Solicita a disponibilização de caçambas em locais estratégicos para descarte de lixo e materiais que acumulam água, servindo de criadouro do Aedes aegypti, em conjunto com o projeto Limpeza Beleza.",A Classificar,,Pendente de Análise,Data do arquivo (2023-03-28) diverge da data mencionada no texto (27 de março de 2023); usada a data do texto.
IND-192,056,2023,92ª Sessão Ordinária da 18ª Legislatura,2023-03-27,Teresinha de Lourdes Freitas Regodanso,"Solicita a manutenção do piso intertravado de concreto da Praça Álvaro de Oliveira Junqueira, que está irregular e representa risco de queda, especialmente para idosos.",Meio Ambiente,,Pendente de Análise,Data do arquivo (2023-03-28) diverge da data mencionada no texto (27 de março de 2023); usada a data do texto.
IND-193,057,2023,92ª Sessão Ordinária da 18ª Legislatura,2023-03-27,Reinaldo Codognato,"Solicita a elaboração do projeto ""Cidade Identificada"", com instalação de placas identificando os 16 bairros e 21 saídas intermunicipais de Junqueirópolis, facilitando a orientação de moradores e visitantes.",A Classificar,,Pendente de Análise,Data do arquivo (2023-03-28) diverge da data mencionada no texto (27 de março de 2023); usada a data do texto.
IND-194,058,2023,92ª Sessão Ordinária da 18ª Legislatura,2023-03-27,Anderson Marcos Viana,"Solicita a organização de uma semana comemorativa ao Dia Mundial de Conscientização do Autismo (2 de abril), com atividades para reduzir a discriminação e promover conhecimento sobre o TEA.",A Classificar,,Pendente de Análise,Data do arquivo (2023-03-28) diverge da data mencionada no texto (27 de março de 2023); usada a data do texto. A leitura em voz alta do texto integral foi interrompida/cortada antes de citar a data completa de apresentação na Secretaria ('Apresentado na Secretaria da Câmara em 24 de...'); autoria confirmada pelo resumo do expediente (Anderson Marcos Viana) e pela fala do próprio vereador logo em seguida.
IND-195,059,2023,93ª Sessão Ordinária da 18ª Legislatura,2023-04-03,Rui Domingos da Silva,"Solicita uma pequena reforma (reparos e pintura) na casa de apoio de Jaú, utilizada por pacientes do município em tratamento que precisam se deslocar até 4 vezes por semana.",Obras e Serviços Públicos,,Pendente de Análise,"Data do arquivo (2023-04-04) diverge da data mencionada no texto (3 de abril de 2023, segunda-feira seguinte à sessão anterior de 27/3); usada a data do texto. Provável upload no YouTube um dia após a sessão real."
IND-196,060,2023,93ª Sessão Ordinária da 18ª Legislatura,2023-04-03,"Valdir Aparecido de Oliveira, Marisa Alves da Silva Costa","Solicita a destinação de um local apropriado (tipo vala) no aterro sanitário para enterrar animais domésticos de pequeno porte falecidos, hoje frequentemente descartados de forma irregular.",A Classificar,,Pendente de Análise,Data do arquivo (2023-04-04) diverge da data mencionada no texto (3 de abril de 2023); usada a data do texto.
IND-197,061,2023,94ª Sessão Ordinária da 18ª Legislatura,2023-04-10,Anderson Marcos Viana,"Solicita a construção de uma faixa elevada (lombofaixa), conforme resolução nº 738/2018 do CONTRAN, próximo ao ponto de ônibus do bairro Jardim das Américas.",Trânsito e Mobilidade,,Pendente de Análise,"Data do arquivo (2023-04-11) diverge da data mencionada no texto (10 de abril de 2023, segunda-feira seguinte à sessão anterior de 3/4); usada a data do texto. Provável upload no YouTube um dia após a sessão real."
IND-198,062,2023,94ª Sessão Ordinária da 18ª Legislatura,2023-04-10,"Rui Domingos da Silva, Valdir Aparecido de Oliveira","Solicita a instalação de cercas eletrificadas nas escolas e Centros Educacionais Infantis (CEIs), além da contratação de guardas noturnos, para reforçar a segurança das crianças diante de casos recentes de violência em escolas.",Educação,,Pendente de Análise,Data do arquivo (2023-04-11) diverge da data mencionada no texto (10 de abril de 2023); usada a data do texto.
IND-199,063,2023,94ª Sessão Ordinária da 18ª Legislatura,2023-04-10,Reinaldo Codognato,"Reforçando indicação nº 81/2022, solicita a implantação de uma lixeira comunitária no bairro Duas Barras, para evitar o descarte irregular de resíduos e espalhamento por animais.",Meio Ambiente,,Pendente de Análise,Data do arquivo (2023-04-11) diverge da data mencionada no texto (10 de abril de 2023); usada a data do texto.
IND-200,064,2023,94ª Sessão Ordinária da 18ª Legislatura,2023-04-10,Teresinha de Lourdes Freitas Regodanso,"Solicita a recuperação do pavimento asfáltico da rua Sebastião de Oliveira, sobretudo no trecho entre as ruas Vitor Junqueira e Porto Alegre, deformado pelo intenso tráfego de caminhões.",Obras e Serviços Públicos,,Pendente de Análise,Data do arquivo (2023-04-11) diverge da data mencionada no texto (10 de abril de 2023); usada a data do texto.
IND-201,065,2023,94ª Sessão Ordinária da 18ª Legislatura,2023-04-10,"Teresinha de Lourdes Freitas Regodanso, Anderson Marcos Viana","Solicita a implementação de cobertura interna (tipo passarela) entre os blocos 1 e 2 do CEI Criança Feliz, para proteger crianças, professores e colaboradores em dias de chuva e sol forte.",Educação,,Pendente de Análise,Data do arquivo (2023-04-11) diverge da data mencionada no texto (10 de abril de 2023); usada a data do texto.
IND-202,066,2023,95ª Sessão Ordinária da 18ª Legislatura,2023-04-17,Paulo Sérgio Cordeiro,"Solicita a construção de campos esportivos sintéticos nos bairros Acuritiba, Pioneiros e Cristo Redentor, nos moldes do campo já existente no Jardim Paulista.",Obras e Serviços Públicos,,Pendente de Análise,"Data do arquivo (2023-04-18) diverge da data mencionada no texto (17 de abril de 2023, segunda-feira seguinte à sessão anterior de 10/4); usada a data do texto. Provável upload no YouTube um dia após a sessão real."
IND-203,067,2023,95ª Sessão Ordinária da 18ª Legislatura,2023-04-17,Elio Furini Neto,"Solicita a implementação de um semáforo no cruzamento da Avenida 7 de Setembro com a rua Zeca da Cunha, local com grande número de acidentes e intenso fluxo de veículos.",Trânsito e Mobilidade,,Pendente de Análise,"Data do arquivo (2023-04-18) diverge da data mencionada no texto (17 de abril de 2023); usada a data do texto. O texto lido cita 'rua 15 da Cunha', provável erro de transcrição para 'rua Zeca da Cunha' (mencionada em outras indicações do mesmo lote, ex. nº 053)."
IND-204,068,2023,95ª Sessão Ordinária da 18ª Legislatura,2023-04-17,Elio Furini Neto,"Complementando a indicação nº 052/2023, solicita a disponibilização de profissional capacitado em Libras nas reuniões de pais/responsáveis das escolas e CEIs, para melhorar a comunicação com famílias com deficiência auditiva.",Educação,,Pendente de Análise,Data do arquivo (2023-04-18) diverge da data mencionada no texto (17 de abril de 2023); usada a data do texto.
IND-205,069,2023,95ª Sessão Ordinária da 18ª Legislatura,2023-04-17,Valdir Aparecido de Oliveira,"Solicita a construção de meias-quadras com aros de basquete em alguns bairros do município, para atender jovens que precisam se deslocar longas distâncias até o ginásio ou o sistema de lazer do Jardim Esperança.",Obras e Serviços Públicos,,Pendente de Análise,Data do arquivo (2023-04-18) diverge da data mencionada no texto (17 de abril de 2023); usada a data do texto.
IND-206,070,2023,95ª Sessão Ordinária da 18ª Legislatura,2023-04-17,Anderson Marcos Viana,"Solicita a continuidade dos projetos de pavimentação asfáltica das ruas Chapéu de Couro e Santa Fé, cujos convênios já foram firmados.",Obras e Serviços Públicos,,Pendente de Análise,Data do arquivo (2023-04-18) diverge da data mencionada no texto (17 de abril de 2023); usada a data do texto.
IND-207,071,2023,95ª Sessão Ordinária da 18ª Legislatura,2023-04-17,"Anderson Marcos Viana, Teresinha de Lourdes Freitas Regodanso","Solicita a construção de uma faixa elevada (lombofaixa), conforme resolução nº 738/2018 do CONTRAN, no encontro das ruas Dom Pedro II e Porto Alegre, próximo ao CEI Sonho de Criança.",Obras e Serviços Públicos,,Pendente de Análise,Data do arquivo (2023-04-18) diverge da data mencionada no texto (17 de abril de 2023); usada a data do texto.
IND-208,072,2023,95ª Sessão Ordinária da 18ª Legislatura,2023-04-17,"Teresinha de Lourdes Freitas Regodanso, Anderson Marcos Viana","Solicita uma reforma geral no CEI Cristo Redentor, que apresenta infiltrações e rachaduras, além de necessitar de um banheiro adicional para professores e funcionários.",Educação,,Pendente de Análise,Data do arquivo (2023-04-18) diverge da data mencionada no texto (17 de abril de 2023); usada a data do texto.
IND-209,073,2023,96ª Sessão Ordinária da 18ª Legislatura,2023-04-24,Paulo Sérgio Cordeiro,"Solicita estudo junto ao setor competente para dar prioridade nos atendimentos das Estratégias de Saúde da Família (ESFs) para crianças e idosos, grupos com maior vulnerabilidade e dificuldade de aguardar atendimento.",Saúde,,Pendente de Análise,"O texto da sessão menciona repetidamente a data de 24 de abril de 2023 como data da 96ª Sessão Ordinária (inclusive a ata da sessão anterior, do dia 17/04, e a antecipação da sessão seguinte para 2 de maio devido ao feriado de 1º de maio), enquanto o arquivo de transcrição está nomeado como 2023-04-25 (provável upload no YouTube um dia após a sessão real). Usada a data do texto (2023-04-24)."
IND-210,074,2023,96ª Sessão Ordinária da 18ª Legislatura,2023-04-24,"Teresinha de Lourdes Freitas Regodanso, Anderson Marcos Viana, Elio Furini Neto","Solicita estudo para cobrir o espaço cimentado localizado no Centro Educacional Infantil (CEI) Sonho de Criança, na esquina das ruas Ipiranga e Porto Alegre, para proteger e dar comodidade às crianças em dias de chuva e permitir o uso do espaço para atividades de recreação, reuniões com pais e festividades.",A Classificar,,Pendente de Análise,"Mesma observação de data do arquivo: transcrição nomeada 2023-04-25, texto da sessão indica 24 de abril de 2023."
IND-211,075,2023,96ª Sessão Ordinária da 18ª Legislatura,2023-04-24,"Valdir Aparecido de Oliveira, Anderson Marcos Viana","Solicita estudo para realizar a manutenção do telhado da rodoviária municipal, em razão de infiltrações em alguns pontos do local que ocasionam goteiras e podem trazer riscos aos usuários do transporte público.",Trânsito e Mobilidade,,Pendente de Análise,"Mesma observação de data do arquivo: transcrição nomeada 2023-04-25, texto da sessão indica 24 de abril de 2023."
IND-212,076,2023,96ª Sessão Ordinária da 18ª Legislatura,2023-04-24,Valdir Aparecido de Oliveira,"Solicita estudo para realizar a manutenção da ponte do Córrego Palmeiras, localizada no bairro Segunda Seção, que faz divisa entre os municípios de Junqueirópolis e Dracena, além da manutenção da estrada de acesso, importante para o escoamento da produção agrícola e para os moradores do bairro.",A Classificar,,Pendente de Análise,"Mesma observação de data do arquivo: transcrição nomeada 2023-04-25, texto da sessão indica 24 de abril de 2023."
IND-213,077,2023,97ª Sessão Ordinária da 18ª Legislatura,2023-05-02,Valdir Aparecido de Oliveira,"Solicita estudo para utilizar drones no combate à dengue, facilitando a identificação de focos do mosquito em locais de difícil acesso (imóveis vazios, telhas, lajes) e o mapeamento de criadouros como caixas d'água, sem substituir as inspeções semanais regulares.",Saúde,,Pendente de Análise,"O texto da sessão indica repetidamente a data de 2 de maio de 2023 como data da 97ª Sessão Ordinária, enquanto o arquivo de transcrição está nomeado como 2023-05-03 (provável upload no YouTube um dia após a sessão real). Usada a data do texto (2023-05-02)."
IND-214,078,2023,97ª Sessão Ordinária da 18ª Legislatura,2023-05-02,"Teresinha de Lourdes Freitas Regodanso, Anderson Marcos Viana, Elio Furini Neto, Paulo Sérgio Cordeiro","Solicita a realização de diversas benfeitorias no Centro Educacional Infantil (CEI) Raio de Luz: instalação de câmeras, cobertura no espaço lateral já cimentado (nos moldes do já pedido para o CEI Sonho de Criança), construção de banheiros e bebedouros para o novo bloco, coberturas ligando as novas salas ao bloco principal, coberturas na entrada e saída dos alunos, e fechamento (muro ou cerca) da abertura feita recentemente no muro, hoje fechada apenas com uma placa de madeira.",Educação,,Pendente de Análise,"Mesma observação de data do arquivo: transcrição nomeada 2023-05-03, texto da sessão indica 2 de maio de 2023."
IND-215,079,2023,97ª Sessão Ordinária da 18ª Legislatura,2023-05-02,Marisa Alves da Silva Costa,"Solicita a manutenção do telhado, ou a troca de algumas telhas, do barracão do recinto da ACERUVA, onde ocorrem atividades de ginástica, em razão da preocupação com a segurança dos frequentadores e das fortes chuvas que têm impedido o uso do local.",A Classificar,,Pendente de Análise,"Mesma observação de data do arquivo: transcrição nomeada 2023-05-03, texto da sessão indica 2 de maio de 2023."
IND-216,080,2023,97ª Sessão Ordinária da 18ª Legislatura,2023-05-02,Anderson Marcos Viana,"Solicita o retorno dos atendimentos odontológicos nas escolas municipais, com intervalo de um mês entre cada consulta, para identificação precoce de problemas de saúde bucal e orientação das famílias.",Saúde,,Pendente de Análise,"Mesma observação de data do arquivo: transcrição nomeada 2023-05-03, texto da sessão indica 2 de maio de 2023."
IND-217,081,2023,98ª Sessão Ordinária da 18ª Legislatura,2023-05-08,Anderson Marcos Viana,"Solicita a limpeza e roçagem do mato alto no final da Rua São Salvador com a Rua Chapéu de Couro, área com mais de dois anos de acúmulo de mato, criadouro de escorpiões, cobras, ratos e do mosquito da dengue, e cujos moradores já chegaram a atear fogo no local por falta de manutenção.",Obras e Serviços Públicos,,Pendente de Análise,"O texto da sessão indica repetidamente a data de 8 de maio de 2023 como data da 98ª Sessão Ordinária, enquanto o arquivo de transcrição está nomeado como 2023-05-09 (provável upload no YouTube um dia após a sessão real). Usada a data do texto (2023-05-08)."
IND-218,082,2023,98ª Sessão Ordinária da 18ª Legislatura,2023-05-08,Anderson Marcos Viana,"Solicita a realização de mutirões de limpeza contra o mosquito Aedes aegypti (transmissor de dengue, chikungunya, zika e febre amarela), com recolhimento de eletrodomésticos, garrafas pet, pneus e outros objetos que acumulam água, e reforça a necessidade de conscientização contínua da população.",A Classificar,,Pendente de Análise,"Mesma observação de data do arquivo: transcrição nomeada 2023-05-09, texto da sessão indica 8 de maio de 2023."
IND-219,083,2023,98ª Sessão Ordinária da 18ª Legislatura,2023-05-08,Paulo Sérgio Cordeiro,"Solicita a disponibilização de mais dias e horários para a entrega de remédios de alto custo na farmácia municipal, para reduzir o tempo de espera diante das longas filas formadas por pessoas que não podem aguardar por questões de saúde ou por residirem distantes.",Saúde,,Pendente de Análise,"Mesma observação de data do arquivo: transcrição nomeada 2023-05-09, texto da sessão indica 8 de maio de 2023."
IND-220,084,2023,98ª Sessão Ordinária da 18ª Legislatura,2023-05-08,Anderson Marcos Viana,"Solicita manutenção nos esgotos próximos ao Centro de Formação Educacional (CEFE), em razão do forte mau cheiro que vem tomando conta da praça Álvaro de Oliveira Junqueira, prejudicando quem frequenta o local e os eventos ali promovidos.",Obras e Serviços Públicos,,Pendente de Análise,"Mesma observação de data do arquivo: transcrição nomeada 2023-05-09, texto da sessão indica 8 de maio de 2023. Na sessão seguinte (99ª), a vereadora Teresinha relatou o mau cheiro e, na sessão de 22/05, foi informado que a causa era um cano rompido durante obra de um poste, já sanado."
IND-221,085,2023,99ª Sessão Ordinária da 18ª Legislatura,2023-05-15,Anderson Marcos Viana,"Solicita a instalação de um bebedouro de água na área de lazer do bairro Jardim Alvorada e, se estiver na programação, também no Bosque Municipal, para incentivar a hidratação durante atividades físicas e momentos de lazer.",Meio Ambiente,,Pendente de Análise,"O texto da sessão indica repetidamente a data de 15 de maio de 2023 como data da 99ª Sessão Ordinária, enquanto o arquivo de transcrição está nomeado como 2023-05-16 (provável upload no YouTube um dia após a sessão real). Usada a data do texto (2023-05-15)."
IND-222,086,2023,99ª Sessão Ordinária da 18ª Legislatura,2023-05-15,Anderson Marcos Viana,"Solicita contato com a administração do município de Tupi Paulista para a construção conjunta da ponte que liga os dois municípios, utilizada por moradores do bairro Vila São João para trabalhar na cidade vizinha, também importante como rota alternativa para serviços de emergência.",Obras e Serviços Públicos,,Pendente de Análise,"Mesma observação de data do arquivo: transcrição nomeada 2023-05-16, texto da sessão indica 15 de maio de 2023."
IND-223,087,2023,99ª Sessão Ordinária da 18ª Legislatura,2023-05-15,Teresinha de Lourdes Freitas Regodanso,"Reforça a indicação nº 10/2022, de sua própria autoria, solicitando a implantação de uma academia ao ar livre na área verde (praça) do loteamento Delta Ville, cujos moradores já organizaram por conta própria mesas e bancos, mas ainda carecem de equipamentos de ginástica.",Meio Ambiente,,Pendente de Análise,"Mesma observação de data do arquivo: transcrição nomeada 2023-05-16, texto da sessão indica 15 de maio de 2023."
IND-224,088,2023,99ª Sessão Ordinária da 18ª Legislatura,2023-05-15,"Reinaldo Codognato, Marisa Alves da Silva Costa","Solicita a instalação de brinquedos inclusivos nas praças públicas do município, para que crianças cadeirantes e não cadeirantes possam brincar e socializar juntas, promovendo inclusão social.",Meio Ambiente,,Pendente de Análise,"Mesma observação de data do arquivo: transcrição nomeada 2023-05-16, texto da sessão indica 15 de maio de 2023."
IND-225,089,2023,99ª Sessão Ordinária da 18ª Legislatura,2023-05-15,"Reinaldo Codognato, Valdir Aparecido de Oliveira, Rui Domingos da Silva","Solicita a implementação do projeto Melhor Caminho nas estradas rurais dos bairros Juriti, Segunda Seção e trecho do bairro União, para garantir a mobilidade da população, o escoamento da produção agrícola e reduzir riscos de acidentes por buracos e erosões.",Trânsito e Mobilidade,,Pendente de Análise,"Mesma observação de data do arquivo: transcrição nomeada 2023-05-16, texto da sessão indica 15 de maio de 2023. Na mesma sessão, o vereador Reinaldo Codognato entregou também um abaixo-assinado com mais de 40 assinaturas de moradores do bairro Juriti em apoio a esta indicação."
IND-226,090,2023,99ª Sessão Ordinária da 18ª Legislatura,2023-05-15,Anderson Marcos Viana,"Solicita a manutenção do telhado e das paredes da Biblioteca Municipal, em razão de infiltrações decorrentes das chuvas que ameaçam danificar o acervo de livros, periódicos e documentos históricos.",Educação,,Pendente de Análise,"Mesma observação de data do arquivo: transcrição nomeada 2023-05-16, texto da sessão indica 15 de maio de 2023."
IND-227,091,2023,99ª Sessão Ordinária da 18ª Legislatura,2023-05-15,"Reinaldo Codognato, Sofia Rodrigues dos Santos","Solicita a designação do contingente policial da atividade delegada para ações de fiscalização de trânsito em pontos estratégicos da cidade, em horários diversificados, visando penalizar condutores em alta velocidade e reduzir acidentes com veículos, pessoas e animais.",Trânsito e Mobilidade,,Pendente de Análise,"Mesma observação de data do arquivo: transcrição nomeada 2023-05-16, texto da sessão indica 15 de maio de 2023."
IND-228,092,2023,99ª Sessão Ordinária da 18ª Legislatura,2023-05-15,"Valdir Aparecido de Oliveira, Anderson Marcos Viana, Elio Furini Neto, Rui Domingos da Silva","Solicita a adequação da iluminação das mesas nas áreas verdes dos bairros Aliança, Campo Belo, Carmesim II e demais áreas necessárias, para dar mais segurança aos frequentadores e permitir o uso noturno dos espaços.",A Classificar,,Pendente de Análise,"Mesma observação de data do arquivo: transcrição nomeada 2023-05-16, texto da sessão indica 15 de maio de 2023."
IND-229,093,2023,99ª Sessão Ordinária da 18ª Legislatura,2023-05-15,Valdir Aparecido de Oliveira,"Solicita a construção de coberturas nas entradas das Estratégias de Saúde da Família (ESFs) II, III, IV e VII, para proteger os usuários que aguardam atendimento das condições climáticas adversas.",Saúde,,Pendente de Análise,"Mesma observação de data do arquivo: transcrição nomeada 2023-05-16, texto da sessão indica 15 de maio de 2023."
IND-230,094,2023,99ª Sessão Ordinária da 18ª Legislatura,2023-05-15,Elio Furini Neto,"Solicita que seja permitido o acesso de automóveis de pessoas com dificuldade de locomoção ou algum tipo de deficiência ao Bosque Municipal, além de destinar um estacionamento exclusivo para elas, já que o acesso de veículos ao local havia sido restrito de forma geral.",Trânsito e Mobilidade,,Pendente de Análise,"Mesma observação de data do arquivo: transcrição nomeada 2023-05-16, texto da sessão indica 15 de maio de 2023."
IND-231,095,2023,100ª Sessão Ordinária da 18ª Legislatura,2023-05-22,"Paulo Sérgio Cordeiro, Reinaldo Codognato, Sofia Rodrigues dos Santos","Solicita a implantação de uma faixa elevada na Rua Quinzinho da Cunha, nas proximidades da Escola Neide Macedo, local com grande fluxo de carros e motos em alta velocidade, que já atropelaram gatos e cachorros e arrancaram uma árvore.",Educação,,Pendente de Análise,"O texto da sessão indica repetidamente a data de 22 de maio de 2023 como data da 100ª Sessão Ordinária, enquanto o arquivo de transcrição está nomeado como 2023-05-23 (provável upload no YouTube um dia após a sessão real). Usada a data do texto (2023-05-22)."
IND-232,096,2023,100ª Sessão Ordinária da 18ª Legislatura,2023-05-22,"Reinaldo Codognato, Marisa Alves da Silva Costa","Solicita a implementação da matéria de Ciências Políticas na grade de ensino das escolas municipais, para promover a formação cidadã e a participação política consciente dos estudantes.",Educação,,Pendente de Análise,"Mesma observação de data do arquivo: transcrição nomeada 2023-05-23, texto da sessão indica 22 de maio de 2023."
IND-233,097,2023,100ª Sessão Ordinária da 18ª Legislatura,2023-05-22,Reinaldo Codognato,"Solicita melhorias (infraestrutura e apoio institucional) para os vendedores ambulantes que comercializam seus produtos na entrada da cidade, visando sua inclusão social e econômica.",A Classificar,,Pendente de Análise,"Mesma observação de data do arquivo: transcrição nomeada 2023-05-23, texto da sessão indica 22 de maio de 2023."
IND-234,098,2023,100ª Sessão Ordinária da 18ª Legislatura,2023-05-22,Reinaldo Codognato,"Solicita que a futura meia-quadra de basquete a ser construída na cidade receba o nome de ""Quadrinha do Português"", em homenagem ao saudoso Antônio Carlos Martins Pereira, um dos pioneiros do esporte no município.",Esporte e Lazer,,Pendente de Análise,"Mesma observação de data do arquivo: transcrição nomeada 2023-05-23, texto da sessão indica 22 de maio de 2023."
IND-235,099,2023,100ª Sessão Ordinária da 18ª Legislatura,2023-05-22,Valdir Aparecido de Oliveira,"Solicita a construção de um memorial para as vítimas fatais da Covid-19 na entrada do trevo principal do município, como forma de honrar sua memória e oferecer um local de reflexão e conforto aos familiares enlutados. Reforça indicação já apresentada na sessão de 16/11/2022.",Obras e Serviços Públicos,,Pendente de Análise,"Mesma observação de data do arquivo: transcrição nomeada 2023-05-23, texto da sessão indica 22 de maio de 2023. O nome da avenida onde ficaria o memorial aparece transcrito como 'Avenida Geraldo Fudo'/'Avenida Geraldo Fudo' de forma inconsistente entre as fontes; grafia exata não confirmada."
IND-236,100,2023,101ª Sessão Ordinária da 18ª Legislatura,2023-05-29,Sofia Rodrigues dos Santos,"Solicita que o terminal rodoviário do município receba o nome do saudoso João Aparecido Zanzarini, que trabalhou no local por décadas (admitido em 21/10/1985, até seu falecimento em 20/07/2021), como homenagem por seu respeito e dedicação aos passageiros.",A Classificar,,Pendente de Análise,"O texto da sessão indica repetidamente a data de 29 de maio de 2023 como data da 101ª Sessão Ordinária, enquanto o arquivo de transcrição está nomeado como 2023-05-30 (provável upload no YouTube um dia após a sessão real). Usada a data do texto (2023-05-29)."
IND-237,101,2023,101ª Sessão Ordinária da 18ª Legislatura,2023-05-29,"Anderson Marcos Viana, Elio Furini Neto","Solicita a inclusão de iluminação no complexo esportivo em construção no bairro Vila Beatriz, cujo projeto de engenharia atual não prevê sistema de iluminação, para garantir segurança e permitir o uso noturno das instalações.",Obras e Serviços Públicos,,Pendente de Análise,"Mesma observação de data do arquivo: transcrição nomeada 2023-05-30, texto da sessão indica 29 de maio de 2023."
IND-238,102,2023,101ª Sessão Ordinária da 18ª Legislatura,2023-05-29,Marisa Alves da Silva Costa,"Reforça a indicação nº 101/2022, de sua própria autoria, solicitando a implementação de um crédito mensal destinado ao custeio de atendimentos e consultas médicas para animais carentes/abandonados do município, já que atualmente só as castrações são custeadas via CISNAP complementado por emendas parlamentares.",Saúde,,Pendente de Análise,"Mesma observação de data do arquivo: transcrição nomeada 2023-05-30, texto da sessão indica 29 de maio de 2023."
IND-239,103,2023,101ª Sessão Ordinária da 18ª Legislatura,2023-05-29,"Anderson Marcos Viana, Paulo Sérgio Cordeiro","Solicita a realização de serviço de tapa-buracos nas vias pavimentadas do Distrito Industrial 4, cujo asfalto vem se degradando mesmo após pavimentação recente, prejudicando o tráfego de empresas e indústrias da região.",Obras e Serviços Públicos,,Pendente de Análise,"Mesma observação de data do arquivo: transcrição nomeada 2023-05-30, texto da sessão indica 29 de maio de 2023."
IND-240,104,2023,101ª Sessão Ordinária da 18ª Legislatura,2023-05-29,"Anderson Marcos Viana, Valdir Aparecido de Oliveira","Solicita serviço de tapa-buracos na vicinal José Siniciato (JQL-050), que dá acesso à Usina Vale Verde e recebe tráfego intenso de veículos pesados, além de redutores de velocidade próximo à Cooperativa de Trabalho dos Catadores de Materiais Recicláveis (Cooperjunq), para segurança dos trabalhadores.",Trânsito e Mobilidade,,Pendente de Análise,"Mesma observação de data do arquivo: transcrição nomeada 2023-05-30, texto da sessão indica 29 de maio de 2023."
IND-241,105,2023,101ª Sessão Ordinária da 18ª Legislatura,2023-05-29,Valdir Aparecido de Oliveira,"Solicita a aquisição de camas hospitalares, cadeiras de rodas, cadeiras de banho, colchões casca de ovo, muletas e bengalas, para auxiliar famílias que necessitam desses equipamentos e complementar a demanda hoje atendida pelo Lions Club.",Saúde,,Pendente de Análise,"Mesma observação de data do arquivo: transcrição nomeada 2023-05-30, texto da sessão indica 29 de maio de 2023."
IND-242,106,2023,101ª Sessão Ordinária da 18ª Legislatura,2023-05-29,"Valdir Aparecido de Oliveira, Anderson Marcos Viana, Elio Furini Neto","Reforça a indicação nº 135/2022 solicitando a construção de um poço artesiano com reservatório estilo taça no bairro Vila São João, nos moldes do já construído no bairro Duas Barras, diante do esgotamento dos poços caipiras da região.",Obras e Serviços Públicos,,Pendente de Análise,"Mesma observação de data do arquivo: transcrição nomeada 2023-05-30, texto da sessão indica 29 de maio de 2023."
IND-243,107,2023,102ª Sessão Ordinária da 18ª Legislatura,2023-06-06,Anderson Marcos Viana,"Reforça a indicação nº 036/2022 do mesmo vereador, solicitando manutenção da quadra de areia do Parque Ecológico, incluindo roçagem do mato e troca da areia, que segundo relatos não é substituída há aproximadamente um ano e meio.",Saúde,,Pendente de Análise,
IND-244,108,2023,102ª Sessão Ordinária da 18ª Legislatura,2023-06-06,Anderson Marcos Viana,"Solicita a continuidade da implantação de lombadas/lombofaixas já demarcadas no asfalto há alguns meses em trechos da Avenida Geraldo Fundo (com a Rua Liogi Iwaki) e na Rua Professora Maria Eugênia Regasoli, no loteamento Frei Galvão.",Educação,,Pendente de Análise,O nome da rua transversal citada junto à Avenida Geraldo Fundo foi transcrito de forma pouco clara no áudio ('Liogi Iwaki'); mantido como consta na leitura da indicação.
IND-245,109,2023,102ª Sessão Ordinária da 18ª Legislatura,2023-06-06,Anderson Marcos Viana,"Solicita manutenção e limpeza das canaletas de drenagem com grades de cimento da Rua Rui Barbosa, principalmente nos encontros com as ruas São Paulo, Curitiba e São Salvador, para evitar acúmulo de água parada, proliferação de mosquitos e mau cheiro.",A Classificar,,Pendente de Análise,
IND-246,110,2023,102ª Sessão Ordinária da 18ª Legislatura,2023-06-06,Anderson Marcos Viana,"Solicita manutenção da área de lazer do bairro Residencial Carmezinho e do Parque Ecológico, incluindo aplicação de herbicidas para reduzir o matagal que pode ocultar riscos como escorpiões.",Meio Ambiente,,Pendente de Análise,
IND-247,111,2023,102ª Sessão Ordinária da 18ª Legislatura,2023-06-06,Reinaldo Codognato,"Reforça pedido antigo (originado em indicações de agosto/setembro de 2021, com apoio de mais de 100 assinaturas de moradores) para instalação de redutores de velocidade em pontos estratégicos da Rua Santos Dumont, priorizando os bairros Alto do Sene, Jardim Paulista e Jardim das Américas, e também na Rua Dom Pedro II.",Trânsito e Mobilidade,,Pendente de Análise,
IND-248,112,2023,103ª Sessão Ordinária da 18ª Legislatura,2023-06-13,Reinaldo Codognato,"Solicita adequação/melhoria da iluminação da Rua Fayez Zogheib, no bairro Pioneiros, paralela aos campos esportivos ali localizados, atendendo reclamações de moradores sobre a escuridão do local.",A Classificar,,Pendente de Análise,Nome da rua transcrito como 'Fayez Zogheib'/'Fayez Zogheib' de forma pouco clara no áudio; mantida a grafia mais próxima da leitura formal da indicação.
IND-249,113,2023,103ª Sessão Ordinária da 18ª Legislatura,2023-06-13,Marisa Alves da Silva Costa,"Solicita aumento da cota de castrações de animais realizadas via CISNAP (Consórcio Intermunicipal de Saúde da Nova Alta Paulista), de 50 para 80 procedimentos mensais, para reforçar o controle populacional de cães e gatos.",Saúde,,Pendente de Análise,
IND-250,114,2023,103ª Sessão Ordinária da 18ª Legislatura,2023-06-13,Anderson Marcos Viana,"Solicita divulgação do colar de girassol como símbolo de identificação de pessoas com deficiências ocultas, conforme a Lei Municipal nº 3.507/2022, especialmente em órgãos públicos como postos de saúde, pronto-socorro e Santa Casa.",Saúde,,Pendente de Análise,
IND-251,115,2023,103ª Sessão Ordinária da 18ª Legislatura,2023-06-13,Anderson Marcos Viana,"Solicita melhorias na iluminação pública da área do sistema de lazer do bairro Jardim Primavera, próximo à Curva do S, local frequentado por crianças e famílias.",Obras e Serviços Públicos,,Pendente de Análise,
IND-252,116,2023,103ª Sessão Ordinária da 18ª Legislatura,2023-06-13,Rui Domingos da Silva,"Solicita estudo junto ao órgão estadual competente sobre o aproveitamento do prédio desocupado que abrigou a Caixa Econômica Estadual e, mais recentemente, uma agência do Banco do Brasil, na Praça Álvaro de Oliveira Junqueira, para abrigar setores da prefeitura, como os que recebem impostos e taxas.",Meio Ambiente,,Pendente de Análise,
IND-253,117,2023,104ª Sessão Ordinária da 18ª Legislatura,2023-06-20,Anderson Marcos Viana,"Solicita a reforma do ponto de ônibus localizado no encontro da Rua José Bonifácio com a Rua das Américas, incluindo assentos confortáveis, cobertura e iluminação adequada.",Trânsito e Mobilidade,,Pendente de Análise,
IND-254,118,2023,104ª Sessão Ordinária da 18ª Legislatura,2023-06-20,Anderson Marcos Viana,"Solicita que os ônibus escolares passem a parar nos pontos de ônibus recentemente construídos, para que as crianças aguardem protegidas do sol e da chuva.",Educação,,Pendente de Análise,
IND-255,119,2023,105ª Sessão Ordinária da 18ª Legislatura,2023-06-27,"Reinaldo Codognato, Sofia Rodrigues dos Santos","Solicita recapeamento asfáltico de ruas do bairro Alto do Sene, especialmente Avenida Marconi e trechos das avenidas Paulista e 7 de Setembro, apontando problemas de drenagem que causam acúmulo de água.",Obras e Serviços Públicos,,Pendente de Análise,
IND-256,120,2023,105ª Sessão Ordinária da 18ª Legislatura,2023-06-27,"Reinaldo Codognato, Sofia Rodrigues dos Santos","Solicita serviço de pintura do Centro Educacional Infantil (CI) Nosso Teto, como medida de manutenção preventiva e melhoria do ambiente para as crianças.",A Classificar,,Pendente de Análise,
IND-257,121,2023,105ª Sessão Ordinária da 18ª Legislatura,2023-06-27,Anderson Marcos Viana,"Solicita o alargamento da estrada JQL 030, no bairro Cafezinho, próximo à igreja do bairro, devido ao aumento do tráfego de caminhões e ônibus e ao risco de acidentes em via estreita.",Trânsito e Mobilidade,,Pendente de Análise,
IND-258,122,2023,105ª Sessão Ordinária da 18ª Legislatura,2023-06-27,Anderson Marcos Viana,"Solicita manutenção da Rua Nazareno Sedrone, próxima ao Armazém do Hilário, devido à presença de buracos que representam risco a motoristas, pedestres e ciclistas.",Obras e Serviços Públicos,,Pendente de Análise,
IND-259,123,2023,105ª Sessão Ordinária da 18ª Legislatura,2023-06-27,Valdir Aparecido de Oliveira,"Solicita sinalização de solo na depressão localizada no encontro da Avenida Latina com a Rua General Osório, para alertar motoristas e reduzir riscos de danos a veículos e colisões.",Trânsito e Mobilidade,,Pendente de Análise,
IND-260,124,2023,105ª Sessão Ordinária da 18ª Legislatura,2023-06-27,"Hélio Furini Neto, Anderson Marcos Viana, Paulo Sérgio Cordeiro, Teresinha de Lourdes Freitas Regodanso","Solicita sinalização de proibição de descarte de lixo no espaço ao lado da caixa d'água e do ponto de ônibus do Jardim Alvorada, além de limpeza do local e fiscalização constante, após relatos de animais mortos e mau cheiro no local.",Trânsito e Mobilidade,,Pendente de Análise,
IND-261,125,2023,105ª Sessão Ordinária da 18ª Legislatura,2023-06-27,"Hélio Furini Neto, Anderson Marcos Viana, Paulo Sérgio Cordeiro, Teresinha de Lourdes Freitas Regodanso","Solicita serviços de limpeza e zeladoria nos fundos das casas que fazem divisa com a linha férrea e sua faixa de domínio em todo o trecho urbano, após relatos de escorpiões e cobras na vegetação alta do local.",Obras e Serviços Públicos,,Pendente de Análise,
IND-262,126,2023,105ª Sessão Ordinária da 18ª Legislatura,2023-06-27,"Hélio Furini Neto, Anderson Marcos Viana, Paulo Sérgio Cordeiro, Teresinha de Lourdes Freitas Regodanso","Solicita implementação de acesso com acessibilidade (rampa ou escada) ao Centro Comunitário e ao Centro de Esporte e Lazer do bairro Jardim Alvorada, após relatos de quedas na descida íngreme de barranco existente no local.",Meio Ambiente,,Pendente de Análise,
IND-263,127,2023,106ª Sessão Ordinária da 18ª Legislatura,2023-08-08,Teresinha de Lourdes Freitas Regodanso,"Reforça a indicação nº 067/2022 da mesma autora, solicitando reforma e melhorias no velório municipal, tanto na parte interna quanto externa, incluindo bancos, calçadas, portas, luzes e muretas dos canteiros.",Obras e Serviços Públicos,,Pendente de Análise,"Apresentada com apoio do vereador Elio Furini Neto, conforme leitura da indicação."
IND-264,128,2023,106ª Sessão Ordinária da 18ª Legislatura,2023-08-08,"Valdir Aparecido de Oliveira, Reinaldo Codognato, Marisa Alves da Silva Costa, Anderson Marcos Viana, Elio Furini Neto, Paulo Sérgio Cordeiro, Rui Domingos da Silva, Sofia Rodrigues dos Santos, Teresinha de Lourdes Freitas Regodanso","Solicita implementação de internet fibra ótica em zonas afastadas e rurais, principalmente em locais de difícil acesso, para promover inclusão digital e acesso a educação, emprego e serviços online. Indicação originada de demanda trazida pelos jovens do Projeto Semente da Vida em visita à Câmara.",Educação,,Pendente de Análise,
IND-265,129,2023,106ª Sessão Ordinária da 18ª Legislatura,2023-08-08,"Valdir Aparecido de Oliveira, Reinaldo Codognato, Marisa Alves da Silva Costa, Anderson Marcos Viana, Elio Furini Neto, Paulo Sérgio Cordeiro, Rui Domingos da Silva, Sofia Rodrigues dos Santos, Teresinha de Lourdes Freitas Regodanso","Solicita disponibilização de um local aberto à população para lazer, práticas culturais e esportivas, sugerindo a reativação do Junqueirópolis Tênis Clube (JTC) e a transformação do antigo Centro de Formação Educacional (CEF)/Casa da Cultura em espaço cultural. Indicação originada de demanda dos jovens do Projeto Semente da Vida.",Esporte e Lazer,,Pendente de Análise,
IND-266,130,2023,106ª Sessão Ordinária da 18ª Legislatura,2023-08-08,"Valdir Aparecido de Oliveira, Reinaldo Codognato, Marisa Alves da Silva Costa, Anderson Marcos Viana, Elio Furini Neto, Paulo Sérgio Cordeiro, Rui Domingos da Silva, Sofia Rodrigues dos Santos, Teresinha de Lourdes Freitas Regodanso","Solicita disponibilização de locais seguros e adequados para soltura de pipas, longe de vias movimentadas e linhas elétricas. Indicação originada de demanda dos jovens do Projeto Semente da Vida.",A Classificar,,Pendente de Análise,
IND-267,131,2023,106ª Sessão Ordinária da 18ª Legislatura,2023-08-08,"Valdir Aparecido de Oliveira, Reinaldo Codognato, Marisa Alves da Silva Costa, Anderson Marcos Viana, Elio Furini Neto, Paulo Sérgio Cordeiro, Rui Domingos da Silva, Sofia Rodrigues dos Santos, Teresinha de Lourdes Freitas Regodanso","Solicita disponibilização de academia pública para prática de exercícios físicos, com acompanhamento e autorização médica pelos postos de saúde. Indicação originada de demanda dos jovens do Projeto Semente da Vida.",Saúde,,Pendente de Análise,
IND-268,132,2023,106ª Sessão Ordinária da 18ª Legislatura,2023-08-08,"Valdir Aparecido de Oliveira, Reinaldo Codognato, Marisa Alves da Silva Costa, Anderson Marcos Viana, Elio Furini Neto, Paulo Sérgio Cordeiro, Rui Domingos da Silva, Sofia Rodrigues dos Santos, Teresinha de Lourdes Freitas Regodanso","Solicita atendimento veterinário gratuito para animais de estimação de pessoas de baixa renda, além de atendimento gratuito para animais de rua, incluindo programas de castração. Indicação originada de demanda dos jovens do Projeto Semente da Vida.",Saúde,,Pendente de Análise,
IND-269,133,2023,106ª Sessão Ordinária da 18ª Legislatura,2023-08-08,"Valdir Aparecido de Oliveira, Reinaldo Codognato, Marisa Alves da Silva Costa, Anderson Marcos Viana, Elio Furini Neto, Paulo Sérgio Cordeiro, Rui Domingos da Silva, Sofia Rodrigues dos Santos, Teresinha de Lourdes Freitas Regodanso","Solicita incentivo à criação de espaços culturais e de arte pública, como galerias, teatros e bibliotecas, para promover o acesso à cultura à população. Indicação originada de demanda dos jovens do Projeto Semente da Vida.",Educação,,Pendente de Análise,
IND-270,134,2023,106ª Sessão Ordinária da 18ª Legislatura,2023-08-08,"Valdir Aparecido de Oliveira, Reinaldo Codognato, Marisa Alves da Silva Costa, Anderson Marcos Viana, Elio Furini Neto, Paulo Sérgio Cordeiro, Rui Domingos da Silva, Sofia Rodrigues dos Santos, Teresinha de Lourdes Freitas Regodanso","Solicita estabelecimento de programa de incentivo ao empreendedorismo local, com criação de fundo de investimento municipal, para fomentar o crescimento econômico e geração de empregos. Indicação originada de demanda dos jovens do Projeto Semente da Vida.",A Classificar,,Pendente de Análise,
IND-271,135,2023,106ª Sessão Ordinária da 18ª Legislatura,2023-08-08,Elio Furini Neto,"Solicita aumento da frequência de tráfego de caminhões-pipa para molhar a estrada municipal JQL 030, logo após o Madrugada Futebol Clube, na via que liga Junqueirópolis a Irapuru, para reduzir o acúmulo de poeira que afeta os moradores próximos.",A Classificar,,Pendente de Análise,
IND-272,136,2023,106ª Sessão Ordinária da 18ª Legislatura,2023-08-08,Elio Furini Neto,"Solicita implementação de uma faixa elevada na Rua Hermínio Grespan, próximo ao ponto de ônibus construído recentemente, devido ao alto fluxo de veículos vindos da Avenida de Virgens (Carmezim) e ao risco a pedestres.",Trânsito e Mobilidade,,Pendente de Análise,
IND-273,137,2023,106ª Sessão Ordinária da 18ª Legislatura,2023-08-08,"Teresinha de Lourdes Freitas Regodanso, Anderson Marcos Viana, Elio Furini Neto, Paulo Sérgio Cordeiro","Solicita disponibilização de plantão, ao menos em um período, na farmácia municipal para entrega de medicamentos aos sábados, domingos e feriados, evitando que pacientes atendidos no pronto-socorro fiquem sem acesso aos remédios prescritos.",Saúde,,Pendente de Análise,
IND-274,138,2023,107ª Sessão Ordinária da 18ª Legislatura,2023-08-15,Anderson Marcos Viana,"Solicita instalação de redutores de velocidade no cruzamento da Rua Curitiba com as ruas 4 de Setembro, Goiânia e Perdizes, após acidentes recentes no local e devido à proximidade de uma creche.",Educação,,Pendente de Análise,
IND-275,139,2023,107ª Sessão Ordinária da 18ª Legislatura,2023-08-15,Anderson Marcos Viana,"Solicita a continuidade da revitalização da Praça Álvaro de Oliveira Junqueira, cujo projeto original não foi concluído (faltando, por exemplo, a cobertura do palco), causando desgaste do calçamento pelo uso de tendas temporárias.",Meio Ambiente,,Pendente de Análise,
IND-276,140,2023,107ª Sessão Ordinária da 18ª Legislatura,2023-08-15,Anderson Marcos Viana,"Solicita revisão do valor dos aluguéis dos salões comunitários de bairro, para torná-los mais acessíveis aos moradores, tendo em vista relatos de valores de até R$ 300 considerados altos para a comunidade.",A Classificar,,Pendente de Análise,
IND-277,141,2023,107ª Sessão Ordinária da 18ª Legislatura,2023-08-15,Elio Furini Neto,"Solicita instalação de torneiras na praça situada na Avenida Internacional, no bairro Jardim Paulista, e que, enquanto isso não ocorre, seja feita irrigação da grama e plantas por caminhão-pipa, especialmente em período de seca.",Meio Ambiente,,Pendente de Análise,
IND-278,142,2023,108ª Sessão Ordinária da 18ª Legislatura,2023-08-21,Anderson Marcos Viana,"Solicita ao prefeito municipal a possibilidade de construir uma praça/área verde na Rua Vereador Gilson José da Silva, próxima à Rua Victor Camargo Bodini, no bairro Frei Galvão, nos moldes do bosque municipal (com réplicas de animais, bancos e mini-bosque).",Meio Ambiente,,Pendente de Análise,"Data da sessão conforme mencionada no texto da transcrição (véspera da data do nome do arquivo, que corresponde ao dia da postagem/upload)."
IND-279,143,2023,108ª Sessão Ordinária da 18ª Legislatura,2023-08-21,"Teresinha de Lourdes Freitas Regodanso, Elio Furini Neto","Solicita serviço de inspeção nas árvores do Parque Ecológico, especialmente as localizadas no barranco aos fundos do armazém comunitário, devido ao risco de queda de galhos/árvores com ventos fortes e proximidade de fios de energia elétrica.",Meio Ambiente,,Pendente de Análise,"Data da sessão conforme mencionada no texto da transcrição (véspera da data do nome do arquivo, que corresponde ao dia da postagem/upload)."
IND-280,144,2023,108ª Sessão Ordinária da 18ª Legislatura,2023-08-21,"Teresinha de Lourdes Freitas Regodanso, Anderson Marcos Viana, Elio Furini Neto, Paulo Sérgio Cordeiro","Solicita manutenção adequada da estrada JQL-030 (liga Junqueirópolis a Irapuru) e seus prolongamentos, incluindo cascalhamento, tendo em vista a suspensão do programa Melhor Caminho e a rescisão do contrato com a empresa vencedora da licitação.",Obras e Serviços Públicos,,Pendente de Análise,"Data da sessão conforme mencionada no texto da transcrição (véspera da data do nome do arquivo, que corresponde ao dia da postagem/upload)."
IND-281,145,2023,108ª Sessão Ordinária da 18ª Legislatura,2023-08-21,Teresinha de Lourdes Freitas Regodanso,"Solicita colocação de lâmpada no poste já existente na esquina das ruas Argentina e Bolívia, no bairro Residencial das Américas, área escura na fronteira com zona rural.",Obras e Serviços Públicos,,Pendente de Análise,"Data da sessão conforme mencionada no texto da transcrição (véspera da data do nome do arquivo, que corresponde ao dia da postagem/upload)."
IND-282,146,2023,108ª Sessão Ordinária da 18ª Legislatura,2023-08-21,Elio Furini Neto,"Solicita reforma do campo de futebol do bairro Jardim Esperança, incluindo colocação de alambrado e melhorias na iluminação (reitera indicação nº 21/2021, de sua própria autoria).",Obras e Serviços Públicos,,Pendente de Análise,"Data da sessão conforme mencionada no texto da transcrição (véspera da data do nome do arquivo, que corresponde ao dia da postagem/upload)."
IND-283,147,2023,108ª Sessão Ordinária da 18ª Legislatura,2023-08-21,Reinaldo Codognato,"Solicita providências quanto ao direcionamento inadequado de águas pluviais na esquina das ruas Constantino Marcolino de Souza e Professor Antônio Greneiro Porta, que causa danos a infraestruturas e risco de acidentes.",Educação,,Pendente de Análise,"Data da sessão conforme mencionada no texto da transcrição (véspera da data do nome do arquivo, que corresponde ao dia da postagem/upload)."
IND-284,148,2023,108ª Sessão Ordinária da 18ª Legislatura,2023-08-21,Anderson Marcos Viana,"Solicita elaboração de projetos de lei para instituição do piso salarial de enfermeiros, técnicos e auxiliares de enfermagem e parteiras.",Saúde,,Pendente de Análise,"Data da sessão conforme mencionada no texto da transcrição (véspera da data do nome do arquivo, que corresponde ao dia da postagem/upload)."
IND-285,149,2023,108ª Sessão Ordinária da 18ª Legislatura,2023-08-21,Anderson Marcos Viana,Solicita construção de faixas elevadas na esquina da Avenida Paulista com a Rua Porto Alegre (lateral do Pronto Socorro) e na Rua Washington Luiz com a Avenida Bandeirantes (lateral da Escola Chigueco).,Educação,,Pendente de Análise,"Data da sessão conforme mencionada no texto da transcrição (véspera da data do nome do arquivo, que corresponde ao dia da postagem/upload)."
IND-286,150,2023,108ª Sessão Ordinária da 18ª Legislatura,2023-08-21,Reinaldo Codognato,"Solicita instalação de bancos, pista de caminhada e playground no Residencial Figueira.",Esporte e Lazer,,Pendente de Análise,"Data da sessão conforme mencionada no texto da transcrição (véspera da data do nome do arquivo, que corresponde ao dia da postagem/upload)."
IND-287,151,2023,109ª Sessão Ordinária da 18ª Legislatura,2023-08-28,Rui Domingos da Silva,"Solicita concessão de diárias fixas aos motoristas de ambulância e transporte de pacientes da Secretaria de Saúde quando em serviço fora da sede do município, para suprir despesas com alimentação (reitera indicação nº 190/2021, de sua autoria).",Saúde,,Pendente de Análise,"Data da sessão conforme mencionada no texto da transcrição (véspera da data do nome do arquivo, que corresponde ao dia da postagem/upload). ATENÇÃO: esta transcrição pode estar com o início cortado — o arquivo começa em “colegas que compõem a mesa junto comigo...”, sem a saudação inicial completa do presidente; possível perda de conteúdo no começo da abertura da sessão."
IND-288,152,2023,109ª Sessão Ordinária da 18ª Legislatura,2023-08-28,"Rui Domingos da Silva, Anderson Marcos Viana, Elio Furini Neto, Marisa Alves da Silva Costa, Reinaldo Codognato, Sofia Rodrigues dos Santos, Valdir Aparecido de Oliveira, Teresinha de Lourdes Freitas Regodanso","Solicita que a nova farmácia municipal de Junqueirópolis receba o nome do saudoso Hélio de Marcos, farmacêutico pioneiro e proprietário de farmácias na cidade, falecido aos 67 anos.",Saúde,,Pendente de Análise,"Data da sessão conforme mencionada no texto da transcrição (véspera da data do nome do arquivo, que corresponde ao dia da postagem/upload). ATENÇÃO: esta transcrição pode estar com o início cortado — o arquivo começa em “colegas que compõem a mesa junto comigo...”, sem a saudação inicial completa do presidente; possível perda de conteúdo no começo da abertura da sessão. Vereadora Teresinha de Lourdes Freitas Regodanso assinou em apoio, após a leitura, relatando ter sido inadvertidamente deixada de fora da lista original de sete signatários."
IND-289,153,2023,109ª Sessão Ordinária da 18ª Legislatura,2023-08-28,Reinaldo Codognato,Solicita construção de redutores de velocidade nas principais avenidas dos residenciais Figueira (Avenida da Seringal) e Horto dos Seringais.,Trânsito e Mobilidade,,Pendente de Análise,"Data da sessão conforme mencionada no texto da transcrição (véspera da data do nome do arquivo, que corresponde ao dia da postagem/upload). ATENÇÃO: esta transcrição pode estar com o início cortado — o arquivo começa em “colegas que compõem a mesa junto comigo...”, sem a saudação inicial completa do presidente; possível perda de conteúdo no começo da abertura da sessão."
IND-290,154,2023,109ª Sessão Ordinária da 18ª Legislatura,2023-08-28,"Anderson Marcos Viana, Elio Furini Neto, Paulo Sérgio Cordeiro, Teresinha de Lourdes Freitas Regodanso",Solicita parceria com a Usina Viterra para criação de sistema de contenção de águas pluviais (camalhões/retenção de enxurradas) no bairro Vila São João.,A Classificar,,Pendente de Análise,"Data da sessão conforme mencionada no texto da transcrição (véspera da data do nome do arquivo, que corresponde ao dia da postagem/upload). ATENÇÃO: esta transcrição pode estar com o início cortado — o arquivo começa em “colegas que compõem a mesa junto comigo...”, sem a saudação inicial completa do presidente; possível perda de conteúdo no começo da abertura da sessão."
IND-291,155,2023,109ª Sessão Ordinária da 18ª Legislatura,2023-08-28,Anderson Marcos Viana,"Solicita implementação de iluminação adequada no trevo do bairro Duas Barras, devido a acidentes e risco a ciclistas e pedestres noturnos.",A Classificar,,Pendente de Análise,"Data da sessão conforme mencionada no texto da transcrição (véspera da data do nome do arquivo, que corresponde ao dia da postagem/upload). ATENÇÃO: esta transcrição pode estar com o início cortado — o arquivo começa em “colegas que compõem a mesa junto comigo...”, sem a saudação inicial completa do presidente; possível perda de conteúdo no começo da abertura da sessão."
IND-292,156,2023,109ª Sessão Ordinária da 18ª Legislatura,2023-08-28,Anderson Marcos Viana,"Solicita providências quanto ao esgoto despejado a céu aberto no bairro Jardim Junqueirópolis, próximo à Rua Goiânia com a Rua Belém, problema que persiste há quase 15 anos (reitera indicação nº 151/2021, de sua autoria).",Obras e Serviços Públicos,,Pendente de Análise,"Data da sessão conforme mencionada no texto da transcrição (véspera da data do nome do arquivo, que corresponde ao dia da postagem/upload). ATENÇÃO: esta transcrição pode estar com o início cortado — o arquivo começa em “colegas que compõem a mesa junto comigo...”, sem a saudação inicial completa do presidente; possível perda de conteúdo no começo da abertura da sessão."
IND-293,157,2023,109ª Sessão Ordinária da 18ª Legislatura,2023-08-28,"Reinaldo Codognato, Rui Domingos da Silva",Solicita implementação de um programa de Bolsa Atleta Municipal para apoiar talentos esportivos locais.,A Classificar,,Pendente de Análise,"Data da sessão conforme mencionada no texto da transcrição (véspera da data do nome do arquivo, que corresponde ao dia da postagem/upload). ATENÇÃO: esta transcrição pode estar com o início cortado — o arquivo começa em “colegas que compõem a mesa junto comigo...”, sem a saudação inicial completa do presidente; possível perda de conteúdo no começo da abertura da sessão."
IND-294,158,2023,109ª Sessão Ordinária da 18ª Legislatura,2023-08-28,"Reinaldo Codognato, Sofia Rodrigues dos Santos, Marisa Alves da Silva Costa",Solicita adequação da iluminação pública do playground localizado no bairro Jardim Conde.,Obras e Serviços Públicos,,Pendente de Análise,"Data da sessão conforme mencionada no texto da transcrição (véspera da data do nome do arquivo, que corresponde ao dia da postagem/upload). ATENÇÃO: esta transcrição pode estar com o início cortado — o arquivo começa em “colegas que compõem a mesa junto comigo...”, sem a saudação inicial completa do presidente; possível perda de conteúdo no começo da abertura da sessão."
IND-295,159,2023,109ª Sessão Ordinária da 18ª Legislatura,2023-08-28,"Elio Furini Neto, Anderson Marcos Viana, Paulo Sérgio Cordeiro, Teresinha de Lourdes Freitas Regodanso, Valdir Aparecido de Oliveira",Solicita realização de batimetria nas estações de tratamento de esgoto (ETEs) do município para diagnosticar a real situação de eficácia e o mau cheiro exalado (reitera indicação nº 17/2022).,Obras e Serviços Públicos,,Pendente de Análise,"Data da sessão conforme mencionada no texto da transcrição (véspera da data do nome do arquivo, que corresponde ao dia da postagem/upload). ATENÇÃO: esta transcrição pode estar com o início cortado — o arquivo começa em “colegas que compõem a mesa junto comigo...”, sem a saudação inicial completa do presidente; possível perda de conteúdo no começo da abertura da sessão."
IND-296,160,2023,110ª Sessão Ordinária da 18ª Legislatura,2023-09-04,Reinaldo Codognato,"Solicita medidas de controle de velocidade (redutores) e melhorias na sinalização da Rua do Viveiro, que liga os bairros Pioneiros, Residencial Carmesin 2, Deltaville 1 e 2 e o loteamento Horto dos Seringais.",Trânsito e Mobilidade,,Pendente de Análise,"Data da sessão conforme mencionada no texto da transcrição (véspera da data do nome do arquivo, que corresponde ao dia da postagem/upload)."
IND-297,161,2023,110ª Sessão Ordinária da 18ª Legislatura,2023-09-04,Reinaldo Codognato,"Solicita revitalização da sinalização de solo na vicinal José Siniciato, que liga a área urbana de Junqueirópolis à Usina Vale Verde.",Trânsito e Mobilidade,,Pendente de Análise,"Data da sessão conforme mencionada no texto da transcrição (véspera da data do nome do arquivo, que corresponde ao dia da postagem/upload)."
IND-298,162,2023,110ª Sessão Ordinária da 18ª Legislatura,2023-09-04,"Anderson Marcos Viana, Elio Furini Neto, Marisa Alves da Silva Costa, Paulo Sérgio Cordeiro, Teresinha de Lourdes Freitas Regodanso","Solicita serviço de manutenção e limpeza nas áreas verdes do município, com atenção especial aos loteamentos Deltaville 1 e 2 e ao bairro Campo Belo, utilizando as máquinas trituradoras de galhos disponíveis.",A Classificar,,Pendente de Análise,"Data da sessão conforme mencionada no texto da transcrição (véspera da data do nome do arquivo, que corresponde ao dia da postagem/upload)."
IND-299,163,2023,110ª Sessão Ordinária da 18ª Legislatura,2023-09-04,Elio Furini Neto,"Solicita reforma dos vestiários do Estádio Municipal Raphael Capelli, incluindo troca de pisos e instalação de novos chuveiros e sanitários, com adaptações de acessibilidade (reitera indicação nº 122/2022, de sua autoria).",Obras e Serviços Públicos,,Pendente de Análise,"Data da sessão conforme mencionada no texto da transcrição (véspera da data do nome do arquivo, que corresponde ao dia da postagem/upload)."
IND-300,164,2023,110ª Sessão Ordinária da 18ª Legislatura,2023-09-04,"Anderson Marcos Viana, Elio Furini Neto, Paulo Sérgio Cordeiro, Marisa Alves da Silva Costa, Teresinha de Lourdes Freitas Regodanso","Solicita colocação de placas proibindo descarte de lixo na confluência da Rua Curitiba com a Rua Lucélia, próximo ao CI Criança Feliz.",A Classificar,,Pendente de Análise,"Data da sessão conforme mencionada no texto da transcrição (véspera da data do nome do arquivo, que corresponde ao dia da postagem/upload)."
IND-301,165,2023,110ª Sessão Ordinária da 18ª Legislatura,2023-09-04,"Anderson Marcos Viana, Elio Furini Neto, Marisa Alves da Silva Costa, Paulo Sérgio Cordeiro, Teresinha de Lourdes Freitas Regodanso","Solicita aplicação de pedras brita na rua central do bairro Vila São João, devido ao desgaste causado pelo tráfego de caminhões de usina e transtornos com a vinhaça.",A Classificar,,Pendente de Análise,"Data da sessão conforme mencionada no texto da transcrição (véspera da data do nome do arquivo, que corresponde ao dia da postagem/upload)."
IND-302,166,2023,110ª Sessão Ordinária da 18ª Legislatura,2023-09-04,Sofia Rodrigues dos Santos,"Solicita que a área verde de lazer do bairro Jardim América receba o nome do saudoso Sr. Horácio Montrone, antigo morador e proprietário de terras na região.",Meio Ambiente,,Pendente de Análise,"Data da sessão conforme mencionada no texto da transcrição (véspera da data do nome do arquivo, que corresponde ao dia da postagem/upload)."
IND-303,167,2023,110ª Sessão Ordinária da 18ª Legislatura,2023-09-04,Rui Domingos da Silva,"Solicita revisão geral em todos os parques, praças e playgrounds do município (reitera indicação nº 151/2022).",Meio Ambiente,,Pendente de Análise,"Data da sessão conforme mencionada no texto da transcrição (véspera da data do nome do arquivo, que corresponde ao dia da postagem/upload). Esta indicação não constou do resumo do expediente lido no início da sessão (que listou apenas até a indicação 166 e em seguida os requerimentos), mas foi lida integralmente mais adiante; extraída do texto integral conforme instrução."
IND-304,168,2023,111ª Sessão Ordinária da 18ª Legislatura,2023-09-11,Anderson Marcos Viana,"Solicita que o local de encontro da cavalgada deste ano seja alterado do Bosque Municipal para o Recinto da Aceruva, a fim de preservar o bosque recentemente revitalizado pela administração.",A Classificar,,Pendente de Análise,"Data da sessão conforme mencionada no texto da transcrição (véspera da data do nome do arquivo, que corresponde ao dia da postagem/upload)."
IND-305,169,2023,111ª Sessão Ordinária da 18ª Legislatura,2023-09-11,Anderson Marcos Viana,Solicita delimitação com sinalização de solo de faixas exclusivas para espera de motocicletas nos semáforos da cidade.,Trânsito e Mobilidade,,Pendente de Análise,"Data da sessão conforme mencionada no texto da transcrição (véspera da data do nome do arquivo, que corresponde ao dia da postagem/upload)."
IND-306,170,2023,111ª Sessão Ordinária da 18ª Legislatura,2023-09-11,Anderson Marcos Viana,Solicita implementação de mais placas de sinalização informando a presença de ciclistas na via que liga Junqueirópolis ao bairro Duas Barras.,Trânsito e Mobilidade,,Pendente de Análise,"Data da sessão conforme mencionada no texto da transcrição (véspera da data do nome do arquivo, que corresponde ao dia da postagem/upload)."
IND-307,171,2023,111ª Sessão Ordinária da 18ª Legislatura,2023-09-11,Reinaldo Codognato,"Solicita criação de cursos de manutenção elétrica e mecânica para veículos leves, em parceria com o Sebrae.",A Classificar,,Pendente de Análise,"Data da sessão conforme mencionada no texto da transcrição (véspera da data do nome do arquivo, que corresponde ao dia da postagem/upload)."
IND-308,172,2023,111ª Sessão Ordinária da 18ª Legislatura,2023-09-11,"Reinaldo Codognato, Teresinha de Lourdes Freitas Regodanso, Valdir Aparecido de Oliveira","Solicita substituição dos canos da rede de água do bairro Duas Barras por diâmetro maior, para aumentar a pressão/vazão de água nas residências (reitera indicação nº 55/2022).",Saúde,,Pendente de Análise,"Data da sessão conforme mencionada no texto da transcrição (véspera da data do nome do arquivo, que corresponde ao dia da postagem/upload)."
IND-309,173,2023,111ª Sessão Ordinária da 18ª Legislatura,2023-09-11,"Valdir Aparecido de Oliveira, Anderson Marcos Viana, Elio Furini Neto, Marisa Alves da Silva Costa, Paulo Sérgio Cordeiro, Reinaldo Codognato, Rui Domingos da Silva, Sofia Rodrigues dos Santos, Teresinha de Lourdes Freitas Regodanso","Solicita construção de lombadas ou lombofaixas na Avenida Junqueira, de fronte à saída de alunos da Escola 13 de Junho/Colégio Objetivo, via íngreme de tráfego intenso.",Educação,,Pendente de Análise,"Data da sessão conforme mencionada no texto da transcrição (véspera da data do nome do arquivo, que corresponde ao dia da postagem/upload)."
IND-310,174,2023,112ª Sessão Ordinária da 18ª Legislatura,2023-09-18,"Elio Furini Neto, Anderson Marcos Viana","Solicita implementação de iluminação adequada no cemitério municipal, bem como reforma das calçadas e muros do local, devido a relatos de furtos e problemas de acessibilidade (reitera indicação nº 33/2022, de autoria de Anderson Marcos Viana).",Obras e Serviços Públicos,,Pendente de Análise,"Data da sessão conforme mencionada no texto da transcrição (véspera da data do nome do arquivo, que corresponde ao dia da postagem/upload)."
IND-311,175,2023,112ª Sessão Ordinária da 18ª Legislatura,2023-09-18,"Elio Furini Neto, Teresinha de Lourdes Freitas Regodanso","Solicita adequação da captação de águas pluviais no bairro Campo Belo, em especial na Alameda Paraíso, que sofre com acúmulo de água e pequenos alagamentos.",A Classificar,,Pendente de Análise,"Data da sessão conforme mencionada no texto da transcrição (véspera da data do nome do arquivo, que corresponde ao dia da postagem/upload)."
IND-312,176,2023,112ª Sessão Ordinária da 18ª Legislatura,2023-09-18,Reinaldo Codognato,"Solicita criação de espaço para armazenagem dos materiais de ginástica do projeto Agita Junqueirópolis Mais Qualidade de Vida, no Recinto da Aceruva próximo à cozinha da Associação Agrícola.",A Classificar,,Pendente de Análise,"Data da sessão conforme mencionada no texto da transcrição (véspera da data do nome do arquivo, que corresponde ao dia da postagem/upload)."
IND-313,177,2023,112ª Sessão Ordinária da 18ª Legislatura,2023-09-18,Valdir Aparecido de Oliveira,"Solicita manutenção geral dos aparelhos da academia ao ar livre de fronte ao Estádio Municipal Raphael Capelli, além de manutenção da pista de atletismo (reposição de pó de pedra) e construção de depósito para equipamentos de treino (reitera indicações nº 177/2021 e 119/2022).",Obras e Serviços Públicos,,Pendente de Análise,"Data da sessão conforme mencionada no texto da transcrição (véspera da data do nome do arquivo, que corresponde ao dia da postagem/upload)."
IND-314,178,2023,112ª Sessão Ordinária da 18ª Legislatura,2023-09-18,Valdir Aparecido de Oliveira,Solicita implementação de materiais de educação financeira voltados a crianças do ensino fundamental do município.,Educação,,Pendente de Análise,"Data da sessão conforme mencionada no texto da transcrição (véspera da data do nome do arquivo, que corresponde ao dia da postagem/upload)."
IND-315,179,2023,112ª Sessão Ordinária da 18ª Legislatura,2023-09-18,Reinaldo Codognato,"Solicita implementação de iluminação pública na Rua Primavera, no bairro Recanto dos Eucaliptos.",Obras e Serviços Públicos,,Pendente de Análise,"Data da sessão conforme mencionada no texto da transcrição (véspera da data do nome do arquivo, que corresponde ao dia da postagem/upload)."
IND-316,180,2023,112ª Sessão Ordinária da 18ª Legislatura,2023-09-18,Reinaldo Codognato,"Solicita lançamento de programa denominado “Colmeia Empreendedora”, com stands/boxes para pequenos empreendedores, visando fortalecer o comércio local e a cooperação entre bairros.",A Classificar,,Pendente de Análise,"Data da sessão conforme mencionada no texto da transcrição (véspera da data do nome do arquivo, que corresponde ao dia da postagem/upload)."
IND-317,181,2023,112ª Sessão Ordinária da 18ª Legislatura,2023-09-18,Anderson Marcos Viana,"Solicita adequação da iluminação no bairro Vila São João, por meio da substituição de lâmpadas convencionais por lâmpadas de LED.",Saúde,,Pendente de Análise,"Data da sessão conforme mencionada no texto da transcrição (véspera da data do nome do arquivo, que corresponde ao dia da postagem/upload)."
IND-318,182,2023,112ª Sessão Ordinária da 18ª Legislatura,2023-09-18,Anderson Marcos Viana,"Solicita continuidade da pavimentação asfáltica da Rua José Reis, no bairro Pioneiros, para conectar integralmente ao bairro Carmesin 2 (faltando cerca de 50 metros).",Obras e Serviços Públicos,,Pendente de Análise,"Data da sessão conforme mencionada no texto da transcrição (véspera da data do nome do arquivo, que corresponde ao dia da postagem/upload)."
IND-319,183,2023,113ª Sessão Ordinária da 18ª Legislatura,2023-09-25,Anderson Marcos Viana,"Solicita colocação de mesas e bancos na área verde do bairro Pioneiros, mais especificamente na Rua José Reis, local que já é mantido limpo pelos próprios moradores.",Meio Ambiente,,Pendente de Análise,"Data da sessão conforme mencionada no texto da transcrição (véspera da data do nome do arquivo, que corresponde ao dia da postagem/upload)."
IND-320,184,2023,113ª Sessão Ordinária da 18ª Legislatura,2023-09-25,Anderson Marcos Viana,"Solicita revisão geral na iluminação pública da cidade, com a empresa responsável realizando avaliação noturna para identificar e substituir lâmpadas queimadas.",Saúde,,Pendente de Análise,"Data da sessão conforme mencionada no texto da transcrição (véspera da data do nome do arquivo, que corresponde ao dia da postagem/upload)."
IND-321,185,2023,113ª Sessão Ordinária da 18ª Legislatura,2023-09-25,"Elio Furini Neto, Teresinha de Lourdes Freitas Regodanso","Solicita melhorias na captação de águas pluviais na Alameda Campos Elíseos, adjacente à área verde, cuja água flui diretamente para bueiro em frente a residências, causando alagamentos.",Obras e Serviços Públicos,,Pendente de Análise,"Data da sessão conforme mencionada no texto da transcrição (véspera da data do nome do arquivo, que corresponde ao dia da postagem/upload)."
IND-322,186,2023,113ª Sessão Ordinária da 18ª Legislatura,2023-09-25,"Elio Furini Neto, Anderson Marcos Viana, Paulo Sérgio Cordeiro, Teresinha de Lourdes Freitas Regodanso","Solicita recapeamento da Rua Manaus, cujos moradores reivindicam a obra reiteradamente há tempos.",Obras e Serviços Públicos,,Pendente de Análise,"Data da sessão conforme mencionada no texto da transcrição (véspera da data do nome do arquivo, que corresponde ao dia da postagem/upload)."
IND-323,187,2023,113ª Sessão Ordinária da 18ª Legislatura,2023-09-25,Reinaldo Codognato,"Solicita irrigação das estradas de terra próximas a loteamentos rurais durante períodos de estiagem, com frequência mínima de duas vezes ao dia, para reduzir poeira e ressecamento do solo.",Agricultura e Meio Rural,,Pendente de Análise,"Data da sessão conforme mencionada no texto da transcrição (véspera da data do nome do arquivo, que corresponde ao dia da postagem/upload)."
IND-324,188,2023,113ª Sessão Ordinária da 18ª Legislatura,2023-09-25,Reinaldo Codognato,"Solicita implementação de medidas de proteção (sinalização de solo ou redutor de velocidade) na Rua Florianópolis, em frente ao playground local.",Trânsito e Mobilidade,,Pendente de Análise,"Data da sessão conforme mencionada no texto da transcrição (véspera da data do nome do arquivo, que corresponde ao dia da postagem/upload)."
IND-325,189,2023,113ª Sessão Ordinária da 18ª Legislatura,2023-09-25,"Rui Domingos da Silva, Valdir Aparecido de Oliveira","Solicita serviços de proteção em todas as cabeceiras de pontes existentes no município, para reduzir riscos de acidentes graves, especialmente em período de chuvas (reitera indicação nº 166/2021, de mesma autoria).",A Classificar,,Pendente de Análise,"Data da sessão conforme mencionada no texto da transcrição (véspera da data do nome do arquivo, que corresponde ao dia da postagem/upload)."
IND-326,190,2023,113ª Sessão Ordinária da 18ª Legislatura,2023-09-25,"Valdir Aparecido de Oliveira, Rui Domingos da Silva","Solicita adequação das calçadas e demais passeios públicos da cidade conforme a norma NBR 9050/04, com ênfase em parques e praças (reitera indicação nº 099/2022, de autoria de Valdir Aparecido de Oliveira).",Obras e Serviços Públicos,,Pendente de Análise,"Data da sessão conforme mencionada no texto da transcrição (véspera da data do nome do arquivo, que corresponde ao dia da postagem/upload)."
IND-327,191,2023,113ª Sessão Ordinária da 18ª Legislatura,2023-09-25,Valdir Aparecido de Oliveira,"Solicita ligação da Rua Láercio Sacomane (Distrito Industrial 2) com a Alameda Vista do Sol (Residencial Vale do Sol), para encurtar o trajeto de trabalhadores até a Avenida Geraldo Fundo (reitera indicação nº 182/2021, de mesma autoria).",A Classificar,,Pendente de Análise,"Data da sessão conforme mencionada no texto da transcrição (véspera da data do nome do arquivo, que corresponde ao dia da postagem/upload)."
IND-328,192,2023,113ª Sessão Ordinária da 18ª Legislatura,2023-09-25,Teresinha de Lourdes Freitas Regodanso,"Solicita instalação de sonorizador (dispositivo de controle de velocidade, conforme Resolução nº 39 do CONTRAN) na Avenida Paulista, no trecho entre a Santa Casa e o Velório Municipal, devido ao excesso de velocidade de veículos (reitera indicação nº 076/2021, de mesma autoria).",Trânsito e Mobilidade,,Pendente de Análise,"Data da sessão conforme mencionada no texto da transcrição (véspera da data do nome do arquivo, que corresponde ao dia da postagem/upload)."
IND-329,193,2023,114ª Sessão Ordinária da 18ª Legislatura,2023-10-02,Rui Domingos da Silva,"Solicita que se estude, com carinho, a possibilidade de designar o nome do saudoso Sr. Dalsir Bozeli a uma rua da cidade, como forma de homenagear sua trajetória de décadas como comerciante (proprietário de casas de carne entre 1965 e 1995) e sua participação nas atividades religiosas da Igreja Matriz Santo Antônio de Junqueirópolis.",A Classificar,,Pendente de Análise,"O texto da sessão menciona explicitamente a data de 2 de outubro de 2023 (114ª Sessão Ordinária), enquanto o arquivo de transcrição está nomeado como 2023-10-03 (provável upload no YouTube um dia após a sessão real). Usada a data do texto. Esta indicação foi efetivamente atendida pelo Projeto de Lei nº 58/2023, aprovado na sessão de 30/10/2023 (118ª), que renomeou a Rua 1 do Distrito Industrial 3 para Rua Dalsir Bozeli — atendimento feito por lei, não por ofício de resposta, por isso os campos oficio_resposta/status_atendimento foram mantidos nulos."
IND-330,194,2023,114ª Sessão Ordinária da 18ª Legislatura,2023-10-02,Anderson Marcos Viana,"Solicita a continuidade da construção da faixa elevada na interseção da Avenida 7 de Setembro com a Rua Quinzinho da Cunha, bem como a continuidade da construção da depressão (redutor) na Rua Professora Maria Eugênia Regasoli, no bairro Frei Galvão, visando segurança viária e prevenção de alagamentos.",Educação,,Pendente de Análise,"O texto da sessão menciona explicitamente a data de 2 de outubro de 2023 (114ª Sessão Ordinária), enquanto o arquivo de transcrição está nomeado como 2023-10-03. Usada a data do texto."
IND-331,195,2023,114ª Sessão Ordinária da 18ª Legislatura,2023-10-02,Anderson Marcos Viana,"Solicita a construção de um redutor de velocidade na interseção da Rua Colômbia com a Rua Cuba, no Residencial das Américas, e sugere a instalação de alambrado no campinho de futebol construído recentemente no local, para segurança de jogadores e espectadores.",Trânsito e Mobilidade,,Pendente de Análise,"O texto da sessão menciona explicitamente a data de 2 de outubro de 2023 (114ª Sessão Ordinária), enquanto o arquivo de transcrição está nomeado como 2023-10-03. Usada a data do texto."
IND-332,196,2023,114ª Sessão Ordinária da 18ª Legislatura,2023-10-02,"Elio Furini Neto, Anderson Marcos Viana","Solicita melhorias na praça da Rua Internacional, no bairro Jardim Paulista: instalação de uma torneira para permitir a irrigação das árvores recém-plantadas e plantio de árvores adicionais, já que as mudas atuais correm risco de secar por falta de água.",Meio Ambiente,,Pendente de Análise,"O texto da sessão menciona explicitamente a data de 2 de outubro de 2023 (114ª Sessão Ordinária), enquanto o arquivo de transcrição está nomeado como 2023-10-03. Usada a data do texto."
IND-333,197,2023,114ª Sessão Ordinária da 18ª Legislatura,2023-10-02,"Elio Furini Neto, Anderson Marcos Viana","Solicita a compactação, por meio de rolo compressor, dos campos de grama natural nos bairros Residencial das Américas e Jardim Paulista, para reduzir riscos de tropeços e lesões durante a prática de atividades esportivas e recreativas.",Meio Ambiente,,Pendente de Análise,"O texto da sessão menciona explicitamente a data de 2 de outubro de 2023 (114ª Sessão Ordinária), enquanto o arquivo de transcrição está nomeado como 2023-10-03. Usada a data do texto."
IND-334,198,2023,114ª Sessão Ordinária da 18ª Legislatura,2023-10-02,Valdir Aparecido de Oliveira,"Solicita um ajuste no horário de trabalho da equipe de coleta seletiva da Prefeitura, em razão da exposição prolongada ao sol e ao calor excessivo enfrentados pelos coletores, que representam riscos à saúde e à segurança no trabalho.",Saúde,,Pendente de Análise,"O texto da sessão menciona explicitamente a data de 2 de outubro de 2023 (114ª Sessão Ordinária), enquanto o arquivo de transcrição está nomeado como 2023-10-03. Usada a data do texto."
IND-335,199,2023,115ª Sessão Ordinária da 18ª Legislatura,2023-10-09,Reinaldo Codognato,"Solicita a instalação de lixeiras e bebedouros de água na área de lazer Horácio Montrone, no bairro Jardim das Américas, recentemente inaugurada e já bastante utilizada pela população.",Meio Ambiente,,Pendente de Análise,"O texto da sessão menciona explicitamente a data de 9 de outubro de 2023 (115ª Sessão Ordinária), enquanto o arquivo de transcrição está nomeado como 2023-10-10. Usada a data do texto."
IND-336,200,2023,115ª Sessão Ordinária da 18ª Legislatura,2023-10-09,Sofia Rodrigues dos Santos,"Solicita a instalação de uma cabine no trator recentemente adquirido pela Prefeitura, para proteger o operador contra condições climáticas adversas (chuva, sol intenso, ventos fortes) e reduzir o desgaste do equipamento.",Agricultura e Meio Rural,,Pendente de Análise,"O texto da sessão menciona explicitamente a data de 9 de outubro de 2023 (115ª Sessão Ordinária), enquanto o arquivo de transcrição está nomeado como 2023-10-10. Usada a data do texto."
IND-337,201,2023,115ª Sessão Ordinária da 18ª Legislatura,2023-10-09,Valdir Aparecido de Oliveira,"Solicita a criação de uma pasta dedicada à segurança e saúde dos servidores municipais (SESMT), com recursos próprios no orçamento para capacitações, exames médicos, organização da CIPAT e aquisição de EPIs.",Saúde,,Pendente de Análise,"O texto da sessão menciona explicitamente a data de 9 de outubro de 2023 (115ª Sessão Ordinária), enquanto o arquivo de transcrição está nomeado como 2023-10-10. Usada a data do texto."
IND-338,202,2023,115ª Sessão Ordinária da 18ª Legislatura,2023-10-09,"Valdir Aparecido de Oliveira, Rui Domingos da Silva","Solicita a construção de recuos na estrada JQL 458, que se encontra estreita e dificulta o cruzamento de veículos de grande/médio porte, colocando em risco o transporte de matéria-prima para a usina e os ônibus escolares que trafegam pela via.",Educação,,Pendente de Análise,"O texto da sessão menciona explicitamente a data de 9 de outubro de 2023 (115ª Sessão Ordinária), enquanto o arquivo de transcrição está nomeado como 2023-10-10. Usada a data do texto."
IND-339,203,2023,116ª Sessão Ordinária da 18ª Legislatura,2023-10-16,Valdir Aparecido de Oliveira,"Solicita alteração da Lei Municipal nº 3.493/2022, que trata do convênio de atividade delegada com o Estado de São Paulo, para reajustar os valores da gratificação paga aos policiais militares que exercem essa atividade no município, equiparando-os aos praticados em outros municípios da região.",A Classificar,,Pendente de Análise,"O arquivo de transcrição desta sessão (2023-10-17_sessao.txt) começa já em andamento, com a votação da ata da sessão anterior, sem abertura/chamada completa registrada — possível lacuna no início da gravação/transcrição. Além disso, o texto menciona explicitamente a data de 16 de outubro de 2023 (116ª Sessão Ordinária), enquanto o arquivo está nomeado como 2023-10-17. Usada a data do texto."
IND-340,204,2023,116ª Sessão Ordinária da 18ª Legislatura,2023-10-16,Valdir Aparecido de Oliveira,"Solicita a instalação de postes de iluminação pública na Rua Constantino Marcolino de Souza, em frente ao bairro Pioneiro, para melhorar a segurança e a qualidade de vida dos moradores.",Obras e Serviços Públicos,,Pendente de Análise,"O arquivo de transcrição desta sessão (2023-10-17_sessao.txt) começa já em andamento, sem abertura/chamada completa registrada — possível lacuna no início. O texto menciona explicitamente a data de 16 de outubro de 2023, enquanto o arquivo está nomeado como 2023-10-17. Usada a data do texto."
IND-341,205,2023,116ª Sessão Ordinária da 18ª Legislatura,2023-10-16,"Teresinha de Lourdes Freitas Regodanso, Rui Domingos da Silva","Solicita, reforçando a indicação nº 28/2021, a construção, aluguel ou aquisição de um prédio para instalação de uma creche municipal do idoso, destinada a famílias que não têm onde deixar o idoso durante o período de trabalho.",Educação,,Pendente de Análise,"O arquivo de transcrição desta sessão (2023-10-17_sessao.txt) começa já em andamento, sem abertura/chamada completa registrada — possível lacuna no início. O texto menciona explicitamente a data de 16 de outubro de 2023, enquanto o arquivo está nomeado como 2023-10-17. Usada a data do texto."
IND-342,206,2023,116ª Sessão Ordinária da 18ª Legislatura,2023-10-16,Elio Furini Neto,"Solicita a instituição do programa Praça Segura, com instalação de câmeras de videomonitoramento nas praças públicas do município e placas informando sobre o monitoramento, para preservar a segurança da população e do patrimônio municipal.",Meio Ambiente,,Pendente de Análise,"O arquivo de transcrição desta sessão (2023-10-17_sessao.txt) começa já em andamento, sem abertura/chamada completa registrada — possível lacuna no início. O texto menciona explicitamente a data de 16 de outubro de 2023, enquanto o arquivo está nomeado como 2023-10-17. Usada a data do texto."
IND-343,207,2023,117ª Sessão Ordinária da 18ª Legislatura,2023-10-23,"Valdir Aparecido de Oliveira, Reinaldo Codognato, Marisa Alves da Silva Costa, Anderson Marcos Viana, Elio Furini Neto, Paulo Sérgio Cordeiro, Rui Domingos da Silva, Sofia Rodrigues dos Santos, Teresinha de Lourdes Freitas Regodanso","Propõe a concessão de reajuste salarial anual de 12% para os servidores públicos municipais do Executivo e Legislativo (exceto agentes políticos), a contar de 1º de janeiro de 2024, e a concessão de ticket alimentação no valor de R$ 900, com base na reposição da inflação prevista (IPCA) e de perdas salariais acumuladas desde a pandemia.",Administração e Finanças,,Pendente de Análise,"Indicação assinada por todos os vereadores da Casa, de autoria do vereador Elio Furini Neto (tradição anual da legislatura, repetida em 2021, 2022 e 2023, próxima ao Dia do Servidor). Há divergência na transcrição quanto ao valor do ticket alimentação: o expediente e o texto integral da indicação mencionam R$ 900, mas na fala do próprio autor mais adiante na sessão ele se refere a 'esse valor de R$100 do ticket'; mantido R$ 900 por constar assim no texto formal lido em plenário. O texto também menciona explicitamente a data de 23 de outubro de 2023 (117ª Sessão Ordinária), enquanto o arquivo está nomeado como 2023-10-24. Usada a data do texto."
IND-344,208,2023,117ª Sessão Ordinária da 18ª Legislatura,2023-10-23,Valdir Aparecido de Oliveira,"Solicita a instalação de sistemas de ar-condicionado nos ônibus de transporte escolar, para maior conforto e bem-estar de estudantes e motoristas durante o trajeto.",Educação,,Pendente de Análise,"O texto da sessão menciona explicitamente a data de 23 de outubro de 2023 (117ª Sessão Ordinária), enquanto o arquivo está nomeado como 2023-10-24. Usada a data do texto."
IND-345,209,2023,117ª Sessão Ordinária da 18ª Legislatura,2023-10-23,Valdir Aparecido de Oliveira,"Solicita melhorias na estrada rural JQL 050, que liga Junqueirópolis ao Rio do Peixe e às cidades de Ribeirão dos Índios e Emilianópolis, com aplicação de cascalho em trechos, aproveitando o período de estiagem para preparar a via antes das chuvas.",Obras e Serviços Públicos,,Pendente de Análise,"O texto da sessão menciona explicitamente a data de 23 de outubro de 2023 (117ª Sessão Ordinária), enquanto o arquivo está nomeado como 2023-10-24. Usada a data do texto."
IND-346,210,2023,117ª Sessão Ordinária da 18ª Legislatura,2023-10-23,Anderson Marcos Viana,"Solicita, reforçando a indicação nº 054/2022, o aproveitamento da água que jorra da bica no bairro Vila Beatriz, para uso por caminhões-pipa, usinas e o Corpo de Bombeiros de Dracena, preservando a água tratada exclusivamente para consumo humano.",A Classificar,,Pendente de Análise,"O texto da sessão menciona explicitamente a data de 23 de outubro de 2023 (117ª Sessão Ordinária), enquanto o arquivo está nomeado como 2023-10-24. Usada a data do texto."
IND-347,211,2023,117ª Sessão Ordinária da 18ª Legislatura,2023-10-23,Anderson Marcos Viana,"Solicita, reforçando a indicação nº 124/2022, a reconstrução do muro que cercava o poço artesiano da Rua Independência, entre a Rua Curitiba e a Avenida Bandeirantes, para evitar uso indevido do local (consumo de drogas, vandalismo, atos libidinosos) e possível contaminação da água consumida pela população.",Obras e Serviços Públicos,,Pendente de Análise,"O texto da sessão menciona explicitamente a data de 23 de outubro de 2023 (117ª Sessão Ordinária), enquanto o arquivo está nomeado como 2023-10-24. Usada a data do texto."
IND-348,212,2023,117ª Sessão Ordinária da 18ª Legislatura,2023-10-23,Sofia Rodrigues dos Santos,"Solicita a disponibilização de acesso à internet na Casa do Artesanato do município, para permitir a divulgação e comercialização online dos trabalhos das artesãs locais.",A Classificar,,Pendente de Análise,"O texto da sessão menciona explicitamente a data de 23 de outubro de 2023 (117ª Sessão Ordinária), enquanto o arquivo está nomeado como 2023-10-24. Usada a data do texto."
IND-349,213,2023,117ª Sessão Ordinária da 18ª Legislatura,2023-10-23,Teresinha de Lourdes Freitas Regodanso,"Solicita a implementação de climatizadores nos pátios dos refeitórios dos Centros Educacionais Infantis (CEIs) do município, para conforto térmico das crianças durante o calor intenso e para viabilizar atividades ao ar livre com mais regularidade.",A Classificar,,Pendente de Análise,"O texto da sessão menciona explicitamente a data de 23 de outubro de 2023 (117ª Sessão Ordinária), enquanto o arquivo está nomeado como 2023-10-24. Usada a data do texto."
IND-350,214,2023,118ª Sessão Ordinária da 18ª Legislatura,2023-10-30,Valdir Aparecido de Oliveira,"Solicita a construção de uma canaleta no cruzamento da Rua Professora Maria Eugênia Regasoli com a Alameda Campos Elísios, no bairro Campo Belo, para direcionar o escoamento de águas pluviais e reduzir riscos de deslizamentos e acidentes de trânsito.",Educação,,Pendente de Análise,"O texto da sessão menciona explicitamente a data de 30 de outubro de 2023 (118ª Sessão Ordinária), enquanto o arquivo está nomeado como 2023-10-31. Usada a data do texto."
IND-351,215,2023,118ª Sessão Ordinária da 18ª Legislatura,2023-10-30,Reinaldo Codognato,"Solicita a promoção de campeonatos anuais de skate e judô, com a renda gerada revertida para a melhoria da pista de skate e para a Academia de Judô Municipal.",Esporte e Lazer,,Pendente de Análise,"O texto da sessão menciona explicitamente a data de 30 de outubro de 2023 (118ª Sessão Ordinária), enquanto o arquivo está nomeado como 2023-10-31. Usada a data do texto."
IND-352,216,2023,119ª Sessão Ordinária da 18ª Legislatura,2023-11-06,"Anderson Marcos Viana, Elio Furini Neto, Marisa Alves da Silva Costa, Paulo Sérgio Cordeiro, Teresinha de Lourdes Freitas Regodanso, Valdir Aparecido de Oliveira","Solicita análise aprofundada do sistema de abastecimento de água do município, após dados de 2022 do Painel do Programa Nacional de Vigilância da Qualidade da Água (Ministério da Saúde) apontarem a presença de 27 agrotóxicos na rede de abastecimento.",Saúde,,Pendente de Análise,"O arquivo de origem é '2023-11-07_sessao.txt', mas o texto da sessão (lido e repetido em todas as indicações) menciona explicitamente a data de 6 de novembro de 2023 como data da sessão (confirmado também pelo encerramento da sessão anterior, que anunciava a próxima para o dia 6/11). Usei a data do texto."
IND-353,217,2023,119ª Sessão Ordinária da 18ª Legislatura,2023-11-06,Anderson Marcos Viana,"Solicita implementação de dispositivos redutores de velocidade em pontos estratégicos da vicinal que liga Junqueirópolis a Dracena, nas proximidades do condomínio Recanto dos Eucaliptus, visando maior segurança viária.",Trânsito e Mobilidade,,Pendente de Análise,Mesma observação sobre a data da sessão (texto indica 6/11/2023; arquivo nomeado 2023-11-07).
IND-354,218,2023,119ª Sessão Ordinária da 18ª Legislatura,2023-11-06,"Anderson Marcos Viana, Valdir Aparecido de Oliveira","Solicita retomada da divulgação de boletins informativos sobre a evolução dos casos de Covid-19 no município, diante de relatos de aumento na situação.",A Classificar,,Pendente de Análise,Mesma observação sobre a data da sessão (texto indica 6/11/2023; arquivo nomeado 2023-11-07).
IND-355,219,2023,120ª Sessão Ordinária da 18ª Legislatura,2023-11-13,Reinaldo Codognato,"Solicita manutenção nas bocas de lobo dos bairros residenciais, com atenção especial ao bairro Figueira, diante da chegada do período chuvoso, para prevenir alagamentos.",A Classificar,,Pendente de Análise,"Arquivo nomeado 2023-11-14, mas o texto (lido em todas as indicações e confirmado pela ata da sessão anterior) indica 13 de novembro de 2023 como data da sessão. Usei a data do texto."
IND-356,220,2023,120ª Sessão Ordinária da 18ª Legislatura,2023-11-13,Reinaldo Codognato,"Solicita plantio de árvores frutíferas no bairro Vila Beatriz, no entorno do complexo esportivo Joaquina Porto Clemente.",Meio Ambiente,,Pendente de Análise,Mesma observação sobre a data da sessão (texto indica 13/11/2023; arquivo nomeado 2023-11-14).
IND-357,221,2023,120ª Sessão Ordinária da 18ª Legislatura,2023-11-13,Reinaldo Codognato,"Solicita recapeamento de trechos da Rua Rui Barbosa, entre a Rua Porto Alegre e a Avenida Latina, via de intenso tráfego no comércio central da cidade.",Obras e Serviços Públicos,,Pendente de Análise,Mesma observação sobre a data da sessão (texto indica 13/11/2023; arquivo nomeado 2023-11-14).
IND-358,222,2023,120ª Sessão Ordinária da 18ª Legislatura,2023-11-13,Anderson Marcos Viana,"Solicita levantamento da quantidade de moradias do conjunto habitacional Residencial das Américas (CDHU) que permanecem fechadas, visando identificar problemas de ocupação e utilização.",A Classificar,,Pendente de Análise,Mesma observação sobre a data da sessão (texto indica 13/11/2023; arquivo nomeado 2023-11-14).
IND-359,223,2023,120ª Sessão Ordinária da 18ª Legislatura,2023-11-13,Anderson Marcos Viana,"Solicita a remoção da árvore morta e seca no cruzamento das Ruas Recife e Ipiranga (próxima a campo de futebol frequentado por crianças) e de outra árvore no mesmo estado no cruzamento das ruas Rua Gonçalo Walderramos Dearo e Tiradentes, por risco de queda.",Meio Ambiente,,Pendente de Análise,"Mesma observação sobre a data da sessão (texto indica 13/11/2023; arquivo nomeado 2023-11-14). Além disso, o nome de rua 'Gonçalo Walderramos Dearo' soa como possível erro de transcrição, não foi possível confirmar a grafia correta pelo contexto."
IND-360,224,2023,120ª Sessão Ordinária da 18ª Legislatura,2023-11-13,"Valdir Aparecido de Oliveira, Reinaldo Codognato, Marisa Alves da Silva Costa, Anderson Marcos Viana, Elio Furini Neto, Paulo Sérgio Cordeiro, Rui Domingos da Silva, Sofia Rodrigues dos Santos, Teresinha de Lourdes Freitas Regodanso","Reforçando as indicações 108/2021 e 148/2022, solicita limpeza das lagoas de tratamento de esgoto do Matadouro e principalmente do Carreiro, devido a questões de saúde pública e mau cheiro que afetam os bairros adjacentes.",Saúde,,Pendente de Análise,Mesma observação sobre a data da sessão (texto indica 13/11/2023; arquivo nomeado 2023-11-14). Assinada por todos os nove vereadores da legislatura.
IND-361,225,2023,120ª Sessão Ordinária da 18ª Legislatura,2023-11-13,Valdir Aparecido de Oliveira,"Solicita poda de árvores na Rua Laércio Sacomani, no bairro Distrito Industrial 2, para prevenir acidentes com queda de galhos e melhorar a iluminação pública.",Obras e Serviços Públicos,,Pendente de Análise,Mesma observação sobre a data da sessão (texto indica 13/11/2023; arquivo nomeado 2023-11-14). Nome da rua transcrito de forma inconsistente no texto ('Laércio Sacomani' e 'Laércio Sacomani'); usei a grafia que pareceu mais provável.
IND-362,226,2023,121ª Sessão Ordinária da 18ª Legislatura,2023-11-21,"Anderson Marcos Viana, Elio Furini Neto, Paulo Sérgio Cordeiro, Marisa Alves da Silva Costa, Teresinha de Lourdes Freitas Regodanso","Solicita flexibilização do horário de trabalho de trabalhadores expostos a longos períodos de sol (agentes comunitários de saúde, braçais, encanadores, serviços gerais), diante do calor intenso (até 40°C) e do risco à saúde, incluindo câncer de pele.",Saúde,,Pendente de Análise,"Arquivo nomeado 2023-11-22, mas o texto indica 21 de novembro de 2023 como data da sessão. Usei a data do texto."
IND-363,227,2023,121ª Sessão Ordinária da 18ª Legislatura,2023-11-21,Anderson Marcos Viana,"Solicita redução da distância mínima para acesso ao transporte escolar de 1.500 metros para 1.200 metros, considerando a exposição de crianças à chuva e ao calor extremo no trajeto a pé.",Educação,,Pendente de Análise,Mesma observação sobre a data da sessão (texto indica 21/11/2023; arquivo nomeado 2023-11-22).
IND-364,228,2023,121ª Sessão Ordinária da 18ª Legislatura,2023-11-21,Anderson Marcos Viana,"Solicita continuidade do projeto de ampliação do Centro Educacional Infantil (CEI) do Cristo Redentor, diante do aumento da demanda por vagas na região.",A Classificar,,Pendente de Análise,Mesma observação sobre a data da sessão (texto indica 21/11/2023; arquivo nomeado 2023-11-22).
IND-365,229,2023,121ª Sessão Ordinária da 18ª Legislatura,2023-11-21,Anderson Marcos Viana,"Solicita implementação de faixas de pedestres nos cruzamentos da Rua Bandeirantes com a Rua Sebastiana de Oliveira e da Rua Curitiba com a Rua Sebastiana de Oliveira, devido ao intenso fluxo de veículos.",A Classificar,,Pendente de Análise,Mesma observação sobre a data da sessão (texto indica 21/11/2023; arquivo nomeado 2023-11-22).
IND-366,230,2023,121ª Sessão Ordinária da 18ª Legislatura,2023-11-21,Valdir Aparecido de Oliveira,"Solicita poda de árvores nos canteiros centrais da Avenida 7 de Setembro (galhos obstruindo a visibilidade dos motoristas) e substituição das lâmpadas dos postes por tecnologia LED, visando segurança viária e embelezamento no período natalino.",Saúde,,Pendente de Análise,Mesma observação sobre a data da sessão (texto indica 21/11/2023; arquivo nomeado 2023-11-22).
IND-367,231,2023,122ª Sessão Ordinária da 18ª Legislatura,2023-11-27,Valdir Aparecido de Oliveira,"Solicita poda dos eucaliptos remanescentes na área verde do bairro Pioneiros (ruas Hermínio Grespan e Antônio Cabreira Reis), que apresentam risco às residências vizinhas em temporais e ventanias.",Meio Ambiente,,Pendente de Análise,"Arquivo nomeado 2023-11-28, mas o texto indica 27 de novembro de 2023 como data da sessão. Usei a data do texto."
IND-368,232,2023,122ª Sessão Ordinária da 18ª Legislatura,2023-11-27,Valdir Aparecido de Oliveira,"Solicita instalação de uma farmácia no pronto-socorro municipal, para disponibilizar prontamente medicamentos aos pacientes atendidos no local.",Saúde,,Pendente de Análise,Mesma observação sobre a data da sessão (texto indica 27/11/2023; arquivo nomeado 2023-11-28).
IND-369,233,2023,122ª Sessão Ordinária da 18ª Legislatura,2023-11-27,Valdir Aparecido de Oliveira,"Solicita replanejamento dos locais de espera para pacientes que viajam a outras cidades para tratamento médico, aproveitando os pontos de ônibus já existentes no município para reduzir os deslocamentos.",Saúde,,Pendente de Análise,Mesma observação sobre a data da sessão (texto indica 27/11/2023; arquivo nomeado 2023-11-28).
IND-370,234,2023,122ª Sessão Ordinária da 18ª Legislatura,2023-11-27,Rui Domingos da Silva,"Solicita inclusão de mais um médico no pronto-socorro municipal nos horários de maior demanda, para reduzir o tempo de espera dos pacientes.",Saúde,,Pendente de Análise,Mesma observação sobre a data da sessão (texto indica 27/11/2023; arquivo nomeado 2023-11-28).
IND-371,235,2023,123ª Sessão Ordinária da 18ª Legislatura,2023-12-04,Anderson Marcos Viana,"Solicita concessão de bonificação extra (por exemplo, em forma de ticket) aos servidores municipais no mês de dezembro, como reconhecimento pelo trabalho realizado ao longo do ano.",Administração e Finanças,,Pendente de Análise,"Arquivo nomeado 2023-12-05, mas o texto indica 4 de dezembro de 2023 como data da sessão. Usei a data do texto."
IND-372,236,2023,123ª Sessão Ordinária da 18ª Legislatura,2023-12-04,Anderson Marcos Viana,"Solicita aquisição de um micro-ônibus com recursos próprios para o setor da saúde, devido ao desgaste e à ineficiência da atual frota de veículos.",Saúde,,Pendente de Análise,Mesma observação sobre a data da sessão (texto indica 4/12/2023; arquivo nomeado 2023-12-05).
IND-373,237,2023,123ª Sessão Ordinária da 18ª Legislatura,2023-12-04,Anderson Marcos Viana,"Solicita restauração da estrada municipal do bairro Juriti, com pontos afunilados e bambus obstruindo a visibilidade, representando risco à segurança viária.",A Classificar,,Pendente de Análise,Mesma observação sobre a data da sessão (texto indica 4/12/2023; arquivo nomeado 2023-12-05).
IND-374,238,2023,123ª Sessão Ordinária da 18ª Legislatura,2023-12-04,Anderson Marcos Viana,"Solicita promoção de festividades de fim de ano na Praça do Centenário, resgatando a tradição realizada em anos anteriores, diante da demanda da população por eventos de integração social.",Meio Ambiente,,Pendente de Análise,Mesma observação sobre a data da sessão (texto indica 4/12/2023; arquivo nomeado 2023-12-05).
IND-375,239,2023,123ª Sessão Ordinária da 18ª Legislatura,2023-12-04,"Elio Furini Neto, Anderson Marcos Viana, Teresinha de Lourdes Freitas Regodanso, Paulo Sérgio Cordeiro, Valdir Aparecido de Oliveira","Reforçando a indicação 28/2022, solicita instituição de auxílio municipal oncológico para fornecimento de alimentos naturais e saudáveis a pacientes em tratamento de quimioterapia, radioterapia ou outros tratamentos oncológicos, para manutenção da imunidade.",A Classificar,,Pendente de Análise,Mesma observação sobre a data da sessão (texto indica 4/12/2023; arquivo nomeado 2023-12-05).
IND-376,240,2023,123ª Sessão Ordinária da 18ª Legislatura,2023-12-04,"Elio Furini Neto, Anderson Marcos Viana","Reforçando a indicação 113/2022, solicita manutenção do ginásio de esportes Cícero Gomes (piso, iluminação, troca das redes laterais e retirada de grades nas proximidades da quadra), visando o campeonato de férias de 2024.",Esporte e Lazer,,Pendente de Análise,Mesma observação sobre a data da sessão (texto indica 4/12/2023; arquivo nomeado 2023-12-05).
IND-377,241,2023,123ª Sessão Ordinária da 18ª Legislatura,2023-12-04,"Elio Furini Neto, Anderson Marcos Viana, Valdir Aparecido de Oliveira","Reforçando a indicação 98/2022, solicita instalação de academia ao ar livre no bairro Duas Barras, com o nome da pioneira Sandra Gonçalves Amaral, além de bebedouro de água potável, reforma dos banheiros públicos e pavimentação de cerca de 200 metros de acesso.",Obras e Serviços Públicos,,Pendente de Análise,Mesma observação sobre a data da sessão (texto indica 4/12/2023; arquivo nomeado 2023-12-05).
IND-378,242,2023,123ª Sessão Ordinária da 18ª Legislatura,2023-12-04,Anderson Marcos Viana,Solicita parceria com a Associação Comercial para contratação de um vigilante/guarda noturno destinado a zelar pela segurança do comércio local.,A Classificar,,Pendente de Análise,Mesma observação sobre a data da sessão (texto indica 4/12/2023; arquivo nomeado 2023-12-05).
IND-379,243,2023,123ª Sessão Ordinária da 18ª Legislatura,2023-12-04,Reinaldo Codognato,"Solicita manutenção nos 'bigodes' (drenagem lateral) das estradas rurais, priorizando mão de obra manual nos trechos críticos durante o período chuvoso, como forma de economizar horas-máquina.",Obras e Serviços Públicos,,Pendente de Análise,Mesma observação sobre a data da sessão (texto indica 4/12/2023; arquivo nomeado 2023-12-05).
IND-380,244,2023,124ª Sessão Ordinária da 18ª Legislatura,2023-12-12,Anderson Marcos Viana,"Solicita providências junto à empresa Neoenergia Elektro em razão da instabilidade elétrica em diversos pontos da cidade, que vem causando danos a aparelhos domésticos.",A Classificar,,Pendente de Análise,"Conforme instrução do lote, usei data_sessao 2023-12-12 (arquivo 2023-12-12_2_sessao.txt), embora o texto da sessão mencione '11 de dezembro de 2023' como data da sessão."
IND-381,245,2023,124ª Sessão Ordinária da 18ª Legislatura,2023-12-12,Elio Furini Neto,"Reforçando a indicação 49/2021, solicita implantação de um aplicativo voltado à área da saúde do município, para agendamento de consultas, alertas de vacinação e acesso remoto a serviços de saúde.",Saúde,,Pendente de Análise,"Conforme instrução do lote, usei data_sessao 2023-12-12 (arquivo 2023-12-12_2_sessao.txt), embora o texto da sessão mencione '11 de dezembro de 2023' como data da sessão."
IND-382,246,2023,124ª Sessão Ordinária da 18ª Legislatura,2023-12-12,"Elio Furini Neto, Anderson Marcos Viana, Paulo Sérgio Cordeiro, Teresinha de Lourdes Freitas Regodanso, Marisa Alves da Silva Costa","Reforçando a indicação 160/2022, solicita instituição de atendimento veterinário público a cada 15 dias, priorizando a população de baixa renda beneficiária de programas sociais e os casos de urgência/emergência.",A Classificar,,Pendente de Análise,"Conforme instrução do lote, usei data_sessao 2023-12-12 (arquivo 2023-12-12_2_sessao.txt), embora o texto da sessão mencione '11 de dezembro de 2023' como data da sessão."
IND-383,247,2023,124ª Sessão Ordinária da 18ª Legislatura,2023-12-12,Reinaldo Codognato,"Solicita construção de uma canaleta na interseção da Rua das Palmeiras com a Alameda Paraíso, para escoamento eficiente das águas pluviais e preservação do pavimento.",Obras e Serviços Públicos,,Pendente de Análise,"Conforme instrução do lote, usei data_sessao 2023-12-12 (arquivo 2023-12-12_2_sessao.txt), embora o texto da sessão mencione '11 de dezembro de 2023' como data da sessão."
IND-384,248,2023,124ª Sessão Ordinária da 18ª Legislatura,2023-12-12,Anderson Marcos Viana,"Solicita projeto de lei que conceda incentivo financeiro adicional (equivalente a um 14º salário) aos agentes comunitários de saúde (ACS) e agentes de combate a endemias (ACE) do município, como reconhecimento pelo trabalho realizado.",Saúde,,Pendente de Análise,"Conforme instrução do lote, usei data_sessao 2023-12-12 (arquivo 2023-12-12_2_sessao.txt), embora o texto da sessão mencione '11 de dezembro de 2023' como data da sessão."
IND-385,249,2023,124ª Sessão Ordinária da 18ª Legislatura,2023-12-12,Reinaldo Codognato,"Solicita análise para flexibilizar o horário de ensino da rede municipal, especialmente para alunos da zona rural, devido à longa jornada de transporte e ao impacto do calor e da distância no desempenho escolar.",Educação,,Pendente de Análise,"Conforme instrução do lote, usei data_sessao 2023-12-12 (arquivo 2023-12-12_2_sessao.txt), embora o texto da sessão mencione '11 de dezembro de 2023' como data da sessão."
IND-386,250,2023,124ª Sessão Ordinária da 18ª Legislatura,2023-12-12,Reinaldo Codognato,"Solicita busca de recursos estaduais e/ou federais para a criação de um novo Centro Educacional Infantil (CEI), propondo funcionamento em horário comercial (das 8h às 18h) para atender pais e mães trabalhadores.",A Classificar,,Pendente de Análise,"Conforme instrução do lote, usei data_sessao 2023-12-12 (arquivo 2023-12-12_2_sessao.txt), embora o texto da sessão mencione '11 de dezembro de 2023' como data da sessão."
IND-387,251,2023,125ª Sessão Ordinária da 18ª Legislatura,2023-12-18,"Anderson Marcos Viana, Elio Furini Neto, Marisa Alves da Silva Costa, Paulo Sérgio Cordeiro, Teresinha de Lourdes Freitas Regodanso","Solicita a instalação de medidas de segurança (parapeito, guarda-corpo, tela ou outra forma de proteção, além de corrimão) na arquibancada do complexo esportivo Joaquina Porto Ferreira, devido ao risco de quedas evidenciado por um acidente recente envolvendo uma criança.",A Classificar,,Pendente de Análise,"Arquivo de nome 2023-12-19, mas o texto da sessão indica repetidamente que ela foi realizada em 18 de dezembro de 2023 (data usada em data_sessao). No resumo do expediente lido no início da sessão, esta indicação foi anunciada por engano como número 241; a leitura do texto integral, mais adiante, confirma o número correto como 251."
IND-388,252,2023,125ª Sessão Ordinária da 18ª Legislatura,2023-12-18,Valdir Aparecido de Oliveira,"Solicita a poda ou remoção das árvores localizadas nas esquinas do município, a fim de eliminar obstruções à visibilidade dos motoristas, especialmente de veículos de grande e médio porte, e reduzir o risco de acidentes de trânsito.",Trânsito e Mobilidade,,Pendente de Análise,"Data da sessão conforme mencionado no texto da transcrição (18/12/2023), divergente da data do nome do arquivo (2023-12-19)."
IND-389,253,2023,125ª Sessão Ordinária da 18ª Legislatura,2023-12-18,"Teresinha de Lourdes Freitas Regodanso, Elio Furini Neto, Anderson Marcos Viana, Paulo Sérgio Cordeiro, Marisa Alves da Silva Costa","Solicita a adequação dos sistemas de sinalização sonora de entrada, saída e intervalo das aulas nas escolas, propondo a substituição gradual dos sinais sonoros/alarmes por sinais musicais, em benefício de alunos com transtorno do espectro autista (TEA).",Saúde,,Pendente de Análise,"Data da sessão conforme mencionado no texto da transcrição (18/12/2023), divergente da data do nome do arquivo (2023-12-19)."
IND-390,001,2024,126ª Sessão Ordinária da 18ª Legislatura,2024-02-05,Sofia Rodrigues dos Santos,"Solicita que se estude homenagear os saudosos José Mateus Granado, Milton Tramonte Crenich(e) e Oscar Codognato, atribuindo seus nomes a uma rua ou ponto de referência significativo do município.",A Classificar,,Pendente de Análise,"O sobrenome 'Crenich(e)/Criniche' aparece transcrito de forma pouco consistente ao longo do texto (ora 'Crenich', ora 'Criniche'); mantida a grafia mais recorrente."
IND-391,002,2024,126ª Sessão Ordinária da 18ª Legislatura,2024-02-05,"Reinaldo Codognato, Valdir Aparecido de Oliveira","Solicita a introdução de quadras de basquete 3x3 no município e a reforma da quadra já existente no bairro Jardim Esperança (pintura do solo, altura de tabelas e aros).",Obras e Serviços Públicos,,Pendente de Análise,
IND-392,003,2024,126ª Sessão Ordinária da 18ª Legislatura,2024-02-05,"Reinaldo Codognato, Rui Domingos da Silva, Sofia Rodrigues dos Santos","Solicita a elaboração de um plano de recuperação e desenvolvimento para os bairros rurais, com destaque para Duas Barras e Vila São João, incluindo valorização da agricultura familiar, manutenção das estradas rurais e cursos de empreendedorismo rural.",Agricultura e Meio Rural,,Pendente de Análise,
IND-393,004,2024,126ª Sessão Ordinária da 18ª Legislatura,2024-02-05,Anderson Marcos Viana,"Solicita a disponibilização de kits de material escolar, além de bolsas e uniformes completos (camisetas, blusas, bermudas e calças), para os alunos da rede municipal de ensino.",Educação,,Pendente de Análise,
IND-394,005,2024,126ª Sessão Ordinária da 18ª Legislatura,2024-02-05,"Teresinha de Lourdes Freitas Regodanso, Anderson Marcos Viana, Elio Furini Neto, Marisa Alves da Silva Costa, Paulo Sérgio Cordeiro","Solicita melhorias e expansão do Centro Comunitário do bairro Cristo Redentor, hoje pequeno para atender às demandas crescentes de atividades sociais, culturais e religiosas da comunidade.",A Classificar,,Pendente de Análise,
IND-395,006,2024,126ª Sessão Ordinária da 18ª Legislatura,2024-02-05,Valdir Aparecido de Oliveira,"Solicita a realocação da Academia ao Ar Livre, atualmente localizada no estádio Raphael Capelli, para dentro do próprio estádio, preferencialmente próxima ao campo, para maior comodidade dos familiares de praticantes de esporte.",Esporte e Lazer,,Pendente de Análise,
IND-396,007,2024,126ª Sessão Ordinária da 18ª Legislatura,2024-02-05,Valdir Aparecido de Oliveira,"Solicita a criação de uma pasta dedicada à segurança e saúde dos servidores (SESMT), com recursos orçamentários próprios para capacitações, exames médicos, organização da CIPAT e aquisição de equipamentos de proteção individual (EPIs).",Saúde,,Pendente de Análise,"O texto lido menciona 'reforçando a indicação número 201-203', referência que não foi possível confirmar/localizar; mantida como consta na transcrição."
IND-397,008,2024,126ª Sessão Ordinária da 18ª Legislatura,2024-02-05,Valdir Aparecido de Oliveira,"Solicita a substituição da bandeira brasileira atualmente posicionada no trevo principal do município, desgastada, mantendo o mesmo símbolo nacional, em conformidade com a Lei Federal nº 5.700/1971.",Saúde,,Pendente de Análise,
IND-398,009,2024,126ª Sessão Ordinária da 18ª Legislatura,2024-02-05,"Elio Furini Neto, Anderson Marcos Viana, Paulo Sérgio Cordeiro, Marisa Alves da Silva Costa, Teresinha de Lourdes Freitas Regodanso","Solicita que todas as máquinas da Prefeitura sejam equipadas com gabinete/cabine, semelhante à adaptação usada em caminhões, para maior conforto e proteção dos operadores contra calor e chuva.",A Classificar,,Pendente de Análise,
IND-399,010,2024,126ª Sessão Ordinária da 18ª Legislatura,2024-02-05,Anderson Marcos Viana,"Solicita a disponibilização de transporte escolar para alunos que residem a menos de 1.500 metros da escola ou, alternativamente, para os que aguardam em ponto de ônibus designado e devidamente uniformizados.",Educação,,Pendente de Análise,
IND-400,011,2024,126ª Sessão Ordinária da 18ª Legislatura,2024-02-05,Anderson Marcos Viana,"Solicita que se otimize o encaminhamento dos projetos de lei relacionados ao repasse do piso salarial de enfermeiros, técnicos de enfermagem, auxiliares de enfermagem e parteiras, para reduzir o atraso no repasse aos profissionais.",Saúde,,Pendente de Análise,
IND-401,012,2024,127ª Sessão Ordinária da 18ª Legislatura,2024-02-14,Reinaldo Codognato,"Solicita o aprimoramento do campo de futebol já existente no bairro Carmezinho 1: compactação do terreno, instalação de traves com rede, postes, alambrado e torneiras.",Obras e Serviços Públicos,,Pendente de Análise,
IND-402,013,2024,127ª Sessão Ordinária da 18ª Legislatura,2024-02-14,"Reinaldo Codognato, Rui Domingos da Silva, Sofia Rodrigues dos Santos, Valdir Aparecido de Oliveira","Solicita a elaboração de um plano abrangente de recapeamento municipal, com atenção especial a ruas do Alto do Cene (Rua Marconi, Avenida Camposales), Jardim Esperança (Rua José Bonifácio), Jardim dos Pássaros (Rua Manaus) e trecho da Rua São Luís.",Obras e Serviços Públicos,,Pendente de Análise,
IND-403,014,2024,127ª Sessão Ordinária da 18ª Legislatura,2024-02-14,Reinaldo Codognato,"Solicita a reforma e ampliação da pista de skate, além da criação de um programa de incentivo à prática desse esporte.",Obras e Serviços Públicos,,Pendente de Análise,"Reforça pedidos do próprio vereador feitos desde 2021, segundo o texto lido."
IND-404,015,2024,127ª Sessão Ordinária da 18ª Legislatura,2024-02-14,Anderson Marcos Viana,"Solicita a revitalização da praça do bairro Jardim Alvorada: plantio de árvores para sombra, manutenção da quadra esportiva, cercamento da quadra e reforma da área de lazer.",Obras e Serviços Públicos,,Pendente de Análise,
IND-405,016,2024,127ª Sessão Ordinária da 18ª Legislatura,2024-02-14,Anderson Marcos Viana,"Solicita o início das obras de fechamento da grande erosão conhecida como 'buracão' no Jardim Paulista, viabilizado pelos recursos já aprovados de operação de crédito de até R$ 2.500.000,00 junto à Desenvolve São Paulo.",Obras e Serviços Públicos,,Pendente de Análise,
IND-406,017,2024,127ª Sessão Ordinária da 18ª Legislatura,2024-02-14,Anderson Marcos Viana,"Solicita a implementação de medidas de controle de velocidade (radares) em diversos pontos do município, incluindo Rua São Salvador, Avenida Junqueira, Rua Curitiba, Rua Washington Luiz, cruzamento da Rua Zeca da Cunha com a Rua São Salvador, Avenida Bandeirantes, Avenida Camposales e Avenida Latina.",Trânsito e Mobilidade,,Pendente de Análise,
IND-407,018,2024,127ª Sessão Ordinária da 18ª Legislatura,2024-02-14,Elio Furini Neto,"Solicita a implantação de iluminação adequada na quadra do bairro Jardim dos Pássaros, que foi reformada em 2021 mas atualmente possui diversas lâmpadas queimadas, dificultando seu uso no período noturno.",Obras e Serviços Públicos,,Pendente de Análise,
IND-408,019,2024,127ª Sessão Ordinária da 18ª Legislatura,2024-02-14,"Elio Furini Neto, Teresinha de Lourdes Freitas Regodanso","Solicita a implantação de uma rotatória na Avenida João Furini, no bairro Residencial Figueira, devido ao intenso fluxo de veículos na entrada do bairro.",Trânsito e Mobilidade,,Pendente de Análise,
IND-409,020,2024,127ª Sessão Ordinária da 18ª Legislatura,2024-02-14,Valdir Aparecido de Oliveira,"Solicita a poda dos eucaliptos na área verde do bairro Jardim Pioneiros, devido ao risco de queda de galhos ou árvores inteiras sobre pedestres, veículos e propriedades adjacentes.",Meio Ambiente,,Pendente de Análise,
IND-410,021,2024,127ª Sessão Ordinária da 18ª Legislatura,2024-02-14,Rui Domingos da Silva,"Solicita uma revisão geral em todos os parques, praças e playgrounds do município, reforçando a indicação nº 167/2023 do mesmo vereador.",Meio Ambiente,,Pendente de Análise,
IND-411,022,2024,127ª Sessão Ordinária da 18ª Legislatura,2024-02-14,"Paulo Sérgio Cordeiro, Anderson Marcos Viana, Elio Furini Neto","Solicita a limpeza da calçada tomada pelo matagal na Alameda Vista do Sol (Residencial Vale do Sol), a construção de uma passagem para pedestres e a limpeza da área verde do bairro, com instalação de bancos e playground.",Obras e Serviços Públicos,,Pendente de Análise,
IND-412,023,2024,128ª Sessão Ordinária da 18ª Legislatura,2024-02-19,Reinaldo Codognato,"Solicita a criação de um Conselho Municipal de Esportes, com representantes de todas as modalidades esportivas, para acompanhar a correta construção e manutenção das instalações esportivas do município.",Obras e Serviços Públicos,,Pendente de Análise,
IND-413,024,2024,128ª Sessão Ordinária da 18ª Legislatura,2024-02-19,Reinaldo Codognato,"Solicita a instalação de redutores de velocidade na via de acesso que conecta o bairro Pioneiros aos bairros Delta Ville 1, 2 e Seringal, e também na Avenida/vicinal João Furini, no trecho entre os bairros Ferro Galvão e Figueira.",Trânsito e Mobilidade,,Pendente de Análise,
IND-414,025,2024,128ª Sessão Ordinária da 18ª Legislatura,2024-02-19,Reinaldo Codognato,"Solicita a construção de uma área de lazer (playground e academia ao ar livre) no bairro Figueira, aproveitando a área verde já existente e cuidada pelos moradores.",Obras e Serviços Públicos,,Pendente de Análise,
IND-415,026,2024,128ª Sessão Ordinária da 18ª Legislatura,2024-02-19,"Anderson Marcos Viana, Elio Furini Neto, Marisa Alves da Silva Costa, Paulo Sérgio Cordeiro, Teresinha de Lourdes Freitas Regodanso","Solicita a implementação de um serviço de ônibus circular para atender os bairros da cidade, com foco em facilitar o deslocamento dos idosos até o centro (farmácia, banco, comércio), com pelo menos três horários diários.",Saúde,,Pendente de Análise,
IND-416,027,2024,128ª Sessão Ordinária da 18ª Legislatura,2024-02-19,"Anderson Marcos Viana, Elio Furini Neto, Paulo Sérgio Cordeiro, Marisa Alves da Silva Costa, Teresinha de Lourdes Freitas Regodanso","Solicita a construção de um poço artesiano com reservatório estilo taça na Vila São João (nos moldes do já construído no bairro Duas Barras), além de aplicação de pedra brita nas vias e instalação de iluminação em LED, reforçando a indicação nº 106/2023.",Obras e Serviços Públicos,,Pendente de Análise,
IND-417,028,2024,128ª Sessão Ordinária da 18ª Legislatura,2024-02-19,"Anderson Marcos Viana, Elio Furini Neto","Solicita a revitalização dos bancos e a limpeza das lixeiras na Rua Piauí, bairro Colina Verde, ponto turístico local com vista do letreiro da cidade, reforçando a indicação nº 005/2023.",A Classificar,,Pendente de Análise,
IND-418,029,2024,128ª Sessão Ordinária da 18ª Legislatura,2024-02-19,Paulo Sérgio Cordeiro,"Solicita a poda de árvores na área verde do bairro Cristo Redentor e a manutenção do local, por questões de segurança e uso comunitário.",Meio Ambiente,,Pendente de Análise,
IND-419,030,2024,128ª Sessão Ordinária da 18ª Legislatura,2024-02-19,Valdir Aparecido de Oliveira,"Solicita a instalação de um playground no Estádio Municipal Raphael Capelli, além da construção de um depósito para materiais/equipamentos esportivos e a reforma dos vestiários, em complemento à indicação nº 006/2024.",Obras e Serviços Públicos,,Pendente de Análise,
IND-420,031,2024,128ª Sessão Ordinária da 18ª Legislatura,2024-02-19,"Elio Furini Neto, Anderson Marcos Viana, Paulo Sérgio Cordeiro","Solicita medidas de controle de velocidade dos veículos no bairro Figueira, especificamente na Avenida da Acerola, devido ao fluxo constante de carros e ciclistas.",Trânsito e Mobilidade,,Pendente de Análise,
IND-421,032,2024,128ª Sessão Ordinária da 18ª Legislatura,2024-02-19,Valdir Aparecido de Oliveira,"Solicita a renovação e o aprimoramento das instalações do velório municipal, interna e externamente (bancos, calçadas, portas, iluminação e muretas), reforçando as indicações nº 067/2022 e nº 127/2023 apresentadas pela vereadora Teresinha de Lourdes Freitas Regodanso.",Obras e Serviços Públicos,,Pendente de Análise,
IND-422,033,2024,129ª Sessão Ordinária da 18ª Legislatura,2024-02-26,Elio Furini Neto,"Solicita a melhoria da iluminação do campo de futebol da Vila Beatriz, incluindo a colocação de guarda-corpos e corrimão nas arquibancadas, tendo em vista acidente já ocorrido com uma criança no local.",Esporte e Lazer,,Pendente de Análise,"A transcrição do expediente e do texto integral desta sessão data o expediente e as indicações como 'a ser realizada em 26 de fevereiro de 2024' (uma segunda-feira), enquanto o arquivo de transcrição está nomeado como 2024-02-27. Adotei 2024-02-26 como data_sessao por ser a data citada repetidamente no próprio texto (cabeçalhos das indicações e requerimentos). O mesmo padrão de divergência de um dia se repete nas demais sessões deste lote."
IND-423,034,2024,129ª Sessão Ordinária da 18ª Legislatura,2024-02-26,Anderson Marcos Viana,Solicita a construção de um espaço dedicado aos cachorros ('cachorródromo') para que a comunidade tenha um local adequado e seguro para passear com seus animais de estimação.,Obras e Serviços Públicos,,Pendente de Análise,
IND-424,035,2024,129ª Sessão Ordinária da 18ª Legislatura,2024-02-26,Anderson Marcos Viana,Solicita a utilização de fumacê adaptado em uma caminhoneta para percorrer os bairros da cidade no combate ao mosquito da dengue.,A Classificar,,Pendente de Análise,
IND-425,036,2024,129ª Sessão Ordinária da 18ª Legislatura,2024-02-26,Anderson Marcos Viana,Solicita o retorno da divulgação de boletins diários com informações sobre o número de casos de Covid-19 no município.,A Classificar,,Pendente de Análise,
IND-426,037,2024,129ª Sessão Ordinária da 18ª Legislatura,2024-02-26,Reinaldo Codognato,"Solicita a introdução, no centro comunitário do bairro Duas Barras, de academia ao ar livre, iluminação adequada, quadra de areia e lixeira comunitária, reforçando pedidos já feitos em indicações de 2021, 2022 e 2023.",Esporte e Lazer,,Pendente de Análise,
IND-427,038,2024,129ª Sessão Ordinária da 18ª Legislatura,2024-02-26,Reinaldo Codognato,"Solicita a colocação de redutor de velocidade na Avenida Latina, no trecho entre a Rua General Osório e a Avenida Rio Branco, área com fluxo intenso de pedestres e comércio.",Trânsito e Mobilidade,,Pendente de Análise,
IND-428,039,2024,129ª Sessão Ordinária da 18ª Legislatura,2024-02-26,"Elio Furini Neto, Anderson Marcos Viana, Marisa Alves da Silva Costa, Paulo Sérgio Cordeiro, Teresinha de Lourdes Freitas Regodanso","Solicita a poda de galhos de um ipê localizado na Avenida João Furini, próximo à curva entre os residenciais Atenas e Bonança, cujas folhas e sementes vêm entupindo calhas e manchando pisos dos moradores vizinhos.",Meio Ambiente,,Pendente de Análise,
IND-429,040,2024,130ª Sessão Ordinária da 18ª Legislatura,2024-03-04,Anderson Marcos Viana,"Solicita a dedetização dos Centros Educacionais Infantis (CEIs) e escolas municipais para mitigar a presença de animais peçonhentos, especialmente escorpiões, após incidente em que uma criança foi picada.",Educação,,Pendente de Análise,"Esta sessão (expediente e indicações) é datada no próprio texto como 'a ser realizada em 4 de março de 2024', enquanto o arquivo está nomeado 2024-03-05. Adotei 2024-03-04 como data_sessao."
IND-430,041,2024,130ª Sessão Ordinária da 18ª Legislatura,2024-03-04,Anderson Marcos Viana,"Solicita contato com a Secretaria de Estado de Saúde de São Paulo para adquirir mais testes de Covid-19, diante do aumento de casos e da dificuldade de moradores em arcar com o custo dos testes particulares.",Saúde,,Pendente de Análise,
IND-431,042,2024,130ª Sessão Ordinária da 18ª Legislatura,2024-03-04,Anderson Marcos Viana,"Solicita manutenção (roçagem/limpeza) da área de lazer do bairro Jardim Conde, devido ao excesso de mato e ao aparecimento de animais peçonhentos no local.",Meio Ambiente,,Pendente de Análise,
IND-432,043,2024,130ª Sessão Ordinária da 18ª Legislatura,2024-03-04,Reinaldo Codognato,"Solicita manutenção periódica nos campos de futebol e áreas adjacentes dos bairros Vila São João e Duas Barras, usados com frequência para jogos e cerimônias religiosas.",A Classificar,,Pendente de Análise,
IND-433,044,2024,130ª Sessão Ordinária da 18ª Legislatura,2024-03-04,Reinaldo Codognato,"Solicita a instalação de iluminação de LED no playground do bairro Jardim Conde, para aumentar a segurança do espaço à noite.",Meio Ambiente,,Pendente de Análise,
IND-434,045,2024,130ª Sessão Ordinária da 18ª Legislatura,2024-03-04,"Paulo Sérgio Cordeiro, Anderson Marcos Viana, Elio Furini Neto, Marisa Alves da Silva Costa, Teresinha de Lourdes Freitas Regodanso","Solicita o fornecimento de acesso à internet (wi-fi) no velório municipal, para dar suporte prático a familiares e amigos durante o velório.",A Classificar,,Pendente de Análise,
IND-435,046,2024,130ª Sessão Ordinária da 18ª Legislatura,2024-03-04,Elio Furini Neto,Solicita providências para amenizar o mau cheiro exalado por bueiros no bairro Jardim Vale do Sol.,Obras e Serviços Públicos,,Pendente de Análise,
IND-436,047,2024,130ª Sessão Ordinária da 18ª Legislatura,2024-03-04,Rui Domingos da Silva,"Reforçando a indicação 059/2023, solicita reforma (reparos e pintura) na casa de apoio de Junqueirópolis na cidade de Jaú, usada por munícipes em tratamento oncológico que precisam pernoitar no local.",Obras e Serviços Públicos,,Pendente de Análise,
IND-437,048,2024,130ª Sessão Ordinária da 18ª Legislatura,2024-03-04,"Valdir Aparecido de Oliveira, Anderson Marcos Viana",Solicita a disponibilização de transporte somente de ida para crianças e mães com bebês de colo matriculados em CIs localizados a mais de 1 km de suas residências.,A Classificar,,Pendente de Análise,
IND-438,049,2024,130ª Sessão Ordinária da 18ª Legislatura,2024-03-04,Valdir Aparecido de Oliveira,"Solicita adequações na iluminação pública das áreas verdes do município, para promover segurança e uso noturno desses espaços.",Obras e Serviços Públicos,,Pendente de Análise,
IND-439,050,2024,130ª Sessão Ordinária da 18ª Legislatura,2024-03-04,"Valdir Aparecido de Oliveira, Anderson Marcos Viana","Reforçando a indicação 076/2023, solicita manutenção da estrada e da ponte do córrego Palmeiras no bairro Segunda Sessão, que liga Junqueirópolis a Dracena, via importante para o escoamento da produção agrícola local.",A Classificar,,Pendente de Análise,
IND-440,051,2024,131ª Sessão Ordinária da 18ª Legislatura,2024-03-11,Anderson Marcos Viana,"Solicita a instalação de iluminação de LED na Rua do Viveiro e na Avenida Rio Branco, especialmente onde ocorre a feira municipal às sextas-feiras.",A Classificar,,Pendente de Análise,"Esta sessão é datada no texto como 'a ser realizada em 11 de março de 2024', enquanto o arquivo está nomeado 2024-03-12. Adotei 2024-03-11 como data_sessao."
IND-441,052,2024,131ª Sessão Ordinária da 18ª Legislatura,2024-03-11,Anderson Marcos Viana,"Solicita manutenção do meio-fio da calçada na Rua Victor Junqueira, entre a Avenida Paulista e a Rua General Osório, devido ao acúmulo de água parada no local.",Obras e Serviços Públicos,,Pendente de Análise,
IND-442,053,2024,131ª Sessão Ordinária da 18ª Legislatura,2024-03-11,Anderson Marcos Viana,"Reforçando a indicação 139/2023, solicita a conclusão da revitalização da Praça Álvaro de Oliveira Junqueira, incluindo a cobertura do palco, prevista no projeto original mas não executada.",Meio Ambiente,,Pendente de Análise,
IND-443,054,2024,131ª Sessão Ordinária da 18ª Legislatura,2024-03-11,"Elio Furini Neto, Paulo Sérgio Cordeiro, Anderson Marcos Viana, Marisa Alves da Silva Costa, Teresinha de Lourdes Freitas Regodanso","Solicita roçagem e limpeza do velório municipal e áreas adjacentes, além de reforma das calçadas e muros do cemitério municipal.",Obras e Serviços Públicos,,Pendente de Análise,
IND-444,055,2024,131ª Sessão Ordinária da 18ª Legislatura,2024-03-11,"Elio Furini Neto, Paulo Sérgio Cordeiro, Anderson Marcos Viana, Marisa Alves da Silva Costa, Teresinha de Lourdes Freitas Regodanso","Solicita manutenção geral da praça do Jardim Alvorada, cujo mato encobre os bancos e cuja falta de playground leva crianças a brincar de forma perigosa nos galhos de árvores do barranco.",Meio Ambiente,,Pendente de Análise,
IND-445,056,2024,131ª Sessão Ordinária da 18ª Legislatura,2024-03-11,"Reinaldo Codognato, Teresinha de Lourdes Freitas Regodanso","Solicita medidas de segurança em frente à nova farmácia municipal (marcação de solo ou lombada), após relato de quase atropelamento de pedestre por veículo tentando cruzar o semáforo local antes de fechar.",Saúde,,Pendente de Análise,
IND-446,057,2024,132ª Sessão Ordinária da 18ª Legislatura,2024-03-18,Anderson Marcos Viana,"Solicita a manutenção dos ventiladores da Escola Estadual, além de buscar solução para doação de aparelhos de ar-condicionado para a escola, dado o impacto do calor no ambiente de estudo.",Educação,,Pendente de Análise,"Esta sessão é datada no texto como 'a ser realizada em 18 de março de 2024', enquanto o arquivo está nomeado 2024-03-19. Adotei 2024-03-18 como data_sessao. Além disso, o nome da patrona da escola estadual citada aparece de forma inconsistente na transcrição ('Escola Profº Idene Rodrigues dos Santos' no resumo do expediente e 'Escola Profº Idene Rodrigues dos Santos' na leitura integral) — não foi possível confirmar a grafia correta do nome."
IND-447,058,2024,132ª Sessão Ordinária da 18ª Legislatura,2024-03-18,Anderson Marcos Viana,"Solicita o recapeamento na interseção da Rua José Bonifácio com a Rua Marconi e no final da Rua José Bonifácio, no bairro Jardim Esperança.",Obras e Serviços Públicos,,Pendente de Análise,
IND-448,059,2024,132ª Sessão Ordinária da 18ª Legislatura,2024-03-18,"Elio Furini Neto, Anderson Marcos Viana","Reforçando as indicações 144/2022 e 197/2023, solicita manutenção e compactação dos campos situados nos bairros Residencial das Américas, Jardim Paulista, Jardim Alvorada e Carmezinho 1.",Meio Ambiente,,Pendente de Análise,
IND-449,060,2024,132ª Sessão Ordinária da 18ª Legislatura,2024-03-18,"Anderson Marcos Viana, Elio Furini Neto, Marisa Alves da Silva Costa, Paulo Sérgio Cordeiro, Teresinha de Lourdes Freitas Regodanso","Reforçando a indicação 149/2023, solicita a construção de faixas elevadas no encontro da Avenida Paulista com a Rua Porto Alegre (em frente ao Pronto-Socorro) e na Rua Washington Luiz com a Avenida Bandeirantes (ao lado da Escola Chigueco).",Educação,,Pendente de Análise,
IND-450,061,2024,132ª Sessão Ordinária da 18ª Legislatura,2024-03-18,Teresinha de Lourdes Freitas Regodanso,"Reforçando a indicação 47/2023, solicita a instalação de ninhos artificiais (caixotes) em palmeiras imperiais e demais árvores frequentadas por araras no perímetro urbano, para evitar a morte das palmeiras e apoiar a reprodução das aves.",Meio Ambiente,,Pendente de Análise,
IND-451,062,2024,132ª Sessão Ordinária da 18ª Legislatura,2024-03-18,Teresinha de Lourdes Freitas Regodanso,"Reforçando a indicação 056/2023, solicita a manutenção dos pisos intertravados de concreto da Praça Álvaro de Oliveira Junqueira, que estão irregulares e já causaram quedas, sobretudo em idosos.",Meio Ambiente,,Pendente de Análise,
IND-452,063,2024,132ª Sessão Ordinária da 18ª Legislatura,2024-03-18,Valdir Aparecido de Oliveira,"Solicita a construção de uma canaleta para escoamento de água pluvial no cruzamento da Rua Argentina com a Rua Iracema Sobreira, para prevenir alagamentos.",Obras e Serviços Públicos,,Pendente de Análise,
IND-453,064,2024,132ª Sessão Ordinária da 18ª Legislatura,2024-03-18,Valdir Aparecido de Oliveira,"Reforçando as indicações 049/2022 e 159/2021, solicita a revisão do percentual de insalubridade pago aos servidores municipais da área da saúde (hoje em torno de 20%), propondo também estender a discussão a outras categorias expostas a condições adversas.",Saúde,,Pendente de Análise,
IND-454,065,2024,132ª Sessão Ordinária da 18ª Legislatura,2024-03-18,"Rui Domingos da Silva, Valdir Aparecido de Oliveira","Reforçando as indicações 189/2023 e 166/2021, solicita serviços de proteção e manutenção das estruturas nas cabeceiras de todas as pontes do município, visando maior segurança sobretudo em períodos de chuva.",A Classificar,,Pendente de Análise,
IND-455,066,2024,132ª Sessão Ordinária da 18ª Legislatura,2024-03-18,"Anderson Marcos Viana, Elio Furini Neto, Marisa Alves da Silva Costa, Paulo Sérgio Cordeiro, Reinaldo Codognato, Rui Domingos da Silva, Sofia Rodrigues dos Santos, Valdir Aparecido de Oliveira, Teresinha de Lourdes Freitas Regodanso","Solicita a implementação de duas lombadas ou depressões na Rua São Salvador, próximas à interseção com a Rua Lucélia, atendendo a abaixo-assinado de 120 moradores, devido ao alto fluxo de pessoas na região (ESFs 2 e 7, creche e duas igrejas).",Educação,,Pendente de Análise,
IND-456,067,2024,133ª Sessão Ordinária da 18ª Legislatura,2024-03-25,Anderson Marcos Viana,"Solicita melhorias no ponto de ônibus localizado na interseção da Rua José Bonifácio com a Rua das Américas, que se encontra deteriorado (assento afundado e cobertura destruída).",Trânsito e Mobilidade,,Pendente de Análise,"Esta sessão é datada no texto como 'a ser realizada em 25 de março de 2024', enquanto o arquivo está nomeado 2024-03-26. Adotei 2024-03-25 como data_sessao."
IND-457,068,2024,133ª Sessão Ordinária da 18ª Legislatura,2024-03-25,"Anderson Marcos Viana, Elio Furini Neto, Marisa Alves da Silva Costa, Paulo Sérgio Cordeiro, Teresinha de Lourdes Freitas Regodanso","Reforçando a indicação 226/2023, solicita flexibilização no horário de trabalho de categorias expostas ao sol forte (agentes comunitários de saúde, braçais, encanadores, serviços gerais etc.), como medida de prevenção ao câncer de pele e demais riscos à saúde.",Saúde,,Pendente de Análise,
IND-458,069,2024,133ª Sessão Ordinária da 18ª Legislatura,2024-03-25,Anderson Marcos Viana,"Solicita a implementação de um pátio cercado, com portaria e segurança, destinado ao estacionamento de caminhões e carretas, que hoje ocupam indevidamente as ruas e obstruem acessos de moradores.",Trânsito e Mobilidade,,Pendente de Análise,
IND-459,070,2024,133ª Sessão Ordinária da 18ª Legislatura,2024-03-25,"Elio Furini Neto, Anderson Marcos Viana, Marisa Alves da Silva Costa, Paulo Sérgio Cordeiro, Teresinha de Lourdes Freitas Regodanso","Reforçando a indicação 024/2021, solicita a ampliação do Centro Educacional Infantil (CI) do Cristo Redentor, diante da crescente demanda de crianças atendidas pela instituição.",A Classificar,,Pendente de Análise,
IND-460,071,2024,133ª Sessão Ordinária da 18ª Legislatura,2024-03-25,"Elio Furini Neto, Anderson Marcos Viana, Marisa Alves da Silva Costa, Paulo Sérgio Cordeiro, Teresinha de Lourdes Freitas Regodanso","Reforçando a indicação 022/2021, solicita a revitalização do campo de futebol do bairro Cristo Redentor, incluindo a substituição do gramado, que se encontra em estado precário.",Saúde,,Pendente de Análise,
IND-461,072,2024,133ª Sessão Ordinária da 18ª Legislatura,2024-03-25,Valdir Aparecido de Oliveira,"Solicita melhorias nos CIs que recentemente receberam novas salas de aula, propondo construção de banheiros adicionais, cobertura de acesso às salas e bebedouros próximos às salas de aula.",Obras e Serviços Públicos,,Pendente de Análise,
IND-462,073,2024,133ª Sessão Ordinária da 18ª Legislatura,2024-03-25,Valdir Aparecido de Oliveira,"Solicita a alteração da Lei Municipal nº 3.493/2022 (convênio com o Estado para atividade delegada de policiais militares), para esclarecer a natureza indenizatória da gratificação e estabelecer valores específicos por patente.",A Classificar,,Pendente de Análise,
IND-463,074,2024,133ª Sessão Ordinária da 18ª Legislatura,2024-03-25,Teresinha de Lourdes Freitas Regodanso,"Solicita o aumento da iluminação do Complexo Esportivo Parque Ecológico Tafarel Rodrigues Vieira, no bairro Jardim Paulista, cujo setor com baixa visibilidade compromete a segurança noturna.",Meio Ambiente,,Pendente de Análise,
IND-464,075,2024,133ª Sessão Ordinária da 18ª Legislatura,2024-03-25,Teresinha de Lourdes Freitas Regodanso,"Reforçando a indicação 205/2023, solicita a construção, locação ou aquisição de um prédio para instalar a 'creche municipal do idoso', voltada a famílias que não têm onde deixar idosos durante o período de trabalho.",Educação,,Pendente de Análise,
IND-465,076,2024,133ª Sessão Ordinária da 18ª Legislatura,2024-03-25,Reinaldo Codognato,"Solicita a instalação de bancos e mesas no entorno da pista de caminhada do bairro Pioneiros, especificamente na Rua José Reis e na Rua Hermínio Grespan, para criar um ponto de convívio para os moradores.",A Classificar,,Pendente de Análise,
IND-466,077,2024,133ª Sessão Ordinária da 18ª Legislatura,2024-03-25,Rui Domingos da Silva,"Reforçando as indicações 190/2021 e 151/2023, solicita a implantação de diárias de valor fixo para motoristas de ambulância e de transporte de pacientes da Secretaria de Saúde em deslocamentos fora da sede, substituindo o sistema de comprovação de despesas por notas fiscais, de difícil cumprimento.",Saúde,,Pendente de Análise,
IND-467,078,2024,134ª Sessão Ordinária da 18ª Legislatura,2024-04-01,Paulo Sérgio Cordeiro,"Solicita a manutenção da calçada situada no cruzamento da Rua Belo Horizonte com a Rua da Paz, atualmente tomada por vegetação e entulho.",Obras e Serviços Públicos,,Pendente de Análise,"Esta sessão é datada no texto como 'a ser realizada em 1º de abril de 2024', enquanto o arquivo está nomeado 2024-04-02. Adotei 2024-04-01 como data_sessao."
IND-468,079,2024,134ª Sessão Ordinária da 18ª Legislatura,2024-04-01,Anderson Marcos Viana,"Solicita melhorias no trecho entre a Rua Corumbá e a Rua Belo Horizonte, cuja situação persiste há anos e aumenta o risco de acidentes, especialmente para motociclistas.",A Classificar,,Pendente de Análise,
IND-469,080,2024,134ª Sessão Ordinária da 18ª Legislatura,2024-04-01,Anderson Marcos Viana,"Solicita a construção de uma cobertura na Avenida Campos Salles, ao lado do muro do Lar Santo Antônio, para proteger da chuva e do sol os alunos que fazem aulas práticas de habilitação no local, sugerindo parceria com autoescolas e o Detran.",Educação,,Pendente de Análise,
IND-470,081,2024,134ª Sessão Ordinária da 18ª Legislatura,2024-04-01,Anderson Marcos Viana,"Solicita o início da implementação de lombadas ecológicas (de material metálico, mais baratas e de fácil manutenção) em pontos críticos do município.",Trânsito e Mobilidade,,Pendente de Análise,
IND-471,082,2024,134ª Sessão Ordinária da 18ª Legislatura,2024-04-01,"Elio Furini Neto, Anderson Marcos Viana, Marisa Alves da Silva Costa, Paulo Sérgio Cordeiro, Teresinha de Lourdes Freitas Regodanso","Reforçando as indicações 122/2022 e 163/2023, solicita a reforma dos vestiários do Estádio Municipal Raphael Capelli, incluindo troca de pisos, chuveiros e sanitários, e adaptações para pessoas com deficiência ou mobilidade reduzida.",Trânsito e Mobilidade,,Pendente de Análise,
IND-472,083,2024,134ª Sessão Ordinária da 18ª Legislatura,2024-04-01,"Elio Furini Neto, Anderson Marcos Viana, Marisa Alves da Silva Costa, Paulo Sérgio Cordeiro, Teresinha de Lourdes Freitas Regodanso","Reforçando a indicação 239/2023, solicita a instituição de um auxílio municipal oncológico para fornecimento de alimentos naturais e saudáveis a pacientes em tratamento de quimioterapia, radioterapia ou similar.",A Classificar,,Pendente de Análise,
IND-473,084,2024,134ª Sessão Ordinária da 18ª Legislatura,2024-04-01,Teresinha de Lourdes Freitas Regodanso,"Reforçando a indicação 48/2023, solicita a compra ou locação de um imóvel próximo ao Hospital Regional de Oncologia (Hospital de Esperança) em Presidente Prudente, para funcionar como casa de apoio a pacientes e acompanhantes em tratamento, nos moldes da casa de apoio existente em Jaú.",Saúde,,Pendente de Análise,
IND-474,085,2024,134ª Sessão Ordinária da 18ª Legislatura,2024-04-01,Reinaldo Codognato,"Solicita a implementação de um projeto denominado 'Revela Talentos' nas escolas municipais, para identificar e nutrir talentos artísticos e esportivos dos alunos.",Educação,,Pendente de Análise,
IND-475,086,2024,134ª Sessão Ordinária da 18ª Legislatura,2024-04-01,Valdir Aparecido de Oliveira,"Solicita a disponibilização de ônibus de grande porte para transportar atletas e seus responsáveis em competições realizadas em outras cidades, permitindo que os pais acompanhem os filhos.",Trânsito e Mobilidade,,Pendente de Análise,
IND-476,087,2024,135ª Sessão Ordinária da 18ª Legislatura,2024-04-08,Anderson Marcos Viana,"Solicita a construção de uma área de lazer com playground nas proximidades do encontro da Avenida Junqueira com a Rua da Paz e a Rua 4 de Setembro, no bairro Vila Beatriz, atendendo a antiga reivindicação dos moradores daquele bairro.",Obras e Serviços Públicos,,Pendente de Análise,"Data da sessão conforme mencionado no texto da transcrição (véspera da data do nome do arquivo, que corresponde ao dia da postagem/upload)."
IND-477,088,2024,135ª Sessão Ordinária da 18ª Legislatura,2024-04-08,Anderson Marcos Viana,"Reforçando a indicação nº 51/2023, solicita a pavimentação asfáltica ou colocação de pedrisco em trecho da via de acesso João Furini, de frente aos armazéns comerciais localizados atrás do Mercadinho Pioneiros, área que vem sofrendo rachaduras no asfalto com o tráfego de caminhões.",Obras e Serviços Públicos,,Pendente de Análise,"Data da sessão conforme mencionado no texto da transcrição (véspera da data do nome do arquivo, que corresponde ao dia da postagem/upload)."
IND-478,089,2024,135ª Sessão Ordinária da 18ª Legislatura,2024-04-08,Anderson Marcos Viana,"Reforçando a indicação nº 58/2023, solicita a instituição de uma semana comemorativa alusiva ao Dia Mundial de Conscientização do Autismo, celebrado em 2 de abril, visando reduzir a discriminação e promover conhecimento sobre o transtorno do espectro autista.",A Classificar,,Pendente de Análise,"Data da sessão conforme mencionado no texto da transcrição (véspera da data do nome do arquivo, que corresponde ao dia da postagem/upload)."
IND-479,090,2024,135ª Sessão Ordinária da 18ª Legislatura,2024-04-08,"Elio Furini Neto, Anderson Marcos Viana, Marisa Alves da Silva Costa, Paulo Sérgio Cordeiro, Teresinha de Lourdes Freitas Regodanso","Complementando a indicação nº 083/2024, solicita o estabelecimento de uma parceria (convênio) com a Associação Junqueiropolense Amor e Vida (JAVI), grupo de apoio ao paciente com câncer, para viabilizar auxílio municipal com alimentação e ampliar a assistência prestada aos pacientes em tratamento oncológico.",A Classificar,,Pendente de Análise,"Data da sessão conforme mencionado no texto da transcrição (véspera da data do nome do arquivo, que corresponde ao dia da postagem/upload)."
IND-480,091,2024,135ª Sessão Ordinária da 18ª Legislatura,2024-04-08,Valdir Aparecido de Oliveira,"Reforçando as indicações nº 161/2021 e 108/2022, solicita a conclusão da construção do muro no recinto da ACERUVA (parque de exposições), para mitigar o risco de deslizamento de terra do barranco existente no local durante o período chuvoso, protegendo imóveis e moradores vizinhos.",Obras e Serviços Públicos,,Pendente de Análise,"Data da sessão conforme mencionado no texto da transcrição (véspera da data do nome do arquivo, que corresponde ao dia da postagem/upload)."
IND-481,092,2024,135ª Sessão Ordinária da 18ª Legislatura,2024-04-08,Reinaldo Codognato,"Solicita o aumento do número de motoristas designados para o transporte escolar, por meio de remanejamento de servidores já capacitados dentro do próprio quadro da Prefeitura, considerando os limites de jornada e descanso dos motoristas atuais.",Educação,,Pendente de Análise,"Data da sessão conforme mencionado no texto da transcrição (véspera da data do nome do arquivo, que corresponde ao dia da postagem/upload)."
IND-482,093,2024,135ª Sessão Ordinária da 18ª Legislatura,2024-04-08,"Elio Furini Neto, Anderson Marcos Viana, Marisa Alves da Silva Costa, Paulo Sérgio Cordeiro, Teresinha de Lourdes Freitas Regodanso","Solicita melhorias na praça localizada na Rua Wilson José de Souza, de frente ao Hotel Flor de Lis, incluindo roçagem do mato alto, melhoria da iluminação precária e reforma da quadra de areia, tomada por grama e sem condições de uso esportivo.",Obras e Serviços Públicos,,Pendente de Análise,"Data da sessão conforme mencionado no texto da transcrição (véspera da data do nome do arquivo, que corresponde ao dia da postagem/upload)."
IND-483,094,2024,136ª Sessão Ordinária da 18ª Legislatura,2024-04-15,Anderson Marcos Viana,"Solicita a instalação de duas lixeiras na pista de skate do município, já que os praticantes, em sua maioria jovens, não têm onde descartar seu lixo no local.",Esporte e Lazer,,Pendente de Análise,"Data da sessão conforme mencionado no texto da transcrição (véspera da data do nome do arquivo, que corresponde ao dia da postagem/upload)."
IND-484,095,2024,136ª Sessão Ordinária da 18ª Legislatura,2024-04-15,Anderson Marcos Viana,"Solicita a implementação de uma lombada (convencional ou ecológica) na Avenida Rio Branco em frente à Igreja do Evangelho Quadrangular, bem como o reforço da lombada já existente na mesma avenida, em frente à Casa do Sorvete, que se encontra desgastada.",Trânsito e Mobilidade,,Pendente de Análise,"Data da sessão conforme mencionado no texto da transcrição (véspera da data do nome do arquivo, que corresponde ao dia da postagem/upload)."
IND-485,096,2024,136ª Sessão Ordinária da 18ª Legislatura,2024-04-15,Anderson Marcos Viana,"Solicita reforço da faixa amarela central e poda das árvores na rodovia vicinal Dr. José Siniciato, no trecho entre a cidade e a Associação dos Catadores de Junqueirópolis (Acajunque), devido à baixa visibilidade noturna e histórico de acidentes relatado por moradores e caminhoneiros.",Meio Ambiente,,Pendente de Análise,"Data da sessão conforme mencionado no texto da transcrição (véspera da data do nome do arquivo, que corresponde ao dia da postagem/upload)."
IND-486,097,2024,136ª Sessão Ordinária da 18ª Legislatura,2024-04-15,Reinaldo Codognato,"Solicita a criação de um espaço cultural descentralizado, levando para os bairros as atividades culturais hoje concentradas no Centro de Formação Educacional (CEF); sugere como localização o bairro Jardim dos Pássaros, na Rua Curitiba.",Meio Ambiente,,Pendente de Análise,"Data da sessão conforme mencionado no texto da transcrição (véspera da data do nome do arquivo, que corresponde ao dia da postagem/upload)."
IND-487,098,2024,136ª Sessão Ordinária da 18ª Legislatura,2024-04-15,Reinaldo Codognato,"Reforçando a indicação nº 149/2022, solicita a implantação de uma carteira funcional para os servidores municipais (cerca de 800 pessoas), padronizando a identificação e possibilitando o acesso a isenções e descontos previstos em leis estaduais.",Administração e Finanças,,Pendente de Análise,"Data da sessão conforme mencionado no texto da transcrição (véspera da data do nome do arquivo, que corresponde ao dia da postagem/upload)."
IND-488,099,2024,136ª Sessão Ordinária da 18ª Legislatura,2024-04-15,Reinaldo Codognato,"Solicita a destinação de recursos anuais para substituição preventiva de encanamentos do sistema de abastecimento de água do município, visando prevenir vazamentos e reduzir custos com reparos emergenciais.",Saúde,,Pendente de Análise,"Data da sessão conforme mencionado no texto da transcrição (véspera da data do nome do arquivo, que corresponde ao dia da postagem/upload)."
IND-489,100,2024,136ª Sessão Ordinária da 18ª Legislatura,2024-04-15,Elio Furini Neto,"Solicita reforma geral na praça do bairro Jardim Boa Vista, incluindo modernização e manutenção de brinquedos, bancos e mesas já antigos.",Obras e Serviços Públicos,,Pendente de Análise,"Data da sessão conforme mencionado no texto da transcrição (véspera da data do nome do arquivo, que corresponde ao dia da postagem/upload)."
IND-490,101,2024,136ª Sessão Ordinária da 18ª Legislatura,2024-04-15,"Elio Furini Neto, Anderson Marcos Viana, Marisa Alves da Silva Costa, Paulo Sérgio Cordeiro, Teresinha de Lourdes Freitas Regodanso","Reforçando a indicação nº 38/2023, solicita a implantação de um serviço de transporte coletivo denominado 'Circular da Saúde', voltado a pacientes com dificuldade de locomoção, passando pelas ESFs, Santa Casa, Centro de Especialidades Odontológicas e CAPS.",Saúde,,Pendente de Análise,"Data da sessão conforme mencionado no texto da transcrição (véspera da data do nome do arquivo, que corresponde ao dia da postagem/upload). Consta no plano de governo da atual administração, segundo relatado pelos vereadores."
IND-491,102,2024,136ª Sessão Ordinária da 18ª Legislatura,2024-04-15,Anderson Marcos Viana,"Solicita que a alimentação escolar oferecida aos alunos seja estendida também aos professores e demais profissionais da educação durante o período letivo, sem prejuízo da prioridade de atendimento aos estudantes.",Educação,,Pendente de Análise,"Data da sessão conforme mencionado no texto da transcrição (véspera da data do nome do arquivo, que corresponde ao dia da postagem/upload)."
IND-492,103,2024,136ª Sessão Ordinária da 18ª Legislatura,2024-04-15,Valdir Aparecido de Oliveira,"Solicita a instalação de coberturas para os Centros de Educação Infantil (CEIs) que tiveram suas salas recentemente ampliadas, protegendo crianças e colaboradores do sol e da chuva.",Educação,,Pendente de Análise,"Data da sessão conforme mencionado no texto da transcrição (véspera da data do nome do arquivo, que corresponde ao dia da postagem/upload)."
IND-493,104,2024,137ª Sessão Ordinária da 18ª Legislatura,2024-04-22,Anderson Marcos Viana,"Solicita a retirada do antigo playground da praça do bairro Pioneiros, que apresenta peças de ferro quebradas e estrutura desgastada, oferecendo risco às crianças; sugere aproveitar o espaço para aparelhos de ginástica ao ar livre já que já foi instalado um playground novo no local.",Meio Ambiente,,Pendente de Análise,"Data da sessão conforme mencionado no texto da transcrição (véspera da data do nome do arquivo, que corresponde ao dia da postagem/upload)."
IND-494,105,2024,137ª Sessão Ordinária da 18ª Legislatura,2024-04-22,Anderson Marcos Viana,"Reforçando a indicação nº 015/2023, solicita reforma do playground e do calçamento da Praça do Centenário, além da instalação de bebedouros, em razão de reclamações da população sobre insegurança (fiação exposta) e playground danificado.",Obras e Serviços Públicos,,Pendente de Análise,"Data da sessão conforme mencionado no texto da transcrição (véspera da data do nome do arquivo, que corresponde ao dia da postagem/upload)."
IND-495,106,2024,137ª Sessão Ordinária da 18ª Legislatura,2024-04-22,Anderson Marcos Viana,"Reforçando a indicação nº 169/2023, solicita a demarcação de faixas de espera exclusivas para motocicletas em frente aos semáforos existentes na cidade, para reduzir o risco de colisões entre motos e outros veículos.",Trânsito e Mobilidade,,Pendente de Análise,"Data da sessão conforme mencionado no texto da transcrição (véspera da data do nome do arquivo, que corresponde ao dia da postagem/upload)."
IND-496,107,2024,137ª Sessão Ordinária da 18ª Legislatura,2024-04-22,Reinaldo Codognato,"Reforçando a indicação nº 179/2023, solicita a implantação de iluminação pública na Rua Primavera, bairro Recanto dos Eucaliptos.",Obras e Serviços Públicos,,Pendente de Análise,"Data da sessão conforme mencionado no texto da transcrição (véspera da data do nome do arquivo, que corresponde ao dia da postagem/upload)."
IND-497,108,2024,137ª Sessão Ordinária da 18ª Legislatura,2024-04-22,Reinaldo Codognato,"Reforçando a indicação nº 188/2023, solicita medidas de proteção (sinalização de solo ou redutores de velocidade) na Rua Florianópolis, em frente ao playground existente no local, tendo em vista o recente centro esportivo inaugurado nas proximidades e o intenso fluxo de crianças.",Trânsito e Mobilidade,,Pendente de Análise,"Data da sessão conforme mencionado no texto da transcrição (véspera da data do nome do arquivo, que corresponde ao dia da postagem/upload)."
IND-498,109,2024,137ª Sessão Ordinária da 18ª Legislatura,2024-04-22,Reinaldo Codognato,Solicita a reinstalação da cesta de basquete removida e nova pintura da quadra de basquete do bairro Jardim Alvorada.,Meio Ambiente,,Pendente de Análise,"Data da sessão conforme mencionado no texto da transcrição (véspera da data do nome do arquivo, que corresponde ao dia da postagem/upload)."
IND-499,110,2024,137ª Sessão Ordinária da 18ª Legislatura,2024-04-22,Valdir Aparecido de Oliveira,"Solicita a instalação de redutores de velocidade próximos a igrejas com sede própria no município, especialmente em vias de tráfego intenso, para reduzir riscos durante horários de culto e eventos religiosos.",Trânsito e Mobilidade,,Pendente de Análise,"Data da sessão conforme mencionado no texto da transcrição (véspera da data do nome do arquivo, que corresponde ao dia da postagem/upload)."
IND-500,111,2024,137ª Sessão Ordinária da 18ª Legislatura,2024-04-22,Valdir Aparecido de Oliveira,Solicita a promoção de eventos educativos sobre trânsito durante o ano letivo nas escolas municipais e estaduais do município.,Educação,,Pendente de Análise,"Data da sessão conforme mencionado no texto da transcrição (véspera da data do nome do arquivo, que corresponde ao dia da postagem/upload)."
IND-501,112,2024,137ª Sessão Ordinária da 18ª Legislatura,2024-04-22,Valdir Aparecido de Oliveira,Solicita a instalação de academias adaptadas para pessoas com deficiência física ou mobilidade reduzida em todas as áreas da cidade que já contam com academias ao ar livre.,Trânsito e Mobilidade,,Pendente de Análise,"Data da sessão conforme mencionado no texto da transcrição (véspera da data do nome do arquivo, que corresponde ao dia da postagem/upload)."
IND-502,113,2024,137ª Sessão Ordinária da 18ª Legislatura,2024-04-22,Teresinha de Lourdes Freitas Regodanso,"Solicita a poda de árvores que estão obstruindo a visão dos motoristas, especialmente nas vias centrais da cidade de maior fluxo, com base na Lei Municipal nº 3.263/2019, incluindo apoio do poder público a proprietários sem condições de custear a poda.",Meio Ambiente,,Pendente de Análise,"Data da sessão conforme mencionado no texto da transcrição (véspera da data do nome do arquivo, que corresponde ao dia da postagem/upload)."
IND-503,114,2024,138ª Sessão Ordinária da 18ª Legislatura,2024-04-29,Anderson Marcos Viana,"Solicita a limpeza das canaletas de captação de água pluvial da Praça Álvaro de Oliveira Junqueira, obstruídas há meses por folhas, com risco de alagamentos e proliferação do mosquito Aedes aegypti.",Obras e Serviços Públicos,,Pendente de Análise,"Data da sessão conforme mencionado no texto da transcrição (véspera da data do nome do arquivo, que corresponde ao dia da postagem/upload). A transcrição deste arquivo começa já em andamento, no meio da leitura do Requerimento nº 23/2024 (ver arquivo de requerimentos); a indicação nº 114 é o primeiro item integralmente capturado."
IND-504,115,2024,138ª Sessão Ordinária da 18ª Legislatura,2024-04-29,Anderson Marcos Viana,"Solicita a relocação de bancos instalados de forma inadequada na Rua José Reis, bairro Pioneiros, que dificultam o uso pelos moradores e chegam a obstruir a circulação.",A Classificar,,Pendente de Análise,"Data da sessão conforme mencionado no texto da transcrição (véspera da data do nome do arquivo, que corresponde ao dia da postagem/upload). Em explicações pessoais o autor relatou que os bancos foram de fato reinstalados de forma incorreta e só corrigidos após cobrança e repercussão nas redes sociais."
IND-505,116,2024,138ª Sessão Ordinária da 18ª Legislatura,2024-04-29,Anderson Marcos Viana,"Solicita melhorias na acessibilidade do parque ecológico, especialmente no espaço dedicado a pessoas com deficiência ou mobilidade reduzida, cujas rampas de acesso estão estreitas e muito inclinadas.",Trânsito e Mobilidade,,Pendente de Análise,"Data da sessão conforme mencionado no texto da transcrição (véspera da data do nome do arquivo, que corresponde ao dia da postagem/upload)."
IND-506,117,2024,138ª Sessão Ordinária da 18ª Legislatura,2024-04-29,Reinaldo Codognato,"Solicita a promoção de treinamento simulado de evacuação escolar em caso de incêndio em todas as escolas municipais, estaduais e particulares do município.",Educação,,Pendente de Análise,"Data da sessão conforme mencionado no texto da transcrição (véspera da data do nome do arquivo, que corresponde ao dia da postagem/upload)."
IND-507,118,2024,138ª Sessão Ordinária da 18ª Legislatura,2024-04-29,Reinaldo Codognato,"Reforçando a indicação nº 157/2023, solicita a implementação de um programa de Bolsa Atleta Municipal, com busca de apoio financeiro estadual e federal, para apoiar talentos esportivos locais.",A Classificar,,Pendente de Análise,"Data da sessão conforme mencionado no texto da transcrição (véspera da data do nome do arquivo, que corresponde ao dia da postagem/upload)."
IND-508,119,2024,138ª Sessão Ordinária da 18ª Legislatura,2024-04-29,Reinaldo Codognato,"Reforçando a indicação nº 043/2023, solicita providências definitivas para o direcionamento e escoamento correto das águas pluviais no residencial Recanto dos Eucaliptos, que sofre com alagamentos em períodos de chuva forte.",A Classificar,,Pendente de Análise,"Data da sessão conforme mencionado no texto da transcrição (véspera da data do nome do arquivo, que corresponde ao dia da postagem/upload)."
IND-509,120,2024,138ª Sessão Ordinária da 18ª Legislatura,2024-04-29,"Anderson Marcos Viana, Elio Furini Neto, Marisa Alves da Silva Costa, Paulo Sérgio Cordeiro, Reinaldo Codognato, Rui Domingos da Silva, Sofia Rodrigues dos Santos, Teresinha de Lourdes Freitas Regodanso, Valdir Aparecido de Oliveira","Reforçando as indicações nº 108/2021, 148/2022 e 224/2023, solicita a limpeza das estações de tratamento de esgoto (ETE), da lagoa de tratamento do matadouro e, principalmente, da lagoa de tratamento do bairro Carreiro/Jardim Paulista, cujo mau cheiro causa transtornos crescentes à população dos bairros adjacentes.",Obras e Serviços Públicos,,Pendente de Análise,"Data da sessão conforme mencionado no texto da transcrição (véspera da data do nome do arquivo, que corresponde ao dia da postagem/upload). Indicação assinada por todos os vereadores da Casa. Em explicações pessoais, vários vereadores relataram visita recente ao local e mau cheiro insuportável; um vereador mencionou promessa de campanha do prefeito de resolver a questão, ainda não cumprida."
IND-510,121,2024,138ª Sessão Ordinária da 18ª Legislatura,2024-04-29,Valdir Aparecido de Oliveira,"Solicita manutenção na estrada rural JQL 020, que conecta o bairro Duas Barras ao bairro Vila São João, incluindo a reconstrução dos bueiros/passagens danificados pelas chuvas.",Obras e Serviços Públicos,,Pendente de Análise,"Data da sessão conforme mencionado no texto da transcrição (véspera da data do nome do arquivo, que corresponde ao dia da postagem/upload)."
IND-511,122,2024,139ª Sessão Ordinária da 18ª Legislatura,2024-05-06,"Anderson Marcos Viana, Valdir Aparecido de Oliveira","Solicita a implementação de políticas educacionais inovadoras voltadas ao reconhecimento dos direitos e do trabalho dos professores do município, incluindo a concessão de faltas abonadas (uma justificada e uma injustificada por ano), já praticada em municípios vizinhos.",Educação,,Pendente de Análise,"Data da sessão conforme mencionado no texto da transcrição (véspera da data do nome do arquivo, que corresponde ao dia da postagem/upload). Em explicações pessoais, a vereadora Teresinha relatou que os professores já teriam conquistado as faltas abonadas em reunião com o Executivo, com projeto de lei a caminho da Câmara."
IND-512,123,2024,139ª Sessão Ordinária da 18ª Legislatura,2024-05-06,"Teresinha de Lourdes Freitas Regodanso, Anderson Marcos Viana","Solicita reparos e manutenção urgentes no terminal rodoviário municipal, danificado pelo vendaval de 7 de abril de 2024 (telhas de Eternit quebradas, forro caindo, sala de espera interditada), reforma que havia custado cerca de R$ 290 mil e foi entregue havia pouco mais de um ano.",Obras e Serviços Públicos,,Pendente de Análise,"Data da sessão conforme mencionado no texto da transcrição (véspera da data do nome do arquivo, que corresponde ao dia da postagem/upload). A indicação já havia sido anunciada verbalmente na sessão anterior (2024-04-29); formalizada por escrito nesta sessão."
IND-513,124,2024,139ª Sessão Ordinária da 18ª Legislatura,2024-05-06,"Elio Furini Neto, Anderson Marcos Viana, Marisa Alves da Silva Costa, Paulo Sérgio Cordeiro, Teresinha de Lourdes Freitas Regodanso","Reforçando a indicação nº 068/2023, solicita a disponibilização de profissional capacitado em Libras (Língua Brasileira de Sinais) para auxiliar, quando necessário, em reuniões de pais nas escolas e Centros de Educação Infantil (CEIs).",Educação,,Pendente de Análise,"Data da sessão conforme mencionado no texto da transcrição (véspera da data do nome do arquivo, que corresponde ao dia da postagem/upload)."
IND-514,125,2024,139ª Sessão Ordinária da 18ª Legislatura,2024-05-06,"Elio Furini Neto, Anderson Marcos Viana, Marisa Alves da Silva Costa, Paulo Sérgio Cordeiro, Teresinha de Lourdes Regodanso","Solicita a reforma do campo de futebol do bairro Jardim Esperança, incluindo melhoria da iluminação (hoje presente em apenas um lado do campo) e instalação de alambrado, já que bolas caem em terrenos vizinhos.",Obras e Serviços Públicos,,Pendente de Análise,"Data da sessão conforme mencionado no texto da transcrição (véspera da data do nome do arquivo, que corresponde ao dia da postagem/upload)."
IND-515,126,2024,139ª Sessão Ordinária da 18ª Legislatura,2024-05-06,Valdir Aparecido de Oliveira,"Solicita a construção de lombadas na Rua Maria Eugênia Regazoli, Rua Akira Katoyama e Rua Vitor Camargo Bodini, em razão do fluxo relativamente alto de veículos e risco de acidentes.",Trânsito e Mobilidade,,Pendente de Análise,"Data da sessão conforme mencionado no texto da transcrição (véspera da data do nome do arquivo, que corresponde ao dia da postagem/upload)."
IND-516,127,2024,139ª Sessão Ordinária da 18ª Legislatura,2024-05-06,Reinaldo Codognato,"Reforçando a indicação nº 160/2023, solicita medidas de controle de velocidade (redutores) e melhoria de sinalização na Rua do Viveiro, via que conecta o bairro Pioneiros, o Residencial Carmezim I e II, o Delta Ville I e II e o loteamento Orto dos Seringais.",Trânsito e Mobilidade,,Pendente de Análise,"Data da sessão conforme mencionado no texto da transcrição (véspera da data do nome do arquivo, que corresponde ao dia da postagem/upload)."
IND-517,128,2024,139ª Sessão Ordinária da 18ª Legislatura,2024-05-06,Reinaldo Codognato,"Reforçando a indicação nº 171/2023, solicita a criação de cursos profissionalizantes na área automotiva, com foco em manutenção elétrica e mecânica de veículos leves, em parceria com o SEBRAE, diante da carência de mão de obra qualificada nessa área no município.",Obras e Serviços Públicos,,Pendente de Análise,"Data da sessão conforme mencionado no texto da transcrição (véspera da data do nome do arquivo, que corresponde ao dia da postagem/upload)."
IND-518,129,2024,140ª Sessão Ordinária da 18ª Legislatura,2024-05-13,"Elio Furini Neto, Anderson Marcos Viana, Marisa Alves da Silva Costa, Paulo Sérgio Cordeiro, Rui Domingos da Silva, Teresinha de Lourdes Freitas Regodanso, Valdir Aparecido de Oliveira","Reforçando a indicação nº 092/2023, solicita que se estude junto ao setor competente da administração as possibilidades de adequar a iluminação das mesas/áreas verdes dos bairros Aliança, Campo Belo, Carmesim II e demais áreas que forem necessárias, visando mais segurança aos moradores e frequentadores desses espaços à noite.",A Classificar,,Pendente de Análise,"O arquivo 2024-05-14_sessao.txt traz apenas um AVISO informando que os primeiros ~17 minutos do áudio original (sessão de 13/05/2024) não continham fala detectável e foram removidos; a transcrição real começa em andamento, faltando abertura, chamada e parte do Expediente. O único trecho de fala real capturado é o início desta indicação (garbled: 'reforçando a integração número 092 para 2023... a possibilidade de adequar a iluminação das mesas, das áreas verdes dos bairros, aliança, quanto Belo, Carmesin 2'), sem número, sem nome de autor e sem encerramento. Reconstruí número (129/2024), autores e data de apresentação (06/05/2024) por correspondência textual exata com o registro oficial em painel_indicacoes/data/oficial_indicacoes_2021_2024.csv. A sessão em que foi lida (140ª Ordinária) e sua data (13/05/2024) foram inferidas a partir da ata aprovada no início da sessão seguinte (2024-05-21_sessao.txt: 'ata da centésima quadragésima sessão ordinária, realizada no dia 13 de maio de 2024'). Registro de baixíssima confiança devido à falha técnica de áudio relatada no aviso."
IND-519,138,2024,141ª Sessão Ordinária da 18ª Legislatura,2024-05-20,"Elio Furini Neto, Anderson Marcos Viana, Marisa Alves da Silva Costa, Paulo Sérgio Cordeiro, Teresinha de Lourdes Freitas Regodanso","Reforçando a indicação nº 078/2023, solicita a instalação de diversas benfeitorias no Centro Educacional Infantil Raio de Luz: instalação de câmeras, cobertura no espaço lateral já cimentado com bancos, banheiros e bebedouros para o novo bloco, coberturas ligando as novas salas ao bloco principal, coberturas na entrada e saída dos alunos e cercamento em volta do novo bloco, visando reforçar segurança e bem-estar de alunos e colaboradores.",Educação,,Pendente de Análise,"O resumo do Expediente lido no início da sessão de 2024-05-21 identifica esta como a 141ª Sessão Ordinária a ser realizada em '30 de maio de 2024', mas o texto integral da própria indicação (lido mais adiante) e as demais indicações da mesma leva (139 a 142) trazem 'em 20 de maio de 2024', data condizente com o nome do arquivo (upload no dia seguinte). Usei a data do texto integral (20/05/2024) por ser mais específica e consistente entre todas as indicações da sessão; a menção a '30 de maio' no resumo do Expediente parece erro de transcrição/fala do vereador."
IND-520,139,2024,141ª Sessão Ordinária da 18ª Legislatura,2024-05-20,Reinaldo Codognato,"Reforçando a indicação nº 180/2023, solicita o lançamento de um programa denominado 'Colmeia Empreendedora', inspirado na colmeia como exemplo de inovação e empreendedorismo social, com o objetivo de potencializar o comércio local, fortalecer os laços entre bairros e comunidades e criar um local centralizado para a prática conjunta de empreendedores.",A Classificar,,Pendente de Análise,
IND-521,140,2024,141ª Sessão Ordinária da 18ª Legislatura,2024-05-20,Reinaldo Codognato,"Solicita a implementação de uma horta comunitária no viveiro municipal, que poderia ser estendida a diversas entidades da zona urbana (CEIs, Santa Casa, lar de idosos), além da construção de um tanque para criação de peixes no mesmo local, visando integração social, educação ambiental e segurança alimentar.",Educação,,Pendente de Análise,
IND-522,141,2024,141ª Sessão Ordinária da 18ª Legislatura,2024-05-20,"Valdir Aparecido de Oliveira, Anderson Marcos Viana","Solicita a construção de uma canaleta para escoamento de água pluvial no cruzamento da Alameda Vista do Sol com a Alameda Tailândia, para prevenir alagamentos e transtornos aos moradores e transeuntes, especialmente em períodos chuvosos.",Obras e Serviços Públicos,,Pendente de Análise,
IND-523,142,2024,141ª Sessão Ordinária da 18ª Legislatura,2024-05-20,"Anderson Marcos Viana, Elio Furini Neto, Marisa Alves da Silva Costa, Paulo Sérgio Cordeiro, Teresinha de Lourdes Freitas Regodanso","Propõe diversas ações em prol da educação especial: priorizar a preparação prévia dos professores, manter número reduzido de alunos por turma, estruturar apoio especializado ao docente regular, implementar orientação e acompanhamento contínuo com os pais, e lançar campanha de sensibilização comunitária sobre integração e inclusão escolar.",Educação,,Pendente de Análise,
IND-524,143,2024,143ª Sessão Ordinária da 18ª Legislatura,2024-06-03,Anderson Marcos Viana,"Reforçando a indicação nº 34/2023, solicita que se estude fornecer alimentação (marmitex, ou ao menos um lanche reforçado pela manhã e no horário do almoço) aos pacientes que se deslocam a Presidente Prudente para consultas médicas e passam o dia aguardando atendimento, muitas vezes sem condições financeiras para se alimentar.",Saúde,,Pendente de Análise,"No resumo do Expediente e no cabeçalho lido junto com esta indicação (e também das indicações 144-145 e do requerimento 27), consta 'centésima, quadragésima, segunda sessão ordinária... em 27 de maio de 2024', que corresponde na verdade à sessão ANTERIOR (142ª, cuja ata foi aprovada no início desta sessão). A abertura da própria sessão, porém, afirma claramente tratar-se da 143ª Sessão Ordinária, com Expediente 'a ser realizada em 3 de junho de 2024' (arquivo nomeado 2024-06-04, padrão de upload no dia seguinte). Usei 143ª/03-06-2024 por ser a sessão em que a leitura de fato ocorreu; o cabeçalho de leitura repetindo dados da sessão anterior parece erro de transcrição/leitura do vereador."
IND-525,144,2024,143ª Sessão Ordinária da 18ª Legislatura,2024-06-03,Anderson Marcos Viana,"Solicita a instalação de cortinas ou insufilme nas vans que transportam cadeirantes, para proteger os pacientes da exposição solar intensa durante o transporte, prevenindo queimaduras, desidratação e outros problemas de saúde.",Saúde,,Pendente de Análise,Mesma observação sobre a data/número de sessão constante no cabeçalho de leitura da indicação 143/2024 desta mesma sessão.
IND-526,145,2024,143ª Sessão Ordinária da 18ª Legislatura,2024-06-03,Reinaldo Codognato,"Solicita a inclusão no calendário municipal de um torneio de futebol de categorias de base com participação de equipes de renome nacional, visando promover esporte e saúde entre jovens, fortalecer o turismo local e servir de inspiração para atletas locais.",Saúde,,Pendente de Análise,Mesma observação sobre a data/número de sessão constante no cabeçalho de leitura da indicação 143/2024 desta mesma sessão.
IND-527,146,2024,144ª Sessão Ordinária da 18ª Legislatura,2024-06-10,"Teresinha de Lourdes Freitas Regodanso, Elio Furini Neto","Solicita que se estude, junto ao setor competente, pedir ao poder estadual a denominação do trevo do Salgado Filho em homenagem ao saudoso Eugênio Zimiani, morador antigo da região e falecido no próprio trevo, cuja família mantém propriedades nas imediações até hoje.",A Classificar,,Pendente de Análise,
IND-528,147,2024,144ª Sessão Ordinária da 18ª Legislatura,2024-06-10,"Elio Furini Neto, Anderson Marcos Viana, Marisa Alves da Silva Costa, Paulo Sérgio Cordeiro, Teresinha de Lourdes Freitas Regodanso","Solicita que se estude a implementação da equoterapia (ecoterapia/terapia assistida com cavalos) no município, prática reconhecida por seus benefícios no desenvolvimento de crianças com autismo, melhorando coordenação motora, equilíbrio, confiança e comunicação.",A Classificar,,Pendente de Análise,"No resumo do Expediente, esta indicação foi lida por engano com o mesmo número da anterior ('Indicação número 146' repetida duas vezes seguidas). No texto integral, lido mais adiante na sessão, ela é corretamente identificada como Indicação número 147/2024; usei esse número."
IND-529,148,2024,144ª Sessão Ordinária da 18ª Legislatura,2024-06-10,Anderson Marcos Viana,"Solicita a instalação de um corrimão no Ginásio de Esportes Cícero Gomes, próximo à Academia de Judô (beneficiando crianças) e na área do bocha (auxiliando idosos), tornando o local mais acessível e seguro.",Esporte e Lazer,,Pendente de Análise,
IND-530,149,2024,144ª Sessão Ordinária da 18ª Legislatura,2024-06-10,Anderson Marcos Viana,"Solicita o aumento da quantidade de postes de iluminação na área de lazer do bairro Pioneiros, atualmente com pouca luz, o que compromete a segurança e reduz o uso do espaço à noite.",Obras e Serviços Públicos,,Pendente de Análise,
IND-531,150,2024,145ª Sessão Ordinária da 18ª Legislatura,2024-06-17,Reinaldo Codognato,"Solicita a implementação de sinal de Wi-Fi no complexo esportivo e no centro comunitário do bairro Alto do Cene, além de outras melhorias necessárias para esses espaços, promovendo inclusão digital e facilitando a organização de eventos comunitários e esportivos.",A Classificar,,Pendente de Análise,
IND-532,151,2024,145ª Sessão Ordinária da 18ª Legislatura,2024-06-17,Reinaldo Codognato,"Solicita que se estude a impermeabilização das estradas rurais do município com asfalto ecológico, reduzindo barro e poeira e a necessidade de manutenções frequentes, além de contribuir para a preservação ambiental e mais segurança no tráfego.",Obras e Serviços Públicos,,Pendente de Análise,
IND-533,152,2024,145ª Sessão Ordinária da 18ª Legislatura,2024-06-17,Rui Domingos da Silva,"Solicita a utilização de carros de som para divulgar o projeto Limpeza Beleza, informando em quais setores da cidade o projeto atuará e as datas de retirada de itens em cada setor, incentivando a população a separar itens inutilizados para coleta.",A Classificar,,Pendente de Análise,
IND-534,153,2024,145ª Sessão Ordinária da 18ª Legislatura,2024-06-17,Valdir Aparecido de Oliveira,"Solicita a manutenção da estrada JQL-139 no bairro Paraizinho, onde o mato está invadindo a via, dificultando o tráfego e comprometendo a segurança e acessibilidade dos moradores.",A Classificar,,Pendente de Análise,
IND-535,154,2024,145ª Sessão Ordinária da 18ª Legislatura,2024-06-17,"Teresinha de Lourdes Freitas Regodanso, Elio Furini Neto","Solicita a implementação de sinalização vertical indicando a velocidade máxima permitida nas proximidades do Colégio Objetivo 13 de Junho, especialmente na Avenida Junqueira (grande declive, onde veículos trafegam em alta velocidade), a pedido dos próprios alunos após quase-acidentes no local.",Educação,,Pendente de Análise,"O vereador Elio Furini Neto assinou a indicação em apoio à autora principal (Teresinha de Lourdes Freitas Regodanso), conforme relatado nas explicações pessoais da sessão."
IND-536,155,2024,146ª Sessão Ordinária da 18ª Legislatura,2024-06-25,Paulo Sérgio Cordeiro,"Solicita ao prefeito municipal que estude a possibilidade de utilizar drones para reforçar o combate à dengue, facilitando a identificação de focos em locais de difícil acesso (imóveis vazios, telhados) e o mapeamento de criadouros como caixas d'água e depósitos, especialmente em imóveis abandonados e lotes vagos, sem substituir as inspeções semanais já realizadas.",Saúde,,Pendente de Análise,"O texto das indicações e do expediente desta sessão data consistentemente '24 de junho de 2024' (uma segunda-feira), divergindo do nome do arquivo (2024-06-25); mantida a data do nome do arquivo por instrução específica para este lote, seguindo o padrão já usado em lotes anteriores (data do arquivo = dia da postagem/upload)."
IND-537,156,2024,146ª Sessão Ordinária da 18ª Legislatura,2024-06-25,Terezinha de Lourdes Freitas Regodanso,"Solicita ao prefeito municipal que estude a possibilidade de escolher outro local para a instalação do ecoponto de coleta seletiva planejado para a curva de início da vicinal Dr. José Cinciato, em razão da preocupação e contrariedade de moradores próximos, e que a área hoje com acúmulo de lixo seja limpa, arborizada e receba serviço de paisagismo.",Meio Ambiente,,Pendente de Análise,Data da sessão conforme texto: 24/06/2024 (ver nota da indicação 155). A vereadora relatou em plenário já ter feito o mesmo pedido verbalmente em sessão anterior.
IND-538,157,2024,146ª Sessão Ordinária da 18ª Legislatura,2024-06-25,"Elio Furini Neto, Anderson Marcos Viana, Marisa Alves da Silva Costa, Paulo Sérgio Cordeiro, Terezinha de Lourdes Freitas Regodanso","Reiterando as indicações nº 245/2023 e 49/2021, solicita ao prefeito municipal que estude o desenvolvimento e implementação de um aplicativo voltado à área da saúde do município, permitindo consultas de informações, agendamento de consultas, alertas de vacinação e acesso remoto a outros serviços.",Saúde,,Pendente de Análise,Data da sessão conforme texto: 24/06/2024 (ver nota da indicação 155).
IND-539,158,2024,146ª Sessão Ordinária da 18ª Legislatura,2024-06-25,"Elio Furini Neto, Anderson Marcos Viana, Marisa Alves da Silva Costa, Paulo Sérgio Cordeiro, Terezinha de Lourdes Freitas Regodanso","Reforçando a indicação nº 115/2021, solicita ao prefeito municipal que estude alteração no estatuto dos servidores municipais para incluir cláusula que conceda redução de até 50% na carga horária, sem redução de salário ou prejuízo de direitos, aos servidores com cônjuge, filho ou dependente com deficiência.",Administração e Finanças,,Pendente de Análise,Data da sessão conforme texto: 24/06/2024 (ver nota da indicação 155).
IND-540,159,2024,146ª Sessão Ordinária da 18ª Legislatura,2024-06-25,"Elio Furini Neto, Anderson Marcos Viana, Marisa Alves da Silva Costa, Paulo Sérgio Cordeiro, Terezinha de Lourdes Freitas Regodanso","Reforçando a indicação nº 196/2023, solicita ao prefeito municipal melhorias na praça situada na Rua Internacional, bairro Jardim Paulista, com instalação de torneira para irrigação e plantio de árvores adicionais, já que as árvores recém-plantadas não têm acesso a água e correm risco de morrer.",Meio Ambiente,,Pendente de Análise,Data da sessão conforme texto: 24/06/2024 (ver nota da indicação 155).
IND-541,160,2024,146ª Sessão Ordinária da 18ª Legislatura,2024-06-25,"Elio Furini Neto, Anderson Marcos Viana, Marisa Alves da Silva Costa, Paulo Sérgio Cordeiro, Terezinha de Lourdes Freitas Regodanso","Reforçando a indicação nº 154/2023, solicita ao prefeito municipal parceria com a Usina Viterra visando um sistema de contenção de águas pluviais no bairro Vila São João (camalhões ou retenção de enxurradas), área rural sujeita a erosão e acúmulo de água que afeta as atividades agrícolas.",Agricultura e Meio Rural,,Pendente de Análise,Data da sessão conforme texto: 24/06/2024 (ver nota da indicação 155).
IND-542,161,2024,146ª Sessão Ordinária da 18ª Legislatura,2024-06-25,Valdir Aparecido de Oliveira,"Solicita ao prefeito municipal que estude a instituição da 'Semana de Combate ao Fumo' no município, com palestras e dinâmicas de conscientização nas escolas e um dia aberto à população no CEF, complementando a Lei Municipal nº 3.105/2017 (proibição de venda de narguilé a menores de 18 anos).",Educação,,Pendente de Análise,Data da sessão conforme texto: 24/06/2024 (ver nota da indicação 155).
IND-543,162,2024,146ª Sessão Ordinária da 18ª Legislatura,2024-06-25,Anderson Marcos Viana,"Solicita ao prefeito municipal a poda das árvores do campinho do bairro Cristo Redentor, especialmente as que invadem o campo, e a elevação do alambrado do lado das casas populares, para reduzir transtornos e risco de danos aos veículos dos moradores.",Meio Ambiente,,Pendente de Análise,Data da sessão conforme texto: 24/06/2024 (ver nota da indicação 155).
IND-544,163,2024,149ª Sessão Ordinária da 18ª Legislatura,2024-08-20,Reinaldo Codognato,"Solicita ao prefeito municipal a implementação de sistema de iluminação e irrigação na pista de motocross, substituindo o uso de caminhão-pipa por um mecanismo de irrigação, beneficiando os competidores do município e fomentando o esporte local.",Saúde,,Pendente de Análise,"O texto do expediente e das indicações desta sessão data '19 de agosto de 2024' (segunda-feira), divergindo do nome do arquivo (2024-08-20); mantida a data do arquivo por consistência com o padrão de outros lotes (data do arquivo = dia da postagem/upload)."
IND-545,164,2024,149ª Sessão Ordinária da 18ª Legislatura,2024-08-20,Reinaldo Codognato,"Solicita ao prefeito municipal a criação de um centro educacional agroecológico, para capacitar produtores rurais e incluir alunos da rede municipal, com conhecimentos práticos de agricultura familiar, fortalecendo práticas sustentáveis na comunidade.",Educação,,Pendente de Análise,"Data da sessão conforme texto: 19/08/2024 (ver nota da indicação 163). Em plenário, o autor sugeriu aproveitar o viveiro municipal já localizado na escola do bairro Duas Barras para essa finalidade."
IND-546,165,2024,149ª Sessão Ordinária da 18ª Legislatura,2024-08-20,Reinaldo Codognato,"Solicita ao prefeito municipal a construção de uma rampa adequada e legalizada às margens do rio Aguapeí, em parceria com a Usina Viterra Bioenergia (Unidade Rio Vermelho), para beneficiar pescadores amadores e profissionais, facilitando embarque e desembarque de embarcações; pedido antigo dos pescadores, com mais de 150 assinaturas em apoio.",Obras e Serviços Públicos,,Pendente de Análise,Data da sessão conforme texto: 19/08/2024 (ver nota da indicação 163).
IND-547,166,2024,149ª Sessão Ordinária da 18ª Legislatura,2024-08-20,Anderson Marcos Viana,"Solicita ao prefeito municipal que contate a empresa responsável pela manutenção das lâmpadas de LED, que em diversos locais não estão funcionando adequadamente, com destaque para a Avenida Virgínia Aparecida Trevizan, sem iluminação havia cerca de um mês.",A Classificar,,Pendente de Análise,Data da sessão conforme texto: 19/08/2024 (ver nota da indicação 163). Em plenário o autor citou também lâmpadas queimadas nos bairros Catuma e Fuentes.
IND-548,167,2024,149ª Sessão Ordinária da 18ª Legislatura,2024-08-20,Anderson Marcos Viana,"Solicita ao prefeito municipal a substituição do playground de madeira do bairro Fuentes (destruído, sem serventia) e a retirada do playground do bairro Pioneiros, que está deteriorado e caindo, oferecendo risco de acidente às crianças.",Saúde,,Pendente de Análise,Data da sessão conforme texto: 19/08/2024 (ver nota da indicação 163).
IND-549,168,2024,149ª Sessão Ordinária da 18ª Legislatura,2024-08-20,"Anderson Marcos Viana, Terezinha de Lourdes Freitas Regodanso","Solicita ao prefeito municipal a instalação de placas informativas com os valores investidos na reforma do velório municipal e na iluminação da área verde do bairro Jardim Pioneiros, visando maior transparência à população.",Obras e Serviços Públicos,,Pendente de Análise,Data da sessão conforme texto: 19/08/2024 (ver nota da indicação 163). Tema relacionado a um requerimento verbal sobre a mesma reforma do velório feito em sessão anterior (25/06/2024) — ver lote de requerimentos.
IND-550,169,2024,149ª Sessão Ordinária da 18ª Legislatura,2024-08-20,Anderson Marcos Viana,"Solicita ao prefeito municipal a instalação de redutores de velocidade na Avenida João Furini: um próximo ao Campo Belo/Supermercado Troiano, outro em frente ao ginásio de esportes (onde o asfalto já foi cortado para a lombofaixa) e outro em frente à Escola Municipal Neide Macedo.",Educação,,Pendente de Análise,Data da sessão conforme texto: 19/08/2024 (ver nota da indicação 163).
IND-551,170,2024,150ª Sessão Ordinária da 18ª Legislatura,2024-08-27,Paulo Sérgio Cordeiro,"Solicita ao prefeito municipal que estude o redirecionamento adequado do fluxo de águas pluviais na interseção da Avenida Campos Salles com a Avenida Junqueira, onde a água tem invadido residências por falta de escoamento adequado, especialmente devido a uma valeta próxima.",A Classificar,,Pendente de Análise,"O texto do expediente e das indicações desta sessão data '26 de agosto de 2024' (segunda-feira), divergindo do nome do arquivo (2024-08-27); mantida a data do arquivo por consistência com o padrão de outros lotes. O expediente lido chamou a sessão de '100ª a 56ª' por lapso, mas o restante do texto (indicações, requerimento) identifica corretamente como '150ª Sessão Ordinária'."
IND-552,171,2024,150ª Sessão Ordinária da 18ª Legislatura,2024-08-27,Valdir Aparecido de Oliveira,"Solicita ao prefeito municipal a instalação de um transformador no bairro Colina Verde, com o objetivo de ativar o poço artesiano já existente na região, que segundo relato em plenário ainda não está funcionando.",A Classificar,,Pendente de Análise,Data da sessão conforme texto: 26/08/2024 (ver nota da indicação 170).
IND-553,172,2024,150ª Sessão Ordinária da 18ª Legislatura,2024-08-27,Terezinha de Lourdes Freitas Regodanso,"Solicita ao prefeito municipal a instalação de iluminação pública nas ruas Piauí e José Amatruda, paralelas à Avenida Geraldo Fudo, que hoje só possui iluminação central; vias muito usadas para caminhada e ciclismo por moradores dos bairros próximos.",Obras e Serviços Públicos,,Pendente de Análise,Data da sessão conforme texto: 26/08/2024 (ver nota da indicação 170).
IND-554,173,2024,152ª Sessão Ordinária da 18ª Legislatura,2024-09-09,Anderson Marcos Viana,"Solicita a aplicação de pedra brita na Alameda Vista do Sol e na estrada que liga o bairro Fuentes ao Lar Santa Terezinha, para reduzir a poeira na região e proporcionar mais conforto e qualidade de vida à população local.",A Classificar,,Pendente de Análise,"Data da sessão conforme mencionado no texto da transcrição (véspera da data do nome do arquivo, que corresponde ao dia da postagem/upload)."
IND-555,174,2024,152ª Sessão Ordinária da 18ª Legislatura,2024-09-09,Reinaldo Codognato,"Solicita a elaboração de um planejamento anual para as despesas básicas voltadas à educação infantil, incluindo a aquisição de brinquedos (motocas, bonecas, blocos de montar, carrinhos) e itens de conforto como colchões e colchonetes.",Educação,,Pendente de Análise,"Data da sessão conforme mencionado no texto da transcrição (véspera da data do nome do arquivo, que corresponde ao dia da postagem/upload)."
IND-556,175,2024,152ª Sessão Ordinária da 18ª Legislatura,2024-09-09,Valdir Aparecido de Oliveira,"Solicita melhorias no Residencial das Américas, no cruzamento da Rua Peru com a Rua Colômbia: construção de uma canaleta para escoamento de água (para solucionar problema de acúmulo) e instalação de um braço no poste com lâmpada LED para aumentar a segurança da área.",Obras e Serviços Públicos,,Pendente de Análise,"Data da sessão conforme mencionado no texto da transcrição (véspera da data do nome do arquivo, que corresponde ao dia da postagem/upload)."
IND-557,176,2024,153ª Sessão Ordinária da 18ª Legislatura,2024-09-16,Reinaldo Codognato,"Solicita a instalação de um braço de luz com lâmpada LED na Avenida Paulista, na esquina com a Avenida Marconi, nas proximidades das casas da FEPASA, atendendo a pedido de moradores preocupados com a falta de segurança na área.",A Classificar,,Pendente de Análise,"Data da sessão conforme mencionado no texto da transcrição (véspera da data do nome do arquivo, que corresponde ao dia da postagem/upload)."
IND-558,177,2024,153ª Sessão Ordinária da 18ª Legislatura,2024-09-16,"Anderson Marcos Viana, Elio Furini Neto, Marisa Alves da Silva Costa, Paulo Sérgio Cordeiro, Teresinha de Lourdes Freitas Regodanso","Solicita a revisão dos nomes das ruas constantes nos incisos 5º a 9º do artigo 3º do Projeto de Lei nº 046/2024 (Residencial Florenza, atualmente com nomes de frutas), sugerindo a substituição pelos nomes de Antônio Carlos Lansone, Antônio Beviláqua, Antônio Luiz Gazzim, João Seloto e Ivany Peloso, como forma de gratidão e reconhecimento a pioneiros da cidade.",Saúde,,Pendente de Análise,"Data da sessão conforme mencionado no texto da transcrição (véspera da data do nome do arquivo, que corresponde ao dia da postagem/upload). Grafia do nome 'Antônio Luiz Gazzim' incerta na transcrição (pode haver erro de transcrição fonética). Na sessão seguinte (154ª, 2024-09-24) o vereador Anderson relata que essa indicação foi objeto de pedido de vista antes do período eleitoral e permanecia 'retirada' até aquela data, aguardando o fim do período eleitoral para retomar a discussão com o Executivo — como indicação não é matéria votada, não há registro formal de retirada, apenas o relato verbal do vereador."
IND-559,178,2024,154ª Sessão Ordinária da 18ª Legislatura,2024-09-23,Marisa Alves da Silva Costa,"Solicita a ampliação da área destinada ao estacionamento de motocicletas na Avenida Junqueira, em frente ao estabelecimento comercial Libanesa Ferragens e Ferramentas, devido à demanda crescente de motocicletas na região e à importância do comércio local.",Trânsito e Mobilidade,,Pendente de Análise,"Data da sessão conforme mencionado no texto da transcrição (véspera da data do nome do arquivo, que corresponde ao dia da postagem/upload)."
IND-560,179,2024,154ª Sessão Ordinária da 18ª Legislatura,2024-09-23,Reinaldo Codognato,"Solicita a implantação de uma residência inclusiva no município, destinada ao acolhimento de pessoas a partir de 18 anos em situação de vulnerabilidade social e sem amparo familiar, sugerindo a busca de recursos estaduais e federais para viabilizar o projeto.",A Classificar,,Pendente de Análise,"Data da sessão conforme mencionado no texto da transcrição (véspera da data do nome do arquivo, que corresponde ao dia da postagem/upload)."
IND-561,180,2024,154ª Sessão Ordinária da 18ª Legislatura,2024-09-23,Valdir Aparecido de Oliveira,"Solicita a implantação de canaletas para escoamento de água na Rua das Figueiras, no cruzamento com a Alameda Paraíso, e na Rua Domingos Faria de Abreu, no Catuna, nos bairros Jardim Campo Belo e Jardim Catuna, devido ao grande volume de água que desce nessas áreas.",Meio Ambiente,,Pendente de Análise,"Data da sessão conforme mencionado no texto da transcrição (véspera da data do nome do arquivo, que corresponde ao dia da postagem/upload)."
IND-562,181,2024,154ª Sessão Ordinária da 18ª Legislatura,2024-09-23,Rui Domingos da Silva,"Solicita a renomeação de uma das ruas listadas nos incisos 4º a 9º do artigo 3º do Projeto de Lei nº 046/2024 em homenagem ao saudoso Sr. Salvador Vieira de Sousa, morador de longa data do município, reconhecido comerciante e proprietário de terras na região.",A Classificar,,Pendente de Análise,"Data da sessão conforme mencionado no texto da transcrição (véspera da data do nome do arquivo, que corresponde ao dia da postagem/upload)."
IND-563,182,2024,154ª Sessão Ordinária da 18ª Legislatura,2024-09-23,Anderson Marcos Viana,"Solicita a aplicação de veneno (fumacê) contra pernilongos nos bairros Figueira, Jardim Paulista, Carmezinha 1 e 2, Jardim Alvorada, Alto do Cene e Residencial das Américas, como medida complementar ao uso de fumaça já indicado, para mitigar os problemas enfrentados pela população.",Meio Ambiente,,Pendente de Análise,"Data da sessão conforme mencionado no texto da transcrição (véspera da data do nome do arquivo, que corresponde ao dia da postagem/upload)."
IND-564,183,2024,154ª Sessão Ordinária da 18ª Legislatura,2024-09-23,Reinaldo Codognato,"Solicita a realização de um levantamento detalhado de todas as nascentes do município, visando sua recuperação futura por meio do plantio de árvores nativas do bioma local, diante dos problemas de degradação ambiental enfrentados atualmente.",Meio Ambiente,,Pendente de Análise,"Data da sessão conforme mencionado no texto da transcrição (véspera da data do nome do arquivo, que corresponde ao dia da postagem/upload)."
IND-565,184,2024,154ª Sessão Ordinária da 18ª Legislatura,2024-09-23,Reinaldo Codognato,"Reforçando a indicação nº 118/2021 de sua própria autoria, solicita que se promova a inclusão digital e social e se incentivem ações de governo eletrônico voltadas à população, estendendo a medida à zona rural, inclusive por meio de parcerias com empresas privadas, citando o programa federal Wi-Fi Brasil.",Agricultura e Meio Rural,,Pendente de Análise,"Data da sessão conforme mencionado no texto da transcrição (véspera da data do nome do arquivo, que corresponde ao dia da postagem/upload)."
IND-566,185,2024,154ª Sessão Ordinária da 18ª Legislatura,2024-09-23,Anderson Marcos Viana,"Solicita a manutenção das laterais da Rua Paraná, no bairro Cristo Redentor, cujo acostamento está em condições precárias dificultando o trânsito de pedestres, e a continuidade do asfalto nas proximidades da nova rotatória construída no bairro Figueira, onde resta um trecho de terra causando transtornos à população.",Trânsito e Mobilidade,,Pendente de Análise,"Data da sessão conforme mencionado no texto da transcrição (véspera da data do nome do arquivo, que corresponde ao dia da postagem/upload)."
IND-567,186,2024,155ª Sessão Ordinária da 18ª Legislatura,2024-09-30,Reinaldo Codognato,"Solicita que se estude oferecer à população cursos técnicos em diversas áreas, como inteligência artificial, robótica, automação eletrônica embarcada e pilotagem de drones, voltados especialmente ao público jovem, visando aumentar sua permanência na cidade e criar oportunidades de acesso ao ensino superior e ao trabalho.",A Classificar,,Pendente de Análise,"Data da sessão conforme mencionado no texto da transcrição (véspera da data do nome do arquivo, que corresponde ao dia da postagem/upload)."
IND-568,187,2024,155ª Sessão Ordinária da 18ª Legislatura,2024-09-30,Teresinha de Lourdes Freitas Regodanso,"Solicita a revisão dos nomes das ruas constantes nos incisos 5º a 9º do artigo 3º do Projeto de Lei nº 046/2024, sugerindo a substituição por nomes de pessoas queridas na comunidade, especificamente os saudosos Elvio Pinotti e Kenit Yaramaki.",Saúde,,Pendente de Análise,"Data da sessão conforme mencionado no texto da transcrição (véspera da data do nome do arquivo, que corresponde ao dia da postagem/upload). O sobrenome 'Yaramaki' aparece grafado como 'Aramaque' no resumo do Expediente lido no início da sessão e como 'Yaramaki' na leitura do texto integral da indicação; optou-se pela grafia do texto integral, mas há incerteza quanto à grafia correta."
IND-569,188,2024,155ª Sessão Ordinária da 18ª Legislatura,2024-09-30,Anderson Marcos Viana,"Solicita a instalação de alambrados na quadra de basquete, no playground e ao lado do minicampo de futebol localizados na Rua Santos Dumont, bairro Alto do Cene, para garantir a segurança das crianças que utilizam os espaços e dos motoristas que trafegam pela rua.",Esporte e Lazer,,Pendente de Análise,"Data da sessão conforme mencionado no texto da transcrição (véspera da data do nome do arquivo, que corresponde ao dia da postagem/upload)."
IND-570,189,2024,155ª Sessão Ordinária da 18ª Legislatura,2024-09-30,Anderson Marcos Viana,"Solicita que se estude adquirir, por meio de recursos próprios ou convênio com o Estado, o prédio onde funcionava a antiga faculdade de Junqueirópolis, com o objetivo de transformá-lo em escola estadual, por ser alternativa mais econômica e rápida do que construir uma unidade nova.",Educação,,Pendente de Análise,"Data da sessão conforme mencionado no texto da transcrição (véspera da data do nome do arquivo, que corresponde ao dia da postagem/upload)."
IND-571,190,2024,156ª Sessão Ordinária da 18ª Legislatura,2024-10-07,Valdir Aparecido de Oliveira,"Solicita a construção de duas bocas de lobo e a instalação de tubulações para melhorar o escoamento das águas pluviais no bairro Frei Galvão, no cruzamento da Rua Professora Terezinha Romanini com a Rua Akira Katayama.",Educação,,Pendente de Análise,"Data da sessão conforme mencionado no texto da transcrição (véspera da data do nome do arquivo, que corresponde ao dia da postagem/upload)."
IND-572,191,2024,156ª Sessão Ordinária da 18ª Legislatura,2024-10-07,Valdir Aparecido de Oliveira,"Solicita a instalação de telas de proteção nas laterais e no fundo do campo de futebol do Residencial das Américas, para evitar que a bola coloque em risco jovens e motociclistas, além da instalação de um bebedouro para os usuários do espaço.",Esporte e Lazer,,Pendente de Análise,"Data da sessão conforme mencionado no texto da transcrição (véspera da data do nome do arquivo, que corresponde ao dia da postagem/upload)."
IND-573,192,2024,156ª Sessão Ordinária da 18ª Legislatura,2024-10-07,Anderson Marcos Viana,"Solicita a ligação da caixa d'água do bairro Colina Verde à rede pública, uma vez que a caixa foi construída há mais de um ano sem ser ligada, causando falta ou baixa pressão de água no bairro e em áreas adjacentes.",A Classificar,,Pendente de Análise,"Data da sessão conforme mencionado no texto da transcrição (véspera da data do nome do arquivo, que corresponde ao dia da postagem/upload)."
IND-574,193,2024,157ª Sessão Ordinária da 18ª Legislatura,2024-10-15,Reinaldo Codognato,"Solicita ao Prefeito Municipal a adoção de medidas para solucionar a falta de água em algumas áreas do bairro Alto do Sene, especialmente nos trechos mais altos, para garantir abastecimento regular e adequado aos moradores.",A Classificar,,Pendente de Análise,
IND-575,194,2024,157ª Sessão Ordinária da 18ª Legislatura,2024-10-15,Reinaldo Codognato,"Solicita ao Prefeito Municipal a instalação de cabines climatizadas nos tratores da Associação Agrícola, visando proporcionar mais conforto e segurança aos trabalhadores expostos a temperaturas elevadas e longas jornadas.",Agricultura e Meio Rural,,Pendente de Análise,
IND-576,195,2024,158ª Sessão Ordinária da 18ª Legislatura,2024-10-22,Terezinha de Lourdes Freitas Regodanso,"Solicita ao Prefeito Municipal a instalação de espelhos nos banheiros do recinto onde ocorre a Aceruva, para melhorar as condições de uso das instalações, que são frequentemente utilizadas em outras festas e eventos ao longo do ano (ex.: leilão de gado).",A Classificar,,Pendente de Análise,"O nome do recinto foi transcrito de forma inconsistente na sessão (ora 'aceruva', ora 'ACERUVA'); mantido como 'Aceruva', grafia predominante no texto lido da indicação."
IND-577,196,2024,158ª Sessão Ordinária da 18ª Legislatura,2024-10-22,Anderson Marcos Viana,"Reforça a indicação nº 124/2022 do mesmo vereador, solicitando a construção de um muro para cercar devidamente o poço artesiano da Rua Independência (entre a Rua Curitiba e a Avenida Bandeirantes), já que o muro anterior caiu, deixando o local vulnerável a uso de drogas, vandalismo, atos libidinosos e risco de contaminação da água do reservatório.",Obras e Serviços Públicos,,Pendente de Análise,
IND-578,197,2024,158ª Sessão Ordinária da 18ª Legislatura,2024-10-22,Anderson Marcos Viana,"Solicita ao Prefeito Municipal a ativação da iluminação no ponto de ônibus localizado ao lado da distribuidora de alimentos Francisco Iqueda, pedido já feito há algum tempo pelos usuários do transporte público, visando mais segurança e conforto.",Trânsito e Mobilidade,,Pendente de Análise,
IND-579,198,2024,158ª Sessão Ordinária da 18ª Legislatura,2024-10-22,Anderson Marcos Viana,"Solicita ao Prefeito Municipal a alteração do horário de trabalho dos coletores de lixo durante o período de calor intenso, propondo que as atividades iniciem mais cedo, preferencialmente de madrugada, medida já adotada em outras cidades.",A Classificar,,Pendente de Análise,
IND-580,199,2024,158ª Sessão Ordinária da 18ª Legislatura,2024-10-22,Valdir Aparecido de Oliveira,"Solicita ao Prefeito Municipal a concessão de gratificação de 25% aos funcionários do setor de pintura da Prefeitura Municipal, como forma de reconhecer o trabalho realizado e valorizar seus esforços.",A Classificar,,Pendente de Análise,
IND-581,200,2024,158ª Sessão Ordinária da 18ª Legislatura,2024-10-22,Reinaldo Codognato,"Solicita ao Prefeito Municipal a destinação de recursos anuais para a substituição preventiva dos encanamentos da rede de água do município, tendo em vista que boa parte da infraestrutura atual (incluindo trechos de amianto na área central) é antiga e necessita renovação.",Saúde,,Pendente de Análise,
IND-582,201,2024,159ª Sessão Ordinária da 18ª Legislatura,2024-10-29,Terezinha de Lourdes Freitas Regodanso,"Solicita ao Prefeito Municipal a instalação de uma cobertura no banco de espera já existente na Unidade de Estratégia de Saúde da Família (ESF) 3, já que o espaço fica exposto à chuva e ao sol intenso, desmotivando seu uso.",Saúde,,Pendente de Análise,
IND-583,202,2024,159ª Sessão Ordinária da 18ª Legislatura,2024-10-29,Reinaldo Codognato,"Solicita ao Prefeito Municipal a reestruturação do Conselho Municipal da Cultura (instituído por lei de 2014, mas pouco atuante), visando abrir portas para captação de recursos estadual e federal para fortalecer eventos do calendário municipal.",A Classificar,,Pendente de Análise,
IND-584,203,2024,161ª Sessão Ordinária da 18ª Legislatura,2024-11-11,Sofia Rodrigues dos Santos,"Solicita ao Prefeito Municipal que avalie a possibilidade de atribuir o nome do saudoso Milton Tramonte Crenich a uma rua ou ponto de referência do município, em reconhecimento à sua dedicação à atividade rural e à agricultura local.",Agricultura e Meio Rural,,Pendente de Análise,"Data da sessão conforme mencionada repetidamente no texto (11 de novembro de 2024), divergente do nome do arquivo (2024-11-12)."
IND-585,204,2024,161ª Sessão Ordinária da 18ª Legislatura,2024-11-11,Hélio Furini Neto,"Solicita ao Prefeito Municipal a organização de um mutirão de limpeza de bueiros, especialmente nos pontos conhecidos por alagamentos, devido às recentes chuvas.",Obras e Serviços Públicos,,Pendente de Análise,"Data da sessão conforme mencionada repetidamente no texto (11 de novembro de 2024), divergente do nome do arquivo (2024-11-12)."
IND-586,205,2024,161ª Sessão Ordinária da 18ª Legislatura,2024-11-11,Valdir Aparecido de Oliveira,"Solicita ao Prefeito Municipal a construção de uma canaleta na Avenida João Furini, nas proximidades do Residencial Atenas, para melhorar o escoamento das águas.",Obras e Serviços Públicos,,Pendente de Análise,"Data da sessão conforme mencionada repetidamente no texto (11 de novembro de 2024), divergente do nome do arquivo (2024-11-12)."
IND-587,206,2024,161ª Sessão Ordinária da 18ª Legislatura,2024-11-11,Anderson Marcos Viana,"Solicita ao Prefeito Municipal a instalação de sinalização em frente aos Centros de Educação Infantil (CEIs), com vagas prioritárias para cadeirantes e autistas.",Educação,,Pendente de Análise,"Data da sessão conforme mencionada repetidamente no texto (11 de novembro de 2024), divergente do nome do arquivo (2024-11-12)."
IND-588,207,2024,162ª Sessão Ordinária da 18ª Legislatura,2024-11-18,Reinaldo Codognato,"Solicita ao Prefeito Municipal o ajuste das medidas de profundidade das canaletas localizadas em frente ao Centro de Fisioterapia (Avenida Bandeirantes) e na esquina da Rua Goiânia com a Avenida Bandeirantes, devido a relatos de danos a veículos.",A Classificar,,Pendente de Análise,"Data da sessão conforme mencionada no texto (18 de novembro de 2024), divergente do nome do arquivo (2024-11-19)."
IND-589,208,2024,162ª Sessão Ordinária da 18ª Legislatura,2024-11-18,Valdir Aparecido de Oliveira,"Solicita ao Prefeito Municipal a sinalização de solo indicando a velocidade permitida na Rua Rui Barbosa, tendo em vista o aumento do movimento no centro no período de festas de fim de ano.",Trânsito e Mobilidade,,Pendente de Análise,"Data da sessão conforme mencionada no texto (18 de novembro de 2024), divergente do nome do arquivo (2024-11-19)."
IND-590,209,2024,163ª Sessão Ordinária da 18ª Legislatura,2024-11-25,Valdir Aparecido de Oliveira,"Solicita ao Prefeito Municipal a instalação de placa na entrada da cidade com a mensagem ""Esta cidade pertence ao Senhor Jesus"".",A Classificar,,Pendente de Análise,"Data da sessão conforme mencionada no texto (25 de novembro de 2024), divergente do nome do arquivo (2024-11-26)."
IND-591,210,2024,163ª Sessão Ordinária da 18ª Legislatura,2024-11-25,Reinaldo Codognato,"Solicita ao Prefeito Municipal a mobilização de uma equipe da prefeitura para manutenção e limpeza dos centros comunitários do município, ou alternativamente o fornecimento de materiais de limpeza, visando reduzir os custos de locação desses espaços.",A Classificar,,Pendente de Análise,"Data da sessão conforme mencionada no texto (25 de novembro de 2024), divergente do nome do arquivo (2024-11-26)."
IND-592,211,2024,163ª Sessão Ordinária da 18ª Legislatura,2024-11-25,Reinaldo Codognato,Solicita ao Prefeito Municipal providências para o adequado direcionamento de água pluvial na esquina da Avenida Internacional com a Rua São Paulo.,Obras e Serviços Públicos,,Pendente de Análise,"Data da sessão conforme mencionada no texto (25 de novembro de 2024), divergente do nome do arquivo (2024-11-26)."
IND-593,212,2024,163ª Sessão Ordinária da 18ª Legislatura,2024-11-25,"Hélio Furini Neto, Marisa Alves da Silva Costa","Solicita ao Prefeito Municipal a instalação de um playground pet em alguma praça da cidade, com preferência para a Praça do Cristo, para lazer e bem-estar dos animais de estimação.",Meio Ambiente,,Pendente de Análise,"Data da sessão conforme mencionada no texto (25 de novembro de 2024), divergente do nome do arquivo (2024-11-26)."
IND-594,213,2024,164ª Sessão Ordinária da 18ª Legislatura,2024-12-02,Anderson Marcos Viana,"Solicita ao Prefeito Municipal a reimplantação do REFIS, programa de regularização de débitos com o Fisco Municipal, com redução de juros e multas.",A Classificar,,Pendente de Análise,"Data da sessão conforme mencionada no texto (2 de dezembro de 2024), divergente do nome do arquivo (2024-12-03)."
IND-595,214,2024,164ª Sessão Ordinária da 18ª Legislatura,2024-12-02,Terezinha de Lourdes Freitas Regodanso,"Solicita ao Prefeito Municipal a colocação de redutor de velocidade na Rua Santa Terezinha, entre as ruas Recife e São Luís, após atropelamentos de animais e relatos de acidentes por excesso de velocidade.",Trânsito e Mobilidade,,Pendente de Análise,"Data da sessão conforme mencionada no texto (2 de dezembro de 2024), divergente do nome do arquivo (2024-12-03)."
IND-596,215,2024,164ª Sessão Ordinária da 18ª Legislatura,2024-12-02,Terezinha de Lourdes Freitas Regodanso,"Solicita à concessionária Elektro Redes S.A. a poda de árvore localizada na esquina da Rua Santa Terezinha com a Rua Recife, que está encostada na rede elétrica e apresenta risco de queda.",Meio Ambiente,,Pendente de Análise,"Data da sessão conforme mencionada no texto (2 de dezembro de 2024), divergente do nome do arquivo (2024-12-03). Indicação dirigida diretamente à concessionária de energia (Elektro Redes S.A.), e não ao Prefeito Municipal, diferindo do padrão usual de indicação."
IND-597,216,2024,164ª Sessão Ordinária da 18ª Legislatura,2024-12-02,Valdir Aparecido de Oliveira,"Solicita ao Prefeito Municipal que estude, dentro dos parâmetros da Lei de Responsabilidade Fiscal, a concessão de reajuste anual de 12% nos salários dos servidores públicos municipais e vale-alimentação no valor de R$ 1.000, a partir de 1º de janeiro de 2025.",Administração e Finanças,,Pendente de Análise,"Data da sessão conforme mencionada no texto (2 de dezembro de 2024), divergente do nome do arquivo (2024-12-03)."
IND-598,217,2024,164ª Sessão Ordinária da 18ª Legislatura,2024-12-02,Anderson Marcos Viana,"Solicita ao Prefeito Municipal a implantação de ao menos duas vagas exclusivas para motos em serviço de carga e descarga em cada quarteirão da Rua Rui Barbosa, beneficiando motoboys e entregadores.",A Classificar,,Pendente de Análise,"Data da sessão conforme mencionada no texto (2 de dezembro de 2024), divergente do nome do arquivo (2024-12-03)."
IND-599,218,2024,164ª Sessão Ordinária da 18ª Legislatura,2024-12-02,Reinaldo Codognato,"Solicita ao Prefeito Municipal melhorias nos pontos críticos de alagamento da estrada rural do bairro Juriti, onde trechos estão abaixo do nível das saídas de água.",Obras e Serviços Públicos,,Pendente de Análise,"Data da sessão conforme mencionada no texto (2 de dezembro de 2024), divergente do nome do arquivo (2024-12-03)."
IND-600,219,2024,164ª Sessão Ordinária da 18ª Legislatura,2024-12-02,Reinaldo Codognato,"Solicita ao Prefeito Municipal melhorias no escoamento de água da Rua da Amora, esquina com a Rua do Caju, devido a alagamentos frequentes que afetam residências da região.",A Classificar,,Pendente de Análise,"Data da sessão conforme mencionada no texto (2 de dezembro de 2024), divergente do nome do arquivo (2024-12-03)."
IND-601,220,2024,165ª Sessão Ordinária da 18ª Legislatura,2024-12-09,Reinaldo Codognato,"Solicita ao Prefeito Municipal que, em conjunto com a Associação Comercial e Empresarial de Junqueirópolis (ACE), estabeleça vagas para carga e descarga no quadrilátero central da cidade.",A Classificar,,Pendente de Análise,"Data da sessão conforme mencionada no texto (9 de dezembro de 2024), divergente do nome do arquivo (2024-12-10)."
IND-602,221,2024,165ª Sessão Ordinária da 18ª Legislatura,2024-12-09,Terezinha de Lourdes Freitas Regodanso,"Solicita ao Prefeito Municipal melhorias no telhado e nas paredes da Biblioteca Municipal, em razão de infiltrações no período de chuva, além de reforma geral para proteger o acervo.",Educação,,Pendente de Análise,"Data da sessão conforme mencionada no texto (9 de dezembro de 2024), divergente do nome do arquivo (2024-12-10)."
IND-603,222,2024,165ª Sessão Ordinária da 18ª Legislatura,2024-12-09,Sofia Rodrigues dos Santos,"Solicita ao Prefeito Municipal a denominação da Casa do Artesanato do município com o nome da saudosa Amélia Cavite Pinato, que foi responsável pela direção do local por muitos anos.",A Classificar,,Pendente de Análise,"Data da sessão conforme mencionada no texto (9 de dezembro de 2024), divergente do nome do arquivo (2024-12-10)."
IND-604,223,2024,165ª Sessão Ordinária da 18ª Legislatura,2024-12-09,Anderson Marcos Viana,"Solicita ao Prefeito Municipal providências quanto à pavimentação asfáltica que está se desintegrando no final da Avenida Junqueira (Jardim Alvorada), recém-recapeada, e quanto à erosão que está se formando nas proximidades da vicinal João Furini, próximo ao mini campo do Jardim Boa Vista, com risco de assoreamento do córrego Culebri.",Obras e Serviços Públicos,,Pendente de Análise,"Data da sessão conforme mencionada no texto (9 de dezembro de 2024), divergente do nome do arquivo (2024-12-10)."
IND-605,224,2024,165ª Sessão Ordinária da 18ª Legislatura,2024-12-09,Reinaldo Codognato,"Solicita ao Prefeito Municipal a disponibilização de rádios comunicadores aos motoristas do transporte escolar, para uso em locais sem sinal de telefonia celular.",Educação,,Pendente de Análise,"Data da sessão conforme mencionada no texto (9 de dezembro de 2024), divergente do nome do arquivo (2024-12-10)."
IND-606,225,2024,166ª Sessão Ordinária da 18ª Legislatura,2024-12-16,"Anderson Marcos Viana, Valdir Aparecido de Oliveira","Solicita ao Prefeito Municipal que estude junto ao setor competente a instituição, no calendário de eventos do município, de uma festa cristã anual, com programação cultural diversificada (shows de cantores cristãos e artistas locais), praça de alimentação destinada exclusivamente a entidades beneficentes locais, e a formação de uma comissão organizadora com representantes das comunidades cristãs, entidades beneficentes e órgãos públicos, buscando parcerias e verba específica para o evento.",Meio Ambiente,,Pendente de Análise,"Sessão realizada em 16/12/2024 (166ª Sessão Ordinária), conforme texto da transcrição, embora o arquivo de áudio/transcrição seja datado de 17/12/2024 (dia da gravação/postagem). Indicação apresentada na Secretaria da Câmara em 12 de dezembro de 2024."
IND-607,001,2025,1ª Sessão Ordinária da 19ª Legislatura,2025-02-03,Renato Vieira de Brito,"Troca do gramado do campo de futebol do bairro Cristo Redentor e do centro esportivo do bairro Jardim Esperança, além da instalação de banheiros para uso dos esportistas no campo do Cristo Redentor.",Meio Ambiente,,Pendente de Análise,
IND-608,002,2025,1ª Sessão Ordinária da 19ª Legislatura,2025-02-03,Reinaldo Codognato,"Implementação de sistema de iluminação e irrigação na pista de motocross, substituindo o uso de caminhão-pipa e beneficiando os pilotos e o esporte local.",Saúde,,Pendente de Análise,
IND-609,003,2025,1ª Sessão Ordinária da 19ª Legislatura,2025-02-03,Reinaldo Codognato,"Substituição do playground da praça situada no bairro residencial Vale do Sol, garantindo segurança e ambiente adequado ao lazer infantil.",Saúde,,Pendente de Análise,
IND-610,004,2025,1ª Sessão Ordinária da 19ª Legislatura,2025-02-03,"Adriano de Marcos Lopes, Anderson Marcos Viana, Teresinha de Lourdes Freitas Regodanso","Instalação de semáforos em dois cruzamentos: Avenida 7 de Setembro com a Rua 15 (próximo a ginásio de esportes e supermercado) e Avenida Junqueira com a mesma rua (acesso à Igreja Matriz), locais de grande movimento e risco de acidentes.",Trânsito e Mobilidade,,Pendente de Análise,nome da rua transcrito de forma inconsistente ('Rua 15 do Acunha' / '15 da Cunha') - possivelmente 'Rua Quinze de Novembro' ou outro nome corrompido na transcrição.
IND-611,005,2025,1ª Sessão Ordinária da 19ª Legislatura,2025-02-03,"Teresinha de Lourdes Freitas Regodanso, Adriano de Marcos Lopes, Anderson Marcos Viana","Instalação de fita de isolamento zebrada para sinalização e de corrimão próximo ao palco do Centro de Formação Educacional (CFE), para maior segurança de idosos e crianças.",Trânsito e Mobilidade,,Pendente de Análise,
IND-612,006,2025,1ª Sessão Ordinária da 19ª Legislatura,2025-02-03,"Teresinha de Lourdes Freitas Regodanso, Adriano de Marcos Lopes, Anderson Marcos Viana","Recapeamento asfáltico da via Doutor José Siniciato, com atenção especial à revitalização da sinalização de solo; via de acesso a propriedades agrícolas, à chácara Vale Verde e à cooperativa de catadores de materiais recicláveis (Cooper Junque).",Trânsito e Mobilidade,,Pendente de Análise,nome da via ('Doutor José Siniciato' / 'José S. Iniciato') pode estar incompleto ou incorreto na transcrição.
IND-613,007,2025,1ª Sessão Ordinária da 19ª Legislatura,2025-02-03,"Anderson Marcos Viana, Adriano de Marcos Lopes, Teresinha de Lourdes Freitas Regodanso","Concessão de tíquete-alimentação aos funcionários do Conselho Tutelar, como reconhecimento pelo trabalho de proteção às crianças e adolescentes.",A Classificar,,Pendente de Análise,
IND-614,008,2025,1ª Sessão Ordinária da 19ª Legislatura,2025-02-03,"Anderson Marcos Viana, Adriano de Marcos Lopes, Teresinha de Lourdes Freitas Regodanso","Garantia de transporte escolar para crianças uniformizadas nos pontos de ônibus, mesmo que não residam dentro da metragem mínima exigida pela legislação educacional.",Educação,,Pendente de Análise,
IND-615,009,2025,1ª Sessão Ordinária da 19ª Legislatura,2025-02-03,"Adriano de Marcos Lopes, Anderson Marcos Viana, Teresinha de Lourdes Freitas Regodanso","Elevação de bueiro/grelha de ferro que está abaixo do nível do asfalto em avenida do município, próximo a uma sorveteria, representando risco de acidente principalmente para motociclistas.",Obras e Serviços Públicos,,Pendente de Análise,Número da indicação aparecia como '019' no texto integral; corrigido para 009 pelo contexto sequencial.
IND-616,010,2025,1ª Sessão Ordinária da 19ª Legislatura,2025-02-03,Reinaldo Codognato,"Reforma geral na unidade de Estratégia de Saúde da Família (ESF-1): troca de telhado com goteiras, reparo de infiltrações, renovação do piso, solução do problema de esgoto com mau cheiro e ampliação do espaço físico, que atende mais de 2.500 pessoas.",Saúde,,Pendente de Análise,
IND-617,011,2025,1ª Sessão Ordinária da 19ª Legislatura,2025-02-03,Renato Vieira de Brito,"Instalação de ponto de iluminação no prolongamento da Rua Constantino Marcos de Souza, no sentido do Mercadinho Pioneiros, via de acesso aos bairros Delta Ville 1 e 2.",A Classificar,,Pendente de Análise,
IND-618,012,2025,2ª Sessão Ordinária da 19ª Legislatura,2025-02-10,Elizeu Adriano,"Reparos no calçamento ao redor da farmácia municipal e instalação de faixa de pedestres em frente ao local; caso a administração não possa executar os reparos, sugere notificar o proprietário do imóvel para as devidas melhorias.",Saúde,,Pendente de Análise,
IND-619,013,2025,2ª Sessão Ordinária da 19ª Legislatura,2025-02-10,Bruno Herreira,Nomeação da Divisão de Educação Municipal de Junqueirópolis em homenagem ao saudoso professor Antônio Carlos Martins Pereira.,Educação,,Pendente de Análise,
IND-620,014,2025,2ª Sessão Ordinária da 19ª Legislatura,2025-02-10,Bruno Herreira,"Instalação de redutor de velocidade na Rua General Osório, no trecho entre a Rua São Luís e a Rua das Américas, área movimentada e próxima a bares.",Trânsito e Mobilidade,,Pendente de Análise,
IND-621,015,2025,2ª Sessão Ordinária da 19ª Legislatura,2025-02-10,"Teresinha de Lourdes Freitas Regodanso, Adriano de Marcos Lopes, Anderson Marcos Viana","Melhorias no parque ecológico, incluindo reparo dos aparelhos de ginástica da academia ao ar livre e plantio de novas árvores para substituir as que secaram.",Saúde,,Pendente de Análise,
IND-622,016,2025,2ª Sessão Ordinária da 19ª Legislatura,2025-02-10,"Teresinha de Lourdes Freitas Regodanso, Adriano de Marcos Lopes, Anderson Marcos Viana","Melhorias no complexo esportivo do Jardim Alvorada: instalação de playground, plantio de árvores frutíferas e implantação de câmeras de monitoramento.",Meio Ambiente,,Pendente de Análise,
IND-623,017,2025,2ª Sessão Ordinária da 19ª Legislatura,2025-02-10,"Teresinha de Lourdes Freitas Regodanso, Adriano de Marcos Lopes, Anderson Marcos Viana","Denominação do complexo esportivo do bairro Jardim Alvorada em homenagem à saudosa professora Maria das Dores Barbosa Estopa, conhecida como 'Dona Dorinha'.",Educação,,Pendente de Análise,
IND-624,018,2025,2ª Sessão Ordinária da 19ª Legislatura,2025-02-10,Renato Vieira de Brito,"Implantação de um parque temático de dinossauros no bosque municipal, com réplicas de diferentes espécies, para torná-lo mais atrativo e transformá-lo em ponto turístico.",Meio Ambiente,,Pendente de Análise,
IND-625,019,2025,2ª Sessão Ordinária da 19ª Legislatura,2025-02-10,Renato Vieira de Brito,"Instalação de caixa de areia no playground da área verde do bairro Delta Ville II, além da colocação de três jogos de mesa próximos ao local.",Meio Ambiente,,Pendente de Análise,
IND-626,020,2025,2ª Sessão Ordinária da 19ª Legislatura,2025-02-10,Renato Vieira de Brito,Inclusão de agasalho e de um par de tênis nos uniformes entregues aos alunos da rede municipal.,Educação,,Pendente de Análise,
IND-627,021,2025,2ª Sessão Ordinária da 19ª Legislatura,2025-02-10,"Bruno Herreira, Samir Edson Tino","Ampliação da cobertura na área de saída dos alunos da Escola Municipal Professor Jair Luiz da Silva, hoje estreita e insuficiente para proteger contra chuva e sol.",Educação,,Pendente de Análise,
IND-628,022,2025,2ª Sessão Ordinária da 19ª Legislatura,2025-02-10,"Anderson Marcos Viana, Adriano de Marcos Lopes, Teresinha de Lourdes Freitas Regodanso","Ajuste do horário da coleta de resíduos para o período noturno, atendendo pedido dos coletores devido às altas temperaturas, e adequação do horário de almoço da equipe.",Meio Ambiente,,Pendente de Análise,
IND-629,023,2025,2ª Sessão Ordinária da 19ª Legislatura,2025-02-10,"Anderson Marcos Viana, Adriano de Marcos Lopes, Teresinha de Lourdes Freitas Regodanso","Modificação do projeto da usina fotovoltaica, priorizando a instalação de placas solares nos telhados dos centros educacionais infantis e escolas municipais em vez do bairro Duas Barras, mais afastado e de instalação mais custosa.",Educação,,Pendente de Análise,
IND-630,024,2025,2ª Sessão Ordinária da 19ª Legislatura,2025-02-10,"Reinaldo Codognato, Bruno Herreira, Edvaldo Aparecido Carvalho, Elizeu Adriano, Renato Vieira de Brito, Samir Edson Tino","Aumento do valor repassado a entidades assistenciais do município por meio de termos de colaboração, como o Centro Comunitário Semeando a Vida, a SAICA Semear, o Lar Santa Teresinha e a Associação Santo Antônio (Lar dos Idosos).",A Classificar,,Pendente de Análise,nomes de algumas entidades assistenciais podem conter pequenas imprecisões de transcrição.
IND-631,025,2025,2ª Sessão Ordinária da 19ª Legislatura,2025-02-10,Reinaldo Codognato,"Construção de banheiros no complexo esportivo do município, atendendo usuários da academia ao ar livre, da quadra de vôlei de areia, do campo e dos torcedores que acompanham os jogos.",Obras e Serviços Públicos,,Pendente de Análise,nome do complexo esportivo aparece como 'Joaquim na Porto Clemente' no texto integral e 'Joaquina Porto Clemente' no resumo do expediente - provável erro de transcrição do nome oficial do local.
IND-632,026,2025,2ª Sessão Ordinária da 19ª Legislatura,2025-02-10,Reinaldo Codognato,"Criação de espaço cultural descentralizado no bairro Jardim dos Pássaros (entre as ruas Nosélia e Curumbá), para exposições, workshops, apresentações musicais e teatro, funcionando também como centro comunitário.",Meio Ambiente,,Pendente de Análise,nomes das ruas ('no Sélia e Curumbá') podem estar imprecisos na transcrição.
IND-633,027,2025,2ª Sessão Ordinária da 19ª Legislatura,2025-02-10,"Samir Edson Tino, Bruno Herreira","Apoio e incentivo ao grupo de ciclistas 'Vai na Marra', que realiza eventos solidários em prol de entidades como a Santa Casa de Misericórdia, por meio de cessão de espaços públicos, apoio logístico e divulgação nas redes oficiais da prefeitura.",A Classificar,,Pendente de Análise,
IND-634,028,2025,2ª Sessão Ordinária da 19ª Legislatura,2025-02-10,Samir Edson Tino,"Implementação de faixa elevada em frente à Escola Estadual Professor Geraldo Pecorari, na Rua Duque de Caxias, semelhante à já existente em frente à Escola Estadual Professor Idenê Rodrigues dos Santos.",Educação,,Pendente de Análise,
IND-635,029,2025,2ª Sessão Ordinária da 19ª Legislatura,2025-02-10,Samir Edson Tino,"Implementação de lombada na Avenida Rio Branco, no cruzamento com a Rua das Américas, trecho de grande fluxo de veículos.",Trânsito e Mobilidade,,Pendente de Análise,
IND-636,030,2025,2ª Sessão Ordinária da 19ª Legislatura,2025-02-10,"Adriano de Marcos Lopes, Anderson Marcos Viana, Teresinha de Lourdes Freitas Regodanso","Fornecimento de carteirinha funcional para os servidores públicos municipais, facilitando a comprovação de vínculo em entradas com desconto sem necessidade de apresentar holerite.",Administração e Finanças,,Pendente de Análise,
IND-637,031,2025,2ª Sessão Ordinária da 19ª Legislatura,2025-02-10,"Adriano de Marcos Lopes, Anderson Marcos Viana, Teresinha de Lourdes Freitas Regodanso","Implantação de central de monitoramento para acompanhamento em tempo real das câmeras instaladas em praças e pontos públicos, com ampliação do sistema mediante novas câmeras em locais estratégicos.",Meio Ambiente,,Pendente de Análise,
IND-638,032,2025,2ª Sessão Ordinária da 19ª Legislatura,2025-02-10,"Adriano de Marcos Lopes, Anderson Marcos Viana, Teresinha de Lourdes Freitas Regodanso","Construção de cobertura no Centro Educacional Infantil 'Nosso Teto', no trecho que liga o pátio às novas salas construídas, protegendo alunos, professores e pais de chuva e sol.",Educação,,Pendente de Análise,
IND-639,033,2025,3ª Sessão Ordinária da 19ª Legislatura,2025-02-17,"Edvaldo Aparecido Carvalho, Bruno Herreira, Elizeu Adriano, Reinaldo Codognato, Renato Vieira de Brito, Samir Edson Tino","Adoção de frente de trabalho, inclusive com possível terceirização de demandas emergenciais, para resolver problemas urgentes do município, com atenção especial ao combate à dengue, manutenção de vias e limpeza de espaços públicos.",A Classificar,,Pendente de Análise,
IND-640,034,2025,3ª Sessão Ordinária da 19ª Legislatura,2025-02-17,Reinaldo Codognato,"Solução para o forte odor de esgoto que volta às casas próximas ao cruzamento da Avenida Marconi com a Rua Ipiranga, no bairro Alto do Sene, possivelmente ligado ao bombeamento das estações elevatórias da região.",Obras e Serviços Públicos,,Pendente de Análise,
IND-641,035,2025,3ª Sessão Ordinária da 19ª Legislatura,2025-02-17,"Reinaldo Codognato, Bruno Herreira, Edvaldo Aparecido Carvalho, Elizeu Adriano, Renato Vieira de Brito, Samir Edson Tino","Estabelecer que novas pinturas de prédios públicos sigam as cores predominantes da bandeira municipal, conforme o artigo 2º da Lei Municipal nº 2915, de 2 de setembro de 2014.",A Classificar,,Pendente de Análise,
IND-642,036,2025,3ª Sessão Ordinária da 19ª Legislatura,2025-02-17,"Reinaldo Codognato, Bruno Herreira, Edvaldo Aparecido Carvalho, Elizeu Adriano, Renato Vieira de Brito, Samir Edson Tino","Revitalização da Praça do Centenário, com atenção especial à qualidade do solo, além da instalação de câmeras de monitoramento e rede Wi-Fi gratuita.",Meio Ambiente,,Pendente de Análise,
IND-643,037,2025,3ª Sessão Ordinária da 19ª Legislatura,2025-02-17,"Bruno Herreira, Samir Edson Tino",Implantação de lombofaixa em frente à Escola Municipal Professora Neide Massê do Brandão Fernandes.,Educação,,Pendente de Análise,nome da escola pode estar incompleto/impreciso na transcrição ('Neide Massé do Brandão Fernandes').
IND-644,038,2025,3ª Sessão Ordinária da 19ª Legislatura,2025-02-17,"Teresinha de Lourdes Freitas Regodanso, Adriano de Marcos Lopes, Anderson Marcos Viana","Medidas para conter o volume de água de chuva que desce da linha do trem em direção à Avenida Junqueira (cruzamento com a Rua das Perdizes) e à Rua Salvador, no bairro Jardim dos Pássaros, alagando residências.",Meio Ambiente,,Pendente de Análise,
IND-645,039,2025,3ª Sessão Ordinária da 19ª Legislatura,2025-02-17,"Anderson Marcos Viana, Adriano de Marcos Lopes, Teresinha de Lourdes Freitas Regodanso","Denominação do recinto de rodeio ('recinto da seruva') com o nome do saudoso Hélio Aparecido Mendes Furini, em homenagem à sua contribuição ao município.",A Classificar,,Pendente de Análise,
IND-646,040,2025,3ª Sessão Ordinária da 19ª Legislatura,2025-02-17,"Anderson Marcos Viana, Adriano de Marcos Lopes, Teresinha de Lourdes Freitas Regodanso",Criação de estacionamento exclusivo para motos no centro da cidade.,Trânsito e Mobilidade,,Pendente de Análise,
IND-647,041,2025,3ª Sessão Ordinária da 19ª Legislatura,2025-02-17,"Anderson Marcos Viana, Adriano de Marcos Lopes, Teresinha de Lourdes Freitas Regodanso","Continuidade das obras de recuperação do asfalto em locais onde houve corte para construção de lombadas e ainda não foram finalizadas, e implantação de novas lombadas em frente a centros educacionais infantis e escolas municipais.",Educação,,Pendente de Análise,
IND-648,042,2025,3ª Sessão Ordinária da 19ª Legislatura,2025-02-17,"Adriano de Marcos Lopes, Anderson Marcos Viana, Teresinha de Lourdes Freitas Regodanso","Implementação de banheiro e bebedouros (para pessoas e animais) na Praça do Bairro Cristo Redentor e na Praça Álvaro de Oliveira Junqueira, além de sistema de monitoramento contra vandalismo.",Meio Ambiente,,Pendente de Análise,nome de via 'Avenida Geral do Fudo' aparece de forma idêntica na indicação 009 da sessão de 03/02/2025 e permanece com grafia suspeita - provável nome real de avenida transcrito incorretamente pelo Whisper.
IND-649,043,2025,3ª Sessão Ordinária da 19ª Legislatura,2025-02-17,"Adriano de Marcos Lopes, Anderson Marcos Viana, Teresinha de Lourdes Freitas Regodanso","Criação de programa, em parceria com a Diretoria de Assistência Social e Indústria/Comércio e com a Associação Comercial Empresarial de Junqueirópolis, para banco de dados de currículos e vagas de emprego abertas no município.",A Classificar,,Pendente de Análise,
IND-650,044,2025,3ª Sessão Ordinária da 19ª Legislatura,2025-02-17,"Adriano de Marcos Lopes, Anderson Marcos Viana, Teresinha de Lourdes Freitas Regodanso","Implementação de um time de base de futebol em Junqueirópolis, com treinamentos e infraestrutura necessária para o desenvolvimento de jovens talentos locais.",A Classificar,,Pendente de Análise,
IND-651,045,2025,4ª Sessão Ordinária da 19ª Legislatura,2025-02-24,"Anderson Marcos Viana, Adriano de Marcos Lopes, Teresinha de Lourdes Freitas Regodanso","Aquisição de testes de Covid-19 para a rede municipal de saúde, diante do aumento de casos e da proximidade do carnaval.",Saúde,,Pendente de Análise,
IND-652,046,2025,4ª Sessão Ordinária da 19ª Legislatura,2025-02-24,"Anderson Marcos Viana, Adriano de Marcos Lopes, Teresinha de Lourdes Freitas Regodanso","Fornecimento de alimentação (lanche ou refeição) aos pacientes que se deslocam para exames ou retornos médicos por meio da ambulância municipal, para humanizar o atendimento.",Saúde,,Pendente de Análise,
IND-653,047,2025,4ª Sessão Ordinária da 19ª Legislatura,2025-02-24,"Anderson Marcos Viana, Adriano de Marcos Lopes, Teresinha de Lourdes Freitas Regodanso",Instalação de portão com tela na entrada principal do Centro Educacional Infantil Raio de Luz.,A Classificar,,Pendente de Análise,
IND-654,048,2025,4ª Sessão Ordinária da 19ª Legislatura,2025-02-24,"Samir Edson Tino, Teresinha de Lourdes Freitas Regodanso","Construção ou aquisição de imóvel para instalação de uma creche municipal do idoso (centro-dia), oferecendo convivência e cuidado durante o período em que os familiares trabalham.",Educação,,Pendente de Análise,
IND-655,049,2025,4ª Sessão Ordinária da 19ª Legislatura,2025-02-24,"Samir Edson Tino, Bruno Herreira","Reforma do espaço no recinto de rodeio (recinto da seruva) onde antes eram realizadas provas de laço, para retomar a modalidade, e proposta de implantação de projeto de ecoterapia no local para pessoas com necessidades especiais.",Obras e Serviços Públicos,,Pendente de Análise,
IND-656,050,2025,4ª Sessão Ordinária da 19ª Legislatura,2025-02-24,Renato Vieira de Brito,"Instalação de placa de carga e descarga nas proximidades de empresa na Rua São Salvador nº 882-A, devido ao alto volume diário de entrega de pacotes (revendedores do Mercado Livre).",A Classificar,,Pendente de Análise,
IND-657,051,2025,4ª Sessão Ordinária da 19ª Legislatura,2025-02-24,"Teresinha de Lourdes Freitas Regodanso, Adriano de Marcos Lopes, Anderson Marcos Viana","Manutenção do telhado e das paredes da biblioteca municipal, além de reforma geral, devido a infiltrações recorrentes nos períodos de chuva.",Educação,,Pendente de Análise,
IND-658,052,2025,4ª Sessão Ordinária da 19ª Legislatura,2025-02-24,"Teresinha de Lourdes Freitas Regodanso, Adriano de Marcos Lopes, Anderson Marcos Viana","Reforma dos vestiários do Estádio Municipal Rafael Capelli, incluindo troca de pisos, instalação de novos chuveiros e sanitários, e adaptações para pessoas com deficiência ou mobilidade reduzida.",Trânsito e Mobilidade,,Pendente de Análise,
IND-659,053,2025,4ª Sessão Ordinária da 19ª Legislatura,2025-02-24,"Reinaldo Codognato, Bruno Herreira, Edvaldo Aparecido Carvalho, Elizeu Adriano, Renato Vieira de Brito, Samir Edson Tino",Destinação de recursos anuais para substituição preventiva dos encanamentos da rede de água do município; reavaliação da rota de bombeamento de esgoto nos bairros Alto do Sene e Jardim dos Pássaros; e limpeza das lagoas de tratamento do Matadouro e do Carreiro.,Saúde,,Pendente de Análise,
IND-660,054,2025,4ª Sessão Ordinária da 19ª Legislatura,2025-02-24,"Reinaldo Codognato, Bruno Herreira, Edvaldo Aparecido Carvalho, Elizeu Adriano, Renato Vieira de Brito, Samir Edson Tino","Promoção de ações de conscientização e educação para o trânsito sobre o uso seguro de bicicletas elétricas no município, diante do aumento de acidentes envolvendo esses veículos.",Educação,,Pendente de Análise,
IND-661,055,2025,4ª Sessão Ordinária da 19ª Legislatura,2025-02-24,"Bruno Herreira, Anderson Marcos Viana","Manutenção do piso da Praça Central Álvaro de Oliveira Junqueira, com reposição de pedras soltas e nivelamento de buracos que representam risco de queda, especialmente para idosos.",Obras e Serviços Públicos,,Pendente de Análise,
IND-662,056,2025,4ª Sessão Ordinária da 19ª Legislatura,2025-02-24,"Reinaldo Codognato, Bruno Herreira, Edvaldo Aparecido Carvalho, Elizeu Adriano, Renato Vieira de Brito, Samir Edson Tino",Criação de equipe braçal para auxiliar a equipe responsável pela manutenção das estradas rurais do município.,A Classificar,,Pendente de Análise,
IND-663,057,2025,5ª Sessão Ordinária da 19ª Legislatura,2025-03-05,Reinaldo Codognato,"Início de aulas de skate no município, incentivando a prática esportiva de forma segura e orientada.",Esporte e Lazer,,Pendente de Análise,
IND-664,058,2025,5ª Sessão Ordinária da 19ª Legislatura,2025-03-05,Reinaldo Codognato,"Aquisição de novos brinquedos para os Centros de Educação Infantil (CEIs) do município, renovando e ampliando os equipamentos existentes.",Educação,,Pendente de Análise,
IND-665,059,2025,5ª Sessão Ordinária da 19ª Legislatura,2025-03-05,Reinaldo Codognato,"Implementação de estacionamento para deficientes na Avenida Belo Horizonte, na altura do número 883, próximo a uma clínica de fisioterapia/Pilates.",Saúde,,Pendente de Análise,
IND-666,060,2025,5ª Sessão Ordinária da 19ª Legislatura,2025-03-05,"Anderson Marcos Viana, Adriano de Marcos Lopes, Teresinha de Lourdes Freitas Regodanso","Inclusão, na Lei Orçamentária Anual (LOA), de dotação orçamentária para programas de reconstrução e pequenas reformas de residências de famílias carentes, conforme a Lei Municipal nº 2791/2012.",Obras e Serviços Públicos,,Pendente de Análise,
IND-667,061,2025,5ª Sessão Ordinária da 19ª Legislatura,2025-03-05,"Anderson Marcos Viana, Adriano de Marcos Lopes, Teresinha de Lourdes Freitas Regodanso","Implementação de área de lazer com aparelhos de ginástica e brinquedos infantis nas proximidades ou dentro do Estádio Municipal Rafael Capelli, repondo estrutura antiga que foi retirada com o tempo.",Esporte e Lazer,,Pendente de Análise,
IND-668,062,2025,5ª Sessão Ordinária da 19ª Legislatura,2025-03-05,"Anderson Marcos Viana, Adriano de Marcos Lopes, Teresinha de Lourdes Freitas Regodanso","Verificação da situação contratual da empresa responsável pela obra no local conhecido como 'Buracão', na Rua Internacional, cobrando a finalização dos serviços pendentes, já que o buraco se agrava a cada período de chuvas.",Obras e Serviços Públicos,,Pendente de Análise,
IND-669,063,2025,5ª Sessão Ordinária da 19ª Legislatura,2025-03-05,"Teresinha de Lourdes Freitas Regodanso, Anderson Marcos Viana, Adriano de Marcos Lopes","Retorno das aulas de passinho que ocorriam no ano anterior, para fortalecer a expressão artística no município.",A Classificar,,Pendente de Análise,
IND-670,064,2025,5ª Sessão Ordinária da 19ª Legislatura,2025-03-05,Renato Vieira de Brito,"Realização de inscrição do município, por meio do Ministério da Saúde, no programa Mais Médicos do governo federal, para reforçar o atendimento na rede pública de saúde sem gerar despesa aos cofres municipais.",Saúde,,Pendente de Análise,
IND-671,065,2025,5ª Sessão Ordinária da 19ª Legislatura,2025-03-05,Bruno Herreira,"Concessão de diária em valor fixo aos motoristas servidores públicos municipais em deslocamentos da sede do município, substituindo o atual sistema de comprovação de despesas por nota fiscal.",Saúde,,Pendente de Análise,
IND-672,066,2025,5ª Sessão Ordinária da 19ª Legislatura,2025-03-05,"Bruno Herreira, Samir Edson Tino, Elizeu Adriano","Compra ou locação de imóvel urbano próximo ao Hospital Regional de Oncologia (Hospital de Esperança) em Presidente Prudente, para funcionar como casa de apoio a pacientes de Junqueirópolis em tratamento de saúde, a exemplo da casa de apoio existente em Jaú.",Saúde,,Pendente de Análise,
IND-673,067,2025,5ª Sessão Ordinária da 19ª Legislatura,2025-03-05,"Samir Edson Tino, Renato Vieira de Brito","Aquisição de caminhão de trabalho equipado com ferramentas (betoneira, furadeira, serra elétrica, compressor de ar, entre outras) para realizar serviços e obras da cidade.",Obras e Serviços Públicos,,Pendente de Análise,
IND-674,068,2025,5ª Sessão Ordinária da 19ª Legislatura,2025-03-05,Renato Vieira de Brito,"Implementação de lombofaixa na Avenida Bandeirantes, em frente ao prédio de fisioterapia, na pista no sentido bairro-centro.",A Classificar,,Pendente de Análise,
IND-675,069,2025,5ª Sessão Ordinária da 19ª Legislatura,2025-03-05,Samir Edson Tino,"Desenvolvimento de aplicativo oficial de Junqueirópolis para facilitar o acesso a serviços públicos, denúncias (ex.: focos do mosquito da dengue) e eventos locais, tendo como exemplo o aplicativo SP156 do Estado de São Paulo.",A Classificar,,Pendente de Análise,
IND-676,070,2025,6ª Sessão Ordinária da 19ª Legislatura,2025-03-10,"Anderson Marcos Viana, Adriano de Marcos Lopes, Teresinha de Lourdes Freitas Regodanso","Solicita a instalação de uma farmácia dentro do pronto-socorro, com construção de repartição específica e presença de farmacêutico, para que pacientes já saiam da consulta com os medicamentos em mãos.",Saúde,,Pendente de Análise,
IND-677,071,2025,6ª Sessão Ordinária da 19ª Legislatura,2025-03-10,"Anderson Marcos Viana, Adriano de Marcos Lopes, Teresinha de Lourdes Freitas Regodanso","Solicita manutenção do sistema de lazer localizado na Rua Augusto Escosa Nogueira com a Rua Alfredo Silva Santos, no bairro Jardim Boa Vista, incluindo substituição do playground, reforço da iluminação e retirada de árvore morta.",Saúde,,Pendente de Análise,
IND-678,072,2025,6ª Sessão Ordinária da 19ª Legislatura,2025-03-10,"Anderson Marcos Viana, Adriano de Marcos Lopes, Teresinha de Lourdes Freitas Regodanso","Solicita manutenção do Centro Comunitário do bairro Cristo Redentor, pedido já feito em anos anteriores, para que o espaço volte a funcionar plenamente.",A Classificar,,Pendente de Análise,
IND-679,073,2025,6ª Sessão Ordinária da 19ª Legislatura,2025-03-10,Reinaldo Codognato,"Solicita a realocação da academia ao ar livre instalada no bairro Duas Barras no ano passado para as proximidades da caixa d'água de abastecimento do bairro, propondo ainda que a academia seja denominada em homenagem à saudosa Sandra Gonçalves Amaral, pioneira do bairro.",Esporte e Lazer,,Pendente de Análise,
IND-680,074,2025,6ª Sessão Ordinária da 19ª Legislatura,2025-03-10,Reinaldo Codognato,"Solicita a implantação de lixeiras nas proximidades da área comercial onde ficam os comerciantes de rua no bairro Cristo Redentor, visando manutenção da limpeza e preservação ambiental.",A Classificar,,Pendente de Análise,
IND-681,075,2025,6ª Sessão Ordinária da 19ª Legislatura,2025-03-10,Reinaldo Codognato,"Solicita a cobertura da academia ao ar livre do município, proporcionando mais conforto aos usuários, reduzindo exposição ao sol e evitando deterioração dos aparelhos.",Esporte e Lazer,,Pendente de Análise,
IND-682,076,2025,6ª Sessão Ordinária da 19ª Legislatura,2025-03-10,Renato Vieira de Brito,"Solicita a instalação de pequenos parques aquáticos gratuitos em todas as unidades dos centros educacionais infantis, para atividades recreativas que amenizem o calor e estimulem o desenvolvimento motor e social das crianças.",Meio Ambiente,,Pendente de Análise,
IND-683,077,2025,6ª Sessão Ordinária da 19ª Legislatura,2025-03-10,Samir Edson Tino,"Solicita transformar algumas ruas do centro em áreas temáticas/pedestres aos finais de semana, com decorações, música ao vivo e espaço para food truck, visando atrair público e impulsionar o comércio local.",A Classificar,,Pendente de Análise,
IND-684,078,2025,6ª Sessão Ordinária da 19ª Legislatura,2025-03-10,Samir Edson Tino,"Solicita a criação de um espaço de coworking para pequenos empreendedores e startups, oferecendo infraestrutura como mesas, internet, salas de reunião e mentoria.",A Classificar,,Pendente de Análise,
IND-685,079,2025,6ª Sessão Ordinária da 19ª Legislatura,2025-03-10,"Teresinha de Lourdes Freitas Regodanso, Adriano de Marcos Lopes, Anderson Marcos Viana","Solicita a poda das árvores localizadas ao redor da Escola Municipal, visando melhorar a visibilidade, garantir a segurança dos alunos e evitar danos à estrutura da escola.",Educação,,Pendente de Análise,"O nome da escola aparece corrompido/inconsistente na transcrição ('professor André de Maceira do Brandão Fernandes' no resumo do Expediente; 'professora Nadine Macedo Brandão Fernandes' no texto integral). Em sessões posteriores (indicação 101, de 24/03/2025) a mesma escola aparece grafada como 'Escola Municipal Neide Macedo Brandão Fernandes', que é provavelmente o nome correto."
IND-686,080,2025,6ª Sessão Ordinária da 19ª Legislatura,2025-03-10,"Teresinha de Lourdes Freitas Regodanso, Adriano de Marcos Lopes, Anderson Marcos Viana","Solicita a instalação de ninhos artificiais (caixotes) nas palmeiras imperiais e demais árvores constantemente visitadas por araras, para evitar que as aves destruam as copas das palmeiras, de forma semelhante ao realizado em Santa Fé do Sul.",Meio Ambiente,,Pendente de Análise,
IND-687,081,2025,6ª Sessão Ordinária da 19ª Legislatura,2025-03-10,"Adriano de Marcos Lopes, Anderson Marcos Viana, Teresinha de Lourdes Freitas Regodanso","Solicita a implementação de um projeto social e educacional para acolhimento de crianças durante recessos, feriados escolares ou pausas no ensino, semelhante ao antigo 'espaço amigo', oferecendo atividades recreativas e educativas.",Educação,,Pendente de Análise,
IND-688,082,2025,6ª Sessão Ordinária da 19ª Legislatura,2025-03-10,"Adriano de Marcos Lopes, Anderson Marcos Viana, Teresinha de Lourdes Freitas Regodanso","Solicita a providência de placas de identificação para os bairros/sítios da zona rural, facilitando a localização tanto para moradores quanto visitantes.",Agricultura e Meio Rural,,Pendente de Análise,"Nome do local-alvo aparece corrompido/inconsistente na transcrição ('bairro Sovrais' no resumo do Expediente; 'bairros murais' no texto integral). Pelo contexto (discussão do vereador Adriano sobre placas na zona rural para 'sitiantes'), possivelmente o termo original era 'bairros rurais'."
IND-689,083,2025,6ª Sessão Ordinária da 19ª Legislatura,2025-03-10,Bruno Herreira,"Solicita a implementação do uso de um carro de som para informar a população sobre os setores e datas de execução do projeto Limpeza Beleza, facilitando a participação de todos na coleta.",A Classificar,,Pendente de Análise,
IND-690,084,2025,7ª Sessão Ordinária da 19ª Legislatura,2025-03-17,Renato Vieira de Brito,"Solicita a construção de banheiros ao lado das novas salas de aula dos centros educacionais infantis Sonho de Criança e Raio de Luz, para mais conforto e acessibilidade.",Obras e Serviços Públicos,,Pendente de Análise,
IND-691,085,2025,7ª Sessão Ordinária da 19ª Legislatura,2025-03-17,Renato Vieira de Brito,"Solicita a instalação de lixeiras e banheiros no centro esportivo localizado no bairro Alto do Sene (Cení), para melhor conforto e infraestrutura aos frequentadores.",A Classificar,,Pendente de Análise,O nome do centro esportivo aparece corrompido na transcrição ('centro esportivo Fernando Berrocozo'/'Fernando Birrocozo'); não foi possível confirmar a grafia correta.
IND-692,086,2025,7ª Sessão Ordinária da 19ª Legislatura,2025-03-17,"Anderson Marcos Viana, Adriano de Marcos Lopes, Teresinha de Lourdes Freitas Regodanso","Solicita ceder a casa adquirida pela prefeitura, localizada na Rua Rui Barbosa nº 371, para implantação de um espaço destinado ao atendimento de crianças com autismo.",A Classificar,,Pendente de Análise,
IND-693,087,2025,7ª Sessão Ordinária da 19ª Legislatura,2025-03-17,Anderson Marcos Viana,"Solicita a reforma e manutenção do banheiro do pátio do setor de obras da Prefeitura Municipal, que há mais de um ano está em condições inadequadas.",Obras e Serviços Públicos,,Pendente de Análise,
IND-694,088,2025,7ª Sessão Ordinária da 19ª Legislatura,2025-03-17,Anderson Marcos Viana,"Solicita nova placa e local mais adequado para a homenagem ao ex-prefeito José Siniciato na estrada vicinal que leva seu nome, já que a atual está em situação precária e pouco visível.",Obras e Serviços Públicos,,Pendente de Análise,
IND-695,089,2025,7ª Sessão Ordinária da 19ª Legislatura,2025-03-17,"Teresinha de Lourdes Freitas Regodanso, Adriano de Marcos Lopes, Anderson Marcos Viana","Solicita alteração no estatuto dos servidores municipais para incluir benefício de redução de até 50% da carga horária, sem prejuízo salarial, para servidores com filho ou dependente com deficiência (incluindo autismo) que exija atenção especial.",Administração e Finanças,,Pendente de Análise,"Na leitura do resumo do Expediente, este número (89) foi anunciado com o conteúdo do 'Circular da Saúde' (que na verdade corresponde à indicação 90 no texto integral); o texto integral (mais completo e confiável) mostra que a indicação 89 trata da redução de carga horária para servidores com dependentes com deficiência."
IND-696,090,2025,7ª Sessão Ordinária da 19ª Legislatura,2025-03-17,"Teresinha de Lourdes Freitas Regodanso, Adriano de Marcos Lopes, Anderson Marcos Viana","Solicita a implantação de um serviço de transporte coletivo chamado 'Circular da Saúde', apropriado para pacientes com deficiência física, com saídas a cada hora do centro de saúde passando pelos ESFs, Santa Casa e CAPS.",Saúde,,Pendente de Análise,No resumo do Expediente este conteúdo foi lido sob o número 91 (repetido); o texto integral confirma que corresponde ao número 90.
IND-697,091,2025,7ª Sessão Ordinária da 19ª Legislatura,2025-03-17,"Teresinha de Lourdes Freitas Regodanso, Adriano de Marcos Lopes, Anderson Marcos Viana","Solicita a instalação de iluminação pública nas ruas Piauí e José Matruda, localizadas ao lado da Avenida Geral do Fudo, para segurança de pedestres e ciclistas.",Obras e Serviços Públicos,,Pendente de Análise,
IND-698,092,2025,7ª Sessão Ordinária da 19ª Legislatura,2025-03-17,Reinaldo Codognato,"Solicita a implementação de tarifa social de água e esgoto, com 50% de desconto na tarifa até o consumo de 15 m³/mês para famílias de baixa renda, financiada por subsídio cruzado entre os demais consumidores.",Saúde,,Pendente de Análise,
IND-699,093,2025,7ª Sessão Ordinária da 19ª Legislatura,2025-03-17,Reinaldo Codognato,"Solicita a construção de uma calçada na Rua Santos Dumont, no bairro Jardim Morumbi, para interligar os bairros Residencial das Américas e Jardim Paulista, garantindo segurança aos pedestres.",Obras e Serviços Públicos,,Pendente de Análise,
IND-700,094,2025,7ª Sessão Ordinária da 19ª Legislatura,2025-03-17,Reinaldo Codognato,"Solicita a melhoria no direcionamento das águas pluviais nos bairros Recanto dos Eucaliptos, Jardim Conde e Vila São João, a fim de evitar alagamentos.",Meio Ambiente,,Pendente de Análise,
IND-701,095,2025,7ª Sessão Ordinária da 19ª Legislatura,2025-03-17,Samir Edson Tino,"Solicita a implementação do projeto 'Adote uma Praça', estabelecendo parcerias com empresas e moradores para revitalização e manutenção de espaços públicos.",Meio Ambiente,,Pendente de Análise,
IND-702,096,2025,7ª Sessão Ordinária da 19ª Legislatura,2025-03-17,Samir Edson Tino,"Solicita a implementação de um programa de castração gratuita de animais de rua, com mutirões regulares para redução da população de animais abandonados.",Saúde,,Pendente de Análise,
IND-703,097,2025,8ª Sessão Ordinária da 19ª Legislatura,2025-03-24,"Anderson Marcos Viana, Adriano de Marcos Lopes, Teresinha de Lourdes Freitas Regodanso","Solicita o recapeamento asfáltico em diversos trechos de ruas do bairro Jardim Esperança: Rua José Bonifácio, quarteirões da Avenida Marconi, trecho da Avenida Campos Salles até a Avenida Bandeirantes, Rua Sebastião Rosa dos Santos, Rua Belo Horizonte (entre Independência e Tiradentes) e Rua Rui Barbosa (entre Rua Victor Junqueira e Avenida Latina).",Obras e Serviços Públicos,,Pendente de Análise,"Na leitura do resumo do Expediente da sessão de 17/03/2025, um número idêntico ('Indicação 97') foi mencionado erroneamente com um conteúdo totalmente diferente (esclarecimento sobre monitores de ônibus escolares). O texto integral desta sessão (24/03/2025) confirma que a indicação 097 correta trata de recapeamento asfáltico; o item sobre monitores escolares não foi tratado como indicação formal (foi objeto do Requerimento 12/2025)."
IND-704,098,2025,8ª Sessão Ordinária da 19ª Legislatura,2025-03-24,"Anderson Marcos Viana, Adriano de Marcos Lopes, Teresinha de Lourdes Freitas Regodanso",Solicita a construção de uma sala de espera no pátio para motoristas da educação (enquanto aguardam para buscar alunos) e para motoristas de ambulância durante períodos de espera.,Saúde,,Pendente de Análise,
IND-705,099,2025,8ª Sessão Ordinária da 19ª Legislatura,2025-03-24,Anderson Marcos Viana,"Solicita a adesão do município ao programa do Ministério do Esporte para construção de um centro esportivo comunitário, sugerindo implantação no bairro Jardim Paulista (no local do campo sintético ou atrás da pista de skate) ou no campo do bairro Jardim Alvorada.",Obras e Serviços Públicos,,Pendente de Análise,
IND-706,100,2025,8ª Sessão Ordinária da 19ª Legislatura,2025-03-24,"Reinaldo Codognato, Bruno Herreira, Edvaldo Aparecido Carvalho, Elizeu Adriano, Renato Vieira de Brito, Samir Edson Tino","Solicita intermediação junto à companhia ferroviária Rumo Logística, com apoio do ITESP, para resolver a situação dos antigos moradores que ainda residem na antiga colônia da Fepasa, buscando doação ou forma legal de aquisição definitiva dos imóveis para registro em nome dos moradores.",A Classificar,,Pendente de Análise,
IND-707,101,2025,8ª Sessão Ordinária da 19ª Legislatura,2025-03-24,"Reinaldo Codognato, Bruno Herreira, Edvaldo Aparecido Carvalho, Elizeu Adriano, Renato Vieira de Brito, Samir Edson Tino","Solicita a construção de um parque infantil na Escola Municipal Neide Macedo Brandão Fernandes, que é atualmente a única escola municipal sem esse espaço.",Educação,,Pendente de Análise,
IND-708,102,2025,8ª Sessão Ordinária da 19ª Legislatura,2025-03-24,"Reinaldo Codognato, Bruno Herreira, Edvaldo Aparecido Carvalho, Elizeu Adriano, Renato Vieira de Brito, Samir Edson Tino","Solicita conceder aos servidores públicos municipais o direito a uma falta remunerada no dia de seu aniversário, sem desconto em folha.",Administração e Finanças,,Pendente de Análise,
IND-709,103,2025,8ª Sessão Ordinária da 19ª Legislatura,2025-03-24,Renato Vieira de Brito,"Solicita que não seja descontado o imposto de renda retido na fonte sobre a gratificação das atividades delegadas da Polícia Militar, como forma de incentivar os agentes de segurança.",A Classificar,,Pendente de Análise,
IND-710,104,2025,8ª Sessão Ordinária da 19ª Legislatura,2025-03-24,Renato Vieira de Brito,Solicita a realização de cadastro do município para implantação do programa Muralha Paulista de segurança pública (câmeras de vigilância e leitura de placas em tempo real).,A Classificar,,Pendente de Análise,
IND-711,105,2025,9ª Sessão Ordinária da 19ª Legislatura,2025-03-31,"Anderson Marcos Viana, Adriano de Marcos Lopes, Teresinha de Lourdes Freitas Regodanso","Solicita alterar e complementar a lei complementar municipal nº 1163, de 4 de junho de 2024 (critérios para faltas abonadas), incluindo servidores contratados por tempo determinado e os que atuam em regime 12x36 (ex.: profissionais de enfermagem), atualmente excluídos do benefício.",Saúde,,Pendente de Análise,
IND-712,106,2025,9ª Sessão Ordinária da 19ª Legislatura,2025-03-31,Anderson Marcos Viana,"Solicita a construção de uma piscina para hidroginástica no complexo de fisioterapia do município, aproveitando estrutura já existente e a canalização de uma mina d'água no local.",Obras e Serviços Públicos,,Pendente de Análise,
IND-713,107,2025,9ª Sessão Ordinária da 19ª Legislatura,2025-03-31,Anderson Marcos Viana,"Solicita interligar o reservatório de água localizado dentro do recinto da Santa Casa (Seruva) ao sistema de abastecimento do bairro Alto do Sene, entre a Rua José Bonifácio e a Avenida Marconi, para amenizar a falta d'água nos finais de semana.",A Classificar,,Pendente de Análise,
IND-714,108,2025,9ª Sessão Ordinária da 19ª Legislatura,2025-03-31,Reinaldo Codognato,"Solicita parceria com o SEBRAE para oferecer cursos na área automotiva, visando suprir a demanda por mão de obra qualificada no setor.",Obras e Serviços Públicos,,Pendente de Análise,"O nome da entidade aparece transcrito como 'Cebrae', possivelmente referindo-se ao SEBRAE."
IND-715,109,2025,9ª Sessão Ordinária da 19ª Legislatura,2025-03-31,"Teresinha de Lourdes Freitas Regodanso, Anderson Marcos Viana, Adriano de Marcos Lopes","Solicita o recapeamento e revitalização da Avenida Geral do Fudo, cujos trechos comprometidos dificultam a mobilidade e a segurança de motoristas e pedestres.",Trânsito e Mobilidade,,Pendente de Análise,
IND-716,110,2025,9ª Sessão Ordinária da 19ª Legislatura,2025-03-31,"Teresinha de Lourdes Freitas Regodanso, Anderson Marcos Viana, Adriano de Marcos Lopes","Solicita a instalação de um redutor de velocidade na Rua Santa Teresinha, no trecho entre a Rua Recife e a Rua São Luiz, devido à alta velocidade de veículos na via.",Trânsito e Mobilidade,,Pendente de Análise,
IND-717,111,2025,9ª Sessão Ordinária da 19ª Legislatura,2025-03-31,"Adriano de Marcos Lopes, Anderson Marcos Viana, Teresinha de Lourdes Freitas Regodanso","Solicita a instalação de redutores de velocidade em dois pontos da Avenida Latina: nas proximidades da curva do 'S' (próximo ao Jardim Primavera) e em frente ao ESF-6, atendendo pedido de comerciantes e moradores.",Trânsito e Mobilidade,,Pendente de Análise,
IND-718,112,2025,9ª Sessão Ordinária da 19ª Legislatura,2025-03-31,"Bruno Herreira, Samir Edson Tino","Solicita a ampliação da iluminação no sistema de lazer do bairro Jardim Primavera, onde ainda há trechos escuros, além da implementação de um campo de futebol na área.",Meio Ambiente,,Pendente de Análise,"No texto integral desta sessão, esta indicação foi lida sob o número '111' (repetindo o número da indicação anterior), o que é claramente um erro de leitura/numeração. O resumo do Expediente e a indicação 129 (de 07/04/2025, que a reforça) confirmam que o número correto é 112."
IND-719,113,2025,9ª Sessão Ordinária da 19ª Legislatura,2025-03-31,Renato Vieira de Brito,"Solicita a construção de uma sede própria para o CAPS (Centro de Atenção Psicossocial) e a implantação do CAPS Infanto Juvenil, voltado ao atendimento de crianças e adolescentes com transtornos mentais.",Obras e Serviços Públicos,,Pendente de Análise,
IND-720,114,2025,9ª Sessão Ordinária da 19ª Legislatura,2025-03-31,"Teresinha de Lourdes Freitas Regodanso, Anderson Marcos Viana, Adriano de Marcos Lopes","Sugere o retorno dos desfiles de escolas, bandas e fanfarras na Rua Rui Barbosa em comemoração ao aniversário da cidade, estendendo o convite também ao comércio, indústria e agricultura locais.",Educação,,Pendente de Análise,
IND-721,115,2025,10ª Sessão Ordinária da 19ª Legislatura,2025-04-07,"Reinaldo Codognato, Bruno Herreira, Edvaldo Aparecido Carvalho, Elizeu Adriano, Renato Vieira de Brito, Samir Edson Tino","Solicita a construção de um memorial em homenagem às vítimas fatais da Covid-19, na entrada do trevo principal do município (Avenida Geral do Fudo) ou na Praça Álvaro de Oliveira Junqueira, como espaço de reflexão e acolhimento.",Obras e Serviços Públicos,,Pendente de Análise,
IND-722,116,2025,10ª Sessão Ordinária da 19ª Legislatura,2025-04-07,Reinaldo Codognato,"Solicita a revitalização da praça localizada próxima ao viaduto da rodoviária municipal (Praça Santos Pedito/São Bento), proporcionando espaço mais agradável, seguro e acessível.",Meio Ambiente,,Pendente de Análise,O nome da praça aparece de forma inconsistente na transcrição ('Praça Santos Pedito' no resumo do Expediente; 'Praça de São Despedito' no texto integral); não foi possível confirmar a grafia correta.
IND-723,117,2025,10ª Sessão Ordinária da 19ª Legislatura,2025-04-07,"Bruno Herreira, Samir Edson Tino","Solicita a oferta de curso de Língua Brasileira de Sinais (Libras) para os funcionários da prefeitura, visando atendimento mais inclusivo a pessoas com deficiência auditiva.",A Classificar,,Pendente de Análise,
IND-724,118,2025,10ª Sessão Ordinária da 19ª Legislatura,2025-04-07,"Adriano de Marcos Lopes, Anderson Marcos Viana, Teresinha de Lourdes Freitas Regodanso","Solicita que se peça formalmente às operadoras de telefonia a instalação de antenas no bairro Colina Verde e regiões próximas, devido à falta de sinal que prejudica a comunicação dos moradores.",A Classificar,,Pendente de Análise,
IND-725,119,2025,10ª Sessão Ordinária da 19ª Legislatura,2025-04-07,"Adriano de Marcos Lopes, Anderson Marcos Viana, Teresinha de Lourdes Freitas Regodanso","Solicita a padronização da preferência de trânsito nas avenidas Sete de Setembro e Junqueira, garantindo que sejam vias preferenciais em toda a extensão, evitando confusão e riscos à segurança viária.",Trânsito e Mobilidade,,Pendente de Análise,
IND-726,120,2025,10ª Sessão Ordinária da 19ª Legislatura,2025-04-07,"Teresinha de Lourdes Freitas Regodanso, Adriano de Marcos Lopes, Anderson Marcos Viana","Solicita a aquisição de fogão, geladeira, freezer e jogos de mesa para o centro comunitário do bairro Cristo Redentor, melhorando as condições para as atividades realizadas no local.",A Classificar,,Pendente de Análise,
IND-727,121,2025,10ª Sessão Ordinária da 19ª Legislatura,2025-04-07,"Teresinha de Lourdes Freitas Regodanso, Adriano de Marcos Lopes, Anderson Marcos Viana","Solicita a pintura das calçadas nos cantos das esquinas com as cores correspondentes aos setores do projeto Limpeza Beleza, auxiliando na identificação dos períodos de coleta.",Obras e Serviços Públicos,,Pendente de Análise,
IND-728,122,2025,10ª Sessão Ordinária da 19ª Legislatura,2025-04-07,"Anderson Marcos Viana, Adriano de Marcos Lopes, Teresinha de Lourdes Freitas Regodanso","Solicita melhorias na praça do bairro Jardim Primavera: manutenção dos aparelhos de ginástica ao ar livre, instalação de um bebedouro de água semelhante ao do Jardim Paulista e continuidade do plantio de grama nas áreas ainda não contempladas.",Meio Ambiente,,Pendente de Análise,
IND-729,123,2025,10ª Sessão Ordinária da 19ª Legislatura,2025-04-07,"Anderson Marcos Viana, Adriano de Marcos Lopes, Teresinha de Lourdes Freitas Regodanso","Solicita a cobertura da área de acesso à cozinha da prefeitura, para que os funcionários possam tomar café da manhã com mais conforto, especialmente em dias chuvosos, estendendo-se até a escada de acesso ao banheiro.",A Classificar,,Pendente de Análise,
IND-730,124,2025,10ª Sessão Ordinária da 19ª Legislatura,2025-04-07,"Anderson Marcos Viana, Adriano de Marcos Lopes, Teresinha de Lourdes Freitas Regodanso","Solicita a disponibilização de transporte para pacientes idosos e com dificuldades de locomoção que necessitam de atendimento no setor de fisioterapia, devido a dificuldades financeiras para custear o deslocamento.",A Classificar,,Pendente de Análise,
IND-731,125,2025,10ª Sessão Ordinária da 19ª Legislatura,2025-04-07,"Samir Edson Tino, Bruno Herreira","Solicita a realização de um festival anual reunindo gastronomia, cultura e comércio local, com participação de restaurantes, artistas e expositores, promovendo turismo e a economia do município.",A Classificar,,Pendente de Análise,
IND-732,126,2025,10ª Sessão Ordinária da 19ª Legislatura,2025-04-07,"Samir Edson Tino, Bruno Herreira","Sugere campanhas educativas sobre posse responsável de animais, em escolas e comunidades, abordando cuidados básicos, alimentação, vacinação e castração, para reduzir abandono e maus-tratos.",Saúde,,Pendente de Análise,
IND-733,127,2025,10ª Sessão Ordinária da 19ª Legislatura,2025-04-07,"Samir Edson Tino, Bruno Herreira","Propõe uma campanha educativa sobre os impactos do descarte irregular de lixo, com ações em escolas, rádios e redes sociais, conscientizando sobre prejuízos ambientais.",Educação,,Pendente de Análise,
IND-734,128,2025,10ª Sessão Ordinária da 19ª Legislatura,2025-04-07,Reinaldo Codognato,"Solicita a instalação de um playground ou construção de uma área de lazer no bairro Figueira, para proporcionar espaço adequado de lazer para crianças e famílias.",Obras e Serviços Públicos,,Pendente de Análise,
IND-735,129,2025,10ª Sessão Ordinária da 19ª Legislatura,2025-04-07,"Anderson Marcos Viana, Bruno Herreira, Edvaldo Aparecido Carvalho, Elizeu Adriano, Reinaldo Codognato, Renato Vieira de Brito, Samir Edson Tino",Reforça a indicação 112/2025 (ampliação da iluminação do sistema de lazer do Jardim Primavera) e solicita ainda a revitalização do centro comunitário do Jardim Primavera (para uso também pelo Jardim Aliança 2) e o recapeamento das vias do bairro.,Obras e Serviços Públicos,,Pendente de Análise,
IND-736,130,2025,11ª Sessão Ordinária da 19ª Legislatura,2025-04-14,"Adriano de Marcos Lopes, Anderson Marcos Viana, Teresinha de Lourdes Freitas Regodanso","Solicita a instalação de placas de sinalização indicando a localização do Bosque Municipal, tanto na vicinal José Siniciato quanto na estrada rural que também dá acesso ao local, para facilitar o acesso de visitantes e valorizar o espaço de lazer e preservação ambiental.",Trânsito e Mobilidade,,Pendente de Análise,
IND-737,131,2025,11ª Sessão Ordinária da 19ª Legislatura,2025-04-14,"Adriano de Marcos Lopes, Anderson Marcos Viana, Teresinha de Lourdes Freitas Regodanso","Solicita a implementação do sistema Junqueirópolis Sem Papel, permitindo protocolo e envio de documentos por meio digital, como prestações de contas e outros expedientes, visando modernização administrativa, agilidade e economia de recursos.",A Classificar,,Pendente de Análise,
IND-738,132,2025,11ª Sessão Ordinária da 19ª Legislatura,2025-04-14,"Adriano de Marcos Lopes, Anderson Marcos Viana, Teresinha de Lourdes Freitas Regodanso","Solicita a revitalização paisagística e jardinagem da área da caixa d'água localizada no entroncamento da Avenida Paulista com a Avenida Sete de Setembro, proporcionando mais beleza e valorização ao local.",A Classificar,,Pendente de Análise,
IND-739,133,2025,11ª Sessão Ordinária da 19ª Legislatura,2025-04-14,Edvaldo Aparecido Carvalho,"Solicita a instalação de iluminação pública na parte gramada da calçada ao lado da mata, nas imediações do cemitério municipal na Avenida Paulista, para aumentar a segurança do local, alvo de preocupações por uso inadequado por veículos estacionados durante a noite.",Obras e Serviços Públicos,,Pendente de Análise,
IND-740,134,2025,11ª Sessão Ordinária da 19ª Legislatura,2025-04-14,"Anderson Marcos Viana, Adriano de Marcos Lopes, Teresinha de Lourdes Freitas Regodanso","Solicita a fixação de um valor simbólico para o aluguel do Salão Comunitário para moradores do próprio bairro, podendo ser aplicada taxa um pouco superior para pessoas de fora, visando facilitar o acesso da população e fortalecer os vínculos sociais.",A Classificar,,Pendente de Análise,
IND-741,135,2025,11ª Sessão Ordinária da 19ª Legislatura,2025-04-14,"Anderson Marcos Viana, Adriano de Marcos Lopes, Teresinha de Lourdes Freitas Regodanso","Solicita diálogo com a direção da Santa Casa de Misericórdia de Junqueirópolis com o objetivo de equiparar os salários dos técnicos de enfermagem, enfermeiros e auxiliares de enfermagem da instituição aos valores pagos aos profissionais da Estratégia de Saúde da Família (ESF), corrigindo defasagem salarial.",Saúde,,Pendente de Análise,
IND-742,136,2025,11ª Sessão Ordinária da 19ª Legislatura,2025-04-14,"Reinaldo Codognato, Bruno Herreira, Edvaldo Aparecido Carvalho, Elizeu Adriano, Renato Vieira de Brito, Samir Edson Tino","Solicita a ampliação de 3 para 6 horas da carga horária remunerada dos profissionais das ESFs que prestam atendimento em horário noturno uma vez por mês (das 17h às 20h), reconhecendo o esforço extra e equiparando a remuneração a padrões de instituições privadas com regime semelhante.",A Classificar,,Pendente de Análise,
IND-743,137,2025,11ª Sessão Ordinária da 19ª Legislatura,2025-04-14,"Reinaldo Codognato, Bruno Herreira, Edvaldo Aparecido Carvalho, Elizeu Adriano, Renato Vieira de Brito, Samir Edson Tino","Solicita a realização de estudo técnico para reavaliar o direcionamento das águas pluviais no entorno do complexo esportivo do bairro Vila Beatriz, diante do risco de queda de alambrado e formação de crateras em períodos de chuvas intensas.",A Classificar,,Pendente de Análise,
IND-744,138,2025,12ª Sessão Ordinária da 19ª Legislatura,2025-04-22,"Anderson Marcos Viana, Adriano de Marcos Lopes, Teresinha de Lourdes Freitas Regodanso","Solicita, com urgência, a reforma do Salão Comunitário do bairro Jardim Duas Barras, incluindo funcionamento adequado dos banheiros, instalação de chuveiros e torneiras, recuperação do freezer e limpeza completa do espaço, inclusive com caminhão-pipa, diante do estado de deterioração do local.",Obras e Serviços Públicos,,Pendente de Análise,
IND-745,139,2025,12ª Sessão Ordinária da 19ª Legislatura,2025-04-22,"Adriano de Marcos Lopes, Anderson Marcos Viana, Samir Edson Tino, Teresinha de Lourdes Freitas Regodanso","Solicita melhorias na estrada rural conhecida como Estrada da Saúde (Barro Ninhão), localizada nas proximidades do Bosque Municipal, para aprimorar as condições de tráfego e segurança dos usuários.",Saúde,,Pendente de Análise,
IND-746,140,2025,12ª Sessão Ordinária da 19ª Legislatura,2025-04-22,"Adriano de Marcos Lopes, Anderson Marcos Viana, Teresinha de Lourdes Freitas Regodanso","Solicita a continuidade e conclusão da execução do projeto Melhor Caminho na estrada do bairro Segunda Sessão, essencial para garantir segurança, durabilidade e acessibilidade da via, beneficiando produtores rurais e moradores.",A Classificar,,Pendente de Análise,
IND-747,141,2025,12ª Sessão Ordinária da 19ª Legislatura,2025-04-22,"Adriano de Marcos Lopes, Anderson Marcos Viana, Teresinha de Lourdes Freitas Regodanso","Solicita a instituição de um programa de parcelamento dos tributos municipais vencidos, permitindo que contribuintes em débito regularizem sua situação fiscal com maior facilidade e favorecendo o aumento da arrecadação municipal.",A Classificar,,Pendente de Análise,
IND-748,142,2025,12ª Sessão Ordinária da 19ª Legislatura,2025-04-22,Reinaldo Codognato,"Solicita a aplicação do serviço de fumacê (Fuma-C) em toda a cidade, diante do aumento expressivo de casos de dengue e da grande presença de pernilongos, para controle de vetores e prevenção de doenças transmitidas pelo mosquito Aedes aegypti.",A Classificar,,Pendente de Análise,
IND-749,143,2025,12ª Sessão Ordinária da 19ª Legislatura,2025-04-22,Reinaldo Codognato,"Solicita a implantação de galerias de águas pluviais e bocas de lobo no bairro Carmezin, que não conta com sistema adequado de captação e direcionamento de água das chuvas, causando alagamentos e prejudicando o trânsito e a qualidade de vida dos moradores.",Trânsito e Mobilidade,,Pendente de Análise,
IND-750,144,2025,12ª Sessão Ordinária da 19ª Legislatura,2025-04-22,Reinaldo Codognato,"Solicita a implementação de redutores de velocidade ao longo da Avenida Junqueira, no trecho após a Rua Manaus, via com grande fluxo de veículos e pedestres e circulação frequente em alta velocidade, visando prevenir acidentes.",Trânsito e Mobilidade,,Pendente de Análise,O nome da rua aparece como 'Amraus' no resumo do Expediente e como 'Manaus' no texto integral; adotado 'Rua Manaus' por ser a versão mais completa e consistente.
IND-751,145,2025,12ª Sessão Ordinária da 19ª Legislatura,2025-04-22,Renato Vieira de Brito,"Solicita a reforma e pintura do prédio da Divisão Municipal de Educação de Junqueirópolis, visando melhores condições de trabalho aos servidores e um ambiente mais acolhedor para atendimento ao público.",Educação,,Pendente de Análise,
IND-752,146,2025,12ª Sessão Ordinária da 19ª Legislatura,2025-04-22,Renato Vieira de Brito,"Solicita a inclusão de aulas de música e canto na grade de atividades dos Centros de Educação Infantil (CEIs) do município, contribuindo para o desenvolvimento cognitivo, emocional e social das crianças.",Educação,,Pendente de Análise,
IND-753,147,2025,13ª Sessão Ordinária da 19ª Legislatura,2025-04-28,"Adriano de Marcos Lopes, Anderson Marcos Viana, Teresinha de Lourdes Freitas Regodanso","Complementando a indicação nº 92/2025 (de autoria do vereador Reinaldo Codognato), solicita a instituição de programas de isenção ou redução de tributos municipais para famílias em situação de vulnerabilidade social, com base em critérios socioeconômicos.",A Classificar,,Pendente de Análise,
IND-754,148,2025,13ª Sessão Ordinária da 19ª Legislatura,2025-04-28,"Adriano de Marcos Lopes, Anderson Marcos Viana, Teresinha de Lourdes Freitas Regodanso","Solicita a implantação de semáforos inteligentes em pontos estratégicos da cidade, substituindo modelos antigos e instalando dispositivos em locais com grande circulação de pedestres e veículos ainda sem sinalização semafórica, visando maior organização e prevenção de acidentes.",Saúde,,Pendente de Análise,
IND-755,149,2025,13ª Sessão Ordinária da 19ª Legislatura,2025-04-28,"Reinaldo Codognato, Elizeu Adriano","Solicita a instalação de um poço artesiano no bairro Vila São João, aproveitando a estrutura de dois poços artesianos desativados já existentes no local, para atender à demanda por abastecimento de água dos moradores, já que atualmente a água é levada semanalmente por caminhão-pipa.",A Classificar,,Pendente de Análise,
IND-756,150,2025,13ª Sessão Ordinária da 19ª Legislatura,2025-04-28,"Reinaldo Codognato, Bruno Herreira, Edvaldo Aparecido Carvalho, Elizeu Adriano, Renato Vieira de Brito, Samir Edson Tino","Solicita a aplicação de asfalto ecológico permeável nas estradas rurais do município, ao menos em caráter experimental, para reduzir barro e poeira, diminuir a necessidade de manutenções frequentes e baratear os custos em relação ao recapeamento tradicional.",Obras e Serviços Públicos,,Pendente de Análise,
IND-757,151,2025,13ª Sessão Ordinária da 19ª Legislatura,2025-04-28,Anderson Marcos Viana,"Solicita que professores e demais profissionais da educação tenham acesso à alimentação oferecida aos alunos durante o período letivo, especialmente onde há sobra de alimentos que acabam descartados, sem prejudicar o atendimento aos estudantes.",Educação,,Pendente de Análise,
IND-758,152,2025,14ª Sessão Ordinária da 19ª Legislatura,2025-05-05,"Reinaldo Codognato, Bruno Herreira, Edvaldo Aparecido Carvalho, Elizeu Adriano, Renato Vieira de Brito, Samir Edson Tino","Solicita a criação do programa 'Colmeia Empreendedora', inspirado no modelo de inovação e empreendedorismo social, para potencializar o comércio local, fortalecer os laços entre bairros e comunidade e criar um local centralizado para prática conjunta de pequenos e médios empreendedores.",A Classificar,,Pendente de Análise,
IND-759,153,2025,14ª Sessão Ordinária da 19ª Legislatura,2025-05-05,"Anderson Marcos Viana, Adriano de Marcos Lopes, Teresinha de Lourdes Freitas Regodanso","Solicita a implantação de um programa de concessão de vale-alimentação aos pacientes do sistema de saúde municipal (e, quando indispensável, ao acompanhante) que precisam realizar consultas, exames ou tratamentos fora do município, especialmente em situações de vulnerabilidade.",Saúde,,Pendente de Análise,
IND-760,154,2025,15ª Sessão Ordinária da 19ª Legislatura,2025-05-12,"Adriano de Marcos Lopes, Anderson Marcos Viana, Teresinha de Lourdes Freitas Regodanso","Solicita a instalação de uma academia ao ar livre e melhorias na iluminação pública da área verde do bairro Campo Belo (região Catuna/Aliança), local com pouca iluminação, calçadas escuras e próximo de rodovia, considerado perigoso à noite.",Obras e Serviços Públicos,,Pendente de Análise,"Nesta sessão, o texto integral da indicação não foi lido em plenário (apenas o resumo do Expediente e comentários posteriores dos vereadores); resumo baseado nessas duas fontes."
IND-761,155,2025,15ª Sessão Ordinária da 19ª Legislatura,2025-05-12,"Anderson Marcos Viana, Adriano de Marcos Lopes, Teresinha de Lourdes Freitas Regodanso","Recomenda ao prefeito que reavalie a proposta de manter a farmácia municipal em funcionamento durante os pontos facultativos (nos moldes de plantão já realizado em feriado anterior), com sugestão adicional de estender o atendimento também aos finais de semana.",Saúde,,Pendente de Análise,"Nesta sessão, o texto integral da indicação não foi lido em plenário (apenas o resumo do Expediente e comentários posteriores dos vereadores); resumo baseado nessas duas fontes."
IND-762,156,2025,15ª Sessão Ordinária da 19ª Legislatura,2025-05-12,Bruno Herreira,"Solicita o funcionamento dos Centros de Educação Infantil (CEIs) durante os recessos escolares de julho e janeiro, mediante contratação de servidores temporários que garantam o atendimento às crianças mesmo com o recesso dos professores e auxiliares efetivos.",Educação,,Pendente de Análise,"O número desta indicação não aparece explicitamente no resumo do Expediente (apenas 'indicação apresentada pelo vereador Bruno Herreira'), mas foi confirmado como nº 156 em falas posteriores de vereadores na mesma sessão. Texto integral não foi lido em plenário."
IND-763,157,2025,15ª Sessão Ordinária da 19ª Legislatura,2025-05-12,Reinaldo Codognato,"Solicita a instalação de sinal de Wi-Fi no Clube da Viola, aproveitando ponto de sinal já existente próximo ao local onde ficam as ambulâncias da prefeitura.",Saúde,,Pendente de Análise,"Nesta sessão, o texto integral da indicação não foi lido em plenário (apenas o resumo do Expediente e comentários posteriores dos vereadores); resumo baseado nessas duas fontes."
IND-764,158,2025,16ª Sessão Ordinária da 19ª Legislatura,2025-05-19,"Adriano de Marcos Lopes, Anderson Marcos Viana, Teresinha de Lourdes Freitas Regodanso","Solicita a instalação de um ponto de ônibus coberto nas proximidades da Escola Estadual Professor Idêne Rodrigues dos Santos e da ETEC Professora Carmelinda Barbosa, para dar mais conforto e proteção contra sol e chuva aos alunos que aguardam o transporte escolar.",Educação,,Pendente de Análise,
IND-765,159,2025,16ª Sessão Ordinária da 19ª Legislatura,2025-05-19,Bruno Herreira,"Solicita que se permita aos servidores públicos municipais autorizar, de forma opcional, o desconto direto em olerite (contracheque) para pagamento de tributos municipais, como contas de água e IPTU.",Administração e Finanças,,Pendente de Análise,
IND-766,160,2025,16ª Sessão Ordinária da 19ª Legislatura,2025-05-19,"Bruno Herreira, Renato Vieira de Brito","Solicita a construção de um novo centro comunitário no bairro Jardim dos Pássaros, já que o antigo espaço utilizado com essa finalidade passou a abrigar uma escola municipal de ensino infantil.",Educação,,Pendente de Análise,
IND-767,161,2025,16ª Sessão Ordinária da 19ª Legislatura,2025-05-19,Reinaldo Codognato,"Solicita melhorias nas quadras de basquete dos bairros Jardim Alvorada e Jardim Esperança e no ginásio municipal, com substituição das tabelas e pintura das demarcações conforme as medidas oficiais da modalidade.",Saúde,,Pendente de Análise,
IND-768,162,2025,16ª Sessão Ordinária da 19ª Legislatura,2025-05-19,"Reinaldo Codognato, Bruno Herreira, Edvaldo Aparecido Carvalho, Elizeu Adriano, Samir Edson Tino, Renato Vieira de Brito, Anderson Marcos Viana","Solicita a criação de um programa esportivo voltado ao fornecimento de materiais como bolas, redes e outros itens essenciais aos times amadores do município, com apoio da Comissão Municipal de Esporte.",Esporte e Lazer,,Pendente de Análise,"A transcrição de 2025-06-02 traz uma resposta da Diretoria de Educação, Esporte, Cultura, Lazer e Turismo a esta indicação (sobre fornecimento de material esportivo aos times amadores), mas o texto não cita um número de ofício específico, por isso oficio_resposta foi mantido nulo."
IND-769,163,2025,17ª Sessão Ordinária da 19ª Legislatura,2025-05-26,"Reinaldo Codognato, Bruno Herreira, Edvaldo Aparecido Carvalho, Elizeu Adriano, Renato Vieira de Brito, Samir Edson Tino","Solicita o recapeamento da Rua Ibarbosa (General Osório) nos trechos entre Rua Porto Alegre e Avenida Latina, entre Rua Recife e Rua São Luís, e da Rua General Osório entre Rua Recife e Rua São Luís, por serem vias de grande fluxo de veículos.",Obras e Serviços Públicos,,Pendente de Análise,
IND-770,164,2025,17ª Sessão Ordinária da 19ª Legislatura,2025-05-26,"Reinaldo Codognato, Bruno Herreira, Edvaldo Aparecido Carvalho, Elizeu Adriano, Renato Vieira de Brito, Samir Edson Tino","Solicita a reforma e ampliação da Academia Municipal de Judô, cujo espaço está em condições estruturais inadequadas (telhado precário, espaço insuficiente), para melhor atender as aulas de judô e caratê.",Obras e Serviços Públicos,,Pendente de Análise,"A transcrição de 2025-06-02 traz uma resposta da Diretoria de Educação, Esporte, Cultura, Lazer e Turismo a esta indicação, informando que o pedido de construção de novo espaço foi levado a reunião com a Secretaria de Esporte do Estado e aguarda devolutiva; o texto não cita um número de ofício específico, por isso oficio_resposta foi mantido nulo."
IND-771,165,2025,17ª Sessão Ordinária da 19ª Legislatura,2025-05-26,"Anderson Marcos Viana, Adriano de Marcos Lopes, Bruno Herreira, Edvaldo Aparecido Carvalho, Elizeu Adriano, Reinaldo Codognato, Renato Vieira de Brito, Samir Edson Tino, Teresinha de Lourdes Freitas Regodanso",Solicita que os vereadores sejam convocados para participar das reuniões realizadas pelo Executivo Municipal sempre que os assuntos tratados envolverem servidores públicos ou temas que impactem diretamente o serviço público municipal.,Administração e Finanças,,Pendente de Análise,
IND-772,166,2025,17ª Sessão Ordinária da 19ª Legislatura,2025-05-26,"Anderson Marcos Viana, Adriano de Marcos Lopes, Teresinha de Lourdes Freitas Regodanso","Solicita a manutenção do transporte coletivo para a Vila São João com o trajeto realizado duas vezes por semana, como já vinha sendo feito, por ser essencial para deslocamentos de moradores a consultas médicas e outros compromissos.",Saúde,,Pendente de Análise,
IND-773,167,2025,18ª Sessão Ordinária da 19ª Legislatura,2025-06-02,"Edvaldo Aparecido Carvalho, Anderson Marcos Viana, Bruno Herreira, Elizeu Adriano, Reinaldo Codognato, Renato Vieira de Brito, Samir Edson Tino","Solicita a implantação de uma lombofaixa (faixa elevada) na Avenida Paulista, em frente à Clínica Bem-Estar e ao Laboratório Trianon, trecho de grande fluxo de idosos e veículos ao final de uma descida, com risco de acidentes.",Saúde,,Pendente de Análise,
IND-774,168,2025,18ª Sessão Ordinária da 19ª Legislatura,2025-06-02,Reinaldo Codognato,"Solicita a realocação do playground do bairro Vila Beatriz para dentro do complexo, ao lado do campo de malha, pois o local atual não possui grade de proteção e representa risco às crianças.",Esporte e Lazer,,Pendente de Análise,
IND-775,169,2025,18ª Sessão Ordinária da 19ª Legislatura,2025-06-02,"Adriano de Marcos Lopes, Anderson Marcos Viana, Teresinha de Lourdes Freitas Regodanso","Solicita melhorias na iluminação pública da Avenida Campos Salles, no trecho entre a Rua Victor Junqueira e a Rua Porto Alegre, local com baixa iluminação que gera insegurança para pedestres e motoristas.",Obras e Serviços Públicos,,Pendente de Análise,
IND-776,170,2025,18ª Sessão Ordinária da 19ª Legislatura,2025-06-02,Bruno Herreira,"Solicita a implantação de uma faixa elevada (lombada) na Avenida João Furini, entre o loteamento Horto dos Seringais e o bairro Jardim Campo Belo, nas proximidades do ponto de ônibus onde crianças aguardam o transporte escolar, devido à alta velocidade dos veículos no trecho.",Educação,,Pendente de Análise,
IND-777,171,2025,19ª Sessão Ordinária da 19ª Legislatura,2025-06-09,Reinaldo Codognato,"Solicita a construção de uma quadra de areia para vôlei e outros esportes, bem como uma meia-quadra de basquete 3x3, na praça do bairro Cristo Redentor, local já bastante frequentado pelos moradores.",Obras e Serviços Públicos,,Pendente de Análise,
IND-778,172,2025,19ª Sessão Ordinária da 19ª Legislatura,2025-06-09,"Reinaldo Codognato, Bruno Herreira, Edvaldo Aparecido Carvalho, Elizeu Adriano, Renato Vieira de Brito, Samir Edson Tino","Solicita que o Executivo interceda junto ao SENAI para o retorno do curso de corte e costura na unidade móvel instalada na praça, visando capacitação profissional e geração de renda para a população.",Meio Ambiente,,Pendente de Análise,
IND-779,173,2025,19ª Sessão Ordinária da 19ª Legislatura,2025-06-09,"Reinaldo Codognato, Bruno Herreira","Solicita a flexibilização da aplicação de multas aos motoristas de ambulância quando estiverem em atendimento de urgência, reconhecendo as situações excepcionais enfrentadas durante o atendimento emergencial.",Saúde,,Pendente de Análise,
IND-780,174,2025,19ª Sessão Ordinária da 19ª Legislatura,2025-06-09,Anderson Marcos Viana,"Solicita a agilização da conclusão da obra da cozinha da EMEI Criança Feliz, que está em andamento desde setembro do ano anterior e falta apenas a instalação da fiação elétrica, para melhorar as condições de trabalho e o atendimento escolar.",Educação,,Pendente de Análise,
IND-781,175,2025,20ª Sessão Ordinária da 19ª Legislatura,2025-06-16,"Anderson Marcos Viana, Adriano de Marcos Lopes, Teresinha de Lourdes Freitas Regodanso","Solicita autorização, junto à Comissão Organizadora da Seruva, para a instalação de uma urna de arrecadação solidária na entrada da festa, com o objetivo de arrecadar doações voluntárias em dinheiro para entidades assistenciais do município.",A Classificar,,Pendente de Análise,
IND-782,176,2025,20ª Sessão Ordinária da 19ª Legislatura,2025-06-16,Anderson Marcos Viana,"Solicita a aquisição de um caminhão limpa-fossa para o município, considerando que atualmente o serviço é terceirizado e gera custo elevado aos cofres públicos.",A Classificar,,Pendente de Análise,
IND-783,177,2025,20ª Sessão Ordinária da 19ª Legislatura,2025-06-16,Anderson Marcos Viana,"Solicita a instituição do título de ""servidor destaque do ano"" no âmbito municipal, com a finalidade de reconhecer e valorizar servidores públicos que se destacam no desempenho de suas funções.",Administração e Finanças,,Pendente de Análise,
IND-784,178,2025,21ª Sessão Ordinária da 19ª Legislatura,2025-06-23,"Reinaldo Codognato, Bruno Herreira, Edvaldo Aparecido Carvalho, Elizeu Adriano, Renato Vieira de Brito, Samir Edson Tino","Solicita providências quanto às contas de água de residência na Avenida 7 de Setembro, próximo ao número 1.022, região afetada por vazamentos, falhas no escoamento e acúmulo de ar na rede, que resultam em cobranças elevadas mesmo com fornecimento irregular. Pede vistoria no local.",Obras e Serviços Públicos,,Pendente de Análise,
IND-785,179,2025,21ª Sessão Ordinária da 19ª Legislatura,2025-06-23,Anderson Marcos Viana,"Solicita a aquisição de uma bomba de infusão, um monitor de parâmetros e um respirador de transporte para o pronto-socorro municipal, visando aprimorar o atendimento de urgência e a segurança dos pacientes.",A Classificar,,Pendente de Análise,
IND-786,180,2025,21ª Sessão Ordinária da 19ª Legislatura,2025-06-23,"Adriano de Marcos Lopes, Anderson Marcos Viana, Teresinha de Lourdes Freitas Regodanso","Solicita a instalação de um redutor de velocidade na Rua Zeca da Cunha, no trecho entre a Rua Victor Junqueira e a Avenida Junqueira, devido ao intenso tráfego e ao risco de acidentes nesse cruzamento.",Trânsito e Mobilidade,,Pendente de Análise,
IND-787,181,2025,23ª Sessão Ordinária da 19ª Legislatura,2025-08-04,Edvaldo Aparecido Carvalho,"Solicita a implantação de mão única de direção em uma rua (nome transcrito de forma inconsistente), no sentido da Avenida Geraldo do Fundo até a Rua Alegrete, devido ao pouco espaço disponível para o tráfego e veículos estacionados que comprometem a fluidez e a segurança.",A Classificar,,Pendente de Análise,O nome da rua aparece transcrito de forma inconsistente no áudio ('Rua Guerino' no resumo do Expediente e 'Rua Goerinoval' no texto integral) — provável erro de transcrição do Whisper; nome real da via incerto.
IND-788,182,2025,23ª Sessão Ordinária da 19ª Legislatura,2025-08-04,Reinaldo Codognato,"Solicita a implementação de iluminação pública adequada na Rua Primavera, no bairro Recanto dos Eucaliptos, para aumentar a segurança dos moradores e valorizar o bairro.",Obras e Serviços Públicos,,Pendente de Análise,
IND-789,183,2025,23ª Sessão Ordinária da 19ª Legislatura,2025-08-04,Bruno Herreira,"Solicita reforma (incluindo pintura e reparos) na Casa de Apoio aos munícipes que fazem tratamento oncológico na cidade de Jaú, para dar mais conforto às pessoas que viajam várias vezes por semana e precisam pernoitar no local.",Obras e Serviços Públicos,,Pendente de Análise,
IND-790,184,2025,23ª Sessão Ordinária da 19ª Legislatura,2025-08-04,"Teresinha de Lourdes Freitas Regodanso, Adriano de Marcos Lopes, Anderson Marcos Viana","Solicita a manutenção do túmulo do fundador da cidade, Álvaro de Oliveira Junqueira, para preservação da memória histórica e do patrimônio cultural do município, já que não há familiares residindo na cidade para realizar essa manutenção.",A Classificar,,Pendente de Análise,
IND-791,185,2025,23ª Sessão Ordinária da 19ª Legislatura,2025-08-04,Elizeu Adriano,"Solicita a instalação de um relógio na parede do terminal rodoviário de Junqueirópolis, para oferecer mais comodidade e praticidade a usuários e funcionários.",A Classificar,,Pendente de Análise,
IND-792,186,2025,23ª Sessão Ordinária da 19ª Legislatura,2025-08-04,Anderson Marcos Viana,"Solicita a instalação de cobertura na Estratégia de Saúde da Família ESF3 (bairro Jardim Esperança) e no Centro de Fisioterapia Municipal, para proteger usuários, especialmente idosos que aguardam atendimento, contra sol e chuva.",Saúde,,Pendente de Análise,
IND-793,187,2025,23ª Sessão Ordinária da 19ª Legislatura,2025-08-04,Renato Vieira de Brito,"Solicita a instalação de sinal de wi-fi no Bosque Municipal Joaquim José, local frequentado por famílias, para facilitar a comunicação dos visitantes.",A Classificar,,Pendente de Análise,
IND-794,188,2025,23ª Sessão Ordinária da 19ª Legislatura,2025-08-04,Anderson Marcos Viana,"Solicita que a empresa responsável pela iluminação pública retome a substituição de lâmpadas convencionais por lâmpadas de LED, serviço que está paralisado há meses, visando eficiência energética e segurança.",Saúde,,Pendente de Análise,
IND-795,189,2025,23ª Sessão Ordinária da 19ª Legislatura,2025-08-04,Bruno Herreira,"Solicita a designação de mais um fisioterapeuta para atuar no Centro de Fisioterapia Municipal, a fim de ampliar a capacidade de atendimento.",A Classificar,,Pendente de Análise,
IND-796,190,2025,24ª Sessão Ordinária da 19ª Legislatura,2025-08-11,Edvaldo Aparecido Carvalho,"Solicita melhorias na iluminação da Praça Álvaro de Oliveira Junqueira, local bastante frequentado à noite por jovens e famílias, visando maior segurança e conforto.",Meio Ambiente,,Pendente de Análise,
IND-797,191,2025,24ª Sessão Ordinária da 19ª Legislatura,2025-08-11,Bruno Herreira,"Solicita a reavaliação do percentual de insalubridade pago aos servidores municipais da área da saúde (atualmente cerca de 20%), propondo aumento para valorizar profissionais que atuam em condições de risco (motoristas de ambulância, enfermeiros, técnicos em enfermagem etc.).",Saúde,,Pendente de Análise,
IND-798,192,2025,24ª Sessão Ordinária da 19ª Legislatura,2025-08-11,"Adriano de Marcos Lopes, Anderson Marcos Viana, Teresinha de Lourdes Freitas Regodanso","Solicita a implantação de uma faixa de pedestre na Avenida Junqueira, no cruzamento com a Rua Corumbá, próximo ao ponto de ônibus, trecho utilizado por crianças aguardando condução escolar e trabalhadores.",Educação,,Pendente de Análise,
IND-799,193,2025,24ª Sessão Ordinária da 19ª Legislatura,2025-08-11,"Anderson Marcos Viana, Adriano de Marcos Lopes, Teresinha de Lourdes Freitas Regodanso","Solicita levantamento sobre possíveis erros na leitura e cobrança do consumo de água no município (relatos de contas com valores elevados mesmo em imóveis com pouco ou nenhum uso), com possível suspensão temporária das cobranças questionadas, além de análise da qualidade da água distribuída à população.",Obras e Serviços Públicos,,Pendente de Análise,
IND-800,194,2025,24ª Sessão Ordinária da 19ª Legislatura,2025-08-11,Anderson Marcos Viana,Solicita a limpeza de um trecho de rua no bairro Jardim Conde (nome da rua transcrito de forma inconsistente) e a análise futura da viabilidade de pavimentação do trecho.,Obras e Serviços Públicos,,Pendente de Análise,"O nome da rua aparece com grafias diferentes ao longo do áudio ('Zenzu Sato', 'Zenzo Sato', 'Zenzossato') — provável nome próprio (possivelmente sobrenome de origem japonesa) distorcido pela transcrição; grafia correta incerta."
IND-801,195,2025,24ª Sessão Ordinária da 19ª Legislatura,2025-08-11,"Anderson Marcos Viana, Adriano de Marcos Lopes, Teresinha de Lourdes Freitas Regodanso","Solicita a designação de um funcionário fixo para realizar a limpeza e manutenção regular do parque ecológico, que apresenta acúmulo constante de sujeira.",Meio Ambiente,,Pendente de Análise,
IND-802,196,2025,24ª Sessão Ordinária da 19ª Legislatura,2025-08-11,"Anderson Marcos Viana, Adriano de Marcos Lopes, Teresinha de Lourdes Freitas Regodanso","Solicita a inclusão do curso de Licenciatura em Biologia no programa de estágios da Prefeitura, especialmente para atuação nas escolas da rede pública, beneficiando estudantes que hoje precisam buscar estágio fora do município.",Educação,,Pendente de Análise,
IND-803,197,2025,24ª Sessão Ordinária da 19ª Legislatura,2025-08-11,Reinaldo Codognato,"Solicita providências para regularizar a situação documental dos distritos industriais do município, incluindo a entrega das respectivas escrituras aos empresários instalados, o que hoje dificulta o acesso a linhas de crédito e financiamentos.",A Classificar,,Pendente de Análise,
IND-804,198,2025,24ª Sessão Ordinária da 19ª Legislatura,2025-08-11,"Adriano de Marcos Lopes, Anderson Marcos Viana, Teresinha de Lourdes Freitas Regodanso","Solicita a readequação do estacionamento na Avenida Bandeirantes, no trecho entre a Rua Rui Barbosa e a Rua Quinzinho da Cunha, incluindo vagas de parada rápida e melhorias na área destinada a motocicletas.",Trânsito e Mobilidade,,Pendente de Análise,
IND-805,199,2025,25ª Sessão Ordinária da 19ª Legislatura,2025-08-18,Reinaldo Codognato,"Solicita a instalação de dispositivos para redução de velocidade na Rua Constantino Marcolino de Souza, no trecho entre a Avenida Geraldo do Fundo e a Avenida João Furini, devido a relatos constantes de excesso de velocidade de veículos e motos.",Trânsito e Mobilidade,,Pendente de Análise,
IND-806,200,2025,25ª Sessão Ordinária da 19ª Legislatura,2025-08-18,Reinaldo Codognato,"Solicita a solução, parcial ou total, de uma erosão formada aos fundos de uma rua na área rural (bairro cujo nome aparece transcrito de forma inconsistente), que vem causando deslizamento de terra e prejuízos ambientais.",Agricultura e Meio Rural,,Pendente de Análise,Nomes transcritos de forma inconsistente: a rua aparece como 'Rua Alberto Nuzzi' no resumo do Expediente e 'Rua Albert Nusse'/'Alberto Nus' no texto integral e na fala do vereador; o bairro aparece como 'Vila Santa Ruti' e 'Vila Santa Ruth' — possivelmente 'Vila Santa Rita'. Grafias corretas incertas.
IND-807,201,2025,25ª Sessão Ordinária da 19ª Legislatura,2025-08-18,Edvaldo Aparecido Carvalho,"Solicita manutenção preventiva na estrada municipal JQL-010, que liga Junqueirópolis a Dracena, com foco na retirada de bancos de areia que dificultam o tráfego, especialmente de motociclistas, e que já causaram acidente.",A Classificar,,Pendente de Análise,
IND-808,202,2025,25ª Sessão Ordinária da 19ª Legislatura,2025-08-18,Anderson Marcos Viana,"Solicita manutenção na estrada municipal JQL-030, com reparos e nivelamento com rolo compactador, além de atenção a pontos danificados por enxurrada próximos a propriedades rurais.",A Classificar,,Pendente de Análise,
IND-809,203,2025,25ª Sessão Ordinária da 19ª Legislatura,2025-08-18,"Anderson Marcos Viana, Adriano de Marcos Lopes, Bruno Herreira, Teresinha de Lourdes Freitas Regodanso","Solicita a instalação de placas de identificação de ruas no loteamento Jardim Bela Vista, para facilitar a localização por moradores, visitantes e serviços de entrega e emergência.",Meio Ambiente,,Pendente de Análise,
IND-810,204,2025,26ª Sessão Ordinária da 19ª Legislatura,2025-08-25,Edvaldo Aparecido Carvalho,"Solicita a readequação da lombofaixa (quebra-mola) existente na Rua Rio de Janeiro, ao lado da Academia ao Ar Livre Clóvis de Oliveira, cuja altura excessiva tem causado danos aos veículos que passam pelo local.",Esporte e Lazer,,Pendente de Análise,
IND-811,205,2025,26ª Sessão Ordinária da 19ª Legislatura,2025-08-25,"Reinaldo Codognato, Bruno Herreira, Edvaldo Aparecido Carvalho, Elizeu Adriano, Renato Vieira de Brito, Samir Edson Tino","Solicita a instalação de sinalização viária refletiva nas estradas municipais (JQLs) que dão acesso à usina Bunge (antiga Viterra), visando melhorar a visibilidade noturna e a segurança dos motoristas.",Trânsito e Mobilidade,,Pendente de Análise,
IND-812,206,2025,26ª Sessão Ordinária da 19ª Legislatura,2025-08-25,"Reinaldo Codognato, Bruno Herreira, Edvaldo Aparecido Carvalho, Elizeu Adriano, Renato Vieira de Brito, Samir Edson Tino","Solicita a destinação de um veículo exclusivo para a realização de transferências (altas médicas) de pacientes do pronto-socorro e demais unidades de saúde, evitando que o veículo dos bombeiros seja utilizado para essa finalidade.",Saúde,,Pendente de Análise,
IND-813,207,2025,26ª Sessão Ordinária da 19ª Legislatura,2025-08-25,"Reinaldo Codognato, Bruno Herreira, Edvaldo Aparecido Carvalho, Elizeu Adriano, Renato Vieira de Brito, Samir Edson Tino","Solicita a instalação de um quebra-molas no cruzamento da Avenida Junqueira com a Rua São Vicente de Paula, devido a veículos que trafegam em alta velocidade no trecho, oferecendo risco aos pedestres.",Trânsito e Mobilidade,,Pendente de Análise,
IND-814,208,2025,26ª Sessão Ordinária da 19ª Legislatura,2025-08-25,Anderson Marcos Viana,"Solicita a efetivação do cumprimento da Lei Municipal nº 2.403, de 4 de junho de 2007, que institui o projeto 'Uma Criança, Uma Árvore', como forma de compensar as podas drásticas recentes e reforçar a conscientização ambiental.",Meio Ambiente,,Pendente de Análise,
IND-815,209,2025,26ª Sessão Ordinária da 19ª Legislatura,2025-08-25,"Adriano de Marcos Lopes, Anderson Marcos Viana, Teresinha de Lourdes Freitas Regodanso","Solicita que a empresa responsável pela manutenção da iluminação pública retome a substituição das lâmpadas convencionais por lâmpadas de LED no bairro Figueira, um dos últimos bairros ainda não contemplados integralmente.",Saúde,,Pendente de Análise,
IND-816,210,2025,27ª Sessão Ordinária da 19ª Legislatura,2025-09-01,Edvaldo Aparecido Carvalho,"Solicita a implantação de uma lombofaixa elevada em frente à Unidade de Estratégia de Saúde da Família (ESF-6), na Avenida Latina, para oferecer mais segurança e acessibilidade a pedestres, especialmente idosos e pessoas com mobilidade reduzida.",Saúde,,Pendente de Análise,
IND-817,211,2025,27ª Sessão Ordinária da 19ª Legislatura,2025-09-01,Anderson Marcos Viana,"Solicita a desapropriação do prédio da antiga Faculdade de Junqueirópolis, na entrada da cidade, para destinação à instalação de uma nova escola, auxiliando na redistribuição dos alunos da Escola Estadual Prof. Idêneo Rodrigues dos Santos.",Educação,,Pendente de Análise,
IND-818,212,2025,27ª Sessão Ordinária da 19ª Legislatura,2025-09-01,"Anderson Marcos Viana, Adriano de Marcos Lopes, Teresinha de Lourdes Freitas Regodanso","Solicita a viabilização, junto à Santa Casa de Junqueirópolis e a planos de saúde (Iamspe, Unimed e outros), da implantação de atendimentos conveniados no município, para reduzir deslocamentos e fortalecer a Santa Casa e a rede de saúde local.",Saúde,,Pendente de Análise,
IND-819,213,2025,27ª Sessão Ordinária da 19ª Legislatura,2025-09-01,Bruno Herreira,"Solicita a instalação de um playground na Praça Central Álvaro de Oliveira Junqueira, local já bastante frequentado por famílias, para ampliar o movimento e tornar o espaço mais atrativo.",Meio Ambiente,,Pendente de Análise,
IND-820,214,2025,27ª Sessão Ordinária da 19ª Legislatura,2025-09-01,Bruno Herreira,"Solicita o recapeamento da Rua das Perdizes e a construção de uma valeta para escoamento adequado da água na altura da Avenida Bandeirantes, a fim de prevenir acúmulo de água e transtornos a moradores e motoristas.",Obras e Serviços Públicos,,Pendente de Análise,
IND-821,215,2025,27ª Sessão Ordinária da 19ª Legislatura,2025-09-01,Reinaldo Codognato,"Solicita a aplicação de fumacê no bairro Jardim Campo Belo e em outros bairros do município onde houver necessidade, diante do aumento significativo da presença de mosquitos.",Meio Ambiente,,Pendente de Análise,
IND-822,216,2025,27ª Sessão Ordinária da 19ª Legislatura,2025-09-01,"Teresinha de Lourdes Freitas Regodanso, Anderson Marcos Viana, Adriano de Marcos Lopes","Solicita o recapeamento da Rua Akira Katayama, no trecho entre a Rua Professora Maria Eugênia Regasoli e a Rua Sebastião Rosa dos Santos, no bairro Frei Galvão, para garantir melhores condições de tráfego e segurança.",Educação,,Pendente de Análise,
IND-823,217,2025,27ª Sessão Ordinária da 19ª Legislatura,2025-09-01,Reinaldo Codognato,"Solicita a intensificação dos cuidados com a arborização da Praça do Centenário, especialmente quanto ao combate de parasitas que comprometem a flora local, e a instalação de um relógio no local, usado como ponto de espera de conduções.",Meio Ambiente,,Pendente de Análise,
IND-824,218,2025,28ª Sessão Ordinária da 19ª Legislatura,2025-09-08,Edvaldo Aparecido Carvalho,"Solicita a implantação de um redutor de velocidade na Rua José Bonifácio, nas proximidades do cruzamento com a Rua Recife e do Asilo, onde veículos trafegam em alta velocidade no fim de uma descida, oferecendo risco a pedestres.",Trânsito e Mobilidade,,Pendente de Análise,
IND-825,219,2025,28ª Sessão Ordinária da 19ª Legislatura,2025-09-08,"Teresinha de Lourdes Freitas Regodanso, Adriano de Marcos Lopes, Anderson Marcos Viana","Solicita a colocação de placa de identificação ou pintura na fachada do Centro de Convivência do Idoso (CCI), com a denominação oficial 'Ana Brandt Fernandes de Souza', conforme a Lei Municipal nº 2.859/2013.",A Classificar,,Pendente de Análise,
IND-826,220,2025,28ª Sessão Ordinária da 19ª Legislatura,2025-09-08,"Anderson Marcos Viana, Adriano de Marcos Lopes, Teresinha de Lourdes Freitas Regodanso","Solicita a substituição do nome de uma das vias denominadas 'Rua das Palmeiras', tendo em vista que há pelo menos três ruas com esse mesmo nome em diferentes pontos da cidade, gerando confusão em entregas e registros.",Saúde,,Pendente de Análise,
IND-827,221,2025,28ª Sessão Ordinária da 19ª Legislatura,2025-09-08,Reinaldo Codognato,"Solicita a colocação de piso nas mesas da Praça Central Álvaro de Oliveira Junqueira e na área da bocha, ao lado do ginásio de esportes Cícero Gomes, cujas mesas estão com a tinta se soltando devido à exposição ao calor.",Meio Ambiente,,Pendente de Análise,
IND-828,222,2025,28ª Sessão Ordinária da 19ª Legislatura,2025-09-08,Reinaldo Codognato,"Solicita a implantação de placas de identificação de ruas nos pontos da cidade ainda sem sinalização, cuja ausência tem causado transtornos a entregadores e prestadores de serviços.",Trânsito e Mobilidade,,Pendente de Análise,
IND-829,223,2025,28ª Sessão Ordinária da 19ª Legislatura,2025-09-08,Reinaldo Codognato,"Solicita a arborização da Praça do Residencial das Américas, bem como de outras praças do município que carecem de sombreamento, visando melhorar o conforto térmico e contribuir com a preservação ambiental.",Meio Ambiente,,Pendente de Análise,
IND-830,224,2025,28ª Sessão Ordinária da 19ª Legislatura,2025-09-08,"Anderson Marcos Viana, Adriano de Marcos Lopes, Teresinha de Lourdes Freitas Regodanso","Solicita o aumento da altura do alambrado existente nos fundos do campinho de futebol de um bairro (referido no resumo do Expediente como 'Alto do Sene' e no texto integral como 'Alto do CN'), já que bolas ultrapassam a estrutura e caem no pesqueiro ao lado, e o fechamento lateral do campo voltado à via pública.",A Classificar,,Pendente de Análise,"Nome do bairro inconsistente na transcrição: aparece como 'Alto do Sene' no resumo do Expediente e como 'Alto do CN' no texto integral da indicação; provável erro de transcrição por voz, não foi possível confirmar o nome correto do bairro."
IND-831,225,2025,28ª Sessão Ordinária da 19ª Legislatura,2025-09-08,Anderson Marcos Viana,"Solicita providências quanto à falta de vagas nas escolas municipais de educação infantil (EMEIs), especialmente para atender mães que retornam ao trabalho após o término da licença-maternidade.",Educação,,Pendente de Análise,
IND-832,226,2025,28ª Sessão Ordinária da 19ª Legislatura,2025-09-08,"Bruno Herreira, Elizeu Adriano, Samir Edson Tino","Complementando a Indicação nº 141/2025, solicita que, além do parcelamento de tributos municipais vencidos, seja incluída também a concessão de anistia de multas e juros aos contribuintes inadimplentes.",A Classificar,,Pendente de Análise,
IND-833,227,2025,29ª Sessão Ordinária da 19ª Legislatura,2025-09-15,Reinaldo Codognato,"Solicita a instalação de bancos no canteiro central da Praça do Centenário, bem como um bebedouro de água, visando oferecer mais conforto aos frequentadores que aguardam condução no local.",Meio Ambiente,,Pendente de Análise,
IND-834,228,2025,29ª Sessão Ordinária da 19ª Legislatura,2025-09-15,Reinaldo Codognato,"Solicita uma homenagem ao saudoso Guilherme Sachi de Andrade Santos, jovem que se destacou no esporte do município, sugerindo a denominação de um prédio público, rua, praça ou outro espaço municipal em seu nome.",Meio Ambiente,,Pendente de Análise,O nome do homenageado aparece grafado de forma diferente no resumo do Expediente ('Guilherme Sashi de Andrade Santos') e no texto integral ('Guilherme Sache de Andrade Santos'); grafia exata não confirmada.
IND-835,229,2025,29ª Sessão Ordinária da 19ª Legislatura,2025-09-15,Reinaldo Codognato,"Solicita uma homenagem ao saudoso Paulo Dias Fusinato, figura de destaque na história política de Junqueirópolis, sugerindo a denominação de um prédio público, rua, praça ou outro espaço municipal em seu nome.",Meio Ambiente,,Pendente de Análise,
IND-836,230,2025,29ª Sessão Ordinária da 19ª Legislatura,2025-09-15,Anderson Marcos Viana,"Solicita a manutenção das estradas rurais que ligam Junqueirópolis aos municípios de Dracena e Irapuru, alvo de reclamações por causa de ondulações ('costela de vaca') e excesso de areia que dificultam o tráfego e causam danos aos veículos.",A Classificar,,Pendente de Análise,
IND-837,231,2025,29ª Sessão Ordinária da 19ª Legislatura,2025-09-15,Edvaldo Aparecido Carvalho,"Solicita o recapeamento da Avenida Campos Salles, no trecho entre a Avenida 7 de Setembro e a Rua São Salvador, próximo à Escola Estadual Prof. Idene Rodrigues dos Santos e ao Projeto Semente da Vida, local de grande circulação de jovens e pedestres.",Educação,,Pendente de Análise,Autoria e nomes de logradouro/escola corrigidos em 24/08/2026 apos cruzamento com o site oficial da Camara (confirmado por William).
IND-838,232,2025,30ª Sessão Ordinária da 19ª Legislatura,2025-09-22,Reinaldo Codognato,"Solicita a instalação de lixeiras em frente ao complexo da saúde, cuja ausência de recipientes adequados tem levado moradores e frequentadores a descartar lixo diretamente na calçada.",Saúde,,Pendente de Análise,
IND-839,233,2025,30ª Sessão Ordinária da 19ª Legislatura,2025-09-22,"Reinaldo Codognato, Bruno Herreira, Edvaldo Aparecido Carvalho, Elizeu Adriano, Renato Vieira de Brito, Samir Edson Tino","Solicita a implementação de medidas que proporcionem mais segurança viária aos pedestres do bairro Jardim Pioneiros, cujas ruas estreitas necessitam de maior conforto e proteção para moradores e transeuntes.",Meio Ambiente,,Pendente de Análise,
IND-840,234,2025,30ª Sessão Ordinária da 19ª Legislatura,2025-09-22,Reinaldo Codognato,"Solicita um estudo técnico para sanar questões ambientais e estruturais relacionadas a um buraco de grande proporção que vem se formando à margem da Avenida João Furini, na altura do final da Rua Paraná, fundos do bairro Cristo Redentor.",Obras e Serviços Públicos,,Pendente de Análise,
IND-841,235,2025,30ª Sessão Ordinária da 19ª Legislatura,2025-09-22,Anderson Marcos Viana,"Solicita a instalação de uma academia ao ar livre acompanhada de uma pequena praça no bairro Vila São João, e o mesmo tipo de investimento em lazer para os bairros Fluentes e Alvorada.",Meio Ambiente,,Pendente de Análise,
IND-842,236,2025,30ª Sessão Ordinária da 19ª Legislatura,2025-09-22,Anderson Marcos Viana,"Solicita a instalação de um temporizador na iluminação do vestiário do campo do bairro Vila Beatriz, programado para desligar às 23h, atendendo reivindicações de moradores próximos incomodados com barulho durante a madrugada.",A Classificar,,Pendente de Análise,
IND-843,237,2025,30ª Sessão Ordinária da 19ª Legislatura,2025-09-22,"Teresinha de Lourdes Freitas Regodanso, Adriano de Marcos Lopes, Anderson Marcos Viana","Solicita a construção de banheiros na parte externa do Centro de Convivência do Idoso (CCI), para uso durante grandes eventos, podendo permanecer fechados no cotidiano e preservando o espaço interno usado pelos idosos.",Obras e Serviços Públicos,,Pendente de Análise,
IND-844,238,2025,30ª Sessão Ordinária da 19ª Legislatura,2025-09-22,Bruno Herreira,"Solicita que, junto ao pagamento do décimo terceiro salário dos servidores municipais, seja também realizado o pagamento do ticket de alimentação, como forma de valorização e apoio financeiro aos trabalhadores.",Administração e Finanças,,Pendente de Análise,
IND-845,239,2025,30ª Sessão Ordinária da 19ª Legislatura,2025-09-22,Edvaldo Aparecido Carvalho,"Solicita a instalação de dois bancos do lado de fora da Santa Casa de Misericórdia, para que os familiares de pacientes possam aguardar com mais conforto, evitando aglomeração na área interna.",A Classificar,,Pendente de Análise,
IND-846,240,2025,30ª Sessão Ordinária da 19ª Legislatura,2025-09-22,Elizeu Adriano,"Solicita a instalação de uma lixeira na praça localizada em frente ao pesqueiro Berrocoso, onde a ausência de recipiente adequado tem gerado acúmulo de lixo no chão.",Meio Ambiente,,Pendente de Análise,"No debate em plenário o local é referido como 'pesqueiro Conte Milhorini, antigo pesqueiro Berrocoso' — não foi possível confirmar com certeza o nome atual do estabelecimento devido a possível ruído de transcrição."
IND-847,241,2025,30ª Sessão Ordinária da 19ª Legislatura,2025-09-22,Elizeu Adriano,"Solicita o recapeamento da Rua Professora Maria Eugênia Regasoli, no trecho entre a Rua Victor Camargo Bodini e a Rua Akira Katayama, bem como o recapeamento da Rua Vereador Gélcio José da Silva.",Educação,,Pendente de Análise,
IND-848,242,2025,30ª Sessão Ordinária da 19ª Legislatura,2025-09-22,Renato Vieira de Brito,"Solicita o fornecimento de rádios comunicadores aos funcionários das equipes de saúde e de obras, visando melhorar a comunicação, inclusive em locais sem sinal de celular, e a agilidade dos serviços públicos.",Saúde,,Pendente de Análise,
IND-849,243,2025,31ª Sessão Ordinária da 19ª Legislatura,2025-09-29,"Adriano de Marcos Lopes, Anderson Marcos Viana, Teresinha de Lourdes Freitas Regodanso","Solicita melhoria no sistema de pedidos de conserto de lâmpadas de LED, de forma que o morador receba na hora um número de protocolo para acompanhar o andamento do serviço, seja por meio de área específica no site da prefeitura ou por exigência de melhor atendimento da empresa responsável.",A Classificar,,Pendente de Análise,"No texto integral lido em plenário essa indicação foi anunciada com o número '234' (provável erro de transcrição/leitura), mas o resumo do Expediente e a assinatura conferem com o número 243, usado aqui como canônico."
IND-850,244,2025,31ª Sessão Ordinária da 19ª Legislatura,2025-09-29,Reinaldo Codognato,"Solicita que a prefeitura reserve no mínimo 10% das vagas de estágio oferecidas anualmente para estudantes regularmente matriculados no ensino médio, buscando compatibilizar os estágios com a formação escolar e favorecer a inserção dos jovens no mercado de trabalho.",Educação,,Pendente de Análise,
IND-851,245,2025,31ª Sessão Ordinária da 19ª Legislatura,2025-09-29,Reinaldo Codognato,"Solicita projeto de reestruturação para recuperação da memória histórica e cultural do bairro Vila São João, com revitalização de prédios antigos (antiga escola, farinheira, posto de saúde e correio) para transformá-los em pontos de visitação turística.",Saúde,,Pendente de Análise,"No texto integral lido em plenário essa indicação foi anunciada novamente com o número '244' (repetição/erro de transcrição), mas pelo conteúdo e pelo resumo do Expediente corresponde ao número 245, usado aqui como canônico."
IND-852,246,2025,31ª Sessão Ordinária da 19ª Legislatura,2025-09-29,Anderson Marcos Viana,"Solicita a substituição urgente de todas as poltronas do pronto-socorro municipal, que estão com mais de 6 anos de uso e em avançado estado de desgaste e deterioração, comprometendo o conforto e a segurança dos pacientes em atendimento.",Saúde,,Pendente de Análise,
IND-853,247,2025,31ª Sessão Ordinária da 19ª Legislatura,2025-09-29,Anderson Marcos Viana,"Solicita a continuidade do projeto de instalação de um novo playground na área em frente ao estádio municipal Rafael Capelli, atendendo o pedido dos moradores desde a retirada do equipamento antigo há aproximadamente 3 anos.",Esporte e Lazer,,Pendente de Análise,
IND-854,248,2025,32ª Sessão Ordinária da 19ª Legislatura,2025-10-06,"Adriano de Marcos Lopes, Anderson Marcos Viana, Teresinha de Lourdes Freitas Regodanso","Solicita melhorias no entorno do Centro de Fisioterapia Municipal, incluindo poda de árvores no trecho até a sede da Associação de Ministros Evangélicos (AMEJ) e instalação de bancos na área externa para conforto dos munícipes que aguardam transporte público, especialmente durante a madrugada.",Trânsito e Mobilidade,,Pendente de Análise,
IND-855,249,2025,32ª Sessão Ordinária da 19ª Legislatura,2025-10-06,"Adriano de Marcos Lopes, Anderson Marcos Viana, Teresinha de Lourdes Freitas Regodanso","Solicita instalação de redutores de velocidade (lombadas ou lombofaixas) em dois pontos: nas proximidades do complexo esportivo Joaquina Porto Clemente e na Rua Ipiranga, no trecho entre a Avenida Junqueira e a Rua Porto Alegre, próximo à EMEI Sonho de Criança, devido ao declive acentuado e intenso trânsito de alunos.",Educação,,Pendente de Análise,
IND-856,250,2025,32ª Sessão Ordinária da 19ª Legislatura,2025-10-06,Edvaldo Aparecido Carvalho,"Solicita instalação de redutor de velocidade (lombada) na Rua Sebastiana de Oliveira, no trecho entre as ruas São Salvador e Belo Horizonte, atendendo reivindicação de moradores sobre tráfego em alta velocidade, inclusive de caminhões, em via de sentido único e em declive.",Trânsito e Mobilidade,,Pendente de Análise,
IND-857,251,2025,32ª Sessão Ordinária da 19ª Legislatura,2025-10-06,Reinaldo Codognato,"Solicita a construção de canaletas para escoamento de água em dois pontos: na esquina da Avenida Junqueira com a Rua Professora Célia de Marcos, e na Rua Colômbia, próximo ao número 142, onde o acúmulo de água causa transtornos a pedestres, condutores e deterioração do pavimento.",Educação,,Pendente de Análise,
IND-858,252,2025,32ª Sessão Ordinária da 19ª Legislatura,2025-10-06,Reinaldo Codognato,"Solicita serviço de limpeza e desobstrução de todas as bocas de lobo do bairro Jardim Alvorada, estendendo-se aos demais bairros conforme necessidade, para evitar acúmulo de folhas e detritos que atraem insetos e animais peçonhentos.",Meio Ambiente,,Pendente de Análise,
IND-859,253,2025,32ª Sessão Ordinária da 19ª Legislatura,2025-10-06,Bruno Herreira,"Solicita a construção de um poço artesiano para atender os bairros da região conhecida como Após-Linha, sobretudo nas proximidades da Cooperativa Agrícola de Junqueirópolis (Copage), visando solucionar problemas de abastecimento de água.",Obras e Serviços Públicos,,Pendente de Análise,
IND-860,254,2025,32ª Sessão Ordinária da 19ª Legislatura,2025-10-06,Anderson Marcos Viana,"Solicita a flexibilização do horário de trabalho dos servidores municipais que atuam expostos ao sol, em razão das altas temperaturas, sugerindo início antecipado da jornada ou pausa estratégica no horário de pico de calor.",Administração e Finanças,,Pendente de Análise,
IND-861,255,2025,32ª Sessão Ordinária da 19ª Legislatura,2025-10-06,Anderson Marcos Viana,"Solicita, em conjunto com a Comissão Organizadora da Aceruva, a revisão das regras sobre entrada de bebidas próprias no recinto da festa, para evitar práticas consideradas venda casada, sugerindo que a entrada seja permitida em ao menos um dos dias do evento.",A Classificar,,Pendente de Análise,
IND-862,256,2025,33ª Sessão Ordinária da 19ª Legislatura,2025-10-13,Anderson Marcos Viana,"Solicita o repasse integral do incentivo financeiro adicional (conhecido como '14º') aos agentes comunitários de saúde, reconhecendo que o recurso já lhes pertence por direito, permitindo inclusive que eles próprios adquiram uniformes e equipamentos de proteção individual, hoje custeados do próprio bolso.",Saúde,,Pendente de Análise,
IND-863,257,2025,33ª Sessão Ordinária da 19ª Legislatura,2025-10-13,Anderson Marcos Viana,"Solicita projeto de melhoria e segurança na Rua Chile, via principal de acesso ao bairro Residencial das Américas, incluindo construção de calçada na entrada do bairro e de canaleta para escoamento de água que se acumula na via, causando quedas de pedestres e motociclistas.",Obras e Serviços Públicos,,Pendente de Análise,
IND-864,258,2025,33ª Sessão Ordinária da 19ª Legislatura,2025-10-13,Reinaldo Codognato,"Solicita a modernização do sistema de identificação do transporte escolar por meio da criação de uma carteirinha de estudante digital, armazenável no celular do aluno, para evitar transtornos de embarque em caso de perda do documento físico.",Educação,,Pendente de Análise,
IND-865,259,2025,33ª Sessão Ordinária da 19ª Legislatura,2025-10-13,Teresinha de Lourdes Freitas Regodanso,"Solicita a instalação de redutor de velocidade na Rua Manaus, atendendo pedido de moradores preocupados com o tráfego de veículos em alta velocidade, especialmente em razão do declive da via.",Trânsito e Mobilidade,,Pendente de Análise,
IND-866,260,2025,34ª Sessão Ordinária da 19ª Legislatura,2025-10-20,Anderson Marcos Viana,"Solicita projeto de melhorias na infraestrutura e iluminação da Rua Fayez Zogheib, incluindo construção de canaleta em esquina crítica para escoamento de água pluvial (que tem causado quedas de ciclistas e motociclistas) e instalação de novos postes de luz ou poda de árvores no trecho que desce em direção ao bairro Delta Ville, hoje escuro por obstrução da iluminação existente.",Obras e Serviços Públicos,,Pendente de Análise,"Nome da rua incerto na transcrição ('Fais Zogueibe'/'Faies Jogueibe'); adotado 'Rua Fayez Zogheib' por haver uma empresa local com esse sobrenome (Jad Zogheib & Cia LTDA) confirmada no Google Maps, mas a rua em si não foi localizada diretamente - recomenda-se confirmar."
IND-867,261,2025,34ª Sessão Ordinária da 19ª Legislatura,2025-10-20,Renato Vieira de Brito,"Solicita a instalação de iluminação pública nas áreas verdes dos bairros Campo Belo e Jardim Catuna, já que atualmente a iluminação do Campo Belo se restringe ao entorno do playground, deixando o restante do espaço sem claridade suficiente para uso noturno seguro.",Obras e Serviços Públicos,,Pendente de Análise,
IND-868,262,2025,34ª Sessão Ordinária da 19ª Legislatura,2025-10-20,"Samir Edson Tino, Bruno Herreira","Solicita a manutenção da ponte de madeira localizada na Rua 5, no bairro Taquaruçu, próximo à chácara do senhor Olivier, pois as tábuas do piso estão quebradas e soltas, representando risco de acidente e danos aos veículos que trafegam pelo local.",A Classificar,,Pendente de Análise,
IND-869,263,2025,34ª Sessão Ordinária da 19ª Legislatura,2025-10-20,"Samir Edson Tino, Bruno Herreira","Solicita um projeto de infraestrutura abrangente na Rua Santa Fé, incluindo adequação da rede de esgoto, sistema de drenagem de águas pluviais, limpeza e roçagem da vegetação, e estudo de viabilidade para construção de uma rotatória ao final da rua.",Trânsito e Mobilidade,,Pendente de Análise,
IND-870,264,2025,34ª Sessão Ordinária da 19ª Legislatura,2025-10-20,"Samir Edson Tino, Bruno Herreira","Solicita a instalação de um redutor de velocidade (lombada) na Rua General Osório, no cruzamento com a Rua Porto Alegre, devido a veículos trafegando em alta velocidade e risco de acidentes no local.",Trânsito e Mobilidade,,Pendente de Análise,
IND-871,265,2025,34ª Sessão Ordinária da 19ª Legislatura,2025-10-20,"Teresinha de Lourdes Freitas Regodanso, Adriano de Marcos Lopes, Anderson Marcos Viana","Solicita a instalação de uma foto da professora Shigueko Oto Iwaki na entrada da escola municipal que leva seu nome, corrigindo o fato de ser a única unidade de ensino do município ainda sem retrato da pessoa homenageada em local de destaque.",Educação,,Pendente de Análise,
IND-872,266,2025,35ª Sessão Ordinária da 19ª Legislatura,2025-10-27,Anderson Marcos Viana,"Solicita que a prefeitura utilize o Índice Nacional de Preços ao Consumidor (INPC) como teto para o reajuste anual do IPTU e da tarifa de água, de forma que o aumento aplicado seja igual ou inferior a esse índice, para evitar dificuldades financeiras a aposentados e trabalhadores.",A Classificar,,Pendente de Análise,
IND-873,267,2025,35ª Sessão Ordinária da 19ª Legislatura,2025-10-27,Anderson Marcos Viana,"Solicita a instalação de novas lixeiras de grande capacidade nas principais vias comerciais do município, em modelo similar ao já instalado na Praça Central pela empresa MCO, para melhorar o descarte de resíduos em áreas de maior fluxo de lixo alimentício.",Meio Ambiente,,Pendente de Análise,
IND-874,268,2025,35ª Sessão Ordinária da 19ª Legislatura,2025-10-27,"Adriano de Marcos Lopes, Anderson Marcos Viana, Teresinha de Lourdes Freitas Regodanso","Solicita a melhoria da iluminação pública nas proximidades da árvore de grande porte na entrada do estádio municipal Rafael Capelli, pois o local fica muito escuro durante jogos e eventos noturnos, gerando insegurança para crianças e demais frequentadores.",Obras e Serviços Públicos,,Pendente de Análise,
IND-875,269,2025,35ª Sessão Ordinária da 19ª Legislatura,2025-10-27,Adriano de Marcos Lopes,"Solicita, com urgência, o conserto ou reconstrução da ponte localizada no bairro Taquaral Sul, na estrada conhecida como do Sérgio Rocato, que segundo relatos está caída e afundada na água há cerca de sete a oito anos, impossibilitando o tráfego e prejudicando moradores e produtores rurais.",Obras e Serviços Públicos,,Pendente de Análise,"O nome do bairro/localidade foi transcrito de forma variável ('Taquaro Sul' no resumo do Expediente e no texto integral, e 'Tacuaro Sul' em outro trecho); mantido como 'Taquaral Sul' por aproximação ao nome mais usual da região citado em sessões anteriores ('Taquaruçu'), mas a grafia exata do córrego/bairro não pôde ser confirmada com certeza a partir do áudio."
IND-876,270,2025,35ª Sessão Ordinária da 19ª Legislatura,2025-10-27,Renato Vieira de Brito,"Solicita a instalação de câmeras de monitoramento em todas as unidades da rede municipal de ensino (escolas de ensino fundamental e educação infantil) que ainda não possuem esse equipamento de segurança, para reforçar a vigilância no ambiente escolar.",Educação,,Pendente de Análise,
IND-877,271,2025,35ª Sessão Ordinária da 19ª Legislatura,2025-10-27,Bruno Herreira,"Solicita a pintura dos prédios da Estratégia de Saúde da Família (ESF) 2 e 7, visando zelar pelo patrimônio público e proporcionar um ambiente mais adequado e acolhedor para pacientes e profissionais da saúde.",Saúde,,Pendente de Análise,
IND-878,272,2025,35ª Sessão Ordinária da 19ª Legislatura,2025-10-27,Reinaldo Codognato,"Solicita a instalação de uma grade de proteção nas laterais do palco localizado na Praça Central Álvaro de Oliveira Junqueira, para aumentar a segurança em apresentações que envolvem crianças de escolas municipais, EMEIs e idosos, evitando risco de queda.",Educação,,Pendente de Análise,
IND-879,273,2025,36ª Sessão Ordinária da 19ª Legislatura,2025-11-03,Edvaldo Aparecido Carvalho,"Solicita a instalação de um redutor de velocidade (lombada) no final da Rua General Osório, próximo ao encontro com a Avenida da Saudade, no término da pavimentação asfáltica, para reduzir a velocidade de veículos vindos dos sítios e garantir a segurança de pedestres e frequentadores do cemitério municipal.",Trânsito e Mobilidade,,Pendente de Análise,
IND-880,274,2025,36ª Sessão Ordinária da 19ª Legislatura,2025-11-03,Reinaldo Codognato,"Solicita a conclusão da instalação do redutor de velocidade (lombada) na Rua Lucélia, esquina com a Rua São Salvador, local de tráfego intenso próximo a duas ESFs, uma escola municipal (EMEI) e duas igrejas, onde o asfalto já foi cortado mas o serviço ficou paralisado.",Educação,,Pendente de Análise,
IND-881,275,2025,36ª Sessão Ordinária da 19ª Legislatura,2025-11-03,Reinaldo Codognato,"Solicita a instituição de um programa de incentivo ao comércio local, para fortalecer pequenos negócios e microempresas por meio de uma plataforma digital de divulgação, promoção de feiras e eventos, e capacitação de empreendedores.",A Classificar,,Pendente de Análise,
IND-882,276,2025,37ª Sessão Ordinária da 19ª Legislatura,2025-11-10,"Teresinha de Lourdes Freitas Regodanso, Adriano de Marcos Lopes","Solicita a construção de um muro de fechamento nos fundos do cemitério municipal, para garantir a segurança do local, delimitar adequadamente a área e preservar o patrimônio público.",Obras e Serviços Públicos,,Pendente de Análise,
IND-883,277,2025,37ª Sessão Ordinária da 19ª Legislatura,2025-11-10,"Adriano de Marcos Lopes, Teresinha de Lourdes Freitas Regodanso","Solicita a instituição de um programa de gratificação por desempenho para os servidores municipais, baseado em metas de produtividade e critérios objetivos de avaliação de mérito, inspirado em práticas de gestão do setor privado.",Administração e Finanças,,Pendente de Análise,
IND-884,278,2025,37ª Sessão Ordinária da 19ª Legislatura,2025-11-10,Reinaldo Codognato,"Solicita a revisão e ampliação da frequência das aulas de skate, reduzindo o intervalo atual de 15 dias entre as aulas para periodicidade semanal (sugerido às quintas-feiras), a fim de incentivar a prática do esporte municipal.",Esporte e Lazer,,Pendente de Análise,
IND-885,279,2025,37ª Sessão Ordinária da 19ª Legislatura,2025-11-10,"Reinaldo Codognato, Anderson Marcos Viana, Edvaldo Aparecido Carvalho","Solicita a reavaliação do projeto de construção de novos banheiros públicos no bairro Cristo Redentor, sugerindo como alternativa a adaptação dos banheiros já existentes no centro comunitário do bairro, com sistema de dupla entrada (frontal e traseira), permitindo uso público em horário convencional e uso exclusivo do centro comunitário nos fins de semana.",Obras e Serviços Públicos,,Pendente de Análise,"No texto integral desta indicação, o terceiro autor aparece grafado como ""Divaldo Aparecido Carvalho"", enquanto o nome oficial da 19ª Legislatura é Edvaldo Aparecido Carvalho (confirmado pelo resumo do Expediente); mantido como Edvaldo Aparecido Carvalho por ser o nome oficial e consistente com o Expediente."
IND-886,280,2025,37ª Sessão Ordinária da 19ª Legislatura,2025-11-10,Bruno Herreira,"Solicita que a administração adote as providências necessárias para garantir a plena adequação do município à nova Lei Federal nº 15.250/2025, que dispõe sobre o exercício da atividade de condutor de ambulância, incluindo requisitos mínimos, atribuições, capacitação periódica e cadastramento desses profissionais.",Saúde,,Pendente de Análise,
IND-887,281,2025,38ª Sessão Ordinária da 19ª Legislatura,2025-11-17,"Adriano de Marcos Lopes, Anderson Marcos Viana, Bruno Herreira, Edvaldo Aparecido Carvalho, Elizeu Adriano, Reinaldo Codognato, Renato Vieira de Brito, Samir Edson Tino, Teresinha de Lourdes Freitas Regodanso","Solicita que a administração busque, junto a deputados e demais esferas de governo, uma solução para a carência de atendimento especializado em neuropediatria para crianças e adolescentes do município, especialmente para diagnóstico de condições como TDAH e transtorno do espectro autista (TEA).",A Classificar,,Pendente de Análise,
IND-888,282,2025,38ª Sessão Ordinária da 19ª Legislatura,2025-11-17,"Adriano de Marcos Lopes, Anderson Marcos Viana, Bruno Herreira, Edvaldo Aparecido Carvalho, Elizeu Adriano, Reinaldo Codognato, Renato Vieira de Brito, Samir Edson Tino, Teresinha de Lourdes Freitas Regodanso","Solicita a instalação de redutores de velocidade (lombadas) na Avenida Edvirgizana Aparecida Trevizan, nas proximidades do número 426, área residencial com igreja nas proximidades onde veículos trafegam em alta velocidade.",Trânsito e Mobilidade,,Pendente de Análise,"O nome da avenida aparece com grafias variadas na transcrição (""Edirvirgizano a parecida Trevizan"" no resumo do Expediente, ""Edvirzana Aparecida Trevizan"" no texto integral); provável nome correto é ""Edvirgizana Aparecida Trevizan"", mas recomenda-se confirmar a grafia oficial do logradouro."
IND-889,283,2025,38ª Sessão Ordinária da 19ª Legislatura,2025-11-17,"Adriano de Marcos Lopes, Teresinha de Lourdes Freitas Regodanso","Solicita a implementação do conceito de ""praça sensorial"" no município, por ocasião de futuras reformas de praças já existentes, com elementos acessíveis e inclusivos que estimulem os sentidos (tato, audição, visão, olfato e equilíbrio), beneficiando especialmente crianças, idosos e pessoas com deficiência, como autistas.",Obras e Serviços Públicos,,Pendente de Análise,
IND-890,284,2025,38ª Sessão Ordinária da 19ª Legislatura,2025-11-17,Anderson Marcos Viana,"Solicita apoio estrutural imediato à Cooperativa de Catadores de Materiais Recicláveis de Junqueirópolis (CooperJunque), por meio do fornecimento de caminhões de pedra brita, para melhorar as condições do pátio, atualmente precário e com acúmulo de lama em dias de chuva.",A Classificar,,Pendente de Análise,
IND-891,285,2025,38ª Sessão Ordinária da 19ª Legislatura,2025-11-17,Anderson Marcos Viana,"Solicita que a administração agilize o processo de aquisição de um terreno para a construção de 20 casas populares, sugerindo que a escolha priorize uma localização próxima à área central, dada a falta de transporte público municipal.",Trânsito e Mobilidade,,Pendente de Análise,
IND-892,286,2025,38ª Sessão Ordinária da 19ª Legislatura,2025-11-17,"Reinaldo Codognato, Anderson Marcos Viana, Bruno Herreira, Edvaldo Aparecido Carvalho, Elizeu Adriano, Renato Vieira de Brito, Samir Edson Tino","Solicita providências efetivas quanto aos cuidados e à manutenção de todos os complexos esportivos do município, com atenção especial aos complexos dos bairros Vila Beatriz, Joaquina Porto Clemente e Alto do CN (Fernando Berrocoso), visando preservar o patrimônio público e garantir espaços seguros para esporte e lazer.",Esporte e Lazer,,Pendente de Análise,
IND-893,287,2025,38ª Sessão Ordinária da 19ª Legislatura,2025-11-17,Reinaldo Codognato,"Solicita a solução de um problema crônico no sistema de esgoto na Avenida Bandeirantes, no quarteirão entre as ruas Independência e Tiradentes, onde há retorno frequente de esgoto em uma residência específica (nº 599) há cerca de quatro a cinco anos, apesar de tentativas anteriores de reparo.",Obras e Serviços Públicos,,Pendente de Análise,
IND-894,288,2025,38ª Sessão Ordinária da 19ª Legislatura,2025-11-17,Edvaldo Aparecido Carvalho,"Solicita a manutenção e desobstrução urgente da canaleta de drenagem na esquina da Rua Lucas Rodrigues (próximo ao nº 764) com a Rua Luiz Chignoli (próximo ao nº 400), onde a grade de proteção está impedindo o escoamento correto da água, causando transtornos aos moradores.",A Classificar,,Pendente de Análise,
IND-895,289,2025,38ª Sessão Ordinária da 19ª Legislatura,2025-11-17,Edvaldo Aparecido Carvalho,"Solicita a manutenção e o reparo das guias e sarjetas da Rua 12P, no bairro Colina Verde, danificadas e prejudicando o escoamento da água e a integridade da via, com pedido de extensão do serviço a outras ruas do bairro com problemas similares.",A Classificar,,Pendente de Análise,
IND-896,290,2025,39ª Sessão Ordinária da 19ª Legislatura,2025-11-24,"Bruno Herreira, Renato Vieira de Brito, Samir Edson Tino","Solicita a instalação de um ponto de ônibus no bairro Fuentes, para oferecer abrigo e segurança aos usuários do transporte coletivo que residem no bairro.",Trânsito e Mobilidade,,Pendente de Análise,
IND-897,291,2025,39ª Sessão Ordinária da 19ª Legislatura,2025-11-24,Samir Edson Tino,"Solicita melhorias estruturais no cemitério municipal, incluindo a construção de um ossário para a otimização do espaço físico e correta destinação dos restos mortais exumados, além da instalação ou melhoria da iluminação local para segurança e inibição de vandalismo.",Obras e Serviços Públicos,,Pendente de Análise,
IND-898,292,2025,39ª Sessão Ordinária da 19ª Legislatura,2025-11-24,Samir Edson Tino,"Solicita um projeto de revitalização no bairro Vila São João, contemplando a reforma do prédio da escola local, a revitalização das áreas adjacentes ao campo de futebol e a reforma da tradicional igrejinha do bairro, devido ao valor histórico e cultural do local.",Educação,,Pendente de Análise,
IND-899,293,2025,39ª Sessão Ordinária da 19ª Legislatura,2025-11-24,"Adriano de Marcos Lopes, Reinaldo Codognato, Samir Edson Tino, Teresinha de Lourdes Freitas Regodanso","Solicita a instalação de um redutor de velocidade (lombada) na Rua Quinzinho da Cunha, no trecho entre a Rua Belo Horizonte e a Rua São Salvador, para reduzir o excesso de velocidade dos veículos em quarteirão de alto fluxo.",Trânsito e Mobilidade,,Pendente de Análise,"O nome da rua é lido no texto integral como ""rua 15 da Cunha"", divergindo do resumo do Expediente, que traz ""Rua Quinzinho da Cunha""; mantido ""Quinzinho da Cunha"" por ser a grafia do Expediente, mas recomenda-se confirmar o nome oficial do logradouro."
IND-900,294,2025,40ª Sessão Ordinária da 19ª Legislatura,2025-12-02,"Adriano de Marcos Lopes, Teresinha de Lourdes Freitas Regodanso","Solicita melhorias na iluminação pública no entorno da Escola Municipal Professora Neide Macedo Brandão Fernandes, especialmente no trecho que faz divisa com a Rua Quinzinho da Cunha, onde a presença de árvores reduz a eficiência da iluminação atual, gerando pontos de escuridão em área de intenso tráfego de crianças e jovens.",Educação,,Pendente de Análise,"O nome da rua é lido no texto integral como ""rua 15 da Cunha"", divergindo do resumo do Expediente e da própria Indicação 293, que trazem ""Rua Quinzinho da Cunha""; mantido ""Quinzinho da Cunha"" por consistência com o Expediente, mas recomenda-se confirmar o nome oficial do logradouro."
IND-901,295,2025,40ª Sessão Ordinária da 19ª Legislatura,2025-12-02,"Bruno Herreira, Anderson Marcos Viana, Adriano de Marcos Lopes, Edvaldo Aparecido Carvalho, Elizeu Adriano, Reinaldo Codognato, Renato Vieira de Brito, Samir Edson Tino, Teresinha de Lourdes Freitas Regodanso","Solicita ao Executivo a concessão de um reajuste anual de 10% no salário de todos os servidores públicos municipais (com exceção dos agentes políticos), a partir de 1º de janeiro de 2026, além de um aumento de R$ 100 no valor do ticket de alimentação, justificado pela necessidade de recomposição do poder de compra frente à inflação.",Administração e Finanças,,Pendente de Análise,
IND-902,296,2025,40ª Sessão Ordinária da 19ª Legislatura,2025-12-02,Anderson Marcos Viana,"Solicita o resgate da tradicional festa de virada do ano (Réveillon) no município, sugerindo que a celebração ocorra nas imediações do terminal rodoviário/Praça do Centenário, com valorização de artistas locais e espetáculo pirotécnico realizado apenas com fogos de brilho e efeitos visuais, sem barulhos excessivos.",Meio Ambiente,,Pendente de Análise,
IND-903,297,2025,42ª Sessão Ordinária da 19ª Legislatura,2025-12-16,"Adriano de Marcos Lopes, Teresinha de Lourdes Freitas Regodanso","Solicita ao Executivo que estude a instalação de plaquetas com QR Code em todos os postes de iluminação pública do município, vinculando o código a um número de WhatsApp oficial da prefeitura destinado exclusivamente ao recebimento de solicitações de manutenção e troca de lâmpadas queimadas, agilizando o atendimento das demandas de iluminação pública.",Obras e Serviços Públicos,,Pendente de Análise,
IND-904,298,2025,42ª Sessão Ordinária da 19ª Legislatura,2025-12-16,"Teresinha de Lourdes Freitas Regodanso, Adriano de Marcos Lopes","Solicita ao Executivo que estude a aquisição de uma mesa oficial de tênis de mesa, justificada pelo crescimento da prática dessa modalidade no município, visando oferecer estrutura adequada para atletas e amadores e incentivar o esporte e o lazer na comunidade.",Esporte e Lazer,,Pendente de Análise,
IND-905,299,2025,43ª Sessão Ordinária da 19ª Legislatura,2025-12-22,"Adriano de Marcos Lopes, Teresinha de Lourdes Freitas Regodanso","Solicita ao Executivo que estude a instalação de bancos e assentos na área do estacionamento da Escola Municipal Professor Jair Luiz da Silva, para proporcionar um ambiente mais acolhedor para professores e funcionários descansarem durante os horários de almoço e intervalos.",Educação,,Pendente de Análise,
IND-906,001,2026,44ª Sessão Ordinária da 19ª Legislatura,2026-02-02,Reinaldo Codognato,"Solicita roçagem periódica das margens e repintura das faixas de sinalização do solo em toda a extensão da vicinal José Siniciato (via que liga Junqueirópolis à antiga usina Vale Verde), rota com grande fluxo de caminhões, maquinário agrícola e acesso à cooperativa de catadores.",Trânsito e Mobilidade,,Pendente de Análise,
IND-907,002,2026,44ª Sessão Ordinária da 19ª Legislatura,2026-02-02,Reinaldo Codognato,"Solicita a revitalização do espaço utilizado para a prática de bocha e jogos de cartas, situado entre o ginásio de esportes e a academia, muito frequentado por idosos.",Esporte e Lazer,,Pendente de Análise,
IND-908,003,2026,44ª Sessão Ordinária da 19ª Legislatura,2026-02-02,"Reinaldo Codognato, Bruno Herreira, Elizeu Adriano","Solicita a aquisição de um veículo apropriado para transporte e atendimento de pacientes residentes na zona rural do município, sugerindo o uso de recursos de emenda parlamentar do deputado estadual Mauro Bragato destinada à Saúde.",Saúde,,Pendente de Análise,
IND-909,004,2026,44ª Sessão Ordinária da 19ª Legislatura,2026-02-02,"Adriano de Marcos Lopes, Teresinha de Lourdes Freitas Regodanso","Solicita melhorias na quadra de basquete 3x3 situada no complexo da pista de skate, incluindo instalação de alambrado no perímetro, construção de arquibancada e reparos gerais na infraestrutura.",Obras e Serviços Públicos,,Pendente de Análise,kfjadlkfjasldk
IND-910,005,2026,44ª Sessão Ordinária da 19ª Legislatura,2026-02-02,Edvaldo Aparecido Carvalho,"Solicita a inscrição do município no programa Turismo 60+ do Governo do Estado de São Paulo, pedindo que a prefeitura disponibilize o transporte necessário para os grupos de idosos, conforme exigido como contrapartida do programa.",A Classificar,,Pendente de Análise,
IND-911,006,2026,44ª Sessão Ordinária da 19ª Legislatura,2026-02-02,Anderson Marcos Viana,"Solicita a aplicação de película de proteção solar (insufilm) nas janelas das salas de aula da Escola Municipal Chigueco e, extensivamente, nas demais escolas da rede municipal, visando saúde pública (redução de poeira/ácaros das cortinas) e economia.",Saúde,,Pendente de Análise,
IND-912,007,2026,44ª Sessão Ordinária da 19ª Legislatura,2026-02-02,Anderson Marcos Viana,"Solicita a implantação de uma cobertura na área externa da Escola Municipal Chigueco, na entrada da Rua Washington Luís, onde ocorre o embarque e desembarque do transporte escolar, visando segurança e conforto dos alunos.",Educação,,Pendente de Análise,
IND-913,008,2026,44ª Sessão Ordinária da 19ª Legislatura,2026-02-02,Anderson Marcos Viana,"Solicita a instalação de grades de proteção (estrutura metálica ou concreto vazado) sobre as canaletas de escoamento de água pluvial no entorno da quadra poliesportiva da Escola Municipal Chigueco, devido ao risco de acidentes com crianças.",Educação,,Pendente de Análise,
IND-914,009,2026,44ª Sessão Ordinária da 19ª Legislatura,2026-02-02,Renato Vieira de Brito,"Solicita a realização de mutirão emergencial de limpeza e desobstrução de bocas de lobo, bueiros e galerias de águas pluviais em todos os bairros da cidade.",Obras e Serviços Públicos,,Pendente de Análise,
IND-915,010,2026,44ª Sessão Ordinária da 19ª Legislatura,2026-02-02,"Teresinha de Lourdes Freitas Regodanso, Adriano de Marcos Lopes","Solicita a contratação específica de médica ginecologista do sexo feminino para atuar no atendimento clínico do Complexo da Saúde, atendendo pedido de munícipes que preferem consulta com profissional mulher.",Saúde,,Pendente de Análise,
IND-916,011,2026,45ª Sessão Ordinária da 19ª Legislatura,2026-02-09,Anderson Marcos Viana,"Solicita a transferência do circuito utilizado para aulas e exames práticos de direção das autoescolas, atualmente realizado nas ruas próximas ao Lar Sant'Antônio, para a Avenida Edivirges Ana Aparecida Trevisan, no bairro Fontes, visando segurança e fluidez do trânsito.",Educação,,Pendente de Análise,
IND-917,012,2026,45ª Sessão Ordinária da 19ª Legislatura,2026-02-09,"Anderson Marcos Viana, Edvaldo Aparecido Carvalho","Solicita levantamento do estado de conservação do mobiliário escolar (carteiras e cadeiras) em todas as unidades de ensino da rede municipal, com elaboração de orçamento para substituição dos itens danificados.",Saúde,,Pendente de Análise,
IND-918,013,2026,45ª Sessão Ordinária da 19ª Legislatura,2026-02-09,Reinaldo Codognato,"Solicita a impermeabilização das estradas rurais do município com asfalto ecológico, ao menos em caráter experimental nas vias de maior vulnerabilidade, para reduzir barro, poeira e custos de manutenção.",Obras e Serviços Públicos,,Pendente de Análise,
IND-919,014,2026,45ª Sessão Ordinária da 19ª Legislatura,2026-02-09,"Reinaldo Codognato, Edvaldo Aparecido Carvalho","Solicita reparos urgentes ou substituição dos bancos e mesas de concreto/azulejo danificados na Praça do Cristo Redentor, além de vistoria geral em todos os parques e praças da cidade para identificar mobiliário em risco.",Saúde,,Pendente de Análise,
IND-920,015,2026,45ª Sessão Ordinária da 19ª Legislatura,2026-02-09,Reinaldo Codognato,"Solicita a ampliação do número de câmeras de segurança instaladas no município e a substituição/modernização dos DVRs, atendendo a pedido da delegacia de polícia civil para melhorar o monitoramento urbano.",Saúde,,Pendente de Análise,
IND-921,016,2026,45ª Sessão Ordinária da 19ª Legislatura,2026-02-09,Edvaldo Aparecido Carvalho,"Solicita a implantação de uma lombada na Alameda Horto dos Seringais, nas imediações do número 635, devido a relatos de excesso de velocidade dos veículos que trafegam pelo local.",Trânsito e Mobilidade,,Pendente de Análise,
IND-922,017,2026,45ª Sessão Ordinária da 19ª Legislatura,2026-02-09,"Teresinha de Lourdes Freitas Regodanso, Adriano de Marcos Lopes","Solicita a execução de serviço de limpeza geral e manutenção nas dependências do cemitério municipal, além da elaboração de projeto para construção de banheiros públicos (feminino e masculino) no local.",Obras e Serviços Públicos,,Pendente de Análise,
IND-923,018,2026,46ª Sessão Ordinária da 19ª Legislatura,2026-02-18,"Reinaldo Codognato, Anderson Marcos Viana, Bruno Herreira, Edvaldo Aparecido Carvalho, Elizeu Adriano, Renato Vieira de Brito, Samir Edson Tino","Solicita a destinação de recursos anuais para substituição preventiva dos encanamentos antigos da rede de água do município, revisão da rota de bombeamento de esgoto (bairro Jardim dos Pássaros) e limpeza das estações de tratamento de esgoto, com atenção especial às lagoas do matadouro e do carreiro.",Saúde,,Pendente de Análise,
IND-924,019,2026,46ª Sessão Ordinária da 19ª Legislatura,2026-02-18,Reinaldo Codognato,"Solicita o retorno imediato das aulas de skate, com planejamento de aumento na quantidade de dias da semana e mais horários disponíveis para atender a demanda crescente.",Esporte e Lazer,,Pendente de Análise,
IND-925,020,2026,46ª Sessão Ordinária da 19ª Legislatura,2026-02-18,Reinaldo Codognato,"Solicita a promoção de ações de conscientização e educação para o trânsito voltadas aos condutores de bicicletas elétricas, abordando regras de circulação, uso de equipamentos de segurança e boas práticas, devido ao aumento de acidentes envolvendo esses veículos.",Educação,,Pendente de Análise,
IND-926,021,2026,46ª Sessão Ordinária da 19ª Legislatura,2026-02-18,Reinaldo Codognato,"Solicita a construção de calçada em rua do bairro Jardim Morumbi, interligando aos bairros Residencial das Américas e Jardim Paulista, visando mais segurança e acessibilidade para pedestres.",Obras e Serviços Públicos,,Pendente de Análise,Nome da rua citada na transcrição ('Rua Santos do Mão') está provavelmente incorreto/incompleto por erro de transcrição por voz — checar o nome exato da via junto à Secretaria da Câmara.
IND-927,022,2026,46ª Sessão Ordinária da 19ª Legislatura,2026-02-18,Renato Vieira de Brito,"Solicita a instalação de placas de orientação turística e de trânsito indicando o trajeto para o bosque municipal, especialmente na entrada da cidade e principais vias de acesso, após reclamações de visitantes sobre dificuldade em localizar o local.",Trânsito e Mobilidade,,Pendente de Análise,
IND-928,023,2026,47ª Sessão Ordinária da 19ª Legislatura,2026-02-23,"Adriano de Marcos Lopes, Teresinha de Lourdes Freitas Regodanso","Solicita a implementação de uma área de lazer com aparelhos de ginástica e brinquedos para crianças nas proximidades ou dentro do estádio municipal Rafael Capelli, repondo estrutura semelhante que existia no local e foi retirada pelo desgaste do tempo.",Esporte e Lazer,,Pendente de Análise,
IND-929,024,2026,47ª Sessão Ordinária da 19ª Legislatura,2026-02-23,Bruno Herreira,"Solicita manutenção corretiva e substituição dos aparelhos danificados ou inservíveis na Praça Moacir Antônio, no trecho conhecido como Curva do S.",Saúde,,Pendente de Análise,
IND-930,025,2026,47ª Sessão Ordinária da 19ª Legislatura,2026-02-23,"Reinaldo Codognato, Anderson Marcos Viana, Bruno Herreira, Edvaldo Aparecido Carvalho, Elizeu Adriano, Renato Vieira de Brito, Samir Edson Tino","Solicita a revitalização da Praça do Centenário, com atenção à qualidade do solo, além da instalação de câmeras de monitoramento e rede Wi-Fi gratuita no local.",Meio Ambiente,,Pendente de Análise,
IND-931,026,2026,47ª Sessão Ordinária da 19ª Legislatura,2026-02-23,Reinaldo Codognato,"Solicita providências definitivas quanto ao direcionamento e escoamento correto das águas pluviais no residencial Recanto dos Eucaliptos, evitando alagamentos e danos a terrenos e estruturas.",A Classificar,,Pendente de Análise,
IND-932,027,2026,47ª Sessão Ordinária da 19ª Legislatura,2026-02-23,"Adriano de Marcos Lopes, Teresinha de Lourdes Freitas Regodanso","Solicita a construção de uma sede própria e definitiva para o Centro de Referência de Assistência Social (CRAS), garantindo espaço físico mais adequado, acessível e humanizado.",Obras e Serviços Públicos,,Pendente de Análise,
IND-933,028,2026,47ª Sessão Ordinária da 19ª Legislatura,2026-02-23,Samir Edson Tino,"Solicita a instalação de bebedouros de água potável e acessíveis nas principais praças públicas de Junqueirópolis, para atender crianças, jovens e trabalhadores que frequentam esses espaços.",Meio Ambiente,,Pendente de Análise,
IND-934,029,2026,47ª Sessão Ordinária da 19ª Legislatura,2026-02-23,Samir Edson Tino,"Solicita a elaboração de projeto para construção de boxes comerciais padronizados na calçada da Avenida 7 de Setembro, ao lado do barracão do Recinto da Seruva, visando fomentar a economia local e a geração de empregos.",Obras e Serviços Públicos,,Pendente de Análise,
IND-935,030,2026,47ª Sessão Ordinária da 19ª Legislatura,2026-02-23,Anderson Marcos Viana,"Solicita que, a partir de julho, seja iniciado o planejamento dos processos de contratação e organização das decorações e festividades de final de ano, com levantamento de decoradores locais para que editais e contratações contemplem múltiplos profissionais do município.",A Classificar,,Pendente de Análise,
IND-936,031,2026,47ª Sessão Ordinária da 19ª Legislatura,2026-02-23,Reinaldo Codognato,"Solicita a concessão aos servidores públicos municipais do direito a uma falta remunerada no dia do próprio aniversário, sem desconto em folha de pagamento.",Administração e Finanças,,Pendente de Análise,
IND-937,032,2026,47ª Sessão Ordinária da 19ª Legislatura,2026-02-23,"Samir Edson Tino, Bruno Herreira",Solicita a implementação de aparelhos de ar-condicionado nas salas destinadas a microcirurgias e pequenos procedimentos em todas as Estratégias de Saúde da Família (ESFs) do município que ainda não contam com o equipamento.,Saúde,,Pendente de Análise,
IND-938,033,2026,48ª Sessão Ordinária da 19ª Legislatura,2026-03-02,"Adriano de Marcos Lopes, Teresinha de Lourdes Freitas Regodanso","Solicita a instalação de parques infantis (playgrounds) equipados com brinquedos seguros e adequados em áreas públicas dos bairros Jardim Alvorada, Figueira, Jardim Fuentes, Vale do Sol e Cristo Redentor.",Meio Ambiente,,Pendente de Análise,
IND-939,034,2026,48ª Sessão Ordinária da 19ª Legislatura,2026-03-02,Anderson Marcos Viana,"Solicita a alteração dos critérios da comissão responsável pela concessão de áreas e terrenos industriais e comerciais do município, incluindo pontuação adicional no processo seletivo para empresas filiadas à Associação Comercial e Empresarial de Junqueirópolis há pelo menos um ano.",A Classificar,,Pendente de Análise,
IND-940,035,2026,48ª Sessão Ordinária da 19ª Legislatura,2026-03-02,Anderson Marcos Viana,"Solicita a implantação de um ponto de ônibus no bairro Horto dos Seringais, no final da via de acesso principal, atendendo moradores (inclusive idosos e crianças) que hoje precisam caminhar longas distâncias até o ponto mais próximo.",Trânsito e Mobilidade,,Pendente de Análise,
IND-941,036,2026,48ª Sessão Ordinária da 19ª Legislatura,2026-03-02,Anderson Marcos Viana,"Solicita manutenção e adequação do campo de futebol do bairro Residencial das Américas, incluindo passagem de rolo compressor para nivelamento do terreno e redistribuição dos aparelhos de academia ao ar livre, hoje concentrados na esquina, para a parte de baixo do campo.",Esporte e Lazer,,Pendente de Análise,
IND-942,037,2026,48ª Sessão Ordinária da 19ª Legislatura,2026-03-02,Reinaldo Codognato,"Solicita a implantação de medidas de segurança viária (redutores de velocidade, lombadas, faixas elevadas ou reforço de sinalização) nas proximidades do ponto de ônibus do bairro Pioneiros, estendendo as mesmas ações a todos os pontos de embarque/desembarque de ônibus da cidade.",Trânsito e Mobilidade,,Pendente de Análise,
IND-943,038,2026,48ª Sessão Ordinária da 19ª Legislatura,2026-03-02,Bruno Herreira,"Solicita a realização de uma reforma geral nas instalações do Centro Comunitário do bairro Jardim Primavera, atendendo reivindicação constante dos moradores.",Obras e Serviços Públicos,,Pendente de Análise,
IND-944,039,2026,49ª Sessão Ordinária da 19ª Legislatura,2026-03-09,Reinaldo Codognato,"Solicita impermeabilização e tratamento do piso da quadra de esportes do Jardim Alvorada, cujo piso de concreto está áspero e desgastado, causando machucados e cortes em usuários.",Meio Ambiente,,Pendente de Análise,
IND-945,040,2026,49ª Sessão Ordinária da 19ª Legislatura,2026-03-09,"Teresinha de Lourdes Freitas Regodanso, Adriano de Marcos Lopes","Solicita a implantação de uma central de monitoramento para acompanhamento em tempo real das imagens das câmeras instaladas em praças e pontos públicos, além da ampliação do sistema com novas câmeras em locais estratégicos.",Meio Ambiente,,Pendente de Análise,
IND-946,041,2026,49ª Sessão Ordinária da 19ª Legislatura,2026-03-09,Bruno Herreira,"Solicita recapeamento asfáltico em toda a extensão da Rua São Paulo, entre a Rua Independência e a Rua José Bonifácio, via de intenso movimento e um dos principais acessos à Escola Estadual Professor Hidênio Rodrigues dos Santos.",Educação,,Pendente de Análise,
IND-947,042,2026,49ª Sessão Ordinária da 19ª Legislatura,2026-03-09,Samir Edson Tino,"Solicita a implantação do projeto ""Praça do Autista"" no município, prevendo brinquedos adaptados, equipamentos de estímulo sensorial, pisos acessíveis e sinalização inclusiva, em novos espaços ou adaptando praças e parques infantis já existentes.",Trânsito e Mobilidade,,Pendente de Análise,
IND-948,043,2026,49ª Sessão Ordinária da 19ª Legislatura,2026-03-09,Reinaldo Codognato,"Solicita melhorias na estrada rural JQL-050, que liga Junqueirópolis a Ribeirão dos Índios, atendendo produtores rurais, moradores das propriedades adjacentes e motoristas que utilizam a via diariamente.",Obras e Serviços Públicos,,Pendente de Análise,
IND-949,044,2026,49ª Sessão Ordinária da 19ª Legislatura,2026-03-09,Anderson Marcos Viana,"Solicita a adoção de medidas para solucionar o problema de escoamento de águas pluviais na Rua Chile, especificamente no cruzamento que dá acesso à entrada do bairro Residencial das Américas.",A Classificar,,Pendente de Análise,
IND-950,045,2026,49ª Sessão Ordinária da 19ª Legislatura,2026-03-09,Anderson Marcos Viana,"Solicita a terceirização parcial ou contratação emergencial de empresas do próprio município, com caminhões e maquinário, para dar apoio logístico ao programa ""Limpeza e Beleza"", reduzindo a demanda reprimida de recolhimento de materiais nas ruas.",A Classificar,,Pendente de Análise,"No resumo do Expediente (leitura inicial), as indicações 044 e 045 foram lidas com o mesmo texto (escoamento de águas pluviais na Rua Chile), o que é um erro de transcrição/leitura — o texto integral, lido mais adiante e usado aqui, confirma que a indicação 045 trata do apoio ao programa Limpeza e Beleza, tema distinto da 044."
IND-951,046,2026,50ª Sessão Ordinária da 19ª Legislatura (dedução; sessão não identificada no arquivo),2026-03-16,Reinaldo Codognato,"Solicita a instalação de bancos em espaços de convivência pública, com pedido específico para o bairro Delta Ville II.",A Classificar,,Pendente de Análise,"O arquivo de transcrição desta sessão (2026-03-16_sessao.txt) começa no meio da sessão, sem a verificação de presença, leitura do expediente/resumo nem a leitura do texto integral das indicações. O número da sessão ordinária não pôde ser confirmado no texto (a sessão anterior, de 09/03, foi a 49ª; por sequência lógica seria a 50ª, mas isso não está explícito no arquivo). Os dados desta indicação foram reconstruídos a partir de menção feita pelo próprio vereador Reinaldo Codognato durante as explicações pessoais, não do texto formal da indicação. Vale conferir a íntegra desta indicação diretamente na Câmara Municipal."
IND-952,047,2026,50ª Sessão Ordinária da 19ª Legislatura (dedução; sessão não identificada no arquivo),2026-03-16,"Adriano de Marcos Lopes, Teresinha de Lourdes Freitas Regodanso",Solicita a construção de um ponto de ônibus com cobertura nas proximidades da Prefeitura Municipal.,Trânsito e Mobilidade,,Pendente de Análise,"O arquivo de transcrição desta sessão (2026-03-16_sessao.txt) começa no meio da sessão, sem a verificação de presença, leitura do expediente/resumo nem a leitura do texto integral das indicações. O número da sessão ordinária não pôde ser confirmado no texto. Os dados desta indicação foram reconstruídos a partir de menção feita pela própria vereadora Teresinha de Lourdes Freitas Regodanso durante as explicações pessoais, não do texto formal da indicação. Vale conferir a íntegra desta indicação diretamente na Câmara Municipal."
IND-953,048,2026,50ª Sessão Ordinária da 19ª Legislatura (dedução; sessão não identificada no arquivo),2026-03-16,Teresinha de Lourdes Freitas Regodanso,"Solicita a realização de benfeitorias na quadra de esportes do Centro de Convivência do Idoso (CCI): impermeabilização e conserto do piso, reparo da parte elétrica/iluminação e fechamento com alambrado (inclusive para evitar a presença de pombos).",Esporte e Lazer,,Pendente de Análise,"O arquivo de transcrição desta sessão (2026-03-16_sessao.txt) começa no meio da sessão, sem a verificação de presença, leitura do expediente/resumo nem a leitura do texto integral das indicações. O número da sessão ordinária não pôde ser confirmado no texto. A autoria exata (se só da vereadora Teresinha ou também do vereador Adriano, como na indicação 047) não pôde ser confirmada com certeza a partir da fala da vereadora (""a gente pede""). Os dados desta indicação foram reconstruídos a partir de menção feita durante as explicações pessoais, não do texto formal da indicação. Vale conferir a íntegra desta indicação diretamente na Câmara Municipal."
IND-954,049,2026,50ª Sessão Ordinária da 19ª Legislatura,2026-03-16,Anderson Marcos Viana,"Solicita a execução de um mutirão de busca ativa e recolhimento de cães e gatos em situação de rua, priorizando que a ação seja realizada estrategicamente na data de atendimento do ""Castramóvel"" no município.",Saúde,,Pendente de Análise,Fonte: site oficial da Câmara — não encontrado nas transcrições disponíveis. Sessão inferida pela sequência de numeração (indicações vizinhas 047/048 e 052/053 estão nas sessões de 16/03 e 23/03/2026); data de protocolo no site: 11/03/2026.
IND-955,050,2026,50ª Sessão Ordinária da 19ª Legislatura,2026-03-16,Edvaldo Aparecido Carvalho,"Solicita o recapeamento asfáltico da Rua Recife, na extensão da quadra situada em frente às instalações do Lar Santo Antônio (Asilo).",Obras e Serviços Públicos,,Pendente de Análise,Fonte: site oficial da Câmara — não encontrado nas transcrições disponíveis. Sessão inferida pela sequência de numeração; data de protocolo no site: 12/03/2026.
IND-956,051,2026,50ª Sessão Ordinária da 19ª Legislatura,2026-03-16,Edvaldo Aparecido Carvalho,"Solicita obras de drenagem, com a construção de uma valeta (canaleta) para o escoamento adequado das águas, nas vias do Bairro Residencial Trindade, além de estudo para instalação complementar.",Obras e Serviços Públicos,,Pendente de Análise,Fonte: site oficial da Câmara — não encontrado nas transcrições disponíveis. Sessão inferida pela sequência de numeração; data de protocolo no site: 12/03/2026.
IND-957,052,2026,51ª Sessão Ordinária da 19ª Legislatura,2026-03-23,Bruno Herreira,"Solicita a instalação de lixeiras adequadas na praça localizada em frente ao pesqueiro Berrocoso, pois atualmente não há recipientes para descarte de resíduos no local, o que tem gerado acúmulo de lixo no chão.",Meio Ambiente,,Pendente de Análise,
IND-958,053,2026,51ª Sessão Ordinária da 19ª Legislatura,2026-03-23,Renato Vieira de Brito,"Solicita a formalização de parceria e repasse financeiro para apoiar institucionalmente a Associação Junqueiropolense Amor e Vida (AJAVE), além da criação de um programa municipal de auxílio-alimentação (cesta básica reforçada ou cartão alimentação) exclusivo para munícipes comprovadamente em tratamento oncológico.",A Classificar,,Pendente de Análise,
IND-959,054,2026,51ª Sessão Ordinária da 19ª Legislatura,2026-03-23,Renato Vieira de Brito,"Solicita a implantação de um sistema de plantão na farmácia municipal aos sábados, domingos e feriados, garantindo a presença de ao menos um servidor para a dispensação de medicamentos essenciais e de urgência.",Saúde,,Pendente de Análise,
IND-960,055,2026,51ª Sessão Ordinária da 19ª Legislatura,2026-03-23,Renato Vieira de Brito,"Solicita obras de reforma geral e modernização nas instalações do vestiário do estádio municipal Rafael Capelli, para atender esportistas e equipes amadoras e profissionais que utilizam o local para treinamentos e competições.",Obras e Serviços Públicos,,Pendente de Análise,
IND-961,056,2026,51ª Sessão Ordinária da 19ª Legislatura,2026-03-23,"Adriano de Marcos Lopes, Teresinha de Lourdes Freitas Regodanso","Solicita serviços de manutenção estrutural e conservação na ponte do Polão (ligação de Junqueirópolis a Ribeirão dos Índios) e na ponte Nova Marilha (ligação com Irapuru), estruturas essenciais para o escoamento da produção agrícola e mobilidade de produtores e moradores.",Trânsito e Mobilidade,,Pendente de Análise,
IND-962,057,2026,51ª Sessão Ordinária da 19ª Legislatura,2026-03-23,"Adriano de Marcos Lopes, Teresinha de Lourdes Freitas Regodanso","Solicita, no âmbito do Programa Melhor Caminho, a adequação, nivelamento e conservação da estrada municipal JQL-347, no trecho de continuidade próximo ao depósito de galhos do município, atendendo produtores rurais e motoristas que dependem da via.",A Classificar,,Pendente de Análise,
IND-963,058,2026,51ª Sessão Ordinária da 19ª Legislatura,2026-03-23,"Teresinha de Lourdes Freitas Regodanso, Adriano de Marcos Lopes","Solicita recapeamento asfáltico em dois pontos da cidade: na Rua Tiradentes, entre a Rua Sete de Setembro e a Rua Bandeirantes, e na Rua Campos Salles, próximo à Escola Jair e à Escola Idene.",Educação,,Pendente de Análise,
IND-964,059,2026,52ª Sessão Ordinária da 19ª Legislatura,2026-03-30,"Adriano de Marcos Lopes, Teresinha de Lourdes Freitas Regodanso","Solicita a execução de serviços urgentes de manutenção e reparo na cobertura do Dojo Municipal (Academia de Judô), para sanar problemas de goteiras e vazamentos sobre os tatames.",A Classificar,,Pendente de Análise,
IND-965,060,2026,52ª Sessão Ordinária da 19ª Legislatura,2026-03-30,Reinaldo Codognato,"Solicita a criação de um cronograma de ações e atividades culturais periódicas integrando músicos do Clube da Viola e alunos do Projeto Guri, visando a valorização e preservação da música sertaneja e da cultura caipira.",Educação,,Pendente de Análise,
IND-966,061,2026,52ª Sessão Ordinária da 19ª Legislatura,2026-03-30,Reinaldo Codognato,"Solicita a adequação do Clube da Viola: instalação de rede de internet Wi-Fi, pintura do logotipo em destaque na fachada, implantação de sistema de iluminação externa do portão de entrada até o prédio principal e realização de serviços de manutenção geral.",A Classificar,,Pendente de Análise,
IND-967,062,2026,52ª Sessão Ordinária da 19ª Legislatura,2026-03-30,Anderson Marcos Viana,"Solicita a instalação de mais mesas com bancos e a implantação de um bebedouro de água gelada nas dependências da Praça Cristo Redentor, para oferecer maior conforto aos munícipes que frequentam o local.",Meio Ambiente,,Pendente de Análise,
IND-968,063,2026,53ª Sessão Ordinária da 19ª Legislatura,2026-04-06,Reinaldo Codognato,"Solicita obras para construção de banheiros e de um pequeno vestiário no complexo esportivo do bairro Alto do Cene, atendendo pedido da comunidade após a formação de um time esportivo local.",Obras e Serviços Públicos,,Pendente de Análise,
IND-969,064,2026,53ª Sessão Ordinária da 19ª Legislatura,2026-04-06,Reinaldo Codognato,"Solicita a denominação oficial de ""Sandra Gonçalves Amaral"" para a Academia ao Ar Livre instalada no bairro Duas Barras, em homenagem a uma das pioneiras do bairro.",Esporte e Lazer,,Pendente de Análise,
IND-970,065,2026,53ª Sessão Ordinária da 19ª Legislatura,2026-04-06,Reinaldo Codognato,"Solicita a substituição das antigas lâmpadas de vapor de sódio por luminárias de tecnologia LED no cruzamento da Rua Nazareno Cedrone com a Rua Augusto Escoza Nogueira, além da continuidade e expansão desse programa de modernização para as demais ruas do município.",Saúde,,Pendente de Análise,
IND-971,066,2026,53ª Sessão Ordinária da 19ª Legislatura,2026-04-06,"Adriano de Marcos Lopes, Teresinha de Lourdes Freitas Regodanso","Solicita a instalação de bancos, lixeiras e playground nas proximidades da área verde localizada no bairro Frei Galvão, atendendo pedidos de moradores por melhorias na infraestrutura de lazer e convivência.",Meio Ambiente,,Pendente de Análise,
IND-972,067,2026,53ª Sessão Ordinária da 19ª Legislatura,2026-04-06,Anderson Marcos Viana,"Solicita a disponibilização de um veículo de grande porte ou condução adequada exclusivamente para coleta de folhas varridas na cidade, bem como a elaboração de um cronograma oficial de recolhimento duas vezes por semana em todos os bairros.",A Classificar,,Pendente de Análise,
IND-973,068,2026,53ª Sessão Ordinária da 19ª Legislatura,2026-04-06,Anderson Marcos Viana,"Solicita a implantação de lombofaixas (faixas de pedestre elevadas) em dois pontos: na Avenida Bandeirantes, em frente à Escola Municipal Professor Shigeko Otoyuaki, e na Rua Washington Luiz, na lateral da mesma escola, para garantir a segurança dos alunos e da comunidade escolar.",Educação,,Pendente de Análise,
IND-974,069,2026,53ª Sessão Ordinária da 19ª Legislatura,2026-04-06,Renato Vieira de Brito,"Solicita a implantação de um redutor de velocidade (lombada) na Avenida Campo Salles, no trecho entre a Escola Estadual Professor Idene Rodrigues dos Santos e a Escola Municipal Jair Luiz da Silva, área de intenso fluxo de crianças, pais e veículos escolares.",Educação,,Pendente de Análise,
IND-975,070,2026,54ª Sessão Ordinária da 19ª Legislatura,2026-04-13,Bruno Herreira,"Solicita a instalação de no mínimo duas lixeiras no entorno do playground situado no bairro Delta Ville 2, visando garantir a limpeza, conservação e higiene do espaço de convivência das famílias do bairro.",Esporte e Lazer,,Pendente de Análise,
IND-976,071,2026,54ª Sessão Ordinária da 19ª Legislatura,2026-04-13,"Bruno Herreira, Elizeu Adriano","Solicita a realização de um mutirão geral de limpeza pública, contemplando de forma intensiva os serviços de varrição, capinação, roçada e recolhimento de galhos e entulhos em ruas, calçadas, praças, áreas verdes e terrenos públicos do município.",Obras e Serviços Públicos,,Pendente de Análise,
IND-977,072,2026,54ª Sessão Ordinária da 19ª Legislatura,2026-04-13,"Bruno Herreira, Elizeu Adriano","Solicita a execução de obras e serviços para adequação do sistema de iluminação pública em toda a extensão da praça situada no bairro Cristo Redentor, visando garantir segurança, lazer e bem-estar aos moradores.",Obras e Serviços Públicos,,Pendente de Análise,
IND-978,073,2026,54ª Sessão Ordinária da 19ª Legislatura,2026-04-13,Bruno Herreira,"Solicita que servidores públicos municipais possam utilizar os créditos decorrentes dos valores retroativos do projeto de descongelamento do tempo de serviço para compensação e pagamento de contas de água e tributos municipais (IPTU e taxas), sejam eles em débito, atraso ou a vencer.",Administração e Finanças,,Pendente de Análise,
IND-979,074,2026,54ª Sessão Ordinária da 19ª Legislatura,2026-04-13,Anderson Marcos Viana,"Solicita o cumprimento da Portaria MTE nº 2021, de 3 de dezembro de 2025, disponibilizando de forma obrigatória, fácil e irrestrita os laudos técnicos caracterizadores de insalubridade a todos os trabalhadores do quadro municipal e aos sindicatos representantes das respectivas categorias profissionais.",A Classificar,,Pendente de Análise,
IND-980,075,2026,54ª Sessão Ordinária da 19ª Legislatura,2026-04-13,"Teresinha de Lourdes Freitas Regodanso, Adriano de Marcos Lopes, Samir Edson Tino","Solicita a celebração de convênio junto ao Consórcio Intermunicipal de Saúde da Nova Alta Paulista (CISNAP) com o objetivo de custear e disponibilizar sessões gratuitas de equoterapia para crianças, jovens e adultos do município diagnosticados com transtorno do espectro autista (TEA).",Saúde,,Pendente de Análise,
IND-981,076,2026,55ª Sessão Ordinária da 19ª Legislatura,2026-04-22,Reinaldo Codognato,"Solicita estudo para implantar um redutor de velocidade (lombada) na Avenida João Furino, especialmente nas proximidades do estabelecimento Bifê Imaginação, via de intenso fluxo de veículos que dá acesso a diversos bairros.",Trânsito e Mobilidade,,Pendente de Análise,
IND-982,077,2026,55ª Sessão Ordinária da 19ª Legislatura,2026-04-22,Reinaldo Codognato,"Solicita estudo para identificar o local mais adequado e implantar um redutor de velocidade na Rua General Costa e Silva, no bairro residencial Trindade, via principal de acesso do bairro com fluxo intenso de carros e motocicletas.",Trânsito e Mobilidade,,Pendente de Análise,
IND-983,078,2026,55ª Sessão Ordinária da 19ª Legislatura,2026-04-22,"Samir Edson Tino, Renato Vieira de Brito","Solicita reforma geral e reestruturação dos vestiários do estádio municipal Rafael Capelli, incluindo construção de banheiro exclusivo para funcionários, uma sala administrativa e uma cobertura para abrigar o trator de manutenção do campo.",Obras e Serviços Públicos,,Pendente de Análise,
IND-984,079,2026,56ª Sessão Ordinária da 19ª Legislatura,2026-04-27,Reinaldo Codognato,"Solicita melhorias no sistema de iluminação, com instalação de refletores adequados, no campo de futebol do bairro Carmezinho I, a pedido de moradores e esportistas locais.",Esporte e Lazer,,Pendente de Análise,
IND-985,080,2026,56ª Sessão Ordinária da 19ª Legislatura,2026-04-27,Reinaldo Codognato,"Solicita a construção de uma quadra esportiva na modalidade basquete 3x3 em área pública estratégica que atenda os bairros Jardim Paulista, Jardim Esperança, Américas e adjacências.",Obras e Serviços Públicos,,Pendente de Análise,
IND-986,081,2026,56ª Sessão Ordinária da 19ª Legislatura,2026-04-27,Renato Vieira de Brito,"Solicita adequação na sinalização viária da Rua São Salvador, transformando a antiga vaga exclusiva da Farmácia Santo Antônio em vaga de estacionamento destinada a motocicletas.",Saúde,,Pendente de Análise,
IND-987,082,2026,56ª Sessão Ordinária da 19ª Legislatura,2026-04-27,Renato Vieira de Brito,"Solicita tratativas para viabilizar parceria público-privada focada na oferta de cursos profissionalizantes gratuitos, unindo a infraestrutura do município e as empresas instaladas no Distrito Industrial 4.",A Classificar,,Pendente de Análise,
IND-988,083,2026,57ª Sessão Ordinária da 19ª Legislatura,2026-05-04,Reinaldo Codognato,"Solicita serviço de roçada do mato, limpeza geral e poda de árvores no caminho de pedestres que interliga os bairros Carmezim II e Pioneiros, com atenção especial à remoção de galhos que encobrem a iluminação dos postes, para segurança de estudantes que usam o trajeto.",Obras e Serviços Públicos,,Pendente de Análise,
IND-989,084,2026,57ª Sessão Ordinária da 19ª Legislatura,2026-05-04,Reinaldo Codognato,"Solicita a criação de um espaço dedicado ao lazer e à prática de esportes no bairro Jardim Junqueirópolis, a pedido dos moradores da localidade.",Meio Ambiente,,Pendente de Análise,
IND-990,085,2026,57ª Sessão Ordinária da 19ª Legislatura,2026-05-04,Reinaldo Codognato,"Solicita a adoção de providências para garantir mais agilidade no serviço de troca e manutenção das lâmpadas LED da iluminação pública do município, devido a atrasos recorrentes no atendimento dos pedidos de substituição.",Saúde,,Pendente de Análise,
IND-991,086,2026,57ª Sessão Ordinária da 19ª Legislatura,2026-05-04,"Adriano de Marcos Lopes, Teresinha de Lourdes Freitas Regodanso","Solicita melhorias e a devida manutenção no alambrado do campo society localizado no bairro Jardim Paulista, ao lado do campo sintético.",Meio Ambiente,,Pendente de Análise,
IND-992,087,2026,57ª Sessão Ordinária da 19ª Legislatura,2026-05-04,"Adriano de Marcos Lopes, Bruno Herreira, Teresinha de Lourdes Freitas Regodanso","Solicita estudo para substituir a entrega física das cestas básicas da assistência social por um cartão de crédito ou vale-alimentação de mesmo valor para as famílias beneficiárias, dando mais dignidade de escolha e fortalecendo o comércio local.",Saúde,,Pendente de Análise,
IND-993,088,2026,57ª Sessão Ordinária da 19ª Legislatura,2026-05-04,Bruno Herreira,"Solicita a implantação de um redutor de velocidade (lombada) na Rua dos Viveiros, no trecho que dá acesso ao bairro Delta Ville, devido a veículos trafegando em alta velocidade no local.",Trânsito e Mobilidade,,Pendente de Análise,
IND-994,089,2026,58ª Sessão Ordinária da 19ª Legislatura,2026-05-11,Anderson Marcos Viana,"Solicita estudo para execução de obras de acessibilidade para cadeirantes, através de rampas de acesso e demais adequações necessárias, no prédio do Centro de Atenção Psicossocial (CAPS 1).",Obras e Serviços Públicos,,Pendente de Análise,
IND-995,090,2026,58ª Sessão Ordinária da 19ª Legislatura,2026-05-11,Anderson Marcos Viana,"Solicita a implantação de redutores de velocidade (lombadas) em sete locais do município: Avenida Edu Virgílio Aparecida Trevizan (bairro Fuentes, próximo à Igreja Pentecostal Monte de Gerizim); Avenida Campo Sales (cruzamento com a Rua Curitiba, próximo ao projeto Semente da Vida, e cruzamento com a Avenida Junqueira); Rua Ipiranga (próximo ao mercado local e próximo à creche Sonho de Criança); Rua Hermínio Grespan, no bairro Pioneiro, próximo ao ponto de ônibus; Avenida Geral do Fundo, no trecho acima do Armazém do Hilário; cruzamento da Rua da Cunha com a Rua São Salvador; e Avenida Paulista, ao lado do Pronto Socorro Municipal.",Educação,,Pendente de Análise,
IND-996,091,2026,58ª Sessão Ordinária da 19ª Legislatura,2026-05-11,Anderson Marcos Viana,"Solicita a devida manutenção e reforma do muro já existente, ou a construção de um novo muro, ao redor do estádio municipal Rafael Capelli, já que a retirada dos eucaliptos que cercavam o local deixou-o parcialmente desprotegido.",Obras e Serviços Públicos,,Pendente de Análise,
IND-997,092,2026,58ª Sessão Ordinária da 19ª Legislatura,2026-05-11,Renato Vieira de Brito,"Solicita, em caráter de urgência, a instalação de grades de proteção sobre as canaletas abertas de escoamento de água no pátio e nas áreas de convivência da Escola Municipal Professor Jair Luiz da Silva, para evitar risco de queda e torções de alunos.",Educação,,Pendente de Análise,
IND-998,093,2026,58ª Sessão Ordinária da 19ª Legislatura,2026-05-11,Bruno Herreira,"Solicita, em complemento à Indicação 020/2026, a expansão das ações de educação para o trânsito dentro das escolas municipais, por meio de palestras e atividades lúdicas ministradas pelo setor de trânsito, abrangendo bicicletas convencionais, bicicletas elétricas e patinetes.",Educação,,Pendente de Análise,
IND-999,094,2026,59ª Sessão Ordinária da 19ª Legislatura,2026-05-18,Anderson Marcos Viana,"Solicita implementação de sinalização de solo e placas verticais para proibir o estacionamento de caminhões na Rua César Montrone, especificamente no trecho residencial localizado atrás do comércio Armazém do Eilário.",Trânsito e Mobilidade,,Pendente de Análise,
IND-1000,095,2026,59ª Sessão Ordinária da 19ª Legislatura,2026-05-18,Renato Vieira de Brito,"Solicita a aquisição de caminhas infantis empilháveis para as creches e escolas municipais de educação infantil, substituindo os colchonetes usados no chão, para dar mais saúde, conforto e proteção contra friagem e umidade às crianças.",Saúde,,Pendente de Análise,
IND-1001,096,2026,59ª Sessão Ordinária da 19ª Legislatura,2026-05-18,Reinaldo Codognato,"Solicita a denominação de um espaço público, preferencialmente esportivo, com o nome de Manuel Ferreira Lins, o ""Mané"", jogador de futebol profissional nascido em Junqueirópolis, em homenagem à sua trajetória no Palmeiras e no Sporting Clube Farense (Portugal).",A Classificar,,Pendente de Análise,
IND-1002,097,2026,59ª Sessão Ordinária da 19ª Legislatura,2026-05-18,Reinaldo Codognato,"Solicita estudo para analisar e readequar o atual modelo de pagamento de gratificações concedidas aos auxiliares de educação do município, com base nas novas disposições e amparos legais trazidos pela Lei Federal nº 15.326/2026.",Educação,,Pendente de Análise,
IND-1003,098,2026,59ª Sessão Ordinária da 19ª Legislatura,2026-05-18,Edvaldo Aparecido Carvalho,"Reitera a Indicação nº 14/2026 e solicita, em caráter de urgência, providências para reparar ou substituir totalmente os bancos e mesas de concreto e azulejo instalados na Praça do Cristo Redentor, cujas estruturas estão quebradas com pontas de ferro enferrujadas expostas.",Saúde,,Pendente de Análise,
IND-1004,099,2026,59ª Sessão Ordinária da 19ª Legislatura,2026-05-18,Bruno Herreira,"Solicita a regulamentação e autorização para a conversão de até 10 dias de férias dos servidores públicos municipais em abono pecuniário (venda de férias), mediante opção voluntária do trabalhador.",Administração e Finanças,,Pendente de Análise,
IND-1005,100,2026,60ª Sessão Ordinária da 19ª Legislatura,2026-05-25,"Teresinha de Lourdes Freitas Regodanso, Adriano de Marcos Lopes","Solicita a instalação de ninhos artificiais (caixotes) nas palmeiras imperiais e demais árvores constantemente visitadas por araras, para preservar a saúde das árvores e promover o bem-estar das aves, seguindo exemplo aplicado em Santa Fé do Sul.",Saúde,,Pendente de Análise,
IND-1006,101,2026,60ª Sessão Ordinária da 19ª Legislatura,2026-05-25,Anderson Marcos Viana,"Solicita a alteração da denominação da via pública atualmente registrada como Rua das Palmeiras, no bairro Jardim Campo Belo, para Rua Antônio Bevilaqua, visando corrigir problema de endereçamento (existem três ruas com o mesmo nome no município) e prestar homenagem.",Meio Ambiente,,Pendente de Análise,
IND-1007,102,2026,60ª Sessão Ordinária da 19ª Legislatura,2026-05-25,Anderson Marcos Viana,"Solicita estudos para a implantação de um centro de hidratação e atendimento à dengue, dotado de insumos e equipe técnica dedicada exclusivamente ao acolhimento e tratamento de pacientes, diante do aumento expressivo de casos no município.",A Classificar,,Pendente de Análise,
IND-1008,103,2026,60ª Sessão Ordinária da 19ª Legislatura,2026-05-25,Anderson Marcos Viana,"Solicita a viabilização de colaboração financeira destinada à Associação Trainoide de Presidente Prudente, entidade beneficente que presta acolhimento de alta complexidade (estadia, refeições e acompanhamento social) a pacientes de Junqueirópolis em tratamento na região.",A Classificar,,Pendente de Análise,
IND-1009,104,2026,60ª Sessão Ordinária da 19ª Legislatura,2026-05-25,Anderson Marcos Viana,"Solicita a intensificação das ações de fiscalização para garantir o cumprimento integral da Lei Municipal nº 3.044/2016, que veda o tráfego de caminhões canavieiros carregados no perímetro urbano do município.",A Classificar,,Pendente de Análise,
IND-1010,105,2026,60ª Sessão Ordinária da 19ª Legislatura,2026-05-25,Reinaldo Codognato,"Solicita um estudo abrangente e revisão geral nas ruas do município que necessitam de placas indicativas de nomenclatura, com atenção especial ao bairro residencial Florenza, que não possui identificação.",A Classificar,,Pendente de Análise,
IND-1011,106,2026,61ª Sessão Ordinária da 19ª Legislatura,2026-06-01,Bruno Herreira,"Solicita estudo para ampliar e diversificar as oficinas, projetos e atividades de entretenimento oferecidas no Centro de Convivência do Idoso (CCI), introduzindo novas opções culturais, artísticas e de convívio social além das práticas esportivas e jogos de mesa.",A Classificar,,Pendente de Análise,
IND-1012,107,2026,61ª Sessão Ordinária da 19ª Legislatura,2026-06-01,Anderson Marcos Viana,"Solicita a retomada do projeto ""Domingo no Bairro"", com participação de todas as diretorias municipais na prestação de serviços itinerantes (saúde, assistência, burocracia e lazer) diretamente nos bairros.",Saúde,,Pendente de Análise,
IND-1013,108,2026,61ª Sessão Ordinária da 19ª Legislatura,2026-06-01,"Anderson Marcos Viana, Renato Vieira de Brito, Edvaldo Aparecido Carvalho","Solicita a manutenção do horário de expediente das 7h às 17h para as equipes do setor de obras, garantindo a tradicional liberação dos servidores no período da tarde, após o almoço, nas datas de pagamento salarial.",Obras e Serviços Públicos,,Pendente de Análise,
IND-1014,109,2026,62ª Sessão Ordinária da 19ª Legislatura,2026-06-08,Reinaldo Codognato,"Solicita a inclusão de vagas para o cargo de cuidador de crianças com necessidades especiais nos próximos concursos públicos, pois atualmente os funcionários das escolas precisam se revezar nessa função, sobrecarregando as equipes.",Educação,,Pendente de Análise,
IND-1015,110,2026,62ª Sessão Ordinária da 19ª Legislatura,2026-06-08,"Anderson Marcos Viana, Edvaldo Aparecido Carvalho, Renato Vieira de Brito","Solicita a atualização dos valores cobrados pelos serviços de máquinas e caminhões previstos no Decreto nº 7.264, para garantir concorrência mais justa com prestadores particulares, mantendo tabela de valores reduzidos ou isenção total para famílias de baixa renda.",Obras e Serviços Públicos,,Pendente de Análise,
IND-1016,111,2026,62ª Sessão Ordinária da 19ª Legislatura,2026-06-08,"Adriano de Marcos Lopes, Teresinha de Lourdes Freitas Regodanso","Solicita a adoção de medidas de segurança e melhorias na sinalização de trânsito no cruzamento da Rua General Osório com a Rua Curitiba, visando reduzir os constantes acidentes registrados no local.",Trânsito e Mobilidade,,Pendente de Análise,
IND-1017,112,2026,63ª Sessão Ordinária da 19ª Legislatura,2026-06-15,"Reinaldo Codognato, Samir Edson Tino, Bruno Herreira, Elizeu Adriano","Solicita estudo junto ao setor competente para buscar áreas disponíveis visando a construção de um campo de futebol ou praça esportiva no bairro Jardim Campo Belo, atendendo apelo das famílias residentes que hoje utilizam as ruas para o lazer e esporte das crianças.",Obras e Serviços Públicos,,Pendente de Análise,
IND-1018,113,2026,63ª Sessão Ordinária da 19ª Legislatura,2026-06-15,"Reinaldo Codognato, Samir Edson Tino, Bruno Herreira, Elizeu Adriano","Solicita a realização de estudos técnicos viários e posterior implantação de lombadas, faixas ou outros redutores de velocidade em pontos estratégicos ao longo da Rua Rui Barbosa, devido ao intenso movimento de comércio e relatos de excesso de velocidade no período noturno.",Trânsito e Mobilidade,,Pendente de Análise,
IND-1019,114,2026,63ª Sessão Ordinária da 19ª Legislatura,2026-06-15,Anderson Marcos Viana,"Solicita o planejamento necessário para instalação de um telão de LED ou projetor de grande porte, com sistema de som e infraestrutura adequada, na Praça Álvaro de Oliveira Junqueira, para realizar transmissão pública e gratuita dos jogos da Seleção Brasileira durante a Copa do Mundo.",Meio Ambiente,,Pendente de Análise,
IND-1020,115,2026,63ª Sessão Ordinária da 19ª Legislatura,2026-06-15,Renato Vieira de Brito,"Solicita ajustes para prolongar o tempo em que os refletores do estádio municipal Rafael Capelli permanecem ligados no período noturno, estendendo o horário de desligamento para pelo menos 19h30, visando segurança de quem pratica caminhada e exercícios no entorno.",A Classificar,,Pendente de Análise,
IND-1021,116,2026,64ª Sessão Ordinária da 19ª Legislatura,2026-06-22,"Teresinha de Lourdes Freitas Regodanso, Adriano de Marcos Lopes","Solicita a instalação de câmeras de segurança e monitoramento no cemitério municipal, medida considerada importante para preservar o espaço, evitar vandalismo e garantir mais tranquilidade e segurança aos familiares que visitam o local.",A Classificar,,Pendente de Análise,
IND-1022,117,2026,64ª Sessão Ordinária da 19ª Legislatura,2026-06-22,Anderson Marcos Viana,"Solicita a pintura de lombadas e demais sinalizações de solo na estrada Salgado Filho, que liga a rodovia Comandante João Ribeiro de Barros até a usina Bunge, via com movimento intenso de ônibus, carros, motos e caminhões, visando organizar o trânsito e evitar acidentes.",Trânsito e Mobilidade,,Pendente de Análise,
IND-1023,118,2026,64ª Sessão Ordinária da 19ª Legislatura,2026-06-22,Anderson Marcos Viana,"Solicita a instalação de três postes de iluminação na área verde do bairro residencial Carmezim 2, pois a escuridão no período noturno tem atraído pessoas de outras regiões para consumo de entorpecentes, gerando insegurança para os moradores.",Obras e Serviços Públicos,,Pendente de Análise,
IND-1024,119,2026,66ª Sessão Ordinária da 19ª Legislatura,2026-08-03,Bruno Herreira,"Solicita ao Prefeito Municipal que estude, junto ao setor competente, a realização do recapeamento asfáltico da Rua Vereador Gélcio José da Silva, benfeitoria esperada pelos moradores para melhorar a segurança e as condições de tráfego.",Obras e Serviços Públicos,,Pendente de Análise,
IND-1025,120,2026,66ª Sessão Ordinária da 19ª Legislatura,2026-08-03,Bruno Herreira,"Solicita ao Prefeito Municipal que estude a instalação de braços de luz e respectivas luminárias na Rua Sergipe, no cruzamento com a Rua Minas Gerais, próximo à EMEI Cristo Redentor, para suprir a falta de iluminação no local.",Educação,,Pendente de Análise,
IND-1026,121,2026,66ª Sessão Ordinária da 19ª Legislatura,2026-08-03,Reinaldo Codognato,"Solicita ao Prefeito Municipal que estude a implantação de medidas de segurança no trânsito da Avenida João Furini, nas proximidades do bairro Cristo Redentor, para proteger crianças, famílias e pedestres que circulam pela via.",Trânsito e Mobilidade,,Pendente de Análise,
IND-1027,122,2026,66ª Sessão Ordinária da 19ª Legislatura,2026-08-03,Anderson Marcos Viana,"Solicita ao Prefeito Municipal que estude a implementação de um sistema de avaliação de desempenho de via de mão dupla, permitindo que os servidores públicos municipais também avaliem seus gestores, coordenadores e supervisores.",Administração e Finanças,,Pendente de Análise,
IND-1028,123,2026,67ª Sessão Ordinária da 19ª Legislatura,2026-08-10,Anderson Marcos Viana,"Solicita ao Prefeito Municipal que estude a remoção e relocação dos bancos públicos e o corte de árvores no cruzamento da Rua Rui Barbosa com a Rua Belo Horizonte, para não atrapalhar o trânsito de pedestres e a visibilidade das lojas do comércio local.",Trânsito e Mobilidade,,Pendente de Análise,
IND-1029,124,2026,67ª Sessão Ordinária da 19ª Legislatura,2026-08-10,Reinaldo Codognato,"Solicita ao Prefeito Municipal que estude a instalação de um redutor de velocidade (lombada) na Rua Victor Camargo Bodini, próximo ao cruzamento com a Rua Sebastião Rosa dos Santos, no bairro Frei Galvão, devido ao fluxo intenso e a acidentes já registrados próximos à EMEI Cristo Redentor.",Educação,,Pendente de Análise,
IND-1030,125,2026,67ª Sessão Ordinária da 19ª Legislatura,2026-08-10,Anderson Marcos Viana,"Solicita ao Prefeito Municipal que estude a retirada das duas primeiras vagas de estacionamento em 45 graus na Rua Belo Horizonte, esquina com a Rua Rui Barbosa, pois veículos estacionados ali dificultam a manobra de conversão de caminhões e veículos grandes.",Trânsito e Mobilidade,,Pendente de Análise,
IND-1031,126,2026,67ª Sessão Ordinária da 19ª Legislatura,2026-08-10,Reinaldo Codognato,"Solicita ao Prefeito Municipal que estude a instalação de um poço artesiano no bairro Vila São João para atender à demanda de abastecimento de água dos moradores locais, sugerindo o reaproveitamento de dois poços desativados já existentes no bairro.",A Classificar,,Pendente de Análise,
IND-1032,127,2026,68ª Sessão Ordinária da 19ª Legislatura,2026-08-17,Anderson Marcos Viana,"Solicita prosseguir com a revitalização da Praça Álvaro de Oliveira Junqueira, por meio da construção e instalação da cobertura definitiva do palco de eventos, já que o projeto inicial de revitalização não foi concluído integralmente. A ausência da cobertura tem obrigado o município a alugar tendas para todo evento realizado na praça, gerando um gasto acumulado de mais de R$ 264 mil em aluguel de tendas nos últimos dois anos e meio.",Obras e Serviços Públicos,,Pendente de Análise,
IND-1033,128,2026,68ª Sessão Ordinária da 19ª Legislatura,2026-08-17,Bruno Herreira,"Solicita a instalação de um sistema de iluminação na praça localizada no bairro Figueira, para valorizar o espaço e garantir mais segurança no período noturno para famílias e crianças que frequentam o local.",Meio Ambiente,,Pendente de Análise,"No resumo do Expediente lido em voz alta, o apresentador da leitura mencionou o número ""158/2026"" para esta mesma indicação (iluminação da praça do bairro Figueira), mas a leitura do texto integral, mais adiante na sessão, confirma o número ""128/2026"" — usado aqui por ser mais confiável e por manter a sequência com a Indicação 127/2026 da mesma sessão e a Indicação 126/2026 da sessão anterior (10/08/2026). Provável erro de transcrição do Whisper no primeiro resumo."
IND-1034,129,2026,69ª Sessão Ordinária da 19ª Legislatura,2026-08-24,"Teresinha de Lourdes Freitas Regodanso, Adriano de Marcos Lopes","Solicita o recapeamento asfáltico de toda a extensão da Rua Orlando Rodrigues de Freitas, atendendo a pedido direto dos moradores da via.",Obras e Serviços Públicos,,Pendente de Análise,
IND-1035,130,2026,69ª Sessão Ordinária da 19ª Legislatura,2026-08-24,Reinaldo Codognato,"Solicita melhorias integradas de infraestrutura e serviços públicos no trecho que liga os bairros Pioneiros e Residencial Carmesim 2 (entre as ruas Assunção e João Reis): instalação de iluminação no ponto de ônibus ao final do calçamento, poda frequente de árvores que interferem na iluminação dos postes, implantação de playground e campinho, e atenção especial à limpeza dos bueiros.",Trânsito e Mobilidade,,Pendente de Análise,
IND-1036,131,2026,69ª Sessão Ordinária da 19ª Legislatura,2026-08-24,"Samir Edson Tino, Edvaldo Aparecido Carvalho","Solicita o envio de projeto de lei propondo alteração do Estatuto dos Servidores Públicos Municipais, com o objetivo de estender o período de licença-gestante de 4 para 6 meses.",Administração e Finanças,,Pendente de Análise,
IND-1037,132,2026,69ª Sessão Ordinária da 19ª Legislatura,2026-08-24,Anderson Marcos Viana,"Solicita a concessão de gratificação ou bônus financeiro aos servidores municipais do setor de Educação, como reconhecimento pelo excelente trabalho refletido nos altos índices de avaliação alcançados pelo município (nota 8 no IDEB 2025), destacando que outras cidades da região, mesmo com notas menores, já bonificaram seus servidores, e que o município está em superávit segundo a última prestação de contas.",Educação,,Pendente de Análise,
IND-1038,133,2026,69ª Sessão Ordinária da 19ª Legislatura,2026-08-24,Edvaldo Aparecido Carvalho,"Solicita a implantação de um redutor de velocidade (lombada) na Rua José Amatruda, em frente ao Hotel Santo Sono, devido ao fluxo contínuo e intenso de veículos gerado pelas empresas que funcionam nas imediações.",Trânsito e Mobilidade,,Pendente de Análise,
IND-1039,134,2026,70ª Sessão Ordinária da 19ª Legislatura,2026-08-31,Reinaldo Codognato,"Solicita articular uma união de esforços com os municípios vizinhos e o governo do Estado de São Paulo para viabilizar recursos de programas estaduais (citado em plenário como o programa ""SP Águas"") destinados ao urgente desassoreamento e à recuperação ambiental do Rio do Peixe, patrimônio natural e afetivo da região.",A Classificar,,Pendente de Análise,
IND-1040,135,2026,72ª Sessão Ordinária da 19ª Legislatura,2026-09-14,Reinaldo Codognato,"Solicita ao Prefeito que estude, junto ao setor competente, a implementação do projeto ""Revela Talentos"" nas escolas municipais, visando identificar e nutrir habilidades e potenciais dos alunos, assegurando o pleno desenvolvimento de suas capacidades e promovendo uma cultura de excelência e criatividade.",Educação,,Pendente de Análise,
IND-1041,136,2026,72ª Sessão Ordinária da 19ª Legislatura,2026-09-14,Anderson Marcos Viana,"Solicita a revisão e equiparação dos valores das taxas cobradas dos feirantes na Feira Livre de Junqueirópolis com os valores mais acessíveis praticados em cidades vizinhas, como Dracena, além da concessão de isenção da cobrança em dias chuvosos, quando os feirantes muitas vezes pagam a taxa mas não conseguem vender seus produtos.",Obras e Serviços Públicos,,Pendente de Análise,
