Numero,Ano,Data,Situacao,Autores,Ementa,Titulo
225,2024,12/12/2024,Encaminhado,"Anderson Marcos Viana (Autor), Valdir Aparecido de Oliveira (Autor)","Indico ao Excelentíssimo Senhor Prefeito Municipal, que estude junto ao setor competente da administração, as possibilidades de instituir, no município de Junqueirópolis, a Festa Cristã, a ser realizada anualmente, com o objetivo de promover a cultura cristã, o turismo religioso e a integração da comunidade. Sugiro que o evento conte...",Indicação nº 225/2024
224,2024,05/12/2024,Encaminhado,Reinaldo Codognato (Autor),"Indico ao Excelentíssimo Senhor Prefeito Municipal que estude as possibilidades no sentido de estar disponibilizando rádios comunicadores aos motoristas que atuam no serviço de transporte escolar, tendo em vista que certos lugares não são possível acessar a comunicação através de telefones celulares. A comunicação por rádios será de...",Indicação nº 224/2024
223,2024,05/12/2024,Encaminhado,Anderson Marcos Viana (Autor),"Indico ao Excelentíssimo Senhor Prefeito Municipal que determine ao setor de obras do município, providencias quanto a pavimentação asfáltica que está se desintegrando no final da Avenida Junqueira (Jardim Alvorada), recentemente recapeado pela atual administração. Solicito também providencias imediata quanto a erosão que está se...",Indicação nº 223/2024
222,2024,05/12/2024,Encaminhado,Sofia Rodrigues dos Santos (Autor),Indico ao Excelentíssimo Senhor Prefeito Municipal que estude as possibilidades no sentido de estar denominando o nome da saudosa Senhora Amélia Cavichia Pinatto para a Casa do Artesanato de nossa cidade. Nosso pedido se justifica por se tratar de uma pioneira que foi muito respeitada e querida no seio de nossa comunidade durante os...,Indicação nº 222/2024
221,2024,04/12/2024,Encaminhado,Teresinha de Lourdes Freitas Regodanso (Autor),"Indico ao Excelentíssimo Senhor Prefeito Municipal, que estude junto ao setor competente da administração, as possibilidades de realizar a manutenção do telhado e paredes da Biblioteca Municipal em razão das infiltrações decorrentes dos períodos de chuva, bem como proceder uma reforma geral. As infiltrações de água representam um risco...",Indicação nº 221/2024
220,2024,04/12/2024,Encaminhado,Reinaldo Codognato (Autor),"Indico ao Excelentíssimo Senhor Prefeito Municipal, que estude junto ao setor competente da administração em conjunto com a Associação Comercial e Empresarial de Junqueirópolis (ACEJ), as possibilidades de criar vagas destinadas à carga e descarga no quadrilátero central da cidade. Essa indicação se justifica pela frequência com que...",Indicação nº 220/2024
219,2024,28/11/2024,Encaminhado,Reinaldo Codognato (Autor),"Indico ao Excelentíssimo Senhor Prefeito Municipal, que estude junto ao setor competente da administração, as possibilidades de melhorias no escoamento de água na Rua da Amora, esquina com a Rua do Caju. Segundo relatos dos moradores, alagamentos frequentes têm afetado as residências da região, causando transtornos. Solicito que sejam...",Indicação nº 219/2024
218,2024,28/11/2024,Encaminhado,Reinaldo Codognato (Autor),"Indico ao Excelentíssimo Senhor Prefeito Municipal, que estude junto ao setor competente da administração, as possibilidades de realizar melhorias nos pontos críticos da estrada rural do bairro Juriti. Segundo os moradores, em alguns trechos a estrada está abaixo do nível das saídas de água, o que tem causado alagamentos. Essas...",Indicação nº 218/2024
217,2024,28/11/2024,Encaminhado,Anderson Marcos Viana (Autor),"Indico ao Excelentíssimo Senhor Prefeito Municipal, que estude junto ao setor competente da administração, as possibilidades de implementar ao menos duas vagas exclusivas para motos que estejam fazendo serviços de carga e descarga em cada quarteirão da Rua Rui Barbosa. Essa medida beneficiaria diretamente motoboys, entregadores de...",Indicação nº 217/2024
216,2024,27/11/2024,Encaminhado,Valdir Aparecido de Oliveira (Autor),"Indico ao Excelentíssimo Senhor Prefeito Municipal, que estude junto ao setor competente da administração e dentro dos parâmetros da Lei de Responsabilidade Fiscal, as possibilidades de conceder reajuste anual de 12,00% (doze por cento) nos salários de todos os servidores públicos municipais do Poder Executivo de Junqueirópolis, a contar...",Indicação nº 216/2024
215,2024,27/11/2024,Encaminhado,Teresinha de Lourdes Freitas Regodanso (Autor),"Indico à estimada empresa Elektro Redes S.A. que avalie a possibilidade de realizar a poda da árvore localizada na esquina da Rua Santa Terezinha com a Rua Recife. A referida árvore está entre os fios de energia, representando riscos durante dias de chuva e vento, o que tem causado quedas de energia e transtornos aos moradores.",Indicação nº 215/2024
214,2024,27/11/2024,Encaminhado,Teresinha de Lourdes Freitas Regodanso (Autor),"Indico ao Excelentíssimo Senhor Prefeito Municipal que avalie, junto ao setor competente da administração, a possibilidade de implementar um redutor de velocidade na Rua Santa Terezinha, no trecho entre a Rua Recife e a Rua São Luiz. Os moradores expressaram preocupação com a alta velocidade dos veículos que transitam pela via,...",Indicação nº 214/2024
213,2024,26/11/2024,Encaminhado,Anderson Marcos Viana (Autor),"Indico ao Excelentíssimo Senhor Prefeito Municipal que avalie, junto ao setor competente da administração, a possibilidade de reimplantar o REFIS – Programa de Regularização de Débitos com o Fisco Municipal. Essa iniciativa tem como objetivo oferecer à população uma oportunidade acessível e ágil para quitar suas dívidas com o Município,...",Indicação nº 213/2024
212,2024,21/11/2024,Encaminhado,"Elio Furini Neto (Autor), Marisa Alves da Silva Costa (Autor)","Indico ao Excelentíssimo Senhor Prefeito Municipal que avalie, junto ao setor competente da administração, a possibilidade de instalar um ""playground pet"" em alguma praça da cidade, com preferência para a Praça do Cristo. Trata-se de um local bastante movimentado e frequentado por famílias, moradores e tutores de animais de estimação, o...",Indicação nº 212/2024
211,2024,20/11/2024,Encaminhado,Reinaldo Codognato (Autor),"Indico ao Excelentíssimo Senhor Prefeito Municipal que avalie, junto ao setor competente da administração, a possibilidade de adotar as providências necessárias para o adequado direcionamento das águas pluviais na esquina da Avenida Internacional com a Rua São Paulo.",Indicação nº 211/2024
210,2024,20/11/2024,Encaminhado,Reinaldo Codognato (Autor),"Indico ao Excelentíssimo Senhor Prefeito Municipal que avalie, junto ao setor competente da administração, a possibilidade de mobilizar uma equipe da prefeitura para realizar a manutenção e a limpeza dos centros comunitários do município. Alternativamente, sugiro o fornecimento de materiais e produtos de limpeza, buscando reduzir os...",Indicação nº 210/2024
209,2024,18/11/2024,Encaminhado,Valdir Aparecido de Oliveira (Autor),"Indico ao Excelentíssimo Senhor Prefeito Municipal que avalie, junto ao setor competente da administração, a possibilidade de instalar uma placa na entrada da cidade com a mensagem: ""Esta cidade pertence ao Senhor Jesus."" Essa iniciativa pode fortalecer a identidade religiosa de nossa comunidade, além de valorizar as tradições culturais...",Indicação nº 209/2024
208,2024,14/11/2024,Encaminhado,Valdir Aparecido de Oliveira (Autor),"Indico ao Excelentíssimo Senhor Prefeito Municipal que avalie, junto ao setor competente da administração, a possibilidade de realizar a sinalização de solo indicando a velocidade permitida na Rua Rui Barbosa. A medida se justifica pela crescente preocupação com a segurança viária, especialmente em um período de maior movimentação no...",Indicação nº 208/2024
207,2024,14/11/2024,Encaminhado,Reinaldo Codognato (Autor),"Indico ao Excelentíssimo Senhor Prefeito Municipal que avalie, junto ao setor competente da administração, a possibilidade de ajustar as medidas e a profundidade das canaletas localizadas em frente ao Centro de Fisioterapia, na Avenida Bandeirante, e na Rua Goiânia, esquina com a Avenida Bandeirante. Essa solicitação é baseada em relatos...",Indicação nº 207/2024
206,2024,07/11/2024,Encaminhado,Anderson Marcos Viana (Autor),"Indico ao Excelentíssimo Senhor Prefeito Municipal que avalie, junto ao setor competente da administração, a possibilidade de instalar sinalização em frente aos Centros Educacionais Infantis (CEIs), destacando vagas prioritárias para cadeirantes e autistas. A presença de sinalização adequada facilita o acesso e promove a inclusão,...",Indicação nº 206/2024
205,2024,07/11/2024,Encaminhado,Valdir Aparecido de Oliveira (Autor),"Indico ao Excelentíssimo Senhor Prefeito Municipal que avalie, junto ao setor competente da administração, a possibilidade de construir uma canaleta na Avenida João Furini, nas proximidades do Residencial Athenas, para melhorar o escoamento das águas.",Indicação nº 205/2024
204,2024,06/11/2024,Encaminhado,Elio Furini Neto (Autor),"Indico ao Excelentíssimo Senhor Prefeito Municipal que avalie, junto ao setor competente da administração, a possibilidade de organizar um mutirão de limpeza dos bueiros, especialmente nos pontos conhecidos por alagamentos. Essa medida se justifica, pois as recentes chuvas evidenciaram os potenciais estragos que podem ocorrer.",Indicação nº 204/2024
203,2024,05/11/2024,Encaminhado,Sofia Rodrigues dos Santos (Autor),"Indico ao Excelentíssimo Senhor Prefeito Municipal que avalie, junto ao setor competente da administração, a possibilidade de homenagear o saudoso Milton Tramonti Crenitte atribuindo seu nome a uma rua ou ponto de referência significativo em nosso município. Pioneiro em nossa comunidade, ele dedicou décadas de sua vida à atividade rural,...",Indicação nº 203/2024
202,2024,23/10/2024,Encaminhado,Reinaldo Codognato (Autor),"Indico ao Excelentíssimo Senhor Prefeito Municipal que avalie, junto ao setor competente da administração, a possibilidade de reestruturar o Conselho Cultural Municipal. Essa iniciativa poderá abrir novas portas para buscar recursos em âmbito estadual e federal, fortalecendo os eventos do nosso calendário e, ao mesmo tempo, destinando os...",Indicação nº 202/2024
201,2024,23/10/2024,Encaminhado,Teresinha de Lourdes Freitas Regodanso (Autor),"Indico ao Excelentíssimo Senhor Prefeito Municipal que avalie, junto ao setor competente da administração, a possibilidade de instalar uma cobertura no banco já existente na unidade Estratégia Saúde da Família III. Atualmente, o espaço fica exposto à chuva ou ao sol intenso, o que tem desmotivado o uso. Com essa melhoria, esperamos...",Indicação nº 201/2024
200,2024,18/10/2024,Encaminhado,Reinaldo Codognato (Autor),"Indico ao Excelentíssimo Senhor Prefeito Municipal, que estude junto ao setor competente da administração, as possibilidades de destinar recursos anuais para a substituição preventiva dos encanamentos da rede de água do município, levando em consideração que boa parte da infraestrutura atual é bastante antiga e necessita de renovação...",Indicação nº 200/2024
199,2024,16/10/2024,Encaminhado,Valdir Aparecido de Oliveira (Autor),"Indico ao Excelentíssimo Senhor Prefeito Municipal, que estude junto ao setor competente da administração, as possibilidades de conceder uma gratificação de 25% aos funcionários do setor de pintura da Prefeitura Municipal. Essa medida visa reconhecer o trabalho realizado por esses servidores e valorizar seus esforços.",Indicação nº 199/2024
198,2024,16/10/2024,Encaminhado,Anderson Marcos Viana (Autor),"Indico ao Excelentíssimo Senhor Prefeito Municipal, que estude junto ao setor competente da administração, as possibilidades de alterar o horário de trabalho dos coletores de lixo durante este período de calor intenso. A proposta é que as atividades iniciem mais cedo, preferencialmente de madrugada, permitindo que os coletores estejam...",Indicação nº 198/2024
197,2024,16/10/2024,Encaminhado,Anderson Marcos Viana (Autor),"Indico ao Excelentíssimo Senhor Prefeito Municipal, que estude junto ao setor competente da administração, as possibilidades de ativar a iluminação no ponto de ônibus localizado ao lado da Distribuidora Alimentos Francisco Ikeda. Essa solicitação tem sido feita há algum tempo pelos usuários do transporte público, e a medida traria mais...",Indicação nº 197/2024
196,2024,16/10/2024,Encaminhado,Anderson Marcos Viana (Autor),"Indico ao Excelentíssimo Senhor Prefeito Municipal, reforçando a indicação n° 124/2022, de autoria do Vereador Anderson Marcos Viana, que estude junto ao setor competente da administração, as possibilidades de cercar devidamente o poço artesiano na Rua Independência, localizado entre a Rua Curitiba e a Avenida Bandeirantes. Tal indicação...",Indicação nº 196/2024
195,2024,16/10/2024,Encaminhado,Teresinha de Lourdes Freitas Regodanso (Autor),"Indico ao Excelentíssimo Senhor Prefeito Municipal, que estude junto ao setor competente da administração, as possibilidades de espelhos nos banheiros do recinto da Aceruva. A instalação de espelhos nos banheiros contribuiria para melhorar as condições de uso das instalações, promovendo uma experiência mais agradável e valorizando o...",Indicação nº 195/2024
194,2024,08/10/2024,Encaminhado,Reinaldo Codognato (Autor),"Indico ao Excelentíssimo Senhor Prefeito Municipal, que estude junto ao setor competente da administração, as possibilidades de instalar cabines climatizadas nos tratores da Associação Agrícola. A medida visa proporcionar mais conforto e segurança aos trabalhadores, especialmente considerando as elevadas temperaturas e as longas jornadas...",Indicação nº 194/2024
193,2024,07/10/2024,Encaminhado,Reinaldo Codognato (Autor),"Indico ao Excelentíssimo Senhor Prefeito Municipal, que estude junto ao setor competente da administração, as possibilidades de adotar medidas para solucionar a questão da falta de água em algumas áreas do Bairro Alto do Cene. Tal medida se faz necessária para garantir o abastecimento regular e adequado aos moradores, uma vez que a falta...",Indicação nº 193/2024
192,2024,02/10/2024,Encaminhado,Anderson Marcos Viana (Autor),"Indico ao Excelentíssimo Senhor Prefeito Municipal, que estude junto ao setor competente da administração, as possibilidades de ligar a caixa d&#039;água do Bairro Colina Verde. A falta de água tem afetado uma parte significativa da nossa cidade, causando diversos transtornos à população.",Indicação nº 192/2024
191,2024,01/10/2024,Encaminhado,Valdir Aparecido de Oliveira (Autor),"Indico ao Excelentíssimo Senhor Prefeito Municipal, que estude junto ao setor competente da administração, as possibilidades de instalar telas de proteção nas laterais e no fundo do campo do Bairro Residencial das Américas, a fim de evitar que a bola se afaste e coloque em risco os jovens e motoristas. Além disso, proponho a instalação...",Indicação nº 191/2024
190,2024,01/10/2024,Encaminhado,Valdir Aparecido de Oliveira (Autor),"Indico ao Excelentíssimo Senhor Prefeito Municipal, que estude junto ao setor competente da administração, as possibilidades de construir duas bocas de lobo e instalar tubulações para melhorar o escoamento das águas pluviais no bairro Frei Galvão, no cruzamento da Rua Professora Terezinha Romanini com a Rua Akira Katayama.",Indicação nº 190/2024
189,2024,25/09/2024,Encaminhado,Anderson Marcos Viana (Autor),"Indico ao Excelentíssimo Senhor Prefeito Municipal, que estude junto ao setor competente da administração, as possibilidades de adquirir, por meio de recursos próprios ou convênios com o Estado, o prédio onde funcionava a antiga Faculdade de Junqueirópolis, com o objetivo de transformá-lo em uma escola estadual. A estrutura existente já...",Indicação nº 189/2024
188,2024,24/09/2024,Encaminhado,Anderson Marcos Viana (Autor),"Indico ao Excelentíssimo Senhor Prefeito Municipal, que estude junto ao setor competente da administração, as possibilidades de instalar alambrados na quadra de basquete, no playground e ao lado do mini campo de futebol localizados na Rua Santos Dumont, no Bairro Alto do Cene. A medida visa garantir a segurança das crianças que utilizam...",Indicação nº 188/2024
187,2024,24/09/2024,Encaminhado,Teresinha de Lourdes Freitas Regodanso (Autor),"Indico ao Excelentíssimo Senhor Prefeito Municipal que estude as possibilidades no sentido de estar revendo os nomes das ruas constantes nos incisos V, VI, VII, VIII e IX, do artigo 3º do Projeto de Lei nº 046/2024, em tramite nesta Casa de Leis, por nomes de pessoas que foram muito conhecidas e queridas no seio de nossa comunidade....",Indicação nº 187/2024
186,2024,24/09/2024,Encaminhado,Reinaldo Codognato (Autor),"Indico ao Excelentíssimo Senhor Prefeito Municipal, que estude junto ao setor competente da administração, as possibilidades de oferecer cursos técnicos em diversas áreas, como inteligência artificial, robótica, automação, eletrônica embarcada e pilotagem de drones, entre outros. Essas formações, voltadas para o público jovem, visam...",Indicação nº 186/2024
185,2024,19/09/2024,Encaminhado,Anderson Marcos Viana (Autor),"Indico ao Excelentíssimo Senhor Prefeito Municipal, que estude junto ao setor competente da administração, as possibilidades de realizar a manutenção das laterais da Rua Paraná, no Bairro Cristo Redentor, visto que o acostamento se encontra em condições precárias, dificultando o trânsito de pedestres, que acabam sendo obrigados a...",Indicação nº 185/2024
184,2024,19/09/2024,Encaminhado,Reinaldo Codognato (Autor),"Indico ao Excelentíssimo Senhor Prefeito Municipal, reforçando a indicação n° 118/2021, de autoria do vereador Reinaldo Codognato, que estude junto ao setor competente da administração, as possibilidades de promover a inclusão digital e social, bem como incentivar ações de governo eletrônico voltadas à população. Além disso, sugiro que...",Indicação nº 184/2024
183,2024,19/09/2024,Encaminhado,Reinaldo Codognato (Autor),"Indico ao Excelentíssimo Senhor Prefeito Municipal, que estude junto ao setor competente da administração, as possibilidades de realizar um levantamento detalhado de todas as nascentes do município, visando sua recuperação futura por meio do plantio de árvores nativas do nosso bioma. Diante dos sérios problemas de degradação ambiental...",Indicação nº 183/2024
182,2024,19/09/2024,Encaminhado,Anderson Marcos Viana (Autor),"Indico ao Excelentíssimo Senhor Prefeito Municipal, que estude junto ao setor competente da administração, as possibilidades de realizar a aplicação de veneno nos bairros. Essa medida visa complementar o já indicado uso do fumacê, com o objetivo de mitigar os problemas enfrentados pela população, que se encontra sem alternativas diante...",Indicação nº 182/2024
181,2024,19/09/2024,Encaminhado,Rui Domingos da Silva (Autor),"Indico ao Excelentíssimo Senhor Prefeito Municipal, que estude junto ao setor competente da administração, as possibilidades de renomear uma das ruas listadas nos incisos IV, V, VI, VII, VIII e IX do artigo 3º do Projeto de Lei nº 046/2024, em tramitação nesta Casa de Leis, em homenagem ao saudoso Senhor Salvador Vieira de Souza, que foi...",Indicação nº 181/2024
180,2024,19/09/2024,Encaminhado,Valdir Aparecido de Oliveira (Autor),"Indico ao Excelentíssimo Senhor Prefeito Municipal, que estude junto ao setor competente da administração, as possibilidades de implantar canaletas para o escoamento de água na Rua das Figueiras, no cruzamento com a Alameda Paraíso, e na Rua Domingos Faria de Abreu Catuna, nos bairros Jardim Campo Bello e Jardim Catuna, respectivamente....",Indicação nº 180/2024
179,2024,17/09/2024,Encaminhado,Reinaldo Codognato (Autor),"Indico ao Excelentíssimo Senhor Prefeito Municipal, que estude junto ao setor competente da administração, as possibilidades de implantar uma Residência Inclusiva no município, destinada ao acolhimento de pessoas a partir de 18 anos que se encontram em situação de vulnerabilidade social e que não possuem amparo familiar. A implementação...",Indicação nº 179/2024
178,2024,17/09/2024,Encaminhado,Marisa Alves da Silva Costa (Autor),"Indico ao Excelentíssimo Senhor Prefeito Municipal, que estude junto ao setor competente da administração, as possibilidades de ampliar a área destinada ao estacionamento de motocicletas na Avenida Junqueira, em frente ao estabelecimento comercial Libaneza Ferragens & Ferramentas. A demanda crescente de motociclistas na região e a...",Indicação nº 178/2024
177,2024,12/09/2024,Encaminhado,"Anderson Marcos Viana (Autor), Elio Furini Neto (Autor), Marisa Alves da Silva Costa (Autor), Paulo Sérgio Cordeiro (Autor), Teresinha de Lourdes Freitas Regodanso (Autor)","Indicamos ao Excelentíssimo Senhor Prefeito Municipal que estude as possibilidades no sentido de estar revendo os nomes das ruas constantes nos incisos V, VI, VII, VIII e IX, do artigo 3º do Projeto de Lei nº 046/2024, em tramite nesta Casa de Leis por nomes de pessoas que foram muito conhecidas e queridas no seio de nossa comunidade....",Indicação nº 177/2024
176,2024,10/09/2024,Encaminhado,Reinaldo Codognato (Autor),"Indico ao Excelentíssimo Senhor Prefeito Municipal, que estude junto ao setor competente da administração, as possibilidades de instalar um braço de luz com lâmpada LED na Avenida Paulista, na esquina com a Avenida Marconi, nas proximidades das casas da FEPASA. Esse pedido foi feito por moradores, que relatam preocupação com a falta de...",Indicação nº 176/2024
175,2024,05/09/2024,Encaminhado,Valdir Aparecido de Oliveira (Autor),"Indico ao Excelentíssimo Senhor Prefeito Municipal, que estude junto ao setor competente da administração, as possibilidades de realizar melhorias no Residencial das Américas, especificamente no cruzamento da Rua Peru com a Rua Colômbia. A construção de uma canaleta para escoamento de água é necessária nesse local para solucionar...",Indicação nº 175/2024
174,2024,03/09/2024,Encaminhado,Reinaldo Codognato (Autor),"Indico ao Excelentíssimo Senhor Prefeito Municipal, que estude junto ao setor competente da administração, as possibilidades de elaborar um planejamento anual para as despesas básicas voltadas à educação infantil. Este planejamento incluiria a aquisição de brinquedos, como motocas, bonecas, blocos de montar e carrinhos, bem como outros...",Indicação nº 174/2024
173,2024,03/09/2024,Encaminhado,Anderson Marcos Viana (Autor),"Indico ao Excelentíssimo Senhor Prefeito Municipal, que estude junto ao setor competente da administração, as possibilidades de aplicar pedra brita na Alameda Vista do Sol e na estrada que liga o Bairro Fuentes ao Lar Santa Terezinha. Essa medida contribuiria significativamente para a redução da poeira na região, proporcionando mais...",Indicação nº 173/2024
172,2024,22/08/2024,Encaminhado,Teresinha de Lourdes Freitas Regodanso (Autor),"Indico ao Excelentíssimo Senhor Prefeito Municipal, que estude junto ao setor competente da administração, as possibilidades de instalar iluminação pública nas Ruas Piauí e José Amatruda, localizadas ao lado da Avenida Geraldo Fudo. Essa medida contribuiria significativamente para a segurança e bem-estar das pessoas que utilizam essas...",Indicação nº 172/2024
171,2024,20/08/2024,Encaminhado,Valdir Aparecido de Oliveira (Autor),"Indico ao Excelentíssimo Senhor Prefeito Municipal, que estude junto ao setor competente da administração, as possibilidades de instalar um transformador no Bairro Colina Verde, com o objetivo de ativar o poço profundo já existente na região.",Indicação nº 171/2024
170,2024,20/08/2024,Encaminhado,Paulo Sérgio Cordeiro (Autor),"Indico ao Excelentíssimo Senhor Prefeito Municipal, que estude junto ao setor competente da administração, as possibilidades de redirecionar adequadamente o fluxo de água pluvial na interseção entre a Avenida Campos Salles e a Avenida Junqueira. Atualmente, a água tem invadido as residências na região e não possui um escoamento adequado,...",Indicação nº 170/2024
169,2024,13/08/2024,Encaminhado,Anderson Marcos Viana (Autor),"Indico ao Excelentíssimo Senhor Prefeito Municipal, que estude junto ao setor competente da administração, as possibilidades de instalar redutores de velocidade na Avenida João Furini. Recomendo a colocação de um próximo ao Bairro Campo Bello, um em frente ao Supermercado Troyano, outro em frente ao Ginásio de Esportes (onde o asfalto já...",Indicação nº 169/2024
168,2024,13/08/2024,Encaminhado,"Anderson Marcos Viana (Autor), Teresinha de Lourdes Freitas Regodanso (Autor)","Indico ao Excelentíssimo Senhor Prefeito Municipal, que estude junto ao setor competente da administração, as possibilidades de instalar placas informativas com os valores investidos na reforma do Velório Municipal e na iluminação da área verde do Bairro Jardim Pioneiros. Essa medida visa promover maior transparência para a...",Indicação nº 168/2024
167,2024,13/08/2024,Encaminhado,Anderson Marcos Viana (Autor),"Indico ao Excelentíssimo Senhor Prefeito Municipal, que estude junto ao setor competente da administração, as possibilidades de substituir o playground de madeira localizado no Bairro Fluentes. Além disso, recomendo a retirada do playground no Bairro Pioneiros, que se encontra em condições precárias, oferecendo risco às...",Indicação nº 167/2024
166,2024,13/08/2024,Encaminhado,Anderson Marcos Viana (Autor),"Indico ao Excelentíssimo Senhor Prefeito Municipal, que estude junto ao setor competente da administração, as possibilidades de contatar a empresa responsável pela manutenção das lâmpadas de LED no município. Em diversos locais, essas lâmpadas não estão funcionando adequadamente, com destaque para a Avenida Edwirges Anna Aparecida...",Indicação nº 166/2024
165,2024,31/07/2024,Encaminhado,Reinaldo Codognato (Autor),"Indico ao Excelentíssimo Senhor Prefeito Municipal, que estude junto ao setor competente da administração, as possibilidades de implementar uma rampa adequada e legalizada para os pescadores do município às margens do Rio Aguapeí (Rio Feio). A iniciativa poderia ser realizada em parceria com a Usina Viterra Bioenergia S.A. - Unidade Rio...",Indicação nº 165/2024
164,2024,31/07/2024,Encaminhado,Reinaldo Codognato (Autor),"Indico ao Excelentíssimo Senhor Prefeito Municipal, que estude junto ao setor competente da administração, as possibilidades de criar um centro educacional agroecológico. Esse centro serviria para capacitar produtores rurais e também incluiria alunos da rede municipal de ensino, proporcionando-lhes conhecimentos práticos sobre...",Indicação nº 164/2024
163,2024,25/06/2024,Encaminhado,Reinaldo Codognato (Autor),"Indico ao Excelentíssimo Senhor Prefeito Municipal, que estude junto ao setor competente da administração, as possibilidades de implementar um sistema de iluminação e irrigação na pista de motocross. A construção de um mecanismo de irrigação substituiria o uso de caminhão pipa, proporcionando mais eficiência e praticidade. Essa...",Indicação nº 163/2024
162,2024,20/06/2024,Encaminhado,Anderson Marcos Viana (Autor),"Indico ao Excelentíssimo Senhor Prefeito Municipal, que estude junto ao setor competente da administração, as possibilidades de realizar a poda das árvores do campinho no Bairro Cristo Redentor, especialmente aquelas que invadem o campo. Além disso, proponho que seja considerada a elevação do alambrado no lado das casas populares, a fim...",Indicação nº 162/2024
161,2024,20/06/2024,Encaminhado,Valdir Aparecido de Oliveira (Autor),"Indico ao Excelentíssimo Senhor Prefeito Municipal, que estude junto ao setor competente da administração, as possibilidades de estabelecer a Semana de Combate ao Fumo em nosso município. Essa iniciativa poderia incluir a promoção de palestras e dinâmicas de conscientização e prevenção nas escolas do município, visando informar a...",Indicação nº 161/2024
160,2024,20/06/2024,Encaminhado,"Elio Furini Neto (Autor), Anderson Marcos Viana (Autor), Marisa Alves da Silva Costa (Autor), Paulo Sérgio Cordeiro (Autor), Teresinha de Lourdes Freitas Regodanso (Autor)","Indicamos ao Excelentíssimo Senhor Prefeito Municipal, reforçando a indicação n° 154/2023, que estude junto ao setor competente da administração, as possibilidades de estabelecer uma parceria com a Usina Viterra, viabilizando a criação de um sistema de contenção das águas pluviais no bairro Vila São João, como a implementação de...",Indicação nº 160/2024
159,2024,20/06/2024,Encaminhado,"Elio Furini Neto (Autor), Anderson Marcos Viana (Autor), Marisa Alves da Silva Costa (Autor), Paulo Sérgio Cordeiro (Autor), Teresinha de Lourdes Freitas Regodanso (Autor)","Indicamos ao Excelentíssimo Senhor Prefeito Municipal, reforçando a indicação n° 196/2023, que estude junto ao setor competente da administração, as possibilidades de implementar melhorias na praça situada na Rua Internacional, no Bairro Jardim Paulista. Nesse sentido, considerar a instalação de uma torneira na praça e o plantio de...",Indicação nº 159/2024
158,2024,20/06/2024,Encaminhado,"Elio Furini Neto (Autor), Anderson Marcos Viana (Autor), Marisa Alves da Silva Costa (Autor), Paulo Sérgio Cordeiro (Autor), Teresinha de Lourdes Freitas Regodanso (Autor)","Indicamos ao Excelentíssimo Senhor Prefeito Municipal, reforçando a indicação n° 115/2021, que estude junto ao setor competente da administração, as possibilidades de realizar um estudo junto ao setor competente da administração para avaliar a possibilidade de implementar mudanças no Estatuto dos Servidores Municipais de Junqueirópolis....",Indicação nº 158/2024
157,2024,20/06/2024,Encaminhado,"Elio Furini Neto (Autor), Anderson Marcos Viana (Autor), Marisa Alves da Silva Costa (Autor), Paulo Sérgio Cordeiro (Autor), Teresinha de Lourdes Freitas Regodanso (Autor)","Indicamos ao Excelentíssimo Senhor Prefeito Municipal, reforçando as indicações n° 245/2023 e 049/2021 que estude junto ao setor competente da administração, as oportunidades para desenvolver e implementar um aplicativo voltado para a área da Saúde em Junqueirópolis. Esta indicação é crucial devido à imperativa necessidade de modernizar...",Indicação nº 157/2024
156,2024,19/06/2024,Encaminhado,Teresinha de Lourdes Freitas Regodanso (Autor),"Indico ao Excelentíssimo Senhor Prefeito Municipal, que estude junto ao setor competente da administração, as possibilidades de escolher um outro local para a instalação do ecoponto de coleta seletiva que está sendo planejado para a curva que dá início à vicinal Dr. José Siniciato. A população residente nas proximidades manifestou...",Indicação nº 156/2024
155,2024,17/06/2024,Encaminhado,Paulo Sérgio Cordeiro (Autor),"Indico ao Excelentíssimo Senhor Prefeito Municipal, que estude junto ao setor competente da administração, as possibilidades de utilizar drones para o combate à Dengue. Através de tal medida, será facilitado o processo de identificação de focos em locais de difícil acesso para as equipes de Agentes de Combate a Endemias, como imóveis...",Indicação nº 155/2024
154,2024,12/06/2024,Encaminhado,Teresinha de Lourdes Freitas Regodanso (Autor),"Indico ao Excelentíssimo Senhor Prefeito Municipal, que estude junto ao setor competente da administração, as possibilidades de implementar uma sinalização vertical indicando a velocidade máxima permitida nas proximidades da Escola 13 de Junho - Colégio Objetivo. Em especial, solicito atenção à Avenida Junqueira, que possui um grande...",Indicação nº 154/2024
153,2024,12/06/2024,Encaminhado,Valdir Aparecido de Oliveira (Autor),"Indico ao Excelentíssimo Senhor Prefeito Municipal, que estude junto ao setor competente da administração, as possibilidades de realizar a manutenção da estrada JQL 139, no Bairro Paraisinho. Atualmente, o mato está invadindo a via, dificultando o tráfego e necessitando de atenção para garantir a segurança e a acessibilidade dos...",Indicação nº 153/2024
152,2024,11/06/2024,Encaminhado,Rui Domingos da Silva (Autor),"Indico ao Excelentíssimo Senhor Prefeito Municipal, que estude junto ao setor competente da administração, as possibilidades de utilizar carros de som para avisar a população sobre o Projeto Limpeza Beleza. Esses avisos poderiam informar em quais setores da cidade o projeto estará atuando e as datas de retirada dos itens para cada setor....",Indicação nº 152/2024
151,2024,11/06/2024,Encaminhado,Reinaldo Codognato (Autor),"Indico ao Excelentíssimo Senhor Prefeito Municipal, que estude junto ao setor competente da administração, as possibilidades de impermeabilização das estradas rurais do nosso município. A utilização de asfalto ecológico, que impermeabiliza as vias, garante estradas sem barro e poeira, reduzindo significativamente a necessidade de...",Indicação nº 151/2024
150,2024,11/06/2024,Encaminhado,Reinaldo Codognato (Autor),"Indico ao Excelentíssimo Senhor Prefeito Municipal, que estude junto ao setor competente da administração, as possibilidades de implementar wifi no complexo esportivo e no centro comunitário do Bairro Alto do Cene, além de outras melhorias necessárias para esses espaços. Tal medida se justifica pelo fato de que o acesso à internet é uma...",Indicação nº 150/2024
149,2024,05/06/2024,Encaminhado,Anderson Marcos Viana (Autor),"Indico ao Excelentíssimo Senhor Prefeito Municipal, que estude junto ao setor competente da administração, as possibilidades de aumentar a quantidade de postes de iluminação na área de lazer do Bairro Pioneiros. Atualmente, o local encontra-se com pouca iluminação, o que gera diversos problemas e preocupações para os moradores e...",Indicação nº 149/2024
148,2024,05/06/2024,Encaminhado,Anderson Marcos Viana (Autor),"Indico ao Excelentíssimo Senhor Prefeito Municipal, que estude junto ao setor competente da administração, as possibilidades de instalar um corrimão no Ginásio de Esportes Cícero Gomes. A colocação deste corrimão próximo à academia de judô beneficiaria as crianças que frequentam o local, enquanto a sua instalação nas proximidades da área...",Indicação nº 148/2024
147,2024,05/06/2024,Encaminhado,"Elio Furini Neto (Autor), Anderson Marcos Viana (Autor), Marisa Alves da Silva Costa (Autor), Paulo Sérgio Cordeiro (Autor), Teresinha de Lourdes Freitas Regodanso (Autor)","Indicamos ao Excelentíssimo Senhor Prefeito Municipal, que estude junto ao setor competente da administração, as possibilidades de implementar a equoterapia em nosso município. Essa prática, que envolve terapia assistida com cavalos, tem sido amplamente estudada e reconhecida por seus benefícios no desenvolvimento de crianças...",Indicação nº 147/2024
146,2024,05/06/2024,Encaminhado,"Teresinha de Lourdes Freitas Regodanso (Autor), Elio Furini Neto (Autor)","Indicamos ao Excelentíssimo Senhor Prefeito Municipal, que estude junto ao setor competente da administração, as possibilidades de solicitar ao Poder Estadual a denominação do trevo do Salgado Filho em homenagem ao saudoso Eugenio Zimiani. A família Zimiani residiu por muitos anos nas proximidades do trevo e mantém propriedades na região...",Indicação nº 146/2024
145,2024,21/05/2024,Encaminhado,Reinaldo Codognato (Autor),"Indico ao Excelentíssimo Senhor Prefeito Municipal, que estude junto ao setor competente da administração, as possibilidades de incluir no calendário municipal um torneio de futebol com a participação de times de renome nacional nas categorias de base. Essa iniciativa trará inúmeros benefícios para nossa comunidade. Além de promover o...",Indicação nº 145/2024
144,2024,21/05/2024,Encaminhado,Anderson Marcos Viana (Autor),"Indico ao Excelentíssimo Senhor Prefeito Municipal, que estude junto ao setor competente da administração, as possibilidades de providenciar cortinas ou insulfilm para a van que transporta os cadeirantes. Tal medida visa proteger os pacientes, uma vez que a exposição ao sol dentro do veículo tem sido intensa e desconfortável. A...",Indicação nº 144/2024
143,2024,21/05/2024,Encaminhado,Anderson Marcos Viana (Autor),"Indico ao Excelentíssimo Senhor Prefeito Municipal, reforçando a indicação n° 34/2023, de autoria do Vereador Anderson Marcos Viana, que estude junto ao setor competente da administração, as possibilidades de ceder alimentação aos pacientes que vão à Presidente Prudente em suas consultas médicas. Tal indicação se justifica em razão de...",Indicação nº 143/2024
142,2024,16/05/2024,Encaminhado,"Anderson Marcos Viana (Autor), Elio Furini Neto (Autor), Marisa Alves da Silva Costa (Autor), Paulo Sérgio Cordeiro (Autor), Teresinha de Lourdes Freitas Regodanso (Autor)","Indicamos ao Excelentíssimo Senhor Prefeito Municipal, que estude junto ao setor competente da administração, as possibilidades de considerar as seguintes ações para a Educação Especial: priorizar a preparação prévia dos professores; manter um número reduzido de alunos por turma; estruturar um serviço sistemático de apoio especializado...",Indicação nº 142/2024
141,2024,16/05/2024,Encaminhado,"Valdir Aparecido de Oliveira (Autor), Anderson Marcos Viana (Autor)","Indicamos ao Excelentíssimo Senhor Prefeito Municipal, que estude junto ao setor competente da administração, as possibilidades de construir uma canaleta para o escoamento da água pluvial no cruzamento da Alameda Vista do Sol com a Alameda Tailândia. Esta iniciativa se justifica pela necessidade de prevenir possíveis problemas causados...",Indicação nº 141/2024
140,2024,15/05/2024,Encaminhado,Reinaldo Codognato (Autor),"Indico ao Excelentíssimo Senhor Prefeito Municipal, que estude junto ao setor competente da administração, as possibilidades de implementação de uma horta comunitária no Viveiro Municipal. Este projeto traria inúmeros benefícios para os moradores da comunidade, além de poder ser estendido a diversas entidades da zona urbana, como Centros...",Indicação nº 140/2024
139,2024,15/05/2024,Encaminhado,Reinaldo Codognato (Autor),"Indico ao Excelentíssimo Senhor Prefeito Municipal, reforçando a indicação n° 180/2023, de autoria do Vereador Reinaldo Codognato, que estude junto ao setor competente da administração, as possibilidades de lançar um programa denominado Colmeia Empreendedora, inspirado na ""Colmeia"" como exemplo de inovação e empreendedorismo social para...",Indicação nº 139/2024
138,2024,14/05/2024,Encaminhado,"Elio Furini Neto (Autor), Anderson Marcos Viana (Autor), Marisa Alves da Silva Costa (Autor), Paulo Sérgio Cordeiro (Autor), Teresinha de Lourdes Freitas Regodanso (Autor)","Indicamos ao Excelentíssimo Senhor Prefeito Municipal, reforçando a indicação n° 078/2023, de autoria dos Vereadores Teresinha de Lourdes Freitas Regodanso, Anderson Marcos Viana, Elio Furini Neto e Paulo Sergio Cordeiro, que estude junto ao setor competente da administração, as possibilidades de realizar as seguintes benfeitorias no...",Indicação nº 138/2024
137,2024,09/05/2024,Encaminhado,Valdir Aparecido de Oliveira (Autor),"Indico ao Excelentíssimo Senhor Prefeito Municipal, que estude junto ao setor competente da administração, as possibilidades de realização de uma limpeza completa no Estádio Raphael Capelli, com o objetivo de remover copos e outros objetos que possam se tornar potenciais criadouros do mosquito da dengue. O Estádio Raphael Capelli, como...",Indicação nº 137/2024
136,2024,09/05/2024,Encaminhado,Anderson Marcos Viana (Autor),"Indico ao Excelentíssimo Senhor Prefeito Municipal, que estude junto ao setor competente da administração, as possibilidades de implementar, através dos profissionais de saúde durante as visitas domiciliares, a prática de informar à população sobre a oportunidade de contribuir com água, alimentos básicos, itens de higiene pessoal e...",Indicação nº 136/2024
135,2024,09/05/2024,Encaminhado,"Elio Furini Neto (Autor), Anderson Marcos Viana (Autor), Marisa Alves da Silva Costa (Autor), Paulo Sérgio Cordeiro (Autor), Teresinha de Lourdes Freitas Regodanso (Autor)","Indicamos ao Excelentíssimo Senhor Prefeito Municipal, que estude junto ao setor competente da administração, as possibilidades de oferecer cursos de Língua Brasileira de Sinais (LIBRAS) para os profissionais que atuam nas Estratégias de Saúde da Família (ESFs). Essa medida se justifica pela importância da inclusão e acessibilidade na...",Indicação nº 135/2024
134,2024,07/05/2024,Encaminhado,"Rui Domingos da Silva (Autor), Anderson Marcos Viana (Autor), Elio Furini Neto (Autor)","Indicamos ao Excelentíssimo Senhor Prefeito Municipal, que estude junto ao setor competente da administração, reforçando as indicações n° 113/2022 e 240/2023, as possibilidades de realizar a manutenção da quadra do Ginásio Cícero Gomes, como a manutenção do piso, da iluminação, a troca das redes laterais e a retirada das grades que ficam...",Indicação nº 134/2024
133,2024,07/05/2024,Encaminhado,Anderson Marcos Viana (Autor),"Indico ao Excelentíssimo Senhor Prefeito Municipal, que estude junto ao setor competente da administração, as possibilidades de conceder aos professores e funcionários dos Centros Educacionais Infantis (CEIs) e escolas municipais um período de 15 dias de férias em julho. Este período coincidiria com as férias dos alunos, que...",Indicação nº 133/2024
132,2024,07/05/2024,Encaminhado,Anderson Marcos Viana (Autor),"Indico ao Excelentíssimo Senhor Prefeito Municipal, que estude junto ao setor competente da administração, as possibilidades de introduzir nas séries iniciais um ensino mais dinâmico e contextualizado, através da incorporação de recursos audiovisuais. Há anos, os educadores aguardam a realização dessa medida, que inclui a...",Indicação nº 132/2024
131,2024,07/05/2024,Encaminhado,Anderson Marcos Viana (Autor),"Indico ao Excelentíssimo Senhor Prefeito Municipal, que estude junto ao setor competente da administração, as possibilidades de reformulação do Plano de Carreira do Magistério Público Municipal. Esta iniciativa visa a realização de alterações e adequações necessárias, com o intuito primordial de manter a valorização dos profissionais do...",Indicação nº 131/2024
130,2024,06/05/2024,Encaminhado,"Elio Furini Neto (Autor), Anderson Marcos Viana (Autor), Marisa Alves da Silva Costa (Autor), Paulo Sérgio Cordeiro (Autor), Teresinha de Lourdes Freitas Regodanso (Autor)","Indicamos ao Excelentíssimo Senhor Prefeito Municipal, reforçando a indicação n° 126/2023, que estude junto ao setor competente da administração, as possibilidades de implementar um acesso com sua devida acessibilidade no Centro Comunitário e no Cento de Esporte e Lazer do Bairro Jardim Alvorada. A implementação de um acesso com...",Indicação nº 130/2024
129,2024,06/05/2024,Encaminhado,"Elio Furini Neto (Autor), Anderson Marcos Viana (Autor), Marisa Alves da Silva Costa (Autor), Paulo Sérgio Cordeiro (Autor), Rui Domingos da Silva (Autor), Teresinha de Lourdes Freitas Regodanso (Autor), Valdir Aparecido de Oliveira (Autor)","Indicamos ao Excelentíssimo Senhor Prefeito Municipal, reforçando a indicação n° 092/2023, que estude junto ao setor competente da administração, as possibilidades de adequar a iluminação das mesas das áreas verdes dos bairros Aliança, Campo Belo, Carmesim II e demais áreas que forrem necessárias. A iluminação adequada das mesas nas...",Indicação nº 129/2024
128,2024,02/05/2024,Encaminhado,Reinaldo Codognato (Autor),"Indico ao Excelentíssimo Senhor Prefeito Municipal, reforçando a indicação n° 171/2023, de autoria do Vereador Reinaldo Codognato, que estude junto ao setor competente da administração, as possibilidades de criar cursos na área automotiva, com foco especial em manutenção elétrica e mecânica para veículos leves. Esta iniciativa poderia...",Indicação nº 128/2024
127,2024,02/05/2024,Encaminhado,Reinaldo Codognato (Autor),"Indico ao Excelentíssimo Senhor Prefeito Municipal, reforçando a indicação n° 160/2023, de autoria do Vereador Reinaldo Codognato, que estude junto ao setor competente da administração, as possibilidades de introduzir medidas de controle de velocidade, como por exemplo, redutores de velocidade, além de melhorias na sinalização da Rua do...",Indicação nº 127/2024
126,2024,02/05/2024,Encaminhado,Valdir Aparecido de Oliveira (Autor),"Indico ao Excelentíssimo Senhor Prefeito Municipal, que estude junto ao setor competente da administração, as possibilidades de construir uma lombada na Rua Maria Eugênia Regazolli, entre a Rua Akira Katayama e Rua Victor Camargo Bodini. Em vias com o fluxo de veículos relativamente alto, como a Rua Maria Eugênia Regazolli, a velocidade...",Indicação nº 126/2024
125,2024,02/05/2024,Encaminhado,"Elio Furini Neto (Autor), Anderson Marcos Viana (Autor), Marisa Alves da Silva Costa (Autor), Paulo Sérgio Cordeiro (Autor), Teresinha de Lourdes Freitas Regodanso (Autor)","Indicamos ao Excelentíssimo Senhor Prefeito Municipal, reforçando a indicação n° 146/2023, de autoria do Vereador Elio Furini Neto, que estude junto ao setor competente da administração, as possibilidades de estar reformando o campo de futebol do Jardim Esperança, assim como a colocação de alambrado e adequação da iluminação. A reforma...",Indicação nº 125/2024
124,2024,02/05/2024,Encaminhado,"Elio Furini Neto (Autor), Anderson Marcos Viana (Autor), Marisa Alves da Silva Costa (Autor), Paulo Sérgio Cordeiro (Autor), Teresinha de Lourdes Freitas Regodanso (Autor)","Indicamos ao Excelentíssimo Senhor Prefeito Municipal, reforçando a indicação n° 068/2023, de autoria do Vereador Elio Furini Neto, que estude junto ao setor competente da administração, as possibilidades de disponibilizar um profissional capacitado em Língua Brasileira de Sinais (LIBRAS), quando necessário, nas reuniões de pais ou...",Indicação nº 124/2024
123,2024,29/04/2024,Encaminhado,"Teresinha de Lourdes Freitas Regodanso (Autor), Anderson Marcos Viana (Autor)","Indico ao Excelentíssimo Senhor Prefeito Municipal, que estude junto ao setor competente da administração, as possibilidades de reparar a Rodoviária Municipal em resposta aos danos causados pelos recentes temporais. É evidente que a infraestrutura da rodoviária sofreu consideráveis danos com as intempéries, resultando no fechamento da...",Indicação nº 123/2024
122,2024,29/04/2024,Encaminhado,"Anderson Marcos Viana (Autor), Valdir Aparecido de Oliveira (Autor)","Indicamos ao Excelentíssimo Senhor Prefeito Municipal, que estude junto ao setor competente da administração, as possibilidades de implementar políticas educacionais inovadoras, especialmente no que diz respeito aos direitos dos professores. Já existente no Estado e na maioria dos municípios vizinhos, o Projeto propõe 6 abonadas para os...",Indicação nº 122/2024
121,2024,24/04/2024,Encaminhado,Valdir Aparecido de Oliveira (Autor),"Indico ao Excelentíssimo Senhor Prefeito Municipal, que estude junto ao setor competente da administração, as possibilidades de realizar a manutenção na estrada (JQL 020) que conecta o Bairro Duas Barras ao Bairro Vila São João, incluindo a reconstrução dos camaleões danificados pelas chuvas. Considerando que os bairros em questão são...",Indicação nº 121/2024
120,2024,24/04/2024,Encaminhado,"Elio Furini Neto (Autor), Anderson Marcos Viana (Autor), Marisa Alves da Silva Costa (Autor), Paulo Sérgio Cordeiro (Autor), Reinaldo Codognato (Autor), Rui Domingos da Silva (Autor), Sofia Rodrigues dos Santos (Autor), Teresinha de Lourdes Freitas Regodanso (Autor), Valdir Aparecido de Oliveira (Autor)","Indico ao Excelentíssimo Senhor Prefeito Municipal, reforçando as indicações n° 108/2021, 148/2022 e 224/2023, que estude junto ao setor competente da administração, as possibilidades de realizar a limpeza das Estações de Tratamento de Esgotos - ETE, digo a “Lagoa de Tratamento do Matadouro” e principalmente a “Lagoa de Tratamento do...",Indicação nº 120/2024
119,2024,23/04/2024,Encaminhado,Reinaldo Codognato (Autor),"Indico ao Excelentíssimo Senhor Prefeito Municipal, reforçando a indicação n° 043/2023, que estude junto ao setor competente da administração, as possibilidades de tomar providências definitivas acerca do direcionamento e escoamento correto das águas pluviais no Residencial Recanto dos Eucaliptos. Tal indicação se justifica em razão de...",Indicação nº 119/2024
118,2024,23/04/2024,Encaminhado,Reinaldo Codognato (Autor),"Indico ao Excelentíssimo Senhor Prefeito Municipal, reforçando a indicação n° 157/2023, que estude junto ao setor competente da administração, as possibilidades de implementação de um programa de bolsa atleta municipal. Esta iniciativa visa apoiar e incentivar os talentos esportivos locais, proporcionando-lhes recursos e suporte para o...",Indicação nº 118/2024
117,2024,23/04/2024,Encaminhado,Reinaldo Codognato (Autor),"Indico ao Excelentíssimo Senhor Prefeito Municipal, que estude junto ao setor de Segurança e Medicina do Trabalho da administração, as possibilidades de promover um treinamento simulado de evacuação escolar em caso de incêndio em todas as escolas municipais e estaduais, incluindo as escolas particulares, dentro do município. Tal medida...",Indicação nº 117/2024
116,2024,23/04/2024,Encaminhado,Anderson Marcos Viana (Autor),"Indico ao Excelentíssimo Senhor Prefeito Municipal, que estude junto ao setor competente da administração, as possibilidades de aprimorar a acessibilidade no Parque Ecológico, especialmente no espaço dedicado às pessoas com deficiência ou mobilidade reduzida. Notamos que as rampas das calçadas estão estreitas e inclinadas, o que pode...",Indicação nº 116/2024
115,2024,23/04/2024,Encaminhado,Anderson Marcos Viana (Autor),"Indico ao Excelentíssimo Senhor Prefeito Municipal, que estude junto ao setor competente da administração, as possibilidades de relocar os bancos instalados na Rua José Reis, no Bairro Pioneiros. A retirada e realocação são necessárias, uma vez que os bancos foram posicionados de forma inadequada, tornando difícil para os moradores...",Indicação nº 115/2024
114,2024,23/04/2024,Encaminhado,Anderson Marcos Viana (Autor),"Indico ao Excelentíssimo Senhor Prefeito Municipal, que estude junto ao setor competente da administração, as possibilidades de realizar uma limpeza abrangente nas canaletas de captação de água localizadas na praça Álvaro de Oliveira Junqueira. Seria altamente benéfico agir quanto à limpeza das canaletas de captação de água na praça...",Indicação nº 114/2024
113,2024,19/04/2024,Encaminhado,Teresinha de Lourdes Freitas Regodanso (Autor),"Indico ao Excelentíssimo Senhor Prefeito Municipal, que estude junto ao setor competente da administração, as possibilidades de realização da poda de árvores que estão obstruindo a visão dos motoristas, especialmente nas áreas centrais da cidade, onde o fluxo de carros é mais intenso. A realização da poda de árvores que obstruem a visão...",Indicação nº 113/2024
112,2024,17/04/2024,Encaminhado,Valdir Aparecido de Oliveira (Autor),"Indico ao Excelentíssimo Senhor Prefeito Municipal, que estude junto ao setor competente da administração, as possibilidades de realizar a instalação de academias adaptadas para pessoas com deficiência física ou mobilidade reduzida em todas as áreas onde já existem academias ao ar livre. É importante destacar que as pessoas com...",Indicação nº 112/2024
111,2024,17/04/2024,Encaminhado,Valdir Aparecido de Oliveira (Autor),"Indico ao Excelentíssimo Senhor Prefeito Municipal, que estude junto ao setor competente da administração, as possibilidades de promover eventos educativos sobre trânsito durante o ano letivo das escolas municipais e estaduais do município. É fundamental destacar que a educação no trânsito desde cedo é essencial para formar cidadãos...",Indicação nº 111/2024
110,2024,17/04/2024,Encaminhado,Valdir Aparecido de Oliveira (Autor),"Indico ao Excelentíssimo Senhor Prefeito Municipal, que estude junto ao setor competente da administração, as possibilidades de instalar redutores de velocidade próximos às igrejas estabelecidas com sede própria no Município, especialmente nas vias com alto tráfego de veículos. Ao reduzir a velocidade dos veículos, podemos diminuir...",Indicação nº 110/2024
109,2024,16/04/2024,Encaminhado,Reinaldo Codognato (Autor),"Indico ao Excelentíssimo Senhor Prefeito Municipal, que estude junto ao setor competente da administração, as possibilidades de dedicar um olhar especial à quadra de basquete do Bairro Jardim Alvorada. Recentemente, uma das cestas foi removida, e a comunidade tem o desejo de reinstalá-la, além de empreender uma nova pintura na quadra. A...",Indicação nº 109/2024
108,2024,16/04/2024,Encaminhado,Reinaldo Codognato (Autor),"Indico ao Excelentíssimo Senhor Prefeito Municipal, reforçando a indicação n° 188/2023, de autoria do Vereador Reinaldo Codognato, que estude junto ao setor competente da administração, as possibilidades de implementar medidas de proteção na Rua Florianópolis, especificamente em frente ao playground local, como por exemplo, sinalizações...",Indicação nº 108/2024
107,2024,16/04/2024,Encaminhado,Reinaldo Codognato (Autor),"Indico ao Excelentíssimo Senhor Prefeito Municipal, reforçando a indicação n° 179/2023, de autoria do Vereador Reinaldo Codognato, que estude junto ao setor competente da administração, as possibilidades de implementar a devida iluminação pública no Rua Primavera, localizada no bairro Recanto dos Eucaliptos. Primeiramente, é importante...",Indicação nº 107/2024
106,2024,16/04/2024,Encaminhado,Anderson Marcos Viana (Autor),"Indico ao Excelentíssimo Senhor Prefeito Municipal, reforçando a indicação n° 169/2023, de autoria do Vereador Anderson Marcos Viana, que estude junto ao setor competente da administração, as possibilidades de delimitar com sinalização de solo linhas de retenção destinadas exclusivamente à espera de motocicletas principalmente em...",Indicação nº 106/2024
105,2024,16/04/2024,Encaminhado,Anderson Marcos Viana (Autor),"Indico ao Excelentíssimo Senhor Prefeito Municipal, reforçando a indicação n° 015/2023, de autoria do Vereador Anderson Marcos Viana, que estude junto ao setor competente da administração, as possibilidades de realizar a devida reforma no playground e no calçamento da praça do centenário, bem como construção de bebedouros no local. Tal...",Indicação nº 105/2024
104,2024,16/04/2024,Encaminhado,Anderson Marcos Viana (Autor),"Indico ao Excelentíssimo Senhor Prefeito Municipal, que estude junto ao setor competente da administração, as possibilidades de retirar o antigo playground na praça do Bairro Pioneiros. Infelizmente, o equipamento atual apresenta riscos para as crianças que o utilizam, com peças de ferro quebradas, madeira solta e estrutura desgastada....",Indicação nº 104/2024
103,2024,12/04/2024,Encaminhado,Valdir Aparecido de Oliveira (Autor),"Indico ao Excelentíssimo Senhor Prefeito Municipal, que estude junto ao setor competente da administração, as possibilidades de providenciar coberturas para os Centros Educacionais Infantis (CEIs) que ampliaram suas salas. Esta iniciativa se baseia na preocupação com o bem-estar e segurança das crianças e dos colaboradores dessas...",Indicação nº 103/2024
102,2024,11/04/2024,Encaminhado,Anderson Marcos Viana (Autor),"Indico ao Excelentíssimo Senhor Prefeito Municipal, que estude junto ao setor competente da administração, as possibilidades de garantir que os professores e demais profissionais da educação tenham acesso à alimentação oferecida aos alunos durante o período letivo. É de extrema importância que a escola sempre mantenha como prioridade...",Indicação nº 102/2024
101,2024,10/04/2024,Encaminhado,"Elio Furini Neto (Autor), Anderson Marcos Viana (Autor), Marisa Alves da Silva Costa (Autor), Paulo Sérgio Cordeiro (Autor), Teresinha de Lourdes Freitas Regodanso (Autor)","Indico ao Excelentíssimo Senhor Prefeito Municipal, reforçando a indicação n° 038/2023, de autoria do Vereador Elio Furini Neto, que estude junto ao setor competente da administração, as possibilidades de implantar um serviço de transporte coletivo denominado como ""Circular da Saúde"", apropriado para transporte de pacientes com...",Indicação nº 101/2024
100,2024,10/04/2024,Encaminhado,Elio Furini Neto (Autor),"Indico ao Excelentíssimo Senhor Prefeito Municipal, que estude junto ao setor competente da administração, as possibilidades de realizar uma reforma geral na praça do Bairro Jardim Boa Vista. As praças são áreas de convívio social essenciais em qualquer comunidade. Uma reforma geral pode melhorar a qualidade desse espaço, tornando-o mais...",Indicação nº 100/2024
099,2024,10/04/2024,Encaminhado,Reinaldo Codognato (Autor),"Indico ao Excelentíssimo Senhor Prefeito Municipal, que estude junto ao setor competente da administração, as possibilidades de destinar recursos anuais para a substituição preventiva de encanamentos de água. Esta medida poderá contribuir significativamente para garantir a eficiência e a segurança do sistema de abastecimento de água em...",Indicação nº 099/2024
098,2024,10/04/2024,Encaminhado,Reinaldo Codognato (Autor),"Indico ao Excelentíssimo Senhor Prefeito Municipal, reforçando a indicação n° 149/2022, que estude junto ao setor competente da administração, as possibilidades de implantar uma carteira funcional para os servidores municipais. Uma carteira funcional proporcionaria uma forma padronizada e oficial de identificação para os servidores...",Indicação nº 098/2024
097,2024,10/04/2024,Encaminhado,Reinaldo Codognato (Autor),"Indico ao Excelentíssimo Senhor Prefeito Municipal, que estude junto ao setor competente da administração, as possibilidades criar um espaço dedicado ao desenvolvimento cultural de nossa comunidade como um todo, descentralizando os eventos culturais que sempre são realizados no Centro de Formação Educacional (CEFE) e trazendo para os...",Indicação nº 097/2024
096,2024,09/04/2024,Encaminhado,Anderson Marcos Viana (Autor),"Indico ao Excelentíssimo Senhor Prefeito Municipal, que estude junto ao setor competente da administração, as possibilidades de reforçar uma faixa amarela no centro da pista da rodovia vicinal Dr. José Siniciato, bem como realizar a poda das árvores no trecho antes de chegar à Associação dos Catadores de Junqueirópolis (ACAJUNQ). Essa...",Indicação nº 096/2024
095,2024,09/04/2024,Encaminhado,Anderson Marcos Viana (Autor),"Indico ao Excelentíssimo Senhor Prefeito Municipal, que estude junto ao setor competente da administração, as possibilidades de implementar uma lombada convencional ou ecológica na Rua Rio Branco, em frente à Igreja do Evangelho Quadrangular, e também fortalecer a lombada já existente nesta mesma rua, em frente à sorveteria ""Casa do...",Indicação nº 095/2024
094,2024,09/04/2024,Encaminhado,Anderson Marcos Viana (Autor),"Indico ao Excelentíssimo Senhor Prefeito Municipal, que estude junto ao setor competente da administração, as possibilidades de instalar duas lixeiras na pista de skate do Município. Essa medida é importante pois contribuirá para a promoção de um ambiente mais limpo e organizado na pista de skate, incentivando os praticantes a...",Indicação nº 094/2024
093,2024,04/04/2024,Encaminhado,"Elio Furini Neto (Autor), Anderson Marcos Viana (Autor), Marisa Alves da Silva Costa (Autor), Paulo Sérgio Cordeiro (Autor), Teresinha de Lourdes Freitas Regodanso (Autor)","Indico ao Excelentíssimo Senhor Prefeito Municipal, que estude junto ao setor competente da administração, as possibilidades de melhorias na praça localizada na Rua Wilson José Souza, defronte ao hotel Flor de Liz. A necessidade de melhorias no local é evidenciada pelo mato alto, iluminação precária e excesso de grama na quadra de areia,...",Indicação nº 093/2024
092,2024,03/04/2024,Encaminhado,Reinaldo Codognato (Autor),"Indico ao Excelentíssimo Senhor Prefeito Municipal, que estude junto ao setor competente da administração, as possibilidades de aumentar o número de motoristas designados para o transporte escolar, utilizando a ferramenta de reestruturação de quadro disponível na própria Prefeitura Municipal de Junqueirópolis. Esta medida é essencial...",Indicação nº 092/2024
091,2024,03/04/2024,Encaminhado,Valdir Aparecido de Oliveira (Autor),"Indico ao Excelentíssimo Senhor Prefeito Municipal, reforçando as indicações n° 161/2021 e 108/2022, ambas de autoria do Vereador Valdir Aparecido de Oliveira, que estude junto ao setor competente da administração, as possibilidades de concluir a construção do muro no recinto da Aceruva. Esta medida se faz necessária para mitigar...",Indicação nº 091/2024
090,2024,02/04/2024,Encaminhado,"Elio Furini Neto (Autor), Anderson Marcos Viana (Autor), Marisa Alves da Silva Costa (Autor), Paulo Sérgio Cordeiro (Autor), Teresinha de Lourdes Freitas Regodanso (Autor)","Indico ao Excelentíssimo Senhor Prefeito Municipal, complementando a indicação n° 083/2024, que estude junto ao setor competente da administração, as possibilidades de estabelecer uma parceria com a Associação Junqueiropolense Amor e Vida (AJAV), o Grupo de Apoio ao Paciente com Câncer. Tal parceria visaria, além de implementar um...",Indicação nº 090/2024
089,2024,02/04/2024,Encaminhado,Anderson Marcos Viana (Autor),"Indico ao Excelentíssimo Senhor Prefeito Municipal, reforçando a indicação n° 58/2023, de autoria do Vereador Anderson Marcos Viana, que estude junto ao setor competente da administração, as possibilidades de organizar uma semana comemorativa para Dia Mundial de Conscientização do Autismo, celebrado em 2 de abril. Tal indicação se...",Indicação nº 089/2024
088,2024,02/04/2024,Encaminhado,Anderson Marcos Viana (Autor),"Indico ao Excelentíssimo Senhor Prefeito Municipal, reforçando a indicação n° 51/2023, de autoria do Vereador Anderson Marcos Viana, que estude junto ao setor competente da administração, as possibilidades de realizar a pavimentação asfáltica ou por meio da colocação de pedrisco nos trechos localizados na via de acesso Joao Furini,...",Indicação nº 088/2024
087,2024,02/04/2024,Encaminhado,Anderson Marcos Viana (Autor),"Indico ao Excelentíssimo Senhor Prefeito Municipal, que estude junto ao setor competente da administração, as possibilidades de construir uma área de lazer com playground nas proximidades dos encontros da Avenida Junqueira com a Rua da Paz e Rua 4 de Setembro, no Bairro Vila Beatriz. Primeiramente, é fundamental ressaltar que espaços...",Indicação nº 087/2024
086,2024,27/03/2024,Encaminhado,Valdir Aparecido de Oliveira (Autor),"Indico ao Excelentíssimo Senhor Prefeito Municipal, que estude junto ao setor competente da administração, as possibilidades de disponibilizar um ônibus de grande porte para transportar os atletas que representam nosso município em competições realizadas em outras localidades. Tal iniciativa possibilitaria aos pais acompanharem seus...",Indicação nº 086/2024
085,2024,27/03/2024,Encaminhado,Reinaldo Codognato (Autor),"Indico ao Excelentíssimo Senhor Prefeito Municipal, que estude junto ao setor competente da administração, as possibilidades de implementação de um projeto denominado ""Revela Talentos"" nas escolas municipais. Este projeto visaria identificar e nutrir os talentos existentes entre nossos alunos, garantindo que potenciais valiosos não sejam...",Indicação nº 085/2024
084,2024,26/03/2024,Encaminhado,Teresinha de Lourdes Freitas Regodanso (Autor),"Indico ao Excelentíssimo Senhor Prefeito Municipal, reforçando a indicação n° 048/2023, que estude junto ao setor competente da administração, as possibilidades de realizar a compra ou locação de um imóvel urbano próximo ao Hospital Regional de Oncologia - Hospital de Esperança, na cidade de Presidente Prudente para funcionar como casa...",Indicação nº 084/2024
083,2024,26/03/2024,Encaminhado,"Teresinha de Lourdes Freitas Regodanso (Autor), Anderson Marcos Viana (Autor), Elio Furini Neto (Autor), Marisa Alves da Silva Costa (Autor), Paulo Sérgio Cordeiro (Autor)","Indicamos ao Excelentíssimo Senhor Prefeito Municipal, reforçando a indicação n° 239/2023, que estude junto ao setor competente da administração, as possibilidades de instituir um Auxílio Municipal Oncológico para fornecimento de alimentos para pessoas que estão realizando tratamentos oncológicos. É evidente que um plano alimentar...",Indicação nº 083/2024
082,2024,26/03/2024,Encaminhado,"Elio Furini Neto (Autor), Anderson Marcos Viana (Autor), Marisa Alves da Silva Costa (Autor), Paulo Sérgio Cordeiro (Autor), Teresinha de Lourdes Freitas Regodanso (Autor)","Indicamos ao Excelentíssimo Senhor Prefeito Municipal, reforçando as indicações n° 122/2022 e 163/2023, ambas de autoria do Vereador Elio Furini Neto, que estude junto ao setor competente da administração, as possibilidades de realizar a devida reforma dos vestiários do Estádio Municipal Raphael Capelli, como a troca dos pisos que estão...",Indicação nº 082/2024
081,2024,26/03/2024,Encaminhado,Anderson Marcos Viana (Autor),"Indico ao Excelentíssimo Senhor Prefeito Municipal, que estude junto ao setor competente da administração, as possibilidades de iniciar a implementação de lombadas ecológicas. A implementação de lombadas ecológicas é uma medida que se justifica plenamente, levando em consideração diversos aspectos cruciais, tais como a promoção da...",Indicação nº 081/2024
080,2024,26/03/2024,Encaminhado,Anderson Marcos Viana (Autor),"Indico ao Excelentíssimo Senhor Prefeito Municipal, que estude junto ao setor competente da administração, as possibilidades de construir uma cobertura na Avenida Campo Salles, ao lado do muro do Lar Santo Antônio (Asilo) de Junqueirópolis, visando proteger os cidadãos tanto da chuva quanto do sol. Esta proposta se torna ainda mais...",Indicação nº 080/2024
079,2024,26/03/2024,Encaminhado,Anderson Marcos Viana (Autor),"Indico ao Excelentíssimo Senhor Prefeito Municipal, que estude junto ao setor competente da administração, as possibilidades de implementar melhorias no trecho entre a Rua Corumbá e a Rua Belo Horizonte. É crucial agir diante da situação que perdura há anos, pois a condição atual se torna cada vez mais perigosa para os motociclistas. A...",Indicação nº 079/2024
078,2024,25/03/2024,Encaminhado,Paulo Sérgio Cordeiro (Autor),"Indico ao Excelentíssimo Senhor Prefeito Municipal, que estude junto ao setor competente da administração, as possibilidades de realizar a manutenção da calçada situada no cruzamento da Rua Belo Horizonte com a Rua da Paz. Atualmente, a área encontra-se tomada por vegetação e entulhos, dificultando o trânsito adequado de pedestres. A...",Indicação nº 078/2024
077,2024,21/03/2024,Encaminhado,Rui Domingos da Silva (Autor),"Indico ao Excelentíssimo Senhor Prefeito Municipal, reforçando as indicações n° 190/2021 e 151/2023, ambas de autoria do Vereador Rui Domingos da Silva, que estude junto ao setor competente da administração, as possibilidades de implantar a concessão de diárias (valor fixo) aos servidores públicos municipais motoristas de ambulância e...",Indicação nº 077/2024
076,2024,20/03/2024,Encaminhado,Reinaldo Codognato (Autor),"Indico ao Excelentíssimo Senhor Prefeito Municipal, que estude junto ao setor competente da administração, as possibilidades de instalação de bancos e mesas no entorno da pista de caminhada do Bairro Pioneiros, especificamente na Rua José Reis e Hermínio Grespan. Isso proporcionaria aos moradores um local agradável para descansar,...",Indicação nº 076/2024
075,2024,20/03/2024,Encaminhado,Teresinha de Lourdes Freitas Regodanso (Autor),"Indico ao Excelentíssimo Senhor Prefeito Municipal, reforçando a indicação n° 205/2023, que estude junto ao setor competente da administração, as possibilidades de construir, alugar ou adquirir um prédio para instalação da Creche Municipal do Idoso, visando atender principalmente às famílias de nosso município que não têm onde deixar o...",Indicação nº 075/2024
074,2024,20/03/2024,Encaminhado,Teresinha de Lourdes Freitas Regodanso (Autor),"Indico ao Excelentíssimo Senhor Prefeito Municipal, que estude junto ao setor competente da administração, as possibilidades de aumentar a iluminação do complexo esportivo parque ecológico Taffarel Rodrigues Vieira no Bairro Jardim Paulista. Observando o espaço, nota-se uma área que necessita de atenção especial: o setor que se encontra...",Indicação nº 074/2024
073,2024,20/03/2024,Encaminhado,Valdir Aparecido de Oliveira (Autor),"Indico ao Excelentíssimo Senhor Prefeito Municipal, reforçando a indicação n° 203/2023, de autoria do Vereador Valdir Aparecido de Oliveira, que estude junto ao setor competente da administração, as possibilidades de alterar a Lei Municipal nº 3.493, de 16 de fevereiro de 2022, que dispõe sobre a autorização para celebrar convênio com o...",Indicação nº 073/2024
072,2024,20/03/2024,Encaminhado,Valdir Aparecido de Oliveira (Autor),"Indico ao Excelentíssimo Senhor Prefeito Municipal, que estude junto ao setor competente da administração, as possibilidades de implementar melhorias nos Centros Educacionais Infantis (CEIs) que recentemente receberam novas salas de aula. Considerando a importância do conforto e da segurança das crianças em ambiente escolar, proponho que...",Indicação nº 072/2024
071,2024,19/03/2024,Encaminhado,"Elio Furini Neto (Autor), Anderson Marcos Viana (Autor), Marisa Alves da Silva Costa (Autor), Paulo Sérgio Cordeiro (Autor), Teresinha de Lourdes Freitas Regodanso (Autor)","Indicamos ao Excelentíssimo Senhor Prefeito Municipal, reforçando a indicação n° 022/2021, de autoria do Vereador Elio Furini Neto, que estude junto ao setor competente da administração, as possibilidades de revitalização do campo de futebol localizado no Bairro Cristo Redentor, incluindo a substituição do gramado. Essa medida se mostra...",Indicação nº 071/2024
070,2024,19/03/2024,Encaminhado,"Elio Furini Neto (Autor), Anderson Marcos Viana (Autor), Marisa Alves da Silva Costa (Autor), Paulo Sérgio Cordeiro (Autor), Teresinha de Lourdes Freitas Regodanso (Autor)","Indicamos ao Excelentíssimo Senhor Prefeito Municipal, reforçando a indicação n° 024/2021, de autoria do Vereador Elio Furini Neto, que estude junto ao setor competente da administração, as possibilidades de ampliação do Centro Educacional Infantil do Cristo Redentor. Essa proposição se fundamenta na crescente demanda de crianças...",Indicação nº 070/2024
069,2024,19/03/2024,Encaminhado,Anderson Marcos Viana (Autor),"Indico ao Excelentíssimo Senhor Prefeito Municipal, que estude junto ao setor competente da administração, as possibilidades de implementação de um pátio destinado ao estacionamento de caminhões e carretas, proporcionando infraestrutura e segurança adequadas. Tenho recebido manifestações tanto de proprietários de caminhões quanto de...",Indicação nº 069/2024
068,2024,19/03/2024,Encaminhado,"Anderson Marcos Viana (Autor), Elio Furini Neto (Autor), Marisa Alves da Silva Costa (Autor), Paulo Sérgio Cordeiro (Autor), Teresinha de Lourdes Freitas Regodanso (Autor)","Indicamos ao Excelentíssimo Senhor Prefeito Municipal, reforçando a indicação n° 226/2023, que estude junto ao setor competente da administração, as possibilidades de flexibilização no horário de trabalho de determinadas classes de trabalhadores no município, a fim de protegê-los do longo período de exposição ao sol. Esta medida se...",Indicação nº 068/2024
067,2024,19/03/2024,Encaminhado,Anderson Marcos Viana (Autor),"Indico ao Excelentíssimo Senhor Prefeito Municipal, que estude junto ao setor competente da administração, as possibilidades de melhorias para o ponto de ônibus localizado na interseção da Rua José Bonifácio com a Rua das Américas. Considerando o atual estado de deterioração do ponto de ônibus, é crucial que sejam tomadas medidas para...",Indicação nº 067/2024
066,2024,14/03/2024,Encaminhado,"Anderson Marcos Viana (Autor), Elio Furini Neto (Autor), Marisa Alves da Silva Costa (Autor), Paulo Sérgio Cordeiro (Autor), Reinaldo Codognato (Autor), Rui Domingos da Silva (Autor), Sofia Rodrigues dos Santos (Autor), Teresinha de Lourdes Freitas Regodanso (Autor), Valdir Aparecido de Oliveira (Autor)","Indicamos ao Excelentíssimo Senhor Prefeito Municipal, que estude junto ao setor competente da administração, as possibilidades de implementar duas lombadas ou depressões na Rua São Salvador, próximas à interseção com a Rua Lucélia. A necessidade de tal reivindicação é justificada pela alta velocidade dos veículos, a qual é incompatível...",Indicação nº 066/2024
065,2024,14/03/2024,Encaminhado,"Rui Domingos da Silva (Autor), Valdir Aparecido de Oliveira (Autor)","Indicamos ao Excelentíssimo Senhor Prefeito Municipal, reforçando as indicações n° 189/2023 e 166/2021, de autoria dos Vereadores Rui Domingos da Silva e Valdir Aparecido de Oliveira, que estude junto ao setor competente da administração, as possibilidades não apenas de realizar serviços de proteção em todas as cabeceiras de pontes...",Indicação nº 065/2024
064,2024,14/03/2024,Encaminhado,Valdir Aparecido de Oliveira (Autor),"Indico ao Excelentíssimo Senhor Prefeito Municipal, reforçando as indicações n° 049/2022 e 159/2021, de autoria do Vereador Valdir Aparecido de Oliveira, que estude junto ao setor competente da administração, as possibilidades de rever o percentual que é pago como insalubridade aos servidores municipais da área da saúde da municipalidade...",Indicação nº 064/2024
063,2024,14/03/2024,Encaminhado,Valdir Aparecido de Oliveira (Autor),"Indico ao Excelentíssimo Senhor Prefeito Municipal, que estude junto ao setor competente da administração, as possibilidades de construir uma canaleta para o escoamento da água pluvial no cruzamento da Rua Argentina com a Rua Iracema Sobreira. Esta iniciativa se justifica pela necessidade de prevenir possíveis problemas causados pela...",Indicação nº 063/2024
062,2024,13/03/2024,Encaminhado,Teresinha de Lourdes Freitas Regodanso (Autor),"Indico ao Excelentíssimo Senhor Prefeito Municipal, reforçando a indicação n° 056/2023, que estude junto ao setor competente da administração, as possibilidades de realizar a manutenção dos pisos intervalados de concreto que revestem a Praça Álvaro de Oliveira Junqueira. Tal indicação se justifica em razão do revestimento do referido...",Indicação nº 062/2024
061,2024,13/03/2024,Encaminhado,Teresinha de Lourdes Freitas Regodanso (Autor),"Indico ao Excelentíssimo Senhor Prefeito Municipal, reforçando a indicação n° 047/2023, que estude junto ao setor competente da administração, as possibilidades de instalar ninhos artificiais (caixotes) nas palmeiras imperiais e demais árvores que são constantemente visitadas por araras. Tal indicação se justifica em razão da necessidade...",Indicação nº 061/2024
060,2024,12/03/2024,Encaminhado,"Anderson Marcos Viana (Autor), Elio Furini Neto (Autor), Marisa Alves da Silva Costa (Autor), Paulo Sérgio Cordeiro (Autor), Teresinha de Lourdes Freitas Regodanso (Autor)","Indicamos ao Excelentíssimo Senhor Prefeito Municipal, reforçando a indicação n° 149/2023, que estude junto ao setor competente da administração, as possibilidades de construir faixas elevadas nos encontros da Avenida Paulista com a Rua Porto Alegre, defronte ao Ponto Socorro e na Rua Washington Luis com a Avenida Bandeirantes, ao lado...",Indicação nº 060/2024
059,2024,12/03/2024,Encaminhado,"Elio Furini Neto (Autor), Anderson Marcos Viana (Autor)","Indicamos ao Excelentíssimo Senhor Prefeito Municipal, reforçando as indicações n° 144/2022 e 197/2023, que estude junto ao setor competente da administração, as possibilidades de promover a manutenção e a compactação dos campos situados nos Bairros Residencial das Américas, Jardim Paulista, Jardim Alvorada e Carmesim 1. A compactação...",Indicação nº 059/2024
058,2024,12/03/2024,Encaminhado,Anderson Marcos Viana (Autor),"Indico ao Excelentíssimo Senhor Prefeito Municipal, que estude junto ao setor competente da administração, as possibilidades de realizar o recapeamento na interseção da Rua José Bonifácio com a Rua Marconi e no final da Rua José Bonifácio, situado no Bairro Jardim Esperança. A medida de recapeamento nessas áreas específicas se justifica...",Indicação nº 058/2024
057,2024,12/03/2024,Encaminhado,Anderson Marcos Viana (Autor),"Indico ao Excelentíssimo Senhor Prefeito Municipal, que estude junto ao setor competente da administração, as possibilidades de realizar manutenção nos ventiladores da Escola Estadual Prof º Idene Rodrigues dos Santos, além de buscar uma solução para a doação de aparelhos de ar-condicionado para a escola. Essa medida se justifica pela...",Indicação nº 057/2024
056,2024,07/03/2024,Encaminhado,"Reinaldo Codognato (Autor), Teresinha de Lourdes Freitas Regodanso (Autor)","Indicamos ao Excelentíssimo Senhor Prefeito Municipal, que estude junto ao setor competente da administração, as possibilidades de implementar medidas para melhorar a sinalização no local, como marcações no solo, ou até mesmo a avaliação da instalação de uma lombada em frente à nova Farmácia Municipal. Essa medida se faz necessária...",Indicação nº 056/2024
055,2024,05/03/2024,Encaminhado,"Elio Furini Neto (Autor), Anderson Marcos Viana (Autor), Marisa Alves da Silva Costa (Autor), Paulo Sérgio Cordeiro (Autor), Teresinha de Lourdes Freitas Regodanso (Autor)","Indicamos ao Excelentíssimo Senhor Prefeito Municipal, que estude junto ao setor competente da administração, as possibilidades de direcionar atenção para a praça do Bairro Jardim Alvorada, um local muito frequentado pela população. O crescimento excessivo de vegetação está encobrindo os bancos, tornando o espaço menos acessível e...",Indicação nº 055/2024
054,2024,05/03/2024,Encaminhado,"Elio Furini Neto (Autor), Anderson Marcos Viana (Autor), Marisa Alves da Silva Costa (Autor), Paulo Sérgio Cordeiro (Autor), Teresinha de Lourdes Freitas Regodanso (Autor)","Indicamos ao Excelentíssimo Senhor Prefeito Municipal, que estude junto ao setor competente da administração, as possibilidades de realizar a roçagem e limpeza do Velório Municipal e suas áreas adjacentes. Além disso, seria interessante aplicar um tratamento adequado para garantir que o crescimento da vegetação seja controlado de forma...",Indicação nº 054/2024
053,2024,05/03/2024,Encaminhado,Anderson Marcos Viana (Autor),"Indico ao Excelentíssimo Senhor Prefeito Municipal, reforçando a indicação n° 139/2023, de autoria do Vereador Anderson Marcos Viana, que estude junto ao setor competente da administração, as possibilidades de prosseguir com a revitalização da Praça Álvaro de Oliveira Junqueira. Tal indicação se justifica em razão do projeto inicial de...",Indicação nº 053/2024
052,2024,05/03/2024,Encaminhado,Anderson Marcos Viana (Autor),"Indico ao Excelentíssimo Senhor Prefeito Municipal, que estude junto ao setor competente da administração, as possibilidades de manutenção do meio-fio da calçada na Rua Victor Junqueira, entre a Avenida Paulista e a Rua General Osório. É importante considerar que a manutenção do meio-fio da calçada na área mencionada é fundamental devido...",Indicação nº 052/2024
051,2024,05/03/2024,Encaminhado,Anderson Marcos Viana (Autor),"Indico ao Excelentíssimo Senhor Prefeito Municipal, que estude junto ao setor competente da administração, as possibilidades de instalar iluminação de LED na Rua do Viveiro e na Avenida Rio Branco, especialmente nos locais onde ocorre a Feira Municipal às sextas-feiras. Essa medida se justifica por diversos motivos. Primeiramente, a...",Indicação nº 051/2024
050,2024,29/02/2024,Encaminhado,"Valdir Aparecido de Oliveira (Autor), Anderson Marcos Viana (Autor)","Indicamos ao Excelentíssimo Senhor Prefeito Municipal, reforçando a indicação n° 076/2023, de autoria do Vereador Valdir Aparecido de Oliveira, que estude junto ao setor competente da administração, as possibilidades de realizar a manutenção da ponte do córrego palmeiras, localizada na estrada JQL 446 que conecta o bairro 2ª Seção nos...",Indicação nº 050/2024
049,2024,28/02/2024,Encaminhado,Valdir Aparecido de Oliveira (Autor),"Indico ao Excelentíssimo Senhor Prefeito Municipal, que estude junto ao setor competente da administração, as possibilidades de implementar adequações nas iluminações das áreas verdes do Município. Esta medida é justificada pela importância de garantir ambientes públicos seguros e acolhedores para os cidadãos. Melhorar a iluminação nas...",Indicação nº 049/2024
048,2024,28/02/2024,Encaminhado,"Valdir Aparecido de Oliveira (Autor), Anderson Marcos Viana (Autor)","Indicamos ao Excelentíssimo Senhor Prefeito Municipal, que estude junto ao setor competente da administração, as possibilidades de disponibilizar transporte apenas para a ida, para crianças e mães com bebês de colo que tenham seus filhos matriculados em Centros Educacionais Infantis (CEIs) localizados a mais de 1 quilômetro de distância...",Indicação nº 048/2024
047,2024,28/02/2024,Encaminhado,Rui Domingos da Silva (Autor),"Indico ao Excelentíssimo Senhor Prefeito Municipal, reforçando a indicação n° 059/2023, de autoria do Vereador Rui Domingos da Silva, que estude junto ao setor competente da administração, as possibilidades de realizar uma pequena reforma na casa de apoio aos munícipes que fazem tratamento na cidade de Jaú. Tal reforma incluiria alguns...",Indicação nº 047/2024
046,2024,26/02/2024,Encaminhado,Elio Furini Neto (Autor),"Indico ao Excelentíssimo Senhor Prefeito Municipal, que estude junto ao setor competente da administração, as possibilidades de implementar medidas eficazes em relação aos bueiros com mau cheiro que têm afetado a qualidade de vida dos moradores do Bairro Jardim Vale do Sol. Uma intervenção nesse sentido não apenas melhoraria as condições...",Indicação nº 046/2024
045,2024,26/02/2024,Encaminhado,"Paulo Sérgio Cordeiro (Autor), Anderson Marcos Viana (Autor), Elio Furini Neto (Autor), Marisa Alves da Silva Costa (Autor), Teresinha de Lourdes Freitas Regodanso (Autor)","Indicamos ao Excelentíssimo Senhor Prefeito Municipal, que estude junto ao setor competente da administração, as possibilidades de fornecer acesso à internet Wi-Fi no Velório Municipal. Tal iniciativa poderia proporcionar conforto e praticidade aos familiares e amigos presentes durante esses momentos delicados, permitindo-lhes estar...",Indicação nº 045/2024
044,2024,26/02/2024,Encaminhado,Reinaldo Codognato (Autor),"Indico ao Excelentíssimo Senhor Prefeito Municipal, que estude junto ao setor competente da administração, as possibilidades de instalação de iluminação Led no playground existente no bairro Jardim Conde. A instalação de iluminação LED no playground aumentará a segurança dos frequentadores, permitindo que o espaço seja utilizado durante...",Indicação nº 044/2024
043,2024,26/02/2024,Encaminhado,Reinaldo Codognato (Autor),"Indico ao Excelentíssimo Senhor Prefeito Municipal, que estude junto ao setor competente da administração, as possibilidades de realizar uma manutenção periódica nos campos de futebol e áreas adjacentes dos bairros Vila São João e Duas Barras. Esta medida se mostra crucial devido aos jogos frequentes realizados pelos times locais, que...",Indicação nº 043/2024
042,2024,26/02/2024,Encaminhado,Anderson Marcos Viana (Autor),"Indico ao Excelentíssimo Senhor Prefeito Municipal, que estude junto ao setor competente da administração, as possibilidades de realizar a manutenção na área de lazer do Bairro Jardim Conde. Tal medida se mostra essencial diante da situação atual, marcada pelo excesso de mato e pelo crescente aparecimento de animais peçonhentos na...",Indicação nº 042/2024
041,2024,26/02/2024,Encaminhado,Anderson Marcos Viana (Autor),"Indico ao Excelentíssimo Senhor Prefeito Municipal, que estude junto ao setor competente da administração, as possibilidades de entrar em contato com a Secretaria de Estado da Saúde de São Paulo para adquirir mais testes de COVID-19. A importância de tal reinvindicação se dá especialmente diante do aumento dos casos em nossa cidade. É...",Indicação nº 041/2024
040,2024,26/02/2024,Encaminhado,Anderson Marcos Viana (Autor),"Indico ao Excelentíssimo Senhor Prefeito Municipal, que estude junto ao setor competente da administração, as possibilidades de realizar a dedetização dos Centros Educacionais Infantis (CEIs) e escolas municipais. Esta medida se mostra crucial para mitigar a presença de animais peçonhentos, especialmente escorpiões. Tal indicação se...",Indicação nº 040/2024
039,2024,21/02/2024,Encaminhado,"Elio Furini Neto (Autor), Anderson Marcos Viana (Autor), Marisa Alves da Silva Costa (Autor), Paulo Sérgio Cordeiro (Autor), Teresinha de Lourdes Freitas Regodanso (Autor)","Indicamos ao Excelentíssimo Senhor Prefeito Municipal, que estude junto ao setor competente da administração, as possibilidades de realizar a poda do ipê localizado na Avenida João Furini, especialmente na curva entre o Residencial Athenas e o Conjunto Residencial Bonança. É importante considerar que a queda de folhas, galhos e flores do...",Indicação nº 039/2024
038,2024,21/02/2024,Encaminhado,Reinaldo Codognato (Autor),"Indico ao Excelentíssimo Senhor Prefeito Municipal, que estude junto ao setor competente da administração, as possibilidades de implementar sinalização de solo e redutor de velocidade na Avenida Latina, especialmente no trecho entre a Rua General Osório e a Avenida Rio Branco. Essa medida é essencial considerando o intenso fluxo de...",Indicação nº 038/2024
037,2024,21/02/2024,Encaminhado,Reinaldo Codognato (Autor),"Indico ao Excelentíssimo Senhor Prefeito Municipal, que estude junto ao setor competente da administração, as possibilidades de introduzir no Clube Comunitário do Bairro Duas Barras uma academia ao ar livre, iluminação adequada, uma quadra de areia e a instalação de uma lixeira comunitária. Essa medida é crucial considerando que o Bairro...",Indicação nº 037/2024
036,2024,20/02/2024,Encaminhado,Anderson Marcos Viana (Autor),"Indico ao Excelentíssimo Senhor Prefeito Municipal, reforçando a indicação n° 218/2023, que estude junto ao setor competente da administração, as possibilidades de retomar a divulgação dos boletins informativos sobre a evolução do número de casos de COVID-19, uma vez que há relatos que indicam um aumento na situação. A disponibilização...",Indicação nº 036/2024
035,2024,20/02/2024,Encaminhado,Anderson Marcos Viana (Autor),"Indico ao Excelentíssimo Senhor Prefeito Municipal, que estude junto ao setor competente da administração, as possibilidades de utilizar o Fumacê por meio de uma caminhonete adaptada para percorrer os bairros. Além disso, seria interessante considerar o uso de máquinas portáteis para tratar os bueiros e quintais, dada a crescente...",Indicação nº 035/2024
034,2024,20/02/2024,Encaminhado,Anderson Marcos Viana (Autor),"Indico ao Excelentíssimo Senhor Prefeito Municipal, que estude junto ao setor competente da administração, as possibilidades de criar de um espaço público dedicado exclusivamente aos nossos amigos de quatro patas, um local especial que carinhosamente chamamos de ""Cachorródromo"". Com a crescente popularidade de espaços semelhantes em...",Indicação nº 034/2024
033,2024,19/02/2024,Encaminhado,Elio Furini Neto (Autor),"Indico ao Excelentíssimo Senhor Prefeito Municipal, que estude junto ao setor competente da administração, as possibilidades de melhorar a iluminação, colocar guarda-corpos próximos à arquibancada e instalar corrimãos nas arquibancadas do campo situado no Bairro Vila Beatriz. Esta medida é fundamental para garantir a segurança e o...",Indicação nº 033/2024
032,2024,15/02/2024,Encaminhado,Valdir Aparecido de Oliveira (Autor),"Indico ao Excelentíssimo Senhor Prefeito Municipal, que estude junto ao setor competente da administração, as possibilidades de renovar e aprimorar as instalações do velório municipal, tanto interna quanto externamente. A razão para essa sugestão é a necessidade de realizar manutenções vitais no local, a fim de garantir um ambiente...",Indicação nº 032/2024
031,2024,15/02/2024,Encaminhado,"Elio Furini Neto (Autor), Anderson Marcos Viana (Autor), Paulo Sérgio Cordeiro (Autor)","Indicamos ao Excelentíssimo Senhor Prefeito Municipal, que estude junto ao setor competente da administração, as possibilidades de implementar medidas que visem reforçar a segurança no Bairro Figueira, especialmente a Avenida da Acerola, principalmente no que diz respeito ao controle de velocidade dos veículos. A medida de controle de...",Indicação nº 031/2024
030,2024,15/02/2024,Encaminhado,Valdir Aparecido de Oliveira (Autor),"Indico ao Excelentíssimo Senhor Prefeito Municipal, em complemento à indicação n° 006/2024, de autoria do Vereador Valdir Aparecido de Oliveira, que estude junto ao setor competente da administração, as possibilidades de instalar um playground no Estádio Raphael Capelli, além da construção de um depósito e a reforma dos vestiários do...",Indicação nº 030/2024
029,2024,15/02/2024,Encaminhado,Paulo Sérgio Cordeiro (Autor),"Indico ao Excelentíssimo Senhor Prefeito Municipal, que estude junto ao setor competente da administração, as possibilidades de realizar a poda das árvores na área verde do Bairro do Cristo Redentor, bem como de efetuar a manutenção do local. Esta medida é justificada pelo benefício que trará à comunidade do Bairro do Cristo Redentor. A...",Indicação nº 029/2024
028,2024,15/02/2024,Encaminhado,"Anderson Marcos Viana (Autor), Elio Furini Neto (Autor)","Indicamos ao Excelentíssimo Senhor Prefeito Municipal, reforçando a indicação n° 005/2023, de autoria do Vereador Anderson Marcos Viana, que estude junto ao setor competente da administração, as possibilidades de revitalização dos bancos localizados na Rua Piauí, no Bairro Colina Verde, os quais encontram-se em estado de degradação, além...",Indicação nº 028/2024
027,2024,15/02/2024,Encaminhado,"Anderson Marcos Viana (Autor), Elio Furini Neto (Autor), Marisa Alves da Silva Costa (Autor), Paulo Sérgio Cordeiro (Autor), Teresinha de Lourdes Freitas Regodanso (Autor)","Indicamos ao Excelentíssimo Senhor Prefeito Municipal, reforçando a indicação n° 106/2023, que estude junto ao setor competente da administração, as possibilidades de construir um poço artesiano com reservatório estilo taça no Bairro Villa São João nos moldes de como foi construído no Bairro Duas Barras. A falta de água é uma preocupação...",Indicação nº 027/2024
026,2024,15/02/2024,Encaminhado,"Anderson Marcos Viana (Autor), Elio Furini Neto (Autor), Marisa Alves da Silva Costa (Autor), Paulo Sérgio Cordeiro (Autor), Teresinha de Lourdes Freitas Regodanso (Autor)","Indicamos ao Excelentíssimo Senhor Prefeito Municipal, que estude junto ao setor competente da administração, as possibilidades de implementar um serviço de ônibus circular para atender os bairros da cidade, com especial atenção para facilitar o deslocamento dos idosos até o centro. Em primeiro lugar, muitos idosos dependem do centro da...",Indicação nº 026/2024
025,2024,14/02/2024,Encaminhado,Reinaldo Codognato (Autor),"Indico ao Excelentíssimo Senhor Prefeito Municipal, que estude junto ao setor competente da administração, as possibilidades de construir uma área de lazer no bairro Figueira, aproveitando a beleza da área verde já existente. A criação de uma área de lazer no bairro Figueira, com a inclusão de um playground e uma academia ao ar livre,...",Indicação nº 025/2024
024,2024,14/02/2024,Encaminhado,Reinaldo Codognato (Autor),"Indico ao Excelentíssimo Senhor Prefeito Municipal, que estude junto ao setor competente da administração, as possibilidades de instalar redutores de velocidade na Via de Acesso que conecta os Bairros Pioneiros aos Bairros Delta Ville 1, 2 e Seringal, além de contemplar a implementação de redutores também na Avenida João Furini, no...",Indicação nº 024/2024
023,2024,14/02/2024,Encaminhado,Reinaldo Codognato (Autor),"Indico ao Excelentíssimo Senhor Prefeito Municipal, que estude junto ao setor competente da administração, as possibilidades de estabelecer um conselho municipal de esportes, que inclua representantes de todas as modalidades esportivas presentes em nossa comunidade. Essa medida se justifica pela necessidade de garantir que todas as obras...",Indicação nº 023/2024
022,2024,08/02/2024,Encaminhado,"Paulo Sérgio Cordeiro (Autor), Anderson Marcos Viana (Autor), Elio Furini Neto (Autor)","Indico ao Excelentíssimo Senhor Prefeito Municipal, que estude junto ao setor competente da administração, as possibilidades de efetuar a limpeza da calçada tomada pelo matagal na Alameda Vista do Sol, no Residencial Vale do Sol, além de considerar a construção de uma passagem para facilitar o trânsito de pedestres. Adicionalmente, a...",Indicação nº 022/2024
021,2024,08/02/2024,Encaminhado,Rui Domingos da Silva (Autor),"Indico ao Excelentíssimo Senhor Prefeito Municipal, reforçando a indicação n° 167/2023, de autoria do Vereador Rui Domingos da Silva, que estude junto ao setor competente da administração, as possibilidades de realizar uma revisão geral em todos os parques, praças e playgrounds do município. Tal indicação se justifica em razão dos...",Indicação nº 021/2024
020,2024,07/02/2024,Encaminhado,Valdir Aparecido de Oliveira (Autor),"Indico ao Excelentíssimo Senhor Prefeito Municipal, que estude junto ao setor competente da administração, as possibilidades de realizar a poda dos eucaliptos na área verde do Bairro Jardim Pioneiros. Eucaliptos podem crescer rapidamente e atingir grandes alturas, o que aumenta o risco de queda de galhos ou árvores inteiras,...",Indicação nº 020/2024
019,2024,07/02/2024,Encaminhado,"Elio Furini Neto (Autor), Teresinha de Lourdes Freitas Regodanso (Autor)","Indico ao Excelentíssimo Senhor Prefeito Municipal, que estude junto ao setor competente da administração, as possibilidades de implantar uma rotatória na Avenida João Furini, localizada no Bairro Residencial Figueira. Essa sugestão se fundamenta no intenso fluxo de veículos nessa região, devido à Avenida João Furini servir como acesso...",Indicação nº 019/2024
018,2024,07/02/2024,Encaminhado,Elio Furini Neto (Autor),"Indico ao Excelentíssimo Senhor Prefeito Municipal, que estude junto ao setor competente da administração, as possibilidades de implantação de iluminação adequada na quadra do Bairro Jardim dos Pássaros. A iluminação adequada contribui significativamente para aumentar a segurança dos moradores que utilizam a quadra, principalmente...",Indicação nº 018/2024
017,2024,07/02/2024,Encaminhado,Anderson Marcos Viana (Autor),"Indico ao Excelentíssimo Senhor Prefeito Municipal, que estude junto ao setor competente da administração, as possibilidades de implementar medidas de controle de velocidade em diversas áreas do nosso município. Tais medidas visam promover a segurança e o bem-estar de todos os moradores e usuários das vias públicas. Sugiro a instalação...",Indicação nº 017/2024
016,2024,07/02/2024,Encaminhado,Anderson Marcos Viana (Autor),"Indico ao Excelentíssimo Senhor Prefeito Municipal, que estude junto ao setor competente da administração, as possibilidades de iniciar as obras para o fechamento da grande erosão conhecida como ""o buracão"" no Jardim Paulista. Tal medida é justificada pela disponibilidade de recursos provenientes da aprovação da celebração de operações...",Indicação nº 016/2024
015,2024,07/02/2024,Encaminhado,Anderson Marcos Viana (Autor),"Indico ao Excelentíssimo Senhor Prefeito Municipal, que estude junto ao setor competente da administração, as possibilidades de realizar a revitalização da praça no Bairro Jardim Alvorada. Isso poderia incluir o plantio de árvores para proporcionar sombra e beleza natural, a manutenção da quadra esportiva, o cercamento da quadra com tela...",Indicação nº 015/2024
014,2024,06/02/2024,Encaminhado,Reinaldo Codognato (Autor),"Indico ao Excelentíssimo Senhor Prefeito Municipal, reforçando indicações e pedidos feitos pelo Vereador Reinaldo Codognato desde o ano de 2021, que estude junto ao setor competente da administração, as possibilidades de realizar uma reforma e ampliação da pista de skate. Além disso, seria ótimo criar um programa de incentivo à prática...",Indicação nº 014/2024
013,2024,06/02/2024,Encaminhado,"Reinaldo Codognato (Autor), Sofia Rodrigues dos Santos (Autor), Valdir Aparecido de Oliveira (Autor), Rui Domingos da Silva (Autor)","Indico ao Excelentíssimo Senhor Prefeito Municipal, que estude junto ao setor competente da administração, as possibilidades de elaborar um plano abrangente de recapeamento municipal. Este plano poderia abranger diversos bairros da nossa cidade, com atenção especial para áreas como Alto do Cene, incluindo as ruas Maconi, avenida Campo...",Indicação nº 013/2024
012,2024,06/02/2024,Encaminhado,Reinaldo Codognato (Autor),"Indico ao Excelentíssimo Senhor Prefeito Municipal, que estude junto ao setor competente da administração, as possibilidades de aprimorar o campo de futebol já existente no bairro do Carmesim 1. Isso pode incluir a compactação do terreno, a instalação de duas traves com rede, a colocação de postes e alambrado, bem como a adição de...",Indicação nº 012/2024
011,2024,01/02/2024,Encaminhado,Anderson Marcos Viana (Autor),"Indico ao Excelentíssimo Senhor Prefeito Municipal, que estude junto ao setor competente da administração, as possibilidades de otimizar o encaminhamento dos projetos de lei relacionados ao repasse do piso salarial para enfermeiros, técnicos de enfermagem, auxiliares de enfermagem e parteiras. Isso se torna crucial, considerando que o...",Indicação nº 011/2024
010,2024,31/01/2024,Encaminhado,Anderson Marcos Viana (Autor),"Indico ao Excelentíssimo Senhor Prefeito Municipal, que estude junto ao setor competente da administração, as possibilidades de disponibilizar transporte escolar para os alunos que residem a uma distância inferior aos 1500 metros estabelecidos. Caso não seja possível implementar essa medida, sugere-se, pelo menos, oferecer transporte aos...",Indicação nº 010/2024
009,2024,31/01/2024,Encaminhado,"Elio Furini Neto (Autor), Anderson Marcos Viana (Autor), Marisa Alves da Silva Costa (Autor), Paulo Sérgio Cordeiro (Autor), Teresinha de Lourdes Freitas Regodanso (Autor)","Indicamos ao Excelentíssimo Senhor Prefeito Municipal, que estude junto ao setor competente da administração, as possibilidades de equipar todas as máquinas da prefeitura com gabinete, proporcionando maior conforto e eficiência no desempenho de suas funções, semelhante à adaptação de cabines em caminhões. A instalação de gabinetes...",Indicação nº 009/2024
008,2024,30/01/2024,Encaminhado,Valdir Aparecido de Oliveira (Autor),"Indico ao Excelentíssimo Senhor Prefeito Municipal, que estude junto ao setor competente da administração, as possibilidades de substituir a bandeira brasileira atualmente posicionada no trevo principal do município mantendo o mesmo símbolo nacional. Além de reconhecer a necessidade da substituição devido ao desgaste atual, nossa...",Indicação nº 008/2024
007,2024,30/01/2024,Encaminhado,Valdir Aparecido de Oliveira (Autor),"Indico ao Excelentíssimo Senhor Prefeito Municipal, reforçando a indicação n° 201/2023, de autoria do Vereador Valdir Aparecido de Oliveira, que estude junto ao setor competente da administração, as possibilidades de criar uma pasta dedicada à Segurança e Saúde dos Servidores (SESMT) em nossa administração. A finalidade principal dessa...",Indicação nº 007/2024
006,2024,30/01/2024,Encaminhado,Valdir Aparecido de Oliveira (Autor),"Indico ao Excelentíssimo Senhor Prefeito Municipal, que estude junto ao setor competente da administração, as possibilidades de realocar a academia ao ar livre atualmente localizada no Estádio Raphael Capelli, de modo a integrá-la dentro do estádio, preferencialmente próxima ao campo. Essa proposta visa proporcionar um ambiente mais...",Indicação nº 006/2024
005,2024,30/01/2024,Encaminhado,"Teresinha de Lourdes Freitas Regodanso (Autor), Anderson Marcos Viana (Autor), Elio Furini Neto (Autor), Marisa Alves da Silva Costa (Autor), Paulo Sérgio Cordeiro (Autor)","Indico ao Excelentíssimo Senhor Prefeito Municipal, que estude junto ao setor competente da administração, as possibilidades de promover melhorias e expansão no Centro Comunitário do Bairro Cristo Redentor. Esta iniciativa se justifica pela importância do Centro Comunitário do Bairro Cristo Redentor como um ponto crucial de apoio à...",Indicação nº 005/2024
004,2024,30/01/2024,Encaminhado,Anderson Marcos Viana (Autor),"Indico ao Excelentíssimo Senhor Prefeito Municipal, que estude junto ao setor competente da administração, as possibilidades de disponibilizar kits contendo material escolar, além de bolsas e uniformes completos, abrangendo camisetas, blusas, bermudas e calças para os alunos da rede municipal de ensino. Ao proporcionar material escolar,...",Indicação nº 004/2024
003,2024,25/01/2024,Encaminhado,"Reinaldo Codognato (Autor), Rui Domingos da Silva (Autor), Sofia Rodrigues dos Santos (Autor)","Indico ao Excelentíssimo Senhor Prefeito Municipal, que estude junto ao setor competente da administração, as possibilidades de elaborar de um Plano de Recuperação e Desenvolvimento para os bairros rurais, com destaque para Duas Barras e Vila São João. Este plano visa não apenas a valorização da agricultura familiar, mas também assegura...",Indicação nº 003/2024
002,2024,25/01/2024,Encaminhado,"Reinaldo Codognato (Autor), Valdir Aparecido de Oliveira (Autor)","Indicamos ao Excelentíssimo Senhor Prefeito Municipal, que estude junto ao setor competente da administração, as possibilidades de introdução de quadras de basquete 3x3 em nosso município. Além disso, sugiro uma análise das opções de reforma, destacando a importância de considerar aspectos como a pintura do solo, a altura das tabelas e...",Indicação nº 002/2024
001,2024,25/01/2024,Encaminhado,Sofia Rodrigues dos Santos (Autor),"Indico ao Excelentíssimo Senhor Prefeito Municipal, que estude junto ao setor competente da administração, as possibilidades de homenagear os saudosos Jose Matheus Granado, Milton Tramonti Crenitte e Oscar Codognato atribuindo seus nomes a uma rua ou ponto de referência significativo em nosso município. Cada um desses cidadãos...",Indicação nº 001/2024
253,2023,14/12/2023,Encaminhado,"Teresinha de Lourdes Freitas Regodanso (Autor), Anderson Marcos Viana (Autor), Elio Furini Neto (Autor), Marisa Alves da Silva Costa (Autor), Paulo Sérgio Cordeiro (Autor)","Indico ao Excelentíssimo Senhor Prefeito Municipal, que estude junto ao setor competente da administração, as possibilidades de realizar a adequação dos sistemas de sinalização em escolas para alunos com Transtorno do Espectro Autista (TEA). Como sabemos, esses alunos frequentemente enfrentam desafios significativos devido à...",Indicação nº 253/2023
252,2023,14/12/2023,Encaminhado,Valdir Aparecido de Oliveira (Autor),"Indico ao Excelentíssimo Senhor Prefeito Municipal, que estude junto ao setor competente da administração, as possibilidades de realizar uma análise das árvores localizadas nas esquinas. Essa avaliação visa identificar e abordar as possíveis obstruções à visão dos motoristas, especialmente daqueles que conduzem veículos de grande e médio...",Indicação nº 252/2023
251,2023,13/12/2023,Encaminhado,"Anderson Marcos Viana (Autor), Elio Furini Neto (Autor), Marisa Alves da Silva Costa (Autor), Paulo Sérgio Cordeiro (Autor), Teresinha de Lourdes Freitas Regodanso (Autor)","Indico ao Excelentíssimo Senhor Prefeito Municipal, que estude junto ao setor competente da administração, as possibilidades de instalar medidas de segurança, como parapeito, guarda-corpo, tela ou outra forma de proteção, bem como a inclusão de um corrimão na arquibancada do Complexo Esportivo Joaquina Porto Ferreira. Acentua-se a...",Indicação nº 251/2023
250,2023,07/12/2023,Encaminhado,Reinaldo Codognato (Autor),"Indico ao Excelentíssimo Senhor Prefeito Municipal, que estude junto ao setor competente da administração, a viabilidade de buscar recursos a nível federal e/ou estadual para a criação de um novo Centro Educacional Infantil (CEI) em nosso município. A comunidade local tem apresentado uma demanda crescente por serviços educacionais...",Indicação nº 250/2023
249,2023,07/12/2023,Encaminhado,Reinaldo Codognato (Autor),"Indico ao Excelentíssimo Senhor Prefeito Municipal, que estude junto ao setor competente da administração, as possibilidades de sugerir uma análise mais detalhada sobre a flexibilidade de horários destinada aos alunos da rede municipal de ensino, especialmente àqueles que residem na zona rural. Este pedido fundamenta-se na longa jornada...",Indicação nº 249/2023
248,2023,06/12/2023,Encaminhado,Anderson Marcos Viana (Autor),"Indico ao Excelentíssimo Senhor Prefeito Municipal, que estude junto ao setor competente da administração, as possibilidades de implementação de um projeto de lei que visa conceder um incentivo financeiro adicional aos Agentes Comunitários de Saúde (ACS) e Agentes de Combate às Endemias (ACE) em nosso município, bem como tomar outras...",Indicação nº 248/2023
247,2023,06/12/2023,Encaminhado,Reinaldo Codognato (Autor),"Indico ao Excelentíssimo Senhor Prefeito Municipal, que estude junto ao setor competente da administração, as possibilidades de implementar uma canaleta na interseção da Rua das Palmeiras com a Alameda Paraíso. Essa proposta se justifica considerando a necessidade de direcionar as águas de maneira eficiente. A implementação da...",Indicação nº 247/2023
246,2023,05/12/2023,Encaminhado,"Elio Furini Neto (Autor), Anderson Marcos Viana (Autor), Marisa Alves da Silva Costa (Autor), Paulo Sérgio Cordeiro (Autor), Teresinha de Lourdes Freitas Regodanso (Autor)","Indico ao Excelentíssimo Senhor Prefeito Municipal, reforçando a indicação n° 160/2022, de autoria dos Vereadores Anderson Marcos Viana e Elio Furini Neto, que estude junto ao setor competente da administração, as possibilidades de instituir um serviço de atendimento veterinário público a cada 15 dias para a comunidade. Propõe-se a...",Indicação nº 246/2023
245,2023,05/12/2023,Encaminhado,Elio Furini Neto (Autor),"Indico ao Excelentíssimo Senhor Prefeito Municipal, reforçando a indicação n° 49/2021, de autoria do Vereador Elio Furini Neto, que estude junto ao setor competente da administração, as oportunidades para desenvolver e implementar um aplicativo voltado para a área da Saúde em Junqueirópolis. Esta indicação é crucial devido à imperativa...",Indicação nº 245/2023
244,2023,04/12/2023,Encaminhado,Anderson Marcos Viana (Autor),"Indico ao Excelentíssimo Senhor Prefeito Municipal, que estude junto ao setor competente da administração, as possibilidades de estabelecer um contato diligente com a Neoenergia Elektro. Nos últimos dias, temos enfrentado desafios relacionados à instabilidade na rede elétrica, uma questão que afeta diversos pontos de nossa cidade. Os...",Indicação nº 244/2023
243,2023,30/11/2023,Encaminhado,Reinaldo Codognato (Autor),"Indico ao Excelentíssimo Senhor Prefeito Municipal, que estude junto ao setor competente da administração, as possibilidades de efetuar a manutenção nos conhecidos ""bigodes"" das estradas rurais. Isso poderia ser especialmente benéfico em trechos considerados críticos durante os períodos de chuva. Além de ser uma abordagem comprovadamente...",Indicação nº 243/2023
242,2023,30/11/2023,Encaminhado,Anderson Marcos Viana (Autor),"Indico ao Excelentíssimo Senhor Prefeito Municipal, que estude junto ao setor competente da administração, as possibilidades de firmar uma parceria com a Associação Comercial para a contratação de um guarda noturno (vigilante) visando zelar pela segurança do comércio local. Esta proposta surge em resposta às legítimas reivindicações de...",Indicação nº 242/2023
241,2023,30/11/2023,Encaminhado,"Elio Furini Neto (Autor), Anderson Marcos Viana (Autor), Valdir Aparecido de Oliveira (Autor)","Indico ao Excelentíssimo Senhor Prefeito Municipal, reforçando a indicação n° 098/2022, que estude junto ao setor competente da administração, as possibilidades de instalar no Bairro Duas Barras, em local da municipalidade, uma academia ao ar livre com o nome da saudosa senhora Sandra Gonçalves Amaral, uma das pioneiras do bairro, além...",Indicação nº 241/2023
240,2023,30/11/2023,Encaminhado,"Elio Furini Neto (Autor), Anderson Marcos Viana (Autor)","Indico ao Excelentíssimo Senhor Prefeito Municipal, reforçando a indicação n° 113/2022, que estude junto ao setor competente da administração, as possibilidades de realizar a manutenção da quadra do Ginásio Cícero Gomes, como a manutenção do piso, da iluminação, a troca das redes laterais e a retirada das grades que ficam nas...",Indicação nº 240/2023
239,2023,30/11/2023,Encaminhado,"Elio Furini Neto (Autor), Anderson Marcos Viana (Autor), Paulo Sérgio Cordeiro (Autor), Teresinha de Lourdes Freitas Regodanso (Autor), Valdir Aparecido de Oliveira (Autor)","Indico ao Excelentíssimo Senhor Prefeito Municipal, reforçando a indicação n° 28/2022, que estude junto ao setor competente da administração, as possibilidades de instituir um Auxílio Municipal Oncológico para fornecimento de alimentos para pessoas que estão realizando tratamentos oncológicos. É evidente que um plano alimentar adequado e...",Indicação nº 239/2023
238,2023,29/11/2023,Encaminhado,Anderson Marcos Viana (Autor),"Indico ao Excelentíssimo Senhor Prefeito Municipal, que estude junto ao setor competente da administração, as possibilidades de promover festividades na Praça do Centenário durante o período de fim de ano, resgatando a tradição realizada em anos anteriores. Essa proposta se baseia na crescente demanda da população, que tem expressado...",Indicação nº 238/2023
237,2023,29/11/2023,Encaminhado,Anderson Marcos Viana (Autor),"Indico ao Excelentíssimo Senhor Prefeito Municipal, que estude junto ao setor competente da administração, as possibilidades de realizar a manutenção da estrada do bairro Juriti. Esta medida se justifica devido a vários pontos críticos nesta estrada. Primeiramente, a presença de pontos afunilados representa um risco significativo para a...",Indicação nº 237/2023
236,2023,29/11/2023,Encaminhado,Anderson Marcos Viana (Autor),"Indico ao Excelentíssimo Senhor Prefeito Municipal, que estude junto ao setor competente da administração, as possibilidades de adquirir um micro-ônibus por meio de recursos próprios, destinado ao setor da saúde. A sugestão de adquirir um micro-ônibus para o setor da saúde justifica-se considerando dois pontos fundamentais. Em primeiro...",Indicação nº 236/2023
235,2023,29/11/2023,Encaminhado,Anderson Marcos Viana (Autor),"Indico ao Excelentíssimo Senhor Prefeito Municipal, que estude junto ao setor competente da administração, as possibilidades de conceder uma bonificação aos dedicados servidores públicos como reconhecimento pelo serviço prestado ao longo do ano. Essa gratificação poderia ser disponibilizada em espécie, especialmente por meio de um...",Indicação nº 235/2023
234,2023,23/11/2023,Encaminhado,Rui Domingos da Silva (Autor),"Indico ao Excelentíssimo Senhor Prefeito Municipal, que estude junto ao setor competente da administração, as possibilidades de incluir um médico nos horários de maior demanda no Pronto Socorro Municipal. Tal medida se justifica diante da necessidade de oferecer um atendimento mais ágil e eficaz à comunidade, especialmente nos momentos...",Indicação nº 234/2023
233,2023,23/11/2023,Encaminhado,Valdir Aparecido de Oliveira (Autor),"Indico ao Excelentíssimo Senhor Prefeito Municipal, que estude junto ao setor competente da administração, as possibilidades de replanejar os locais destinados à espera dos pacientes que viajarão para tratamento médico nas cidades vizinhas. Tal sugestão é motivada pela consideração de proporcionar maior comodidade e acessibilidade a...",Indicação nº 233/2023
232,2023,22/11/2023,Encaminhado,Valdir Aparecido de Oliveira (Autor),"Indico ao Excelentíssimo Senhor Prefeito Municipal, que estude junto ao setor competente da administração, as possibilidades de instalação de uma farmácia para disponibilizar medicamentos a pacientes atendidos no pronto socorro municipal. Esta proposta se fundamenta na necessidade de aprimorar a qualidade do atendimento prestado no...",Indicação nº 232/2023
231,2023,22/11/2023,Encaminhado,Valdir Aparecido de Oliveira (Autor),"Indico ao Excelentíssimo Senhor Prefeito Municipal, que estude junto ao setor competente da administração, as possibilidades de realizar a poda dos eucaliptos na área verde do bairro Pioneiros. Essa medida se justifica devido à remoção de alguns eucaliptos em uma porção da área verde que apresentava riscos às residências circunvizinhas....",Indicação nº 231/2023
230,2023,16/11/2023,Encaminhado,Valdir Aparecido de Oliveira (Autor),"Indico ao Excelentíssimo Senhor Prefeito Municipal, que estude junto ao setor competente da administração, as possibilidades realizar a poda das árvores situadas nos canteiros centrais da Avenida 7 de Setembro. Esta medida se faz necessária, uma vez que tais árvores têm expandido seus galhos em direção à rua, ocasionando obstáculos à...",Indicação nº 230/2023
229,2023,16/11/2023,Encaminhado,Anderson Marcos Viana (Autor),"Indico ao Excelentíssimo Senhor Prefeito Municipal, que estude junto ao setor competente da administração, as possibilidades de implementar faixas de pedestres nos cruzamentos da rua Bandeirantes com a Sebastiana de Oliveira e da rua Curitiba com a Sebastiana de Oliveira. Esta proposta surge em virtude do considerável fluxo de veículos,...",Indicação nº 229/2023
228,2023,16/11/2023,Encaminhado,Anderson Marcos Viana (Autor),"Indico ao Excelentíssimo Senhor Prefeito Municipal, que estude junto ao setor competente da administração, as possibilidades de dar continuidade ao projeto de ampliação do Centro Educacional Infantil (CEI) do Cristo Redentor. O aumento significativo no número de crianças na localidade tem gerado uma demanda crescente por vagas. Vários...",Indicação nº 228/2023
227,2023,14/11/2023,Encaminhado,Anderson Marcos Viana (Autor),"Indico ao Excelentíssimo Senhor Prefeito Municipal, que estude junto ao setor competente da administração, as possibilidades de reduzir a distância mínima para acesso ao transporte escolar de 1500 metros para 1200 metros. Esta proposta visa considerar as condições climáticas, tais como o aumento das chuvas e temperaturas elevadas. Cabe...",Indicação nº 227/2023
226,2023,13/11/2023,Encaminhado,"Anderson Marcos Viana (Autor), Elio Furini Neto (Autor), Marisa Alves da Silva Costa (Autor), Paulo Sérgio Cordeiro (Autor), Teresinha de Lourdes Freitas Regodanso (Autor)","Indicamos ao Excelentíssimo Senhor Prefeito Municipal, que estude junto ao setor competente da administração, as possibilidades de flexibilização no horário de trabalho de determinadas classes de trabalhadores no município, a fim de protegê-los do longo período de exposição ao sol. Esta medida se justifica pela crescente preocupação com...",Indicação nº 226/2023
225,2023,09/11/2023,Encaminhado,Valdir Aparecido de Oliveira (Autor),"Indico ao Excelentíssimo Senhor Prefeito Municipal, que estude junto ao setor competente da administração, as possibilidades realizar a poda das árvores na rua Laércio Sacomani, situada no bairro Distrito Industrial II. A sugestão de realizar a poda das árvores na rua Laércio Sacomani, no bairro Distrito Industrial 2, fundamenta-se na...",Indicação nº 225/2023
224,2023,08/11/2023,Encaminhado,"Elio Furini Neto (Autor), Anderson Marcos Viana (Autor), Marisa Alves da Silva Costa (Autor), Paulo Sérgio Cordeiro (Autor), Reinaldo Codognato (Autor), Rui Domingos da Silva (Autor), Sofia Rodrigues dos Santos (Autor), Teresinha de Lourdes Freitas Regodanso (Autor), Valdir Aparecido de Oliveira (Autor)","Indicamos ao Excelentíssimo Senhor Prefeito Municipal, reforçando as indicações n° 108/2021 e 148/2022, de autoria de todos os Vereadores, que estude junto ao setor competente da administração, as possibilidades de realizar a limpeza das Estações de Tratamento de Esgotos - ETE, digo a “Lagoa de Tratamento do Matadouro” e principalmente a...",Indicação nº 224/2023
223,2023,07/11/2023,Encaminhado,Anderson Marcos Viana (Autor),"Indico ao Excelentíssimo Senhor Prefeito Municipal, que estude junto ao setor competente da administração, as possibilidades de remover a árvore morta/seca localizada no cruzamento das ruas Recife e Ipiranga. Essa árvore está próxima ao campo de futebol, onde as crianças costumam brincar. Além disso, seria importante considerar a remoção...",Indicação nº 223/2023
222,2023,07/11/2023,Encaminhado,Anderson Marcos Viana (Autor),"Indico ao Excelentíssimo Senhor Prefeito Municipal, que estude junto ao setor competente da administração, as possibilidades de realizar um levantamento da quantidade de moradias populares do Conjunto Habitacional Residencial das Américas, construídas pela Companhia de Desenvolvimento Habitacional e Urbano do Estado de São Paulo (CDHU)...",Indicação nº 222/2023
221,2023,07/11/2023,Encaminhado,Reinaldo Codognato (Autor),"Indico ao Excelentíssimo Senhor Prefeito Municipal, que estude junto ao setor competente da administração, as possibilidades de realizar o recapeamento da Rua Rui Barbosa. Esse trabalho seria especialmente benéfico nos trechos compreendidos entre a Rua Porto Alegre e a Avenida Latina. A realização do recapeamento na Rua Rui Barbosa é...",Indicação nº 221/2023
220,2023,07/11/2023,Encaminhado,Reinaldo Codognato (Autor),"Indico ao Excelentíssimo Senhor Prefeito Municipal, que estude junto ao setor competente da administração, as possibilidades de realizar a plantação de árvores frutíferas no Bairro Vila Beatriz. A introdução de árvores frutíferas no Bairro Vila Beatriz não só atende ao desejo da população local, mas também se alinha de maneira harmoniosa...",Indicação nº 220/2023
219,2023,07/11/2023,Encaminhado,Reinaldo Codognato (Autor),"Indico ao Excelentíssimo Senhor Prefeito Municipal, que estude junto ao setor competente da administração, as possibilidades de realizar manutenções nas bocas de lobo nos Bairros Residenciais, com especial atenção ao querido Bairro Figueira. Considerando a iminente chegada do período chuvoso e os incômodos que a ausência de manutenção...",Indicação nº 219/2023
218,2023,01/11/2023,Encaminhado,"Anderson Marcos Viana (Autor), Valdir Aparecido de Oliveira (Autor)","Indico ao Excelentíssimo Senhor Prefeito Municipal, que estude junto ao setor competente da administração, a viabilidade de retomar a divulgação dos boletins informativos sobre a evolução do número de casos de COVID-19, uma vez que há relatos que indicam um aumento na situação. A disponibilização de dados atualizados sobre a pandemia é...",Indicação nº 218/2023
217,2023,01/11/2023,Encaminhado,Anderson Marcos Viana (Autor),"Indico ao Excelentíssimo Senhor Prefeito Municipal, que estude junto ao setor competente da administração, as possibilidades de implementar dispositivos destinados a moderar a velocidade dos veículos em áreas estratégicas nas proximidades do Recanto dos Eucaliptos. Isso visaria abranger os automóveis que transitam no sentido de...",Indicação nº 217/2023
216,2023,31/10/2023,Encaminhado,"Anderson Marcos Viana (Autor), Elio Furini Neto (Autor), Marisa Alves da Silva Costa (Autor), Paulo Sérgio Cordeiro (Autor), Teresinha de Lourdes Freitas Regodanso (Autor), Valdir Aparecido de Oliveira (Autor)","Indico ao Excelentíssimo Senhor Prefeito Municipal, que estude junto ao setor competente da administração, as possibilidades de realizar uma análise aprofundada do sistema de abastecimento de água de nossa cidade. Isso se faz necessário, pois, de acordo com os dados obtidos em 2022 por meio da compilação das informações disponíveis no...",Indicação nº 216/2023
215,2023,26/10/2023,Encaminhado,Reinaldo Codognato (Autor),"Indico ao Excelentíssimo Senhor Prefeito Municipal, que estude junto ao setor competente da administração, as possibilidades de promover campeonatos anuais de skate e judô, com a receita gerada nos eventos sendo destinada para o benefício direto dessas modalidades esportivas, como a melhoria da pista de skate e o suporte à Academia de...",Indicação nº 215/2023
214,2023,24/10/2023,Encaminhado,Valdir Aparecido de Oliveira (Autor),"Indico ao Excelentíssimo Senhor Prefeito Municipal, que estude junto ao setor competente da administração, as possibilidades de implementar uma canaleta no cruzamento da Rua Profª Maria Eugênia Regazolli com a Alameda Campos Elísios, localizada no bairro Campo Bello. A construção de uma canaleta pode ser uma solução eficaz para lidar com...",Indicação nº 214/2023
213,2023,19/10/2023,Encaminhado,Teresinha de Lourdes Freitas Regodanso (Autor),"Indico ao Excelentíssimo Senhor Prefeito Municipal, que estude junto ao setor competente da administração, as possibilidades de implementar climatizadores nos pátios dos refeitórios dos Centros Educacionais Infantis (CEIs) do município. O fato de que o Centro Educacional Infantil (CEI) do Cristo Redentor já possui climatizadores nesses...",Indicação nº 213/2023
212,2023,18/10/2023,Encaminhado,Sofia Rodrigues dos Santos (Autor),"Indico ao Excelentíssimo Senhor Prefeito Municipal, que estude junto ao setor competente da administração, as possibilidades de disponibilizar acesso à internet na sede do artesanato do município, visando à promoção dos belos trabalhos artesanais produzidos pelas talentosas artesãs locais. O artesanato é uma parte importante da cultura e...",Indicação nº 212/2023
211,2023,17/10/2023,Encaminhado,Anderson Marcos Viana (Autor),"Indico ao Excelentíssimo Senhor Prefeito Municipal, reforçando a indicação n° 124/2022, de autoria do Vereador Anderson Marcos Viana, que estude junto ao setor competente da administração, as possibilidades de cercar devidamente o poço artesiano na Rua Independência, localizado entre a Rua Curitiba e a Avenida Bandeirantes. Tal indicação...",Indicação nº 211/2023
210,2023,17/10/2023,Encaminhado,Anderson Marcos Viana (Autor),"Indico ao Excelentíssimo Senhor Prefeito Municipal, reforçando a indicação n° 054/2022, de autoria do Vereador Anderson Marcos Viana, que estude junto ao setor competente da administração, as possibilidades de realizar o aproveitamento da água que jorra da bica localizada no Bairro Vila Beatriz. Tal indicação se justifica em razão das...",Indicação nº 210/2023
209,2023,17/10/2023,Encaminhado,Valdir Aparecido de Oliveira (Autor),"Indico ao Excelentíssimo Senhor Prefeito Municipal, que estude junto ao setor competente da administração, as possibilidades de realizar melhorias na estrada rural JQL 050, que conecta nossa cidade de Junqueirópolis ao Rio do Peixe e às cidades de Ribeirão dos Índios e Emilianópolis. Seria altamente benéfico avaliar a viabilidade de...",Indicação nº 209/2023
208,2023,17/10/2023,Encaminhado,Valdir Aparecido de Oliveira (Autor),"Indico ao Excelentíssimo Senhor Prefeito Municipal, que estude junto ao setor competente da administração, as possibilidades de instalar sistemas de ar condicionado nos ônibus de transporte escolar. O ar condicionado proporcionaria um ambiente mais confortável e agradável para os estudantes e motoristas, contribuindo para o seu bem-estar...",Indicação nº 208/2023
207,2023,16/10/2023,Encaminhado,"Elio Furini Neto (Autor), Anderson Marcos Viana (Autor), Marisa Alves da Silva Costa (Autor), Paulo Sérgio Cordeiro (Autor), Reinaldo Codognato (Autor), Rui Domingos da Silva (Autor), Sofia Rodrigues dos Santos (Autor), Teresinha de Lourdes Freitas Regodanso (Autor), Valdir Aparecido de Oliveira (Autor)","Indico ao Excelentíssimo Senhor Prefeito Municipal, que estude junto ao setor competente da administração, a viabilidade, dentro dos estritos parâmetros da Lei de Responsabilidade Fiscal e mediante análise prévia dos comportamentos das receitas municipais, em especial, considerando a arrecadação, de conceder reajuste anual de 12,00%...",Indicação nº 207/2023
206,2023,11/10/2023,Encaminhado,Elio Furini Neto (Autor),"Indico ao Excelentíssimo Senhor Prefeito Municipal, que estude junto ao setor competente da administração, as possibilidades de estar instituindo em nossa cidade o programa “Praça Segura”, que consistirá na instalação de câmeras de videomonitoramento nas praças públicas do município, o que servirá para preservação da segurança da...",Indicação nº 206/2023
205,2023,11/10/2023,Encaminhado,"Teresinha de Lourdes Freitas Regodanso (Autor), Rui Domingos da Silva (Autor)","Indico ao Excelentíssimo Senhor Prefeito Municipal, reforçando a indicação n° 28/2021, de autoria da Vereadora Teresinha de Lourdes Freitas Regodanso, que estude junto ao setor competente da administração, as possibilidades de construir, alugar ou adquirir um prédio para instalação da Creche Municipal do Idoso, visando atender...",Indicação nº 205/2023
204,2023,10/10/2023,Encaminhado,Valdir Aparecido de Oliveira (Autor),"Indico ao Excelentíssimo Senhor Prefeito Municipal, que estude junto ao setor competente da administração, as possibilidades de instalar postes de iluminação pública na Rua Constantino Marcolino de Souza, em frente ao Bairro Pioneiro. Esta medida seria de extrema importância para melhorar a segurança e a qualidade de vida dos residentes...",Indicação nº 204/2023
203,2023,10/10/2023,Encaminhado,Valdir Aparecido de Oliveira (Autor),"Indico ao Excelentíssimo Senhor Prefeito Municipal, que estude junto ao setor competente da administração, as possibilidades de alterar a Lei Municipal nº 3.493, de 16 de fevereiro de 2022, que dispõe sobre a autorização para celebrar convênio com o Estado de São Paulo, visando o exercício de atividade delegada no Município de...",Indicação nº 203/2023
202,2023,05/10/2023,Encaminhado,"Valdir Aparecido de Oliveira (Autor), Rui Domingos da Silva (Autor)","Indico ao Excelentíssimo Senhor Prefeito Municipal, que estude junto ao setor competente da administração, as possibilidades de construir alguns recuos na estrada da JQL 458, que atualmente se mostra estreita e impraticável para o tráfego de veículos de grande ou médio porte. Quando dois desses veículos se encontram na estrada, a...",Indicação nº 202/2023
201,2023,05/10/2023,Encaminhado,Valdir Aparecido de Oliveira (Autor),"Indico ao Excelentíssimo Senhor Prefeito Municipal, que estude junto ao setor competente da administração, as possibilidades de criar uma pasta dedicada à Segurança e Saúde dos Servidores (SESMT) em nossa administração. A finalidade principal dessa iniciativa seria a inclusão de recursos específicos no orçamento anual, direcionados à...",Indicação nº 201/2023
200,2023,04/10/2023,Encaminhado,Sofia Rodrigues dos Santos (Autor),"Indico ao Excelentíssimo Senhor Prefeito Municipal, que estude junto ao setor competente da administração, as possibilidades de providenciar uma cabine para o trator recentemente adquirido pela Prefeitura Municipal. A instalação de uma cabine proporciona um ambiente seguro e protegido para o operador do trator, reduzindo os riscos de...",Indicação nº 200/2023
199,2023,04/10/2023,Encaminhado,Reinaldo Codognato (Autor),"Indico ao Excelentíssimo Senhor Prefeito Municipal, que estude junto ao setor competente da administração, as possibilidades de instalar lixeiras e bebedouros de água na encantadora Área de Lazer ""Horácio Montroni"", situada no bairro Jardim das Américas. Tendo em mente que a população local está utilizando a área de lazer com frequência...",Indicação nº 199/2023
198,2023,29/09/2023,Encaminhado,Valdir Aparecido de Oliveira (Autor),"Indico ao Excelentíssimo Senhor Prefeito Municipal, que estude junto ao setor competente da administração, as possibilidades de propor um ajuste nos horários de trabalho dos membros da equipe de coleta seletiva da Prefeitura Municipal de Junqueirópolis. Essa recomendação de remanejamento de horário para os funcionários da coleta...",Indicação nº 198/2023
197,2023,28/09/2023,Encaminhado,"Elio Furini Neto (Autor), Anderson Marcos Viana (Autor)","Indico ao Excelentíssimo Senhor Prefeito Municipal, que estude junto ao setor competente da administração, as possibilidades de realizar a compactação dos campos de grama natural nos bairros Residencial das Américas e Jardim Paulista, por meio do uso de um rolo compressor. A compactação da grama tornaria a superfície mais uniforme e...",Indicação nº 197/2023
196,2023,27/09/2023,Encaminhado,"Elio Furini Neto (Autor), Anderson Marcos Viana (Autor)","Indico ao Excelentíssimo Senhor Prefeito Municipal, que estude junto ao setor competente da administração, as possibilidades de implementar melhorias na praça situada na Rua Internacional, no Bairro Jardim Paulista. Nesse sentido, considerar a instalação de uma torneira na praça e o plantio de algumas árvores adicionais seria uma...",Indicação nº 196/2023
195,2023,27/09/2023,Encaminhado,Anderson Marcos Viana (Autor),"Indico ao Excelentíssimo Senhor Prefeito Municipal, que estude junto ao setor competente da administração, as possibilidades de construir um redutor de velocidade na interseção da Rua Colômbia com a Rua Cuba, no Bairro Residencial das Américas. Primeiramente, a segurança viária é uma prioridade inegável. Essa área pode ser bastante...",Indicação nº 195/2023
194,2023,27/09/2023,Encaminhado,Anderson Marcos Viana (Autor),"Indico ao Excelentíssimo Senhor Prefeito Municipal, que estude junto ao setor competente da administração, as possibilidades de dar continuidade à construção da faixa elevada na interseção da Rua 7 de Setembro com a Rua Quinzinho da Cunha, bem como a continuidade da construção da depressão na Rua Professora Maria Eugênia Regazoli,...",Indicação nº 194/2023
193,2023,27/09/2023,Encaminhado,Rui Domingos da Silva (Autor),"Indico ao Excelentíssimo Senhor Prefeito Municipal, que estude com muito carinho as possibilidades de estar designando o nome do saudoso Senhor Dalcyr Bozelli a uma rua de nossa cidade, como forma de homenagear e perpetuar o nome desta pessoa que foi muito conhecida e querida em nossa comunidade onde foi por muitos anos comerciante em...",Indicação nº 193/2023
192,2023,21/09/2023,Encaminhado,Teresinha de Lourdes Freitas Regodanso (Autor),"Indico ao Excelentíssimo Senhor Prefeito Municipal, reforçando a indicação n° 076/2021, de autoria da Vereadora Teresinha de Lourdes Freitas Regodanso, que estude junto ao setor competente da administração, as possibilidades de implementar um dispositivo de controle de velocidade conhecido como ""sonorizador"" em conformidade com a...",Indicação nº 192/2023
191,2023,21/09/2023,Encaminhado,Valdir Aparecido de Oliveira (Autor),"Indico ao Excelentíssimo Senhor Prefeito Municipal, reforçando a indicação n° 182/2021, de autoria do Vereador Valdir Aparecido de Oliveira, que estude junto ao setor competente da administração, as possibilidades de realizar a ligação da Rua Laércio Sacomani, no Distrito Industrial II, com a Alameda Vista do Sol, no Bairro Residencial...",Indicação nº 191/2023
190,2023,21/09/2023,Encaminhado,"Valdir Aparecido de Oliveira (Autor), Rui Domingos da Silva (Autor)","Indico ao Excelentíssimo Senhor Prefeito Municipal, reforçando a indicação n° 099/2022, de autoria do Vereador Valdir Aparecido de Oliveira, que estude junto ao setor competente da administração, as possibilidades de implementar melhorias e adequações nas calçadas do município de acordo com a NBR 9050/04, com ênfase especial nas áreas de...",Indicação nº 190/2023
189,2023,21/09/2023,Encaminhado,"Rui Domingos da Silva (Autor), Valdir Aparecido de Oliveira (Autor)","Indico ao Excelentíssimo Senhor Prefeito Municipal, reforçando a indicação n° 166/2021, de autoria dos Vereadores Rui Domingos da Silva e Valdir Aparecido de Oliveira, que estude junto ao setor competente da administração, as possibilidades de realizar serviços de proteção em todas as cabeceiras de pontes existentes no município. Esta...",Indicação nº 189/2023
188,2023,20/09/2023,Encaminhado,Reinaldo Codognato (Autor),"Indico ao Excelentíssimo Senhor Prefeito Municipal, que estude junto ao setor competente da administração, as possibilidades de implementar medidas de proteção na Rua Florianópolis, especificamente em frente ao playground local, como por exemplo, sinalizações de solo ou redutores de velocidade. O playground é um local frequentado por...",Indicação nº 188/2023
187,2023,20/09/2023,Encaminhado,Reinaldo Codognato (Autor),"Indico ao Excelentíssimo Senhor Prefeito Municipal, que estude junto ao setor competente da administração, as possibilidades de aplicar a irrigação nas estradas das áreas de loteamentos rurais, especialmente durante os períodos de estiagem, com uma frequência mínima de duas vezes ao dia. Durante os períodos de estiagem, as estradas nas...",Indicação nº 187/2023
186,2023,20/09/2023,Encaminhado,"Elio Furini Neto (Autor), Anderson Marcos Viana (Autor), Paulo Sérgio Cordeiro (Autor), Teresinha de Lourdes Freitas Regodanso (Autor)","Indico ao Excelentíssimo Senhor Prefeito Municipal, que estude junto ao setor competente da administração, as possibilidades de realizar o recapeamento da Rua Manaus. Durante as sessões da câmara municipal e em conversas nas ruas, temos sido constantemente abordados pelos moradores da Rua Manaus, que expressam sua crescente insatisfação...",Indicação nº 186/2023
185,2023,20/09/2023,Encaminhado,"Elio Furini Neto (Autor), Teresinha de Lourdes Freitas Regodanso (Autor)","Indico ao Excelentíssimo Senhor Prefeito Municipal, que estude junto ao setor competente da administração, as possibilidades de melhorias na captação de águas pluviais, levando em conta a situação na Alameda Campos Elísios, em particular na área adjacente à zona verde. É importante ressaltar que a água das duas descidas flui diretamente...",Indicação nº 185/2023
184,2023,20/09/2023,Encaminhado,Anderson Marcos Viana (Autor),"Indico ao Excelentíssimo Senhor Prefeito Municipal, que estude junto ao setor competente da administração, as possibilidades de entrar em contato com a empresa responsável para realizar uma avaliação noturna na cidade, a fim de identificar os postes que estão com lâmpadas apagadas (luzes queimadas) e, posteriormente, efetuar a...",Indicação nº 184/2023
183,2023,20/09/2023,Encaminhado,Anderson Marcos Viana (Autor),"Indico ao Excelentíssimo Senhor Prefeito Municipal, que estude junto ao setor competente da administração, as possibilidades de implementar mesas e bancos na área verde do Bairro Pioneiros, mais especificamente na Rua José Reis. Essa medida é justificada tendo em mente que a comunidade local já demonstrou um compromisso notável com a...",Indicação nº 183/2023
182,2023,13/09/2023,Encaminhado,Anderson Marcos Viana (Autor),"Indico ao Excelentíssimo Senhor Prefeito Municipal, que estude junto ao setor competente da administração, as possibilidades de dar continuidade à pavimentação asfáltica da Rua Jose Reis, que se encontra no Bairro Pioneiros e estende-se até o Bairro Carmesim 2. Atualmente, falta apenas um pequeno trecho de aproximadamente 50 metros para...",Indicação nº 182/2023
181,2023,13/09/2023,Encaminhado,Anderson Marcos Viana (Autor),"Indico ao Excelentíssimo Senhor Prefeito Municipal, que estude junto ao setor competente da administração, as possibilidades de adequar a iluminação no bairro Vila São João, especialmente por meio da substituição das lâmpadas convencionais por lâmpadas de LED. Uma iluminação mais eficiente e brilhante nas ruas do bairro Vila São João...",Indicação nº 181/2023
180,2023,13/09/2023,Encaminhado,Reinaldo Codognato (Autor),"Indico ao Excelentíssimo Senhor Prefeito Municipal, que estude junto ao setor competente da administração, as possibilidades de lançar um programa denominado como Colmeia empreendedora. O exemplo da ""Colmeia"" é uma inspiração valiosa, pois demonstra como um programa de inovação e empreendedorismo social pode catalisar o desenvolvimento e...",Indicação nº 180/2023
179,2023,13/09/2023,Encaminhado,Reinaldo Codognato (Autor),"Indico ao Excelentíssimo Senhor Prefeito Municipal, que estude junto ao setor competente da administração, as possibilidades de implementar a devida iluminação pública no Rua Primavera, localizada no bairro Recanto dos Eucaliptos. Primeiramente, é importante ressaltar que a iluminação pública desempenha um papel crucial na segurança dos...",Indicação nº 179/2023
178,2023,13/09/2023,Encaminhado,Valdir Aparecido de Oliveira (Autor),"Indico ao Excelentíssimo Senhor Prefeito Municipal, que estude junto ao setor competente da administração, as possibilidades de implementar materiais de educação financeira voltados para as crianças do ensino fundamental de nosso município. Ao proporcionar conhecimento sobre finanças desde cedo, estaremos preparando nossa juventude para...",Indicação nº 178/2023
177,2023,13/09/2023,Encaminhado,Valdir Aparecido de Oliveira (Autor),"Indico ao Excelentíssimo Senhor Prefeito Municipal, reforçando as indicações ns° 177/2021 e 119/2022, que estude junto ao setor competente da administração, as possibilidades de realizar a manutenção geral dos aparelhos existentes na academia ao ar livre, que se encontra defronte à entrada do Estádio Municipal Raphael Capelli. Além...",Indicação nº 177/2023
176,2023,13/09/2023,Encaminhado,Reinaldo Codognato (Autor),"Indico ao Excelentíssimo Senhor Prefeito Municipal, que estude junto ao setor competente da administração, as possibilidades de criar um espaço dedicado à armazenagem dos materiais de ginástica do Projeto Agita Junqueirópolis ""Mais Qualidade de Vida"". Este espaço seria localizado no Recinto da Aceruva, em particular, nas proximidades da...",Indicação nº 176/2023
175,2023,12/09/2023,Encaminhado,"Elio Furini Neto (Autor), Teresinha de Lourdes Freitas Regodanso (Autor)","Indicamos ao Excelentíssimo Senhor Prefeito Municipal, que estude junto ao setor competente da administração, as possibilidades de adequação da captação de águas pluviais no Bairro Campo Bello, em especial na Alameda Paraíso, que se encontra na interseção de diversas vias importantes do bairro. Em épocas de chuva, o acúmulo de águas...",Indicação nº 175/2023
174,2023,12/09/2023,Encaminhado,"Elio Furini Neto (Autor), Anderson Marcos Viana (Autor)","Indicamos ao Excelentíssimo Senhor Prefeito Municipal, reforçando a indicação n° 33/2022, de autoria do Vereador Anderson Marcos Viana, que estude junto ao setor competente da administração, as possibilidades de implementar a devida iluminação no cemitério municipal, bem como reformar as calçadas e muros do local. Primeiramente, a...",Indicação nº 174/2023
173,2023,05/09/2023,Encaminhado,"Valdir Aparecido de Oliveira (Autor), Anderson Marcos Viana (Autor), Elio Furini Neto (Autor), Marisa Alves da Silva Costa (Autor), Paulo Sérgio Cordeiro (Autor), Reinaldo Codognato (Autor), Rui Domingos da Silva (Autor), Sofia Rodrigues dos Santos (Autor), Teresinha de Lourdes Freitas Regodanso (Autor)","Indicamos ao Excelentíssimo Senhor Prefeito Municipal, que estude junto ao setor competente da administração, as possibilidades de construir lombadas ou lombofaixas na avenida Junqueira, defronte à Escola 13 de Junho - Colégio Objetivo. Em decorrência de ser uma via íngreme e de intenso tráfego de veículos, construir lombadas ou...",Indicação nº 173/2023
172,2023,05/09/2023,Encaminhado,"Reinaldo Codognato (Autor), Teresinha de Lourdes Freitas Regodanso (Autor), Valdir Aparecido de Oliveira (Autor)","Indicamos ao Excelentíssimo Senhor Prefeito Municipal, reforçando a indicação n° 055/2022, de autoria dos Vereadores Valdir Aparecido de Oliveira, Reinaldo Codognato e Teresinha de Lourdes Freitas Regodanso, que estude junto ao setor competente da administração, as possibilidades de substituir os canos da rede de água do Bairro Duas...",Indicação nº 172/2023
171,2023,05/09/2023,Encaminhado,Reinaldo Codognato (Autor),"Indico ao Excelentíssimo Senhor Prefeito Municipal, que estude junto ao setor competente da administração, as possibilidades de criar cursos na área automotiva, com foco especial em manutenção elétrica e mecânica para veículos leves. Esta iniciativa poderia ser desenvolvida por meio de parcerias com entidades renomadas, como o SEBRAE,...",Indicação nº 171/2023
170,2023,04/09/2023,Encaminhado,Anderson Marcos Viana (Autor),"Indico ao Excelentíssimo Senhor Prefeito Municipal, que estude junto ao setor competente da administração, as possibilidades de implementar mais placas de sinalização, informando a presença de ciclistas na via que liga o município de Junqueirópolis ao bairro Duas Barras. A presença de ciclistas nas estradas exige atenção especial, tanto...",Indicação nº 170/2023
169,2023,04/09/2023,Encaminhado,Anderson Marcos Viana (Autor),"Indico ao Excelentíssimo Senhor Prefeito Municipal, que estude junto ao setor competente da administração, as possibilidades de delimitar com sinalização de solo linhas de retenção destinadas exclusivamente à espera de motocicletas principalmente em semáforos. Com e implementação de tal medida será possível reduzir a probabilidade de...",Indicação nº 169/2023
168,2023,04/09/2023,Encaminhado,Anderson Marcos Viana (Autor),"Indico ao Excelentíssimo Senhor Prefeito Municipal, que estude junto ao setor competente da administração, as possibilidades de alterar o local de encontro da cavalgada do Bosque Municipal para o recinto da ACERUVA, descendo-se pela rua Rui Barbosa e subindo pela rua Quinzinho da Cunha. Ao realizar o evento no centro da cidade, torna-se...",Indicação nº 168/2023
167,2023,30/08/2023,Encaminhado,Rui Domingos da Silva (Autor),"Indico ao Excelentíssimo Senhor Prefeito Municipal, reforçando a indicação n° 151/2022, que estude junto ao setor competente da administração, as possibilidades de realizar uma revisão geral em todos os parques, praças e playgrounds do município. Tal indicação se justifica em razão dos benefícios que as reformas trarão para toda a...",Indicação nº 167/2023
166,2023,30/08/2023,Encaminhado,Sofia Rodrigues dos Santos (Autor),"Indico ao Excelentíssimo Senhor Prefeito Municipal, que estude junto ao setor competente da administração, as possibilidades de denominar o nome do saudoso senhor Horácio Montroni no Centro de Lazer no bairro Jardim da Américas. O saudoso senhor Horácio Montroni, como antigo morador e proprietário de várias propriedades, contribuiu de...",Indicação nº 166/2023
165,2023,30/08/2023,Encaminhado,"Anderson Marcos Viana (Autor), Elio Furini Neto (Autor), Marisa Alves da Silva Costa (Autor), Paulo Sérgio Cordeiro (Autor), Teresinha de Lourdes Freitas Regodanso (Autor)","Indicamos ao Excelentíssimo Senhor Prefeito Municipal, que estude junto ao setor competente da administração, as possibilidades de realizar a aplicação de pedras brita no centro do bairro Vila São João. O tráfego intenso de caminhões de usina pode causar desgaste significativo no pavimento existente. A aplicação de pedras brita oferece...",Indicação nº 165/2023
164,2023,30/08/2023,Encaminhado,"Anderson Marcos Viana (Autor), Elio Furini Neto (Autor), Marisa Alves da Silva Costa (Autor), Paulo Sérgio Cordeiro (Autor), Teresinha de Lourdes Freitas Regodanso (Autor)","Indicamos ao Excelentíssimo Senhor Prefeito Municipal, que estude junto ao setor competente da administração, as possibilidades de colocar placas indicativas na intersecção da rua Curitiba com a rua Lucélia, com a mensagem de proibição de descarte de resíduos na via pública. A crescente incidência de descarte inadequado de lixo doméstico...",Indicação nº 164/2023
163,2023,29/08/2023,Encaminhado,Elio Furini Neto (Autor),"Indico ao Excelentíssimo Senhor Prefeito Municipal, reforçando a indicação n°122/2022, de autoria do Vereador Elio Furini Neto, que estude junto ao setor competente da administração, as possibilidades de realizar a devida reforma dos vestiários do Estádio Municipal Raphael Capelli, como a troca dos pisos que estão caindo e a instalação...",Indicação nº 163/2023
162,2023,29/08/2023,Encaminhado,"Anderson Marcos Viana (Autor), Elio Furini Neto (Autor), Marisa Alves da Silva Costa (Autor), Paulo Sérgio Cordeiro (Autor), Teresinha de Lourdes Freitas Regodanso (Autor)","Indicamos ao Excelentíssimo Senhor Prefeito Municipal, que estude junto ao setor competente da administração, as possibilidades de promover a manutenção e limpeza das áreas verdes do município. Desejamos enfatizar a importância especial de direcionar atenção para as áreas situadas nos loteamentos Delta Ville 1 e 2, assim como no bairro...",Indicação nº 162/2023
161,2023,28/08/2023,Encaminhado,Reinaldo Codognato (Autor),"Indico ao Excelentíssimo Senhor Prefeito Municipal, que estude junto ao setor competente da administração, as possibilidades de revitalizar a sinalização de solo na vicinal José Siniciato, que conecta a área urbana de Junqueirópolis à Usina Vale Verde. A sinalização de solo desgastada ou ausente pode comprometer a clareza das faixas de...",Indicação nº 161/2023
160,2023,28/08/2023,Encaminhado,Reinaldo Codognato (Autor),"Indico ao Excelentíssimo Senhor Prefeito Municipal, que estude junto ao setor competente da administração, as possibilidades de introduzir medidas de controle de velocidade, como por exemplo, redutores de velocidade, além de melhorias na sinalização da Rua do Viveiro. Essa rua conecta de maneira significativa os bairros Pioneiros,...",Indicação nº 160/2023
159,2023,25/08/2023,Encaminhado,"Elio Furini Neto (Autor), Anderson Marcos Viana (Autor), Paulo Sérgio Cordeiro (Autor), Teresinha de Lourdes Freitas Regodanso (Autor), Valdir Aparecido de Oliveira (Autor)","Indico ao Excelentíssimo Senhor Prefeito Municipal, reforçando a indicação n° 17/2022 de autoria dos Vereadores abaixo assinados, que estude junto ao setor competente da administração, as possibilidades de estar realizando batimetro nas estações de tratamento de esgoto (ETE) do nosso município para apurar a real situação de eficácia que...",Indicação nº 159/2023
158,2023,24/08/2023,Encaminhado,"Reinaldo Codognato (Autor), Sofia Rodrigues dos Santos (Autor), Marisa Alves da Silva Costa (Autor)","Indico ao Excelentíssimo Senhor Prefeito Municipal, que estude junto ao setor competente da administração, as possibilidades de adequar a iluminação pública do playground localizado no bairro Jardim Conde. Tal medida se justifica pelo fato de ter sido expressamente requisitada pela população local, o que evidencia a necessidade e o...",Indicação nº 158/2023
157,2023,24/08/2023,Encaminhado,"Reinaldo Codognato (Autor), Rui Domingos da Silva (Autor)","Indico ao Excelentíssimo Senhor Prefeito Municipal, que estude junto ao setor competente da administração, as possibilidades de implementação de um programa de bolsa atleta municipal. Esta iniciativa visa apoiar e incentivar os talentos esportivos locais, proporcionando-lhes recursos e suporte para o desenvolvimento de suas habilidades...",Indicação nº 157/2023
156,2023,24/08/2023,Encaminhado,Anderson Marcos Viana (Autor),"Indico ao Excelentíssimo Senhor Prefeito Municipal, reforçando a indicação n° 151/2021, de autoria do Vereador Anderson Marcos Viana, que estude junto ao setor competente da administração, as possibilidades de tomar providencias com relação ao esgoto que vem sendo despejado no Bairro Jardim Junqueirópolis, proximidades da rua Goiânia com...",Indicação nº 156/2023
155,2023,24/08/2023,Encaminhado,Anderson Marcos Viana (Autor),"Indico ao Excelentíssimo Senhor Prefeito Municipal, que estude junto ao setor competente da administração, as possibilidades de implementar uma adequada iluminação no trevo do bairro Duas Barras. Primeiramente, destaco a crescente incidência de acidentes no referido trevo. A ausência de iluminação adequada contribui para a diminuição da...",Indicação nº 155/2023
154,2023,24/08/2023,Encaminhado,"Anderson Marcos Viana (Autor), Elio Furini Neto (Autor), Paulo Sérgio Cordeiro (Autor), Teresinha de Lourdes Freitas Regodanso (Autor)","Indico ao Excelentíssimo Senhor Prefeito Municipal, que estude junto ao setor competente da administração, as possibilidades de estabelecer uma parceria com a Usina Viterra, viabilizando a criação de um sistema de contenção das águas pluviais no bairro Vila São João, como a implementação de camalhões ou sistemas de retenção de...",Indicação nº 154/2023
153,2023,23/08/2023,Encaminhado,Reinaldo Codognato (Autor),"Indico ao Excelentíssimo Senhor Prefeito Municipal, que estude junto ao setor competente da administração, as possibilidades de construir redutores de velocidade nas principais avenidas dos residenciais Figueira (conhecida como Avenida da Acerola) e Horto dos Seringais (abrangendo a Alameda Horto dos Seringais e a Alameda Amarílis). A...",Indicação nº 153/2023
152,2023,23/08/2023,Encaminhado,"Rui Domingos da Silva (Autor), Anderson Marcos Viana (Autor), Elio Furini Neto (Autor), Marisa Alves da Silva Costa (Autor), Reinaldo Codognato (Autor), Sofia Rodrigues dos Santos (Autor), Valdir Aparecido de Oliveira (Autor)","Indico ao Excelentíssimo Senhor Prefeito Municipal, que estude junto ao setor competente da administração, as possibilidades de designar o nome do saudoso Senhor Hélio de Marcos na nova Farmácia Municipal de Junqueirópolis. Hélio de Marcos dedicou grande parte de sua vida ao setor farmacêutico, tendo iniciado sua jornada como balconista...",Indicação nº 152/2023
151,2023,23/08/2023,Encaminhado,Rui Domingos da Silva (Autor),"Indico ao Excelentíssimo Senhor Prefeito Municipal, reforçando a indicação n° 190/2021, de autoria do Vereador Rui Domingos da Silva, que estude junto ao setor competente da administração, as possibilidades de implantar a concessão de diárias (valor ﬁxo) aos servidores públicos municipais motoristas de ambulância e transporte de...",Indicação nº 151/2023
150,2023,17/08/2023,Encaminhado,Reinaldo Codognato (Autor),"Indico ao Excelentíssimo Senhor Prefeito Municipal, que estude junto ao setor competente da administração, as possibilidades de instalar bancos, pistas de caminhada e playground no Residencial Figueira. Com o aumento da população na região e nos bairros adjacentes, a demanda por espaços de lazer e recreação também cresce. A instalação de...",Indicação nº 150/2023
149,2023,17/08/2023,Encaminhado,Anderson Marcos Viana (Autor),"Indico ao Excelentíssimo Senhor Prefeito Municipal, que estude junto ao setor competente da administração, as possibilidades de construir faixas elevadas nos encontros da Avenida Paulista com a Rua Porto Alegre, defronte ao Ponto Socorro e na Rua Washington Luis com a Avenida Bandeirantes, ao lado da Escola Shigueko. A construção de...",Indicação nº 149/2023
148,2023,17/08/2023,Encaminhado,Anderson Marcos Viana (Autor),"Indico ao Excelentíssimo Senhor Prefeito Municipal, que estude junto ao setor competente da administração, as possibilidades de tomar providências no sentido de elaborar os Projetos de Leis e demais atos necessários para a aplicação do piso salarial para enfermeiros, técnicos de enfermagem, auxiliares de enfermagem e parteiras....",Indicação nº 148/2023
147,2023,17/08/2023,Encaminhado,Reinaldo Codognato (Autor),"Indico ao Excelentíssimo Senhor Prefeito Municipal, que estude junto ao setor competente da administração, as possibilidades de tomar providências quanto ao direcionamento de águas na esquina das Ruas Constantino Marcolino de Souza e Prof. Antonio Granero Porta. O pedido partiu diretamente da comunidade local, indicando que os moradores...",Indicação nº 147/2023
146,2023,17/08/2023,Encaminhado,Elio Furini Neto (Autor),"Indico ao Excelentíssimo Senhor Prefeito Municipal, reforçando a indicação n° 021/2021, de autoria do Vereador Elio Furini Neto, que estude junto ao setor competente da administração, as possibilidades de estar reformando o campo de futebol do Jardim Esperança, assim como a colocação de alambrado e adequação da iluminação. A reforma do...",Indicação nº 146/2023
145,2023,16/08/2023,Encaminhado,Teresinha de Lourdes Freitas Regodanso (Autor),"Indico ao Excelentíssimo Senhor Prefeito Municipal, que estude junto ao setor competente da administração, as possibilidades de colocar lâmpadas no poste já existente na esquina das Ruas Argentina e Bolívia, no Bairro Residencial das Américas. Primeiramente, é evidente que a iluminação adequada desempenha um papel crucial na promoção da...",Indicação nº 145/2023
144,2023,16/08/2023,Encaminhado,"Teresinha de Lourdes Freitas Regodanso (Autor), Anderson Marcos Viana (Autor), Elio Furini Neto (Autor), Paulo Sérgio Cordeiro (Autor)","Indicamos ao Excelentíssimo Senhor Prefeito Municipal, que estude junto ao setor competente da administração, as possibilidades de realizar uma manutenção adequada da JQL 030 e seus prolongamentos, considerando a viabilidade de medidas como o cascalhamento das vias. Primeiramente, é notável que a manutenção adequada das estradas rurais é...",Indicação nº 144/2023
143,2023,16/08/2023,Encaminhado,"Teresinha de Lourdes Freitas Regodanso (Autor), Elio Furini Neto (Autor)","Indico ao Excelentíssimo Senhor Prefeito Municipal, que estude junto ao setor competente da administração, as possibilidades de conduzir uma análise detalhada com o intuito de avaliar se as árvores existentes no Parque Ecológico representam algum risco potencial à população, sobretudo as que estão localizadas no barranco ao fundo do...",Indicação nº 143/2023
142,2023,16/08/2023,Encaminhado,Anderson Marcos Viana (Autor),"Indico ao Excelentíssimo Senhor Prefeito Municipal, que estude junto ao setor competente da administração, as possibilidades de construir uma área verde mais adequada na Rua Vereador Gelson José da Silva, próxima à Rua Victor Camargo Bodini, no Bairro Frei Galvão. Primeiramente, é notável que a implementação de elementos artificiais,...",Indicação nº 142/2023
141,2023,10/08/2023,Encaminhado,Elio Furini Neto (Autor),"Indico ao Excelentíssimo Senhor Prefeito Municipal, que estude junto ao setor competente da administração, as possibilidades de instalar torneiras na praça situada na Avenida Internacional, no Bairro Jardim Paulista. Além disso, sugiro que, até que essa instalação seja efetivada, seja considerada a prática de irrigar a grama e plantas do...",Indicação nº 141/2023
140,2023,09/08/2023,Encaminhado,Anderson Marcos Viana (Autor),"Indico ao Excelentíssimo Senhor Prefeito Municipal, que estude junto ao setor competente da administração, as possibilidades de revisão do valor dos aluguéis dos salões comunitários. O foco deste pedido é a obtenção de um valor mais acessível e condizente com a realidade local, a fim de viabilizar o uso desses espaços por parte dos...",Indicação nº 140/2023
139,2023,09/08/2023,Encaminhado,Anderson Marcos Viana (Autor),"Indico ao Excelentíssimo Senhor Prefeito Municipal, que estude junto ao setor competente da administração, as possibilidades de prosseguir com a revitalização da Praça Álvaro de Oliveira Junqueira. Tal indicação se justifica em razão do projeto inicial de revitalização da praça não ter sido integralmente concluído, apresentando lacunas...",Indicação nº 139/2023
138,2023,09/08/2023,Encaminhado,Anderson Marcos Viana (Autor),"Indico ao Excelentíssimo Senhor Prefeito Municipal, que estude junto ao setor competente da administração, as possibilidades de implantar redutores de velocidade no cruzamento da Rua Curitiba com as Ruas 4 de Setembro, Goiânia e Rua das Perdizes. A motivação primordial para esta medida reside no fato de que recentemente ocorreram...",Indicação nº 138/2023
137,2023,01/08/2023,Encaminhado,"Teresinha de Lourdes Freitas Regodanso (Autor), Anderson Marcos Viana (Autor), Elio Furini Neto (Autor), Paulo Sérgio Cordeiro (Autor)","Indico ao Excelentíssimo Senhor Prefeito Municipal, que estude junto ao setor competente da administração, as possibilidades de disponibilizar plantões, ao menos em 1 período, na Farmácia Municipal para a entrega de medicamentos aos sábados, domingos e feriados. Com tal medida, seria possível evitar situações em que pacientes atendidos...",Indicação nº 137/2023
136,2023,01/08/2023,Encaminhado,Elio Furini Neto (Autor),"Indico ao Excelentíssimo Senhor Prefeito Municipal, que estude junto ao setor competente da administração, as possibilidades de implementar uma faixa elevada na Rua Hermínio Grespan, próximo ao ponto de ônibus construído recentemente. A justificativa para essa medida é a grande quantidade de veículos que transitam diariamente da Avenida...",Indicação nº 136/2023
135,2023,01/08/2023,Encaminhado,Elio Furini Neto (Autor),"Indico ao Excelentíssimo Senhor Prefeito Municipal, que estude junto ao setor competente da administração, as possibilidades de aumentar a frequência de tráfego de caminhões-pipa na Estrada Municipal JQL 030 para molhar a referida via, logo após o Madrugada Futebol Clube, a qual liga os municípios de Junqueirópolis e Irapuru. A...",Indicação nº 135/2023
134,2023,17/07/2023,Encaminhado,"Anderson Marcos Viana (Autor), Elio Furini Neto (Autor), Marisa Alves da Silva Costa (Autor), Paulo Sérgio Cordeiro (Autor), Reinaldo Codognato (Autor), Rui Domingos da Silva (Autor), Sofia Rodrigues dos Santos (Autor), Teresinha de Lourdes Freitas Regodanso (Autor), Valdir Aparecido de Oliveira (Autor)","Indicamos ao Excelentíssimo Senhor Prefeito Municipal, que estude junto ao setor competente da administração, as possibilidades de estabelecer um programa de incentivo ao empreendedorismo local, com o objetivo de fomentar o crescimento econômico e a geração de empregos no município. Destacamos que, para apoiar esses empreendedores de...",Indicação nº 134/2023
133,2023,17/07/2023,Encaminhado,"Anderson Marcos Viana (Autor), Elio Furini Neto (Autor), Marisa Alves da Silva Costa (Autor), Paulo Sérgio Cordeiro (Autor), Reinaldo Codognato (Autor), Rui Domingos da Silva (Autor), Sofia Rodrigues dos Santos (Autor), Teresinha de Lourdes Freitas Regodanso (Autor), Valdir Aparecido de Oliveira (Autor)","Indicamos ao Excelentíssimo Senhor Prefeito Municipal, que estude junto ao setor competente da administração, as possibilidades de incentivar a criação de espaços culturais e de arte pública, como galerias, teatros e bibliotecas, com o objetivo de promover o acesso à cultura para toda a população. A disponibilização de espaços culturais...",Indicação nº 133/2023
132,2023,17/07/2023,Encaminhado,"Anderson Marcos Viana (Autor), Elio Furini Neto (Autor), Marisa Alves da Silva Costa (Autor), Paulo Sérgio Cordeiro (Autor), Reinaldo Codognato (Autor), Rui Domingos da Silva (Autor), Sofia Rodrigues dos Santos (Autor), Teresinha de Lourdes Freitas Regodanso (Autor), Valdir Aparecido de Oliveira (Autor)","Indicamos ao Excelentíssimo Senhor Prefeito Municipal, que estude junto ao setor competente da administração, as possibilidades de disponibilizar atendimento gratuito para animais de estimação cujos donos são pessoas de baixa renda, bem como incluir atendimento gratuito a animais de rua em nossa cidade. Ao oferecer atendimento gratuito...",Indicação nº 132/2023
131,2023,17/07/2023,Encaminhado,"Anderson Marcos Viana (Autor), Elio Furini Neto (Autor), Marisa Alves da Silva Costa (Autor), Paulo Sérgio Cordeiro (Autor), Reinaldo Codognato (Autor), Rui Domingos da Silva (Autor), Sofia Rodrigues dos Santos (Autor), Teresinha de Lourdes Freitas Regodanso (Autor), Valdir Aparecido de Oliveira (Autor)","Indicamos ao Excelentíssimo Senhor Prefeito Municipal, que estude junto ao setor competente da administração, as possibilidades de disponibilizar uma academia pública para a prática de exercícios físicos e melhora da saúde e bem estar da população. Entretanto, o acompanhamento médico não poderá ser negligenciado, ou seja, os postos de...",Indicação nº 131/2023
130,2023,17/07/2023,Encaminhado,"Anderson Marcos Viana (Autor), Elio Furini Neto (Autor), Marisa Alves da Silva Costa (Autor), Paulo Sérgio Cordeiro (Autor), Reinaldo Codognato (Autor), Rui Domingos da Silva (Autor), Sofia Rodrigues dos Santos (Autor), Teresinha de Lourdes Freitas Regodanso (Autor), Valdir Aparecido de Oliveira (Autor)","Indicamos ao Excelentíssimo Senhor Prefeito Municipal, que estude junto ao setor competente da administração, as possibilidades de disponibilizar locais seguros e adequados para a soltura de pipas. A oferta de locais específicos para a soltura de pipas pode contribuir significativamente para a segurança pública em nosso município. Ao...",Indicação nº 130/2023
129,2023,17/07/2023,Encaminhado,"Anderson Marcos Viana (Autor), Elio Furini Neto (Autor), Marisa Alves da Silva Costa (Autor), Paulo Sérgio Cordeiro (Autor), Reinaldo Codognato (Autor), Rui Domingos da Silva (Autor), Sofia Rodrigues dos Santos (Autor), Teresinha de Lourdes Freitas Regodanso (Autor), Valdir Aparecido de Oliveira (Autor)","Indicamos ao Excelentíssimo Senhor Prefeito Municipal, que estude junto ao setor competente da administração, as possibilidades de disponibilizar um local aberto a população destinado ao lazer e prática de atividades culturais com desenvolvimento de habilidades esportivas. Segure-se, por exemplo, que seja reativado o Clube Junqueirópolis...",Indicação nº 129/2023
128,2023,17/07/2023,Encaminhado,"Anderson Marcos Viana (Autor), Elio Furini Neto (Autor), Marisa Alves da Silva Costa (Autor), Paulo Sérgio Cordeiro (Autor), Reinaldo Codognato (Autor), Rui Domingos da Silva (Autor), Sofia Rodrigues dos Santos (Autor), Teresinha de Lourdes Freitas Regodanso (Autor), Valdir Aparecido de Oliveira (Autor)","Indicamos ao Excelentíssimo Senhor Prefeito Municipal, que estude junto ao setor competente da administração, as possibilidades de implementar internet fibra óptica em zonas afastadas e zonas rurais, principalmente em locais de difícil acesso. A disponibilidade de internet em áreas remotas e rurais é essencial para promover a inclusão...",Indicação nº 128/2023
127,2023,27/06/2023,Encaminhado,Teresinha de Lourdes Freitas Regodanso (Autor),"Indico ao Excelentíssimo Senhor Prefeito Municipal, reforçando a indicação n° 067/2022, de autoria da Vereadora Teresinha de Lourdes Freitas Regodanso, que estude junto ao setor competente da administração, as possibilidades de reformar e implementar melhorias no velório municipal, tanto na parte interna quanto na parte externa. A...",Indicação nº 127/2023
126,2023,23/06/2023,Encaminhado,"Elio Furini Neto (Autor), Anderson Marcos Viana (Autor), Paulo Sérgio Cordeiro (Autor), Teresinha de Lourdes Freitas Regodanso (Autor)","Indico ao Excelentíssimo Senhor Prefeito Municipal, que estude junto ao setor competente da administração, as possibilidades de implementar um acesso com sua devida acessibilidade no Centro Comunitário e no Cento de Esporte e Lazer do Bairro Jardim Alvorada. A implementação de um acesso com acessibilidade é fundamental para promover a...",Indicação nº 126/2023
125,2023,23/06/2023,Encaminhado,"Elio Furini Neto (Autor), Anderson Marcos Viana (Autor), Paulo Sérgio Cordeiro (Autor), Teresinha de Lourdes Freitas Regodanso (Autor)","Indico ao Excelentíssimo Senhor Prefeito Municipal, que estude junto ao setor competente da administração, as possibilidades de realizar serviços de limpeza e zeladoria nos fundos das casas que fazem divisa com a linha férrea e sua faixa de domínio em toda sua extensão no trecho urbano. A limpeza e a zeladoria nessa área são essenciais...",Indicação nº 125/2023
124,2023,23/06/2023,Encaminhado,"Elio Furini Neto (Autor), Anderson Marcos Viana (Autor), Paulo Sérgio Cordeiro (Autor), Teresinha de Lourdes Freitas Regodanso (Autor)","Indico ao Excelentíssimo Senhor Prefeito Municipal, que estude junto ao setor competente da administração, as possibilidades de implementar a devida sinalização indicando a proibição em se jogar lixo no espaço ao lado da caixa d’água e do ponto de ônibus localizados no Bairro Jardim Alvorada. Além disso, sugere-se que seja realizada a...",Indicação nº 124/2023
123,2023,22/06/2023,Encaminhado,Valdir Aparecido de Oliveira (Autor),"Indico ao Excelentíssimo Senhor Prefeito Municipal, que estude junto ao setor competente da administração, as possibilidades de realizar a devida sinalização de solo na depressão localizada no encontro da Avenida Latina com a Rua General Osório. A sinalização de solo, como marcações ou faixas de alerta, ajudaria a destacar a presença da...",Indicação nº 123/2023
122,2023,22/06/2023,Encaminhado,Anderson Marcos Viana (Autor),"Indico ao Excelentíssimo Senhor Prefeito Municipal, que estude junto ao setor competente da administração, as possibilidades de realizar a manutenção da rua Nazareno Cedroni, próxima ao armazém do Hilário. A presença de buracos na rua Nazareno Cedroni representa um risco para os motoristas, pedestres e ciclistas que transitam pela...",Indicação nº 122/2023
121,2023,22/06/2023,Encaminhado,Anderson Marcos Viana (Autor),"Indico ao Excelentíssimo Senhor Prefeito Municipal, que estude junto ao setor competente da administração, as possibilidades de realizar o alargamento da JQL 030, no bairro cafezinho, próximo à igreja do bairro. A passagem de caminhões e ônibus em uma estrada estreita pode representar um risco para os motoristas, pedestres e ciclistas...",Indicação nº 121/2023
120,2023,21/06/2023,Encaminhado,"Reinaldo Codognato (Autor), Sofia Rodrigues dos Santos (Autor)","Indico ao Excelentíssimo Senhor Prefeito Municipal, que estude junto ao setor competente da administração, as possibilidades de realizar a pintura do Centro Educacional Infantil (CEI) Nosso Teto. A pintura é fundamental para criar um ambiente agradável e acolhedor para as crianças que frequentam o CEI Nosso Teto. Cores vivas e atraentes...",Indicação nº 120/2023
119,2023,21/06/2023,Encaminhado,"Reinaldo Codognato (Autor), Sofia Rodrigues dos Santos (Autor)","Indico ao Excelentíssimo Senhor Prefeito Municipal, que estude junto ao setor competente da administração, as possibilidades de realizar o recapeamento asfáltico em ruas do bairro Alto do Cene, especialmente a avenida Marconi, trechos da avenida Paulista, trechos da avenida Sete de Setembro, dentre outras. O recapeamento asfáltico das...",Indicação nº 119/2023
118,2023,15/06/2023,Encaminhado,Anderson Marcos Viana (Autor),"Indico ao Excelentíssimo Senhor Prefeito Municipal, que estude junto ao setor competente da administração, as possibilidades de tomar providências para que os ônibus escolares comecem a passar pelos pontos de ônibus que foram construídos recentemente. Essa medida se justifica considerando que os pontos de ônibus foram especificamente...",Indicação nº 118/2023
117,2023,14/06/2023,Encaminhado,Anderson Marcos Viana (Autor),"Indico ao Excelentíssimo Senhor Prefeito Municipal, que estude junto ao setor competente da administração, as possibilidades de realizar a reforma do ponto de ônibus localizado no encontro da rua José Bonifácio com a rua das Américas. Considerando que o ponto de ônibus está próximo a um mini mercado popular, é provável que haja um fluxo...",Indicação nº 117/2023
116,2023,07/06/2023,Encaminhado,Rui Domingos da Silva (Autor),"Indico ao Excelentíssimo Senhor Prefeito Municipal, que estude junto ao setor competente da administração, as possibilidades de entrar em contato com o órgão competente do Estado de São Paulo, que atualmente administra o prédio que serviu a caixa econômica estadual e recentemente a agência do Banco do Brasil que atualmente encontra-se...",Indicação nº 116/2023
115,2023,06/06/2023,Encaminhado,Anderson Marcos Viana (Autor),"Indico ao Excelentíssimo Senhor Prefeito Municipal, que estude junto ao setor competente da administração, as possibilidades de realizar melhorias na iluminação pública da área do sistema de lazer do bairro Jardim Primavera, próxima à curva do S. É importante levar em conta que o local é frequentado por crianças e famílias, e justifico...",Indicação nº 115/2023
114,2023,06/06/2023,Encaminhado,Anderson Marcos Viana (Autor),"Indico ao Excelentíssimo Senhor Prefeito Municipal, que estude junto ao setor competente da administração, as possibilidades de realizar o serviço de divulgação do Colar de Girassol como símbolo de identificação das pessoas com deficiências ocultas, conforme disposto na Lei Municipal n° 3.507, de 20 de abril de 2022. A realização do...",Indicação nº 114/2023
113,2023,06/06/2023,Encaminhado,Marisa Alves da Silva Costa (Autor),"Indico ao Excelentíssimo Senhor Prefeito Municipal, que estude junto ao setor competente da administração, as possibilidades de aumentar a cota de castrações do Consórcio Intermunicipal de Saúde da Nova Alta Paulista (CISNAP) de 50 para 80 procedimentos. Gostaria de justificar tal medida levando em consideração os benefícios que a...",Indicação nº 113/2023
112,2023,06/06/2023,Encaminhado,Reinaldo Codognato (Autor),"Indico ao Excelentíssimo Senhor Prefeito Municipal, que estude junto ao setor competente da administração, as possibilidades de adequar a iluminação da rua Fayez Zogheib localizada no Bairro Pioneiros, paralelamente aos campos esportivos localizados no referido trecho de rua. Gostaria de justificar tal medida levando em consideração os...",Indicação nº 112/2023
111,2023,02/06/2023,Encaminhado,Reinaldo Codognato (Autor),"Indico ao Excelentíssimo Senhor Prefeito Municipal, que estude junto ao setor competente da administração, as possibilidades de construir redutores de velocidade em pontos estratégicos da Rua Santos Dumont, priorizando os Bairros Alto do Cene, Jardim Paulista e Jardim das Américas, além de construir também na rua Dom Pedro II. A presença...",Indicação nº 111/2023
110,2023,01/06/2023,Encaminhado,Anderson Marcos Viana (Autor),"Indico ao Excelentíssimo Senhor Prefeito Municipal, que estude junto ao setor competente da administração, as possibilidades de realizar a devida manutenção da área de lazer do bairro Residencial Carmesim e no parque ecológico, bem como aplicar herbicidas para reduzir o matagal presente nos locais. A manutenção adequada da área de lazer,...",Indicação nº 110/2023
109,2023,01/06/2023,Encaminhado,Anderson Marcos Viana (Autor),"Indico ao Excelentíssimo Senhor Prefeito Municipal, que estude junto ao setor competente da administração, as possibilidades de realizar a manutenção e limpeza das canaletas com grades de cimento do sistema de drenagem da rua Rui Barbosa, principalmente nos encontros das ruas São Paulo, Curitiba e São Salvador. As canaletas obstruídas...",Indicação nº 109/2023
108,2023,01/06/2023,Encaminhado,Anderson Marcos Viana (Autor),"Indico ao Excelentíssimo Senhor Prefeito Municipal, que estude junto ao setor competente da administração, as possibilidades de dar continuidade às lombadas ou lombo faixas que já foram riscadas no asfalto há alguns meses nos trechos da Avenida Geraldo Fudo com a rua Liogi Iwaki e na rua Professora Maria Eugênia Regazolli localizada no...",Indicação nº 108/2023
107,2023,01/06/2023,Encaminhado,Anderson Marcos Viana (Autor),"Indico ao Excelentíssimo Senhor Prefeito Municipal, reforçando a indicação n° 36/2022, de autoria do Vereador Anderson Marcos Viana, que estude junto ao setor competente da administração, as possibilidades de realizar a devida manutenção da quadra de areia localizada no parque ecológico. A quadra de areia no parque ecológico é um espaço...",Indicação nº 107/2023
106,2023,24/05/2023,Encaminhado,"Valdir Aparecido de Oliveira (Autor), Anderson Marcos Viana (Autor), Elio Furini Neto (Autor)","Indico ao Excelentíssimo Senhor Prefeito Municipal, reforçando a indicação n° 135/2022, de autoria dos Vereadores Anderson Marcos Viana, Elio Furini Neto e Valdir Aparecido de Oliveira, que estude junto ao setor competente da administração, as possibilidades de construir um poço artesiano com reservatório estilo taça no Bairro Villa São...",Indicação nº 106/2023
105,2023,24/05/2023,Encaminhado,Valdir Aparecido de Oliveira (Autor),"Indico ao Excelentíssimo Senhor Prefeito Municipal, que estude junto ao setor competente da administração, as possibilidades de adquirir camas hospitalares, cadeiras de rodas, cadeiras de banho, colchões casca de ovo, muletas e bengalas. Essa medida se justifica com o objetivo de fornecer auxílio às famílias que necessitam desses...",Indicação nº 105/2023
104,2023,24/05/2023,Encaminhado,"Anderson Marcos Viana (Autor), Valdir Aparecido de Oliveira (Autor)","Indico ao Excelentíssimo Senhor Prefeito Municipal, que estude junto ao setor competente da administração, as possibilidades de realizar o serviço de tapa buracos na Vicinal José Siniciato JQL 050 que dá aceso à Usina Vale Verde, além de implementar redutores de velocidade próximo à Cooperativa de Trabalho dos Catadores de Materiais...",Indicação nº 104/2023
103,2023,24/05/2023,Encaminhado,"Anderson Marcos Viana (Autor), Paulo Sérgio Cordeiro (Autor)","Indico ao Excelentíssimo Senhor Prefeito Municipal, que estude junto ao setor competente da administração, as possibilidades de realizar o serviço de tapa buracos no Distrito Industrial 4. Esta medida se justifica em virtude da degradação de vários trechos do asfalto nessa região mesmo tendo sido realizados serviços de pavimentação...",Indicação nº 103/2023
102,2023,24/05/2023,Encaminhado,Marisa Alves da Silva Costa (Autor),"Indico ao Excelentíssimo Senhor Prefeito Municipal, reforçando a indicação n° 101/2022, de autoria da Vereadora Marisa Alves da Silva Costa, que estude junto ao setor competente da administração, as possibilidades de implementar um crédito mensal destinado ao custeio de atendimentos e consultas médicas para animais carentes no município...",Indicação nº 102/2023
101,2023,24/05/2023,Encaminhado,"Anderson Marcos Viana (Autor), Elio Furini Neto (Autor)","Indico ao Excelentíssimo Senhor Prefeito Municipal, que estude junto ao setor competente da administração, as possibilidades de incluir a devida iluminação no complexo esportivo que está sendo construído no bairro Vila Beatriz. Tal medida é justificada pelo fato de que o projeto de engenharia da benfeitoria atualmente não apresenta um...",Indicação nº 101/2023
100,2023,24/05/2023,Encaminhado,Sofia Rodrigues dos Santos (Autor),"Indico ao Excelentíssimo Senhor Prefeito Municipal, que estude com muito carinho junto ao setor competente da administração, as possibilidades de estar designando o nome do saudoso Senhor João Aparecido Zanzarin para o terminal rodoviário de nossa cidade. Como justificativa ao nosso pedido, lembramos que o Senhor João Zanzarini trabalhou...",Indicação nº 100/2023
099,2023,19/05/2023,Encaminhado,Valdir Aparecido de Oliveira (Autor),"Indico ao Excelentíssimo Senhor Prefeito Municipal, que estude junto ao setor competente da administração, as possibilidades de construir um memorial para as vítimas fatais da COVID-19 na entrada do trevo principal do município, na Avenida Geraldo Fudo. A pandemia da COVID-19 causou um impacto significativo em nossa comunidade,...",Indicação nº 099/2023
098,2023,19/05/2023,Encaminhado,Reinaldo Codognato (Autor),"Indico ao Excelentíssimo Senhor Prefeito Municipal, que estude junto ao setor competente da administração, as possibilidades de intitular a futura meia quadra de basquete com o nome “Quadrinha do Português”, em homenagem ao saudoso senhor Antônio Carlos Martins Pereira. Recomendo essa medida levando em consideração o importante legado...",Indicação nº 098/2023
097,2023,18/05/2023,Encaminhado,Reinaldo Codognato (Autor),"Indico ao Excelentíssimo Senhor Prefeito Municipal, que estude junto ao setor competente da administração, as possibilidades de proporcionar melhorias para os vendedores ambulantes que apresentam e vendem seus trabalhos na entrada da cidade. Ao oferecer melhorias para esses trabalhadores, a prefeitura estará contribuindo para sua...",Indicação nº 097/2023
096,2023,18/05/2023,Encaminhado,"Reinaldo Codognato (Autor), Marisa Alves da Silva Costa (Autor)","Indico ao Excelentíssimo Senhor Prefeito Municipal, que estude junto ao setor competente da administração, as possibilidades de implementar a matéria de Ciências Políticas na grade de ensino das escolas municipais. Trata-se de uma medida de extrema importância para a formação cidadã e o desenvolvimento de uma sociedade mais participativa...",Indicação nº 096/2023
095,2023,18/05/2023,Encaminhado,"Reinaldo Codognato (Autor), Sofia Rodrigues dos Santos (Autor)","Indico ao Excelentíssimo Senhor Prefeito Municipal, que estude junto ao setor competente da administração, as possibilidades de implementar uma faixa elevada na Rua Quinzinho da Cunha na localização da Escola Neyde Macedo onde está com um fluxo muito grande de carros e motos, muitos em alta velocidade, os quais por diversas vezes já...",Indicação nº 095/2023
094,2023,11/05/2023,Encaminhado,Elio Furini Neto (Autor),"Indico ao Excelentíssimo Senhor Prefeito Municipal, que estude junto ao setor competente da administração, as possibilidades de permitir o acesso de automóveis de pessoas que possuem dificuldade de locomoção ou algum tipo de deficiência no Bosque Municipal, além de destinar um estacionamento exclusivo para eles. É fundamental garantir a...",Indicação nº 094/2023
093,2023,10/05/2023,Encaminhado,Valdir Aparecido de Oliveira (Autor),"Indico ao Excelentíssimo Senhor Prefeito Municipal, que estude junto ao setor competente da administração, as possibilidades de construir coberturas nas entradas das Estratégias e Saúde da Família (ESFs) II, III, IV e VII. A construção de coberturas nas entradas das ESFs proporcionaria maior conforto aos usuários, que muitas vezes...",Indicação nº 093/2023
092,2023,10/05/2023,Encaminhado,"Valdir Aparecido de Oliveira (Autor), Anderson Marcos Viana (Autor), Elio Furini Neto (Autor), Rui Domingos da Silva (Autor)","Indico ao Excelentíssimo Senhor Prefeito Municipal, que estude junto ao setor competente da administração, as possibilidades de adequar a iluminação das mesas das áreas verdes dos bairros Aliança, Campo Belo, Carmesim II e demais áreas que forrem necessárias. A iluminação adequada das mesas nas áreas verdes traria mais segurança aos...",Indicação nº 092/2023
091,2023,10/05/2023,Encaminhado,"Reinaldo Codognato (Autor), Sofia Rodrigues dos Santos (Autor)","Indico ao Excelentíssimo Senhor Prefeito Municipal, que estude junto ao setor competente da administração, as possibilidades de designar o contingente policial remunerado pela atividade Delegada para ações como fiscalização de trânsito em pontos estratégicos da cidade em diversificados horários, para que os condutores que transitam em...",Indicação nº 091/2023
090,2023,10/05/2023,Encaminhado,Anderson Marcos Viana (Autor),"Indico ao Excelentíssimo Senhor Prefeito Municipal, que estude junto ao setor competente da administração, as possibilidades de realizar a manutenção do telhado e paredes da Biblioteca Municipal em razão das infiltrações decorrentes dos períodos de chuva. A Biblioteca Municipal é um importante patrimônio cultural e educacional de nossa...",Indicação nº 090/2023
089,2023,09/05/2023,Encaminhado,"Reinaldo Codognato (Autor), Valdir Aparecido de Oliveira (Autor), Rui Domingos da Silva (Autor)","Indico ao Excelentíssimo Senhor Prefeito Municipal, que estude junto ao setor competente da administração, as possibilidades de implementar o projeto melhor caminho nas estradas rurais dos bairros Juriti, 2ª seção e trecho do bairro União. A manutenção adequada dessas estradas garantirá a mobilidade da população, evitando dificuldades e...",Indicação nº 089/2023
088,2023,09/05/2023,Encaminhado,"Reinaldo Codognato (Autor), Marisa Alves da Silva Costa (Autor)","Indico ao Excelentíssimo Senhor Prefeito Municipal, que estude junto ao setor competente da administração, as possibilidades de instalar brinquedos inclusivos nas praças públicas do município, para que cadeirantes e não cadeirantes possam brincar se socializar juntos. A instalação de brinquedos inclusivos nas praças públicas promove a...",Indicação nº 088/2023
087,2023,08/05/2023,Encaminhado,Teresinha de Lourdes Freitas Regodanso (Autor),"Indico ao Excelentíssimo Senhor Prefeito Municipal, reforçando a indicação n° 10/2022 de autoria da Vereadora Teresinha de Lourdes Freitas Regodanso, que estude junto ao setor competente da administração, as possibilidades de implantar uma academia ao ar livre na praça (área verde) localizada no loteamento Delta Ville, além de outras...",Indicação nº 087/2023
086,2023,08/05/2023,Encaminhado,Anderson Marcos Viana (Autor),"Indico ao Excelentíssimo Senhor Prefeito Municipal, que estude junto ao setor competente da administração, as possibilidades de entrar em contato com a administração do município de Tupi Paulista para que venham construir a ponte que liga os dois municípios. A construção da ponte proporcionaria uma melhoria significativa na...",Indicação nº 086/2023
085,2023,08/05/2023,Encaminhado,Anderson Marcos Viana (Autor),"Indico ao Excelentíssimo Senhor Prefeito Municipal, que estude junto ao setor competente da administração, as possibilidades de instalar um bebedouro de água na área de lazer do bairro Jardim Alvorada e, caso esteja na programação, instalar também no Bosque Municipal. A instalação de bebedouros de água em áreas de lazer dos bairros é uma...",Indicação nº 085/2023
084,2023,05/05/2023,Encaminhado,Anderson Marcos Viana (Autor),"Indico ao Excelentíssimo Senhor Prefeito Municipal, que estude junto ao setor competente da administração, as possibilidades de realizar manutenção nos esgotos próximos ao Centro de Formação Educacional (CEFE). Tal indicação se justifica em razão do forte mal cheiro que vem tomando conta das proximidades do CEFE, prejudicando assim...",Indicação nº 084/2023
083,2023,03/05/2023,Encaminhado,Paulo Sérgio Cordeiro (Autor),"Indico ao Excelentíssimo Senhor Prefeito Municipal, que estude junto ao setor competente da administração, as possibilidades de disponibilizar mais dias para a entrega de remédios de alto custo na Farmácia Municipal. A medida pretende reduzir o tempo de espera para as retiradas, uma vez que vêm sendo formadas longas filas de pessoas em...",Indicação nº 083/2023
082,2023,03/05/2023,Encaminhado,Anderson Marcos Viana (Autor),"Indico ao Excelentíssimo Senhor Prefeito Municipal, que estude junto ao setor competente da administração, as possibilidades de realizar mutirões de limpeza contra o Mosquito Aedes Aegypti, transmissor da dengue, Chikungunya, Zika vírus e febre amarela. O objetivo do mutirão é conscientizar a população por meio do recolhimento de...",Indicação nº 082/2023
081,2023,02/05/2023,Encaminhado,Anderson Marcos Viana (Autor),"Indico ao Excelentíssimo Senhor Prefeito Municipal, que estude junto ao setor competente da administração, as possibilidades de realizar a limpeza e roçagem do mato alto localizado no final da Rua São Salvador e na Rua Chapéu de Couro. Tal indicação se justifica em razão de vários munícipes estarem efetuando esse pedido há cerca de 2...",Indicação nº 081/2023
080,2023,27/04/2023,Encaminhado,Anderson Marcos Viana (Autor),"Indico ao Excelentíssimo Senhor Prefeito Municipal, que estude junto ao setor competente da administração, as possibilidades de retornar com os atendimentos odontológicos nas escolas municipais com um intervalo de 1 mês entre cada consulta. Tal indicação se justifica em razão da saúde bucal estar diretamente relacionada com a qualidade...",Indicação nº 080/2023
079,2023,27/04/2023,Encaminhado,Marisa Alves da Silva Costa (Autor),"Indico ao Excelentíssimo Senhor Prefeito Municipal, que estude junto ao setor competente da administração, as possibilidades de realizar a manutenção do telhado ou troca de algumas telhas do barracão do recinto da ACERUVA onde ocorrem as atividades de ginástica. Tal indicação se justifica em razão da preocupação que se tem com os...",Indicação nº 079/2023
078,2023,27/04/2023,Encaminhado,"Teresinha de Lourdes Freitas Regodanso (Autor), Anderson Marcos Viana (Autor), Elio Furini Neto (Autor), Paulo Sérgio Cordeiro (Autor)","Indico ao Excelentíssimo Senhor Prefeito Municipal, que estude junto ao setor competente da administração, as possibilidades de realizar as seguintes benfeitorias no Centro Educacional Infantil (CEI) Raio de Luz: instalação de câmeras, construir uma cobertura no espaço da lateral onde já é cimentado e há bancos nos moldes de como já foi...",Indicação nº 078/2023
077,2023,27/04/2023,Encaminhado,Valdir Aparecido de Oliveira (Autor),"Indico ao Excelentíssimo Senhor Prefeito Municipal, que estude junto ao setor competente da administração, as possibilidades de utilizar drones para o combate à Dengue. Através de tal medida, será facilitado o processo de identificação de focos em locais de difícil acesso para as equipes de Agentes de Combate a Endemias, como imóveis...",Indicação nº 077/2023
076,2023,19/04/2023,Encaminhado,Valdir Aparecido de Oliveira (Autor),"Indico ao Excelentíssimo Senhor Prefeito Municipal, que estude junto ao setor competente da administração, as possibilidades de realizar a manutenção da ponte do córrego palmeiras, localizada no bairro 2ª Seção, ponte esta que faz divisa entre os Municípios de Junqueirópolis e Dracena, além de realizar a manutenção da estrada. Tal...",Indicação nº 076/2023
075,2023,19/04/2023,Encaminhado,"Valdir Aparecido de Oliveira (Autor), Anderson Marcos Viana (Autor)","Indico ao Excelentíssimo Senhor Prefeito Municipal, que estude junto ao setor competente da administração, as possibilidades de realizar a manutenção do telhado da Rodoviária Municipal. Tal indicação se justifica em razão das infiltrações em alguns pontos do local, ocasionando por consequência goteiras que podem trazer riscos de...",Indicação nº 075/2023
074,2023,17/04/2023,Encaminhado,"Teresinha de Lourdes Freitas Regodanso (Autor), Anderson Marcos Viana (Autor), Elio Furini Neto (Autor)","Indico ao Excelentíssimo Senhor Prefeito Municipal, que estude junto ao setor competente da administração, as possibilidades de cobrir o espaço cimentado localizado no Centro Educacional Infantil (CEI) Sonho de Criança, na esquina das ruas Ipiranga e Porto Alegre. Tal indicação se justifica em razão da necessidade em se proteger e dar...",Indicação nº 074/2023
073,2023,17/04/2023,Encaminhado,Paulo Sérgio Cordeiro (Autor),"Indico ao Excelentíssimo Senhor Prefeito Municipal, que estude junto ao setor competente da administração, as possibilidades de dar prioridade nos atendimentos dos Estratégias Saúde da Família (ESFs) para as crianças e idosos. Tal indicação se justifica em razão da necessidade em se empregar um atendimento mais ágil para os cidadãos que...",Indicação nº 073/2023
072,2023,13/04/2023,Encaminhado,"Teresinha de Lourdes Freitas Regodanso (Autor), Anderson Marcos Viana (Autor)","Indico ao Excelentíssimo Senhor Prefeito Municipal, que estude junto ao setor competente da administração, as possibilidades de realizar uma reforma geral no Centro Educacional Infantil (CEI) Cristo Redentor. Tal indicação se justifica em razão do referido local estar necessitando de cuidados, uma vez que há infiltrações e rachaduras que...",Indicação nº 072/2023
071,2023,13/04/2023,Encaminhado,"Anderson Marcos Viana (Autor), Teresinha de Lourdes Freitas Regodanso (Autor)","Indico ao Excelentíssimo Senhor Prefeito Municipal, que estude junto ao setor competente da administração, as possibilidades de construir uma faixa elevada (lombofaixa) de acordo com a resolução Nº 738/2018 do Conselho Nacional de Trânsito (CONTRAN) no encontro das ruas Dom Pedro II e Porto Alegre. Tal indicação se justifica em razão do...",Indicação nº 071/2023
070,2023,13/04/2023,Encaminhado,Anderson Marcos Viana (Autor),"Indico ao Excelentíssimo Senhor Prefeito Municipal, que estude junto ao setor competente da administração, as possibilidades de dar sequência aos projetos de pavimentação asfáltica das ruas Chapéu de Couro e Santa Fé. Tal indicação se justifica em razão dos respectivos convênios já terem sido firmados, facilitando assim a continuidade...",Indicação nº 070/2023
069,2023,12/04/2023,Encaminhado,Valdir Aparecido de Oliveira (Autor),"Indico ao Excelentíssimo Senhor Prefeito Municipal, que estude junto ao setor competente da administração, as possibilidades de construir uma meia quadra com aros de basquete em alguns bairros do município. Tal indicação se justifica em razão da demanda da juventude que frequenta o Ginásio de Esportes Cícero Gomes para praticar a...",Indicação nº 069/2023
068,2023,10/04/2023,Encaminhado,Elio Furini Neto (Autor),"Indico ao Excelentíssimo Senhor Prefeito Municipal, complementando a indicação n° 52/2023, que estude junto ao setor competente da administração, as possibilidades de disponibilizar um profissional capacitado em Língua Brasileira de Sinais (LIBRAS), quando necessário, nas reuniões de pais ou responsáveis das escolas e Centros...",Indicação nº 068/2023
067,2023,10/04/2023,Encaminhado,Elio Furini Neto (Autor),"Indico ao Excelentíssimo Senhor Prefeito Municipal, que estude junto ao setor competente da administração, as possibilidades de implementar um semáforo no cruzamento da avenida 7 de Setembro com a rua Quinzinho da Cunha. A sinalização semafórica é uma solução eficiente para melhorar o fluxo do trânsito, aumentando a segurança viária,...",Indicação nº 067/2023
066,2023,10/04/2023,Encaminhado,Paulo Sérgio Cordeiro (Autor),"Indico ao Excelentíssimo Senhor Prefeito Municipal, que estude junto ao setor competente da administração, as possibilidades de construir campos sintéticos nos bairros da Curitiba, Pioneiros e Cristo, nos moldes de como foi feito no bairro Jardim Paulista. Estes campos têm o objetivo de oferecerem mais uma opção de atividade aos...",Indicação nº 066/2023
065,2023,06/04/2023,Encaminhado,"Teresinha de Lourdes Freitas Regodanso (Autor), Anderson Marcos Viana (Autor)","Indico ao Excelentíssimo Senhor Prefeito Municipal, que estude junto ao setor competente da administração, as possibilidades de implementar a devida cobertura interna, como uma espécie de passarela, entre os blocos 1 e 2 do Centro Educacional Infantil (CEI) Criança Feliz. Tal indicação se justifica em razão da necessidade em se...",Indicação nº 065/2023
064,2023,06/04/2023,Encaminhado,Teresinha de Lourdes Freitas Regodanso (Autor),"Indico ao Excelentíssimo Senhor Prefeito Municipal, que estude junto ao setor competente da administração, as possibilidades de solucionar os problemas de ondulação do pavimento asfáltico da rua Sebastiana de Oliveira, sobretudo do trecho localizado entre as ruas Victor Junqueira e Porto Alegre. Estas deformações se dão por conta do alto...",Indicação nº 064/2023
063,2023,05/04/2023,Encaminhado,Reinaldo Codognato (Autor),"Indico ao Excelentíssimo Senhor Prefeito Municipal, reforçando a indicação n° 81/2022 de autoria dos Vereadores Reinaldo Codognato e Rui Domingos da Silva, que estude junto ao setor competente da administração, as possibilidades de implementar uma lixeira comunitária no Bairro Duas Barras. Tal indicação se justifica em razão da expansão...",Indicação nº 063/2023
062,2023,05/04/2023,Encaminhado,Rui Domingos da Silva (Autor),"Indico ao Excelentíssimo Senhor Prefeito Municipal, que estude junto ao setor competente da administração, as possibilidades de instalar cercas elétricas nas escolas e centros educacionais infantis (CEIs), além de contratar guardas diurnos para garantir a segurança das crianças e jovens. O item de segurança garantirá a integridade de...",Indicação nº 062/2023
061,2023,04/04/2023,Encaminhado,Anderson Marcos Viana (Autor),"Indico ao Excelentíssimo Senhor Prefeito Municipal, que estude junto ao setor competente da administração, as possibilidades de construir uma faixa elevada (lombofaixa) de acordo com a resolução Nº 738/2018 do Conselho Nacional de Trânsito (CONTRAN) próximo ao ponto de ônibus do bairro Jardim das Américas. Tal indicação se justifica em...",Indicação nº 061/2023
060,2023,31/03/2023,Encaminhado,"Anderson Marcos Viana (Autor), Valdir Aparecido de Oliveira (Autor)","Indico ao Excelentíssimo Senhor Prefeito Municipal, que estude junto ao setor competente da administração, as possibilidades de ceder um local adequado no aterro sanitário para enterrar os animais domésticos de pequeno porte falecidos, como uma espécie de vala. Tal indicação se justifica em razão de atualmente os animais que são mortos...",Indicação nº 060/2023
059,2023,30/03/2023,Encaminhado,Rui Domingos da Silva (Autor),"Indico ao Excelentíssimo Senhor Prefeito Municipal, que estude junto ao setor competente da administração, as possibilidades de realizar uma pequena reforma na casa de apoio aos munícipes que fazem tratamento na cidade de Jaú. Tal reforma incluiria alguns reparos e melhorias como na pintura do local, a fim de proporcionar um maior...",Indicação nº 059/2023
058,2023,24/03/2023,Encaminhado,Anderson Marcos Viana (Autor),"Indico ao Excelentíssimo Senhor Prefeito Municipal, que estude junto ao setor competente da administração, as possibilidades de organizar uma semana comemorativa para Dia Mundial de Conscientização do Autismo, celebrado em 2 de abril. Tal indicação se justifica em razão da necessidade em se levar informação à população para reduzir a...",Indicação nº 058/2023
057,2023,24/03/2023,Encaminhado,Reinaldo Codognato (Autor),"Indico ao Excelentíssimo Senhor Prefeito Municipal, que estude junto ao setor competente da administração, as possibilidades de elaborar o Projeto Cidade Identificada, que estabelece a instalação de placas de identificação dos nomes dos nossos 16 bairros e 21 saídas intermunicipais de Junqueirópolis. O objetivo é melhorar o trânsito no...",Indicação nº 057/2023
056,2023,24/03/2023,Encaminhado,Teresinha de Lourdes Freitas Regodanso (Autor),"Indico ao Excelentíssimo Senhor Prefeito Municipal, que estude junto ao setor competente da administração, as possibilidades de realizar a manutenção dos pisos intervalados de concreto que revestem a Praça Álvaro de Oliveira Junqueira. Tal indicação se justifica em razão do calçamento do referido local estar irregular, gerando por...",Indicação nº 056/2023
055,2023,24/03/2023,Encaminhado,Valdir Aparecido de Oliveira (Autor),"Indico ao Excelentíssimo Senhor Prefeito Municipal, que estude junto ao setor competente da administração, as possibilidades de disponibilizar caçambas para a retirada de lixos que possam acumular água e, consequentemente, servir como criadouro do mosquito Aedes Aegypti, realizando uma medida conjunta com o Projeto Limpeza Beleza que...",Indicação nº 055/2023
054,2023,23/03/2023,Encaminhado,Anderson Marcos Viana (Autor),"Indico ao Excelentíssimo Senhor Prefeito Municipal, que estude junto ao setor competente da administração, as possibilidades de realizar a devida manutenção no Centro Comunitário do bairro Cristo Redentor. Tal indicação se justifica em razão dos pedidos feitos por parte da população que corriqueiramente pretendem utilizar o ambiente para...",Indicação nº 054/2023
053,2023,23/03/2023,Encaminhado,Anderson Marcos Viana (Autor),"Indico ao Excelentíssimo Senhor Prefeito Municipal, que estude junto ao setor competente da administração, as possibilidades de instalar redutores de velocidade na Rua Zeca da Cunha com a Rua São Salvador e na Rua Constantino Marcolino de Souza próximo à Avenida Geraldo Fudo, ao lado da Granol. Tal indicação se justifica em razão de...",Indicação nº 053/2023
052,2023,21/03/2023,Encaminhado,"Elio Furini Neto (Autor), Anderson Marcos Viana (Autor), Paulo Sérgio Cordeiro (Autor), Teresinha de Lourdes Freitas Regodanso (Autor)","Indicamos ao Excelentíssimo Senhor Prefeito Municipal, que estude junto ao setor competente da administração, as possibilidades de realizar a capacitação em Língua Brasileira de Sinais (LIBRAS) de alguns profissionais na área da saúde, para que quando necessário, eles possam auxiliar nos atendimentos. Faz parte do atendimento médico se...",Indicação nº 052/2023
051,2023,21/03/2023,Encaminhado,Anderson Marcos Viana (Autor),"Indico ao Excelentíssimo Senhor Prefeito Municipal, que estude junto ao setor competente da administração, as possibilidades de realizar a pavimentação asfáltica nos trechos localizados na via de acesso Joao Furini, defronte aos armazéns comerciais localizados atrás do mercadinho pioneiros. Tal indicação se justifica em razão do fato de...",Indicação nº 051/2023
050,2023,21/03/2023,Encaminhado,Anderson Marcos Viana (Autor),"Indico ao Excelentíssimo Senhor Prefeito Municipal, que estude junto ao setor competente da administração, as possibilidades de realizar uma reforma na pista de Skate do município. Tal indicação se justifica em razão das péssimas condições do local, sejam as rampas desgastadas que causam riscos aos praticantes, os corrimãos soltos e...",Indicação nº 050/2023
049,2023,21/03/2023,Encaminhado,Rui Domingos da Silva (Autor),"Indico ao Excelentíssimo Senhor Prefeito Municipal, que estude junto ao setor competente da administração, as possibilidades de adquirir um caminhão prancha para transporte de maquinário pesado utilizado na área rural. Com o novo equipamento, o transporte do maquinário até os locais onde serão realizadas obras públicas se torna mais...",Indicação nº 049/2023
048,2023,21/03/2023,Encaminhado,"Rui Domingos da Silva (Autor), Teresinha de Lourdes Freitas Regodanso (Autor)","Indico ao Excelentíssimo Senhor Prefeito Municipal, reforçando a indicação n° 001/2021 de autoria dos Vereadores Rui Domingos da Silva e Teresinha de Lourdes Freitas Regodanso, que estude junto ao setor competente da administração, as possibilidades de realizar a compra ou locação de um imóvel urbano próximo ao Hospital Regional de...",Indicação nº 048/2023
047,2023,21/03/2023,Encaminhado,Teresinha de Lourdes Freitas Regodanso (Autor),"Indico ao Excelentíssimo Senhor Prefeito Municipal, que estude junto ao setor competente da administração, as possibilidades de instalar ninhos artificiais (caixotes) nas palmeiras imperiais e demais árvores que são constantemente visitadas por araras. Tal indicação se justifica em razão da necessidade em se evitar a morte destas...",Indicação nº 047/2023
046,2023,17/03/2023,Encaminhado,Paulo Sérgio Cordeiro (Autor),"Indico ao Excelentíssimo Senhor Prefeito Municipal, que estude junto ao setor competente da administração, as possibilidades de realizar os reparos necessários no asfalto do trecho da entrada da cidade, próximo ao trevo. Tal indicação se justifica em razão do referido local possuir diversos buracos e fissuras, diminuindo assim a...",Indicação nº 046/2023
045,2023,17/03/2023,Encaminhado,"Reinaldo Codognato (Autor), Marisa Alves da Silva Costa (Autor), Sofia Rodrigues dos Santos (Autor)","Indicamos ao Excelentíssimo Senhor Prefeito Municipal, que estude junto ao setor competente da administração, as possibilidades de construir uma pista de caminhada no Bairro Jardim Primavera. Tal indicação se justifica em razão dos moradores do bairro solicitarem constantemente que haja um local propício para que eles possam caminhar e...",Indicação nº 045/2023
044,2023,17/03/2023,Encaminhado,"Reinaldo Codognato (Autor), Valdir Aparecido de Oliveira (Autor)","Indicamos ao Excelentíssimo Senhor Prefeito Municipal, que estude junto ao setor competente da administração, as possibilidades de realizar a manutenção do campo sintético do Bairro Jardim Paulista. Tal indicação se justifica em razão do referido local estar demasiadamente deteriorado, uma vez que o campo já foi construído há anos, mas...",Indicação nº 044/2023
043,2023,17/03/2023,Encaminhado,"Reinaldo Codognato (Autor), Rui Domingos da Silva (Autor)","Indicamos ao Excelentíssimo Senhor Prefeito Municipal, que estude junto ao setor competente da administração, as possibilidades de tomar providências definitivas acerca do direcionamento e escoamento correto das águas pluviais no Residencial Recanto dos Eucaliptos. Tal indicação se justifica em razão de vários pedidos feitos por parte da...",Indicação nº 043/2023
042,2023,17/03/2023,Encaminhado,Reinaldo Codognato (Autor),"Indico ao Excelentíssimo Senhor Prefeito Municipal, que estude junto ao setor competente da administração, as possibilidades de tomar providências perante a empresa que realizou os serviços de recapeamento na Vicinal Henrique Coutinho que compreende o trecho localizado entre a Rodovia Comandante João Ribeiro de Barros e a Usina Viterra...",Indicação nº 042/2023
041,2023,16/03/2023,Encaminhado,Elio Furini Neto (Autor),"Indico ao Excelentíssimo Senhor Prefeito Municipal, que estude junto ao setor competente da administração, as possibilidades de instalar um toldo ou cobertura entre o portão e a entrada dos Centro Educacionais Infantis (CEIs) que não possuem. Tal indicação se justifica em razão da necessidade em se proteger e dar comodidade no trajeto de...",Indicação nº 041/2023
040,2023,15/03/2023,Encaminhado,Marisa Alves da Silva Costa (Autor),"Indico ao Excelentíssimo Senhor Prefeito Municipal, que estude junto ao setor competente da administração, as possibilidades de conceder aos servidores da Biblioteca Municipal de Junqueirópolis Gratificação Especial, denominada Gratificação Por Tempo Integral e Dedicação Exclusiva – GTIDE. Tal indicação se justifica em razão destes...",Indicação nº 040/2023
039,2023,15/03/2023,Encaminhado,Elio Furini Neto (Autor),"Indico ao Excelentíssimo Senhor Prefeito Municipal, que estude junto ao setor competente da administração, as possibilidades de reforçar os muros e instalar câmeras de segurança no CEI (Centro Educacional Infantil) Sonho de Criança. Tal indicação se justifica em razão do referido local ter passado por recentes episódios de vandalismo e...",Indicação nº 039/2023
038,2023,15/03/2023,Encaminhado,Elio Furini Neto (Autor),"Indico ao Excelentíssimo Senhor Prefeito Municipal, reforçando a indicação n° 48/2021, de autoria do Vereador Elio Furini Neto, que estude as possibilidades de estar implantando um serviço de transporte coletivo denominado como ""Circular da Saúde"", apropriado para transporte de pacientes com deficiência física, principalmente os que...",Indicação nº 038/2023
037,2023,13/03/2023,Encaminhado,Anderson Marcos Viana (Autor),"Indico ao Excelentíssimo Senhor Prefeito Municipal, que estude junto ao setor competente da administração, as possibilidades de adequar a iluminação da Avenida Rio Branco, no setor que compreende a Feira Livre de Junqueirópolis. Tal indicação se justifica em razão do referido local estar muito escuro durante a noite por conta das árvores...",Indicação nº 037/2023
036,2023,09/03/2023,Encaminhado,Teresinha de Lourdes Freitas Regodanso (Autor),"Indico ao Excelentíssimo Senhor Prefeito Municipal, que estude junto ao setor competente da administração, as possibilidades de realizar o recapeamento da Rua Independência, no trecho localizado da Avenida Junqueira até a Rua Recife. Tal indicação se justifica em razão do referido local estar com muitos buracos, dificultando a passagem...",Indicação nº 036/2023
035,2023,09/03/2023,Encaminhado,"Teresinha de Lourdes Freitas Regodanso (Autor), Anderson Marcos Viana (Autor), Elio Furini Neto (Autor), Paulo Sérgio Cordeiro (Autor)","Indico ao Excelentíssimo Senhor Prefeito Municipal, que estude junto ao setor competente da administração, as possibilidades de substituir os equipamentos de ginástica ao ar livre do Centro de Convivência do Idoso (CCI). Tal indicação se justifica em razão dos atuais aparelhos do local serem de madeira, oferecendo riscos para aqueles que...",Indicação nº 035/2023
034,2023,08/03/2023,Encaminhado,Anderson Marcos Viana (Autor),"Indico ao Excelentíssimo Senhor Prefeito Municipal, que estude junto ao setor competente da administração, as possibilidades de ceder alimentação aos pacientes que vão à Presidente Prudente em suas consultas médicas. Tal indicação se justifica em razão de alguns munícipes passarem horas aguardando suas consultas e não terem condições de...",Indicação nº 034/2023
033,2023,08/03/2023,Encaminhado,Anderson Marcos Viana (Autor),"Indico ao Excelentíssimo Senhor Prefeito Municipal, que estude junto ao setor competente da administração, as possibilidades de providenciar pedras brita ou material relacionado para revestir a rua Chapéu de Couro. Tal indicação se justifica em razão da referida via não possuir pavimentação asfáltica e nem guia para conter as enxurradas,...",Indicação nº 033/2023
032,2023,08/03/2023,Encaminhado,Anderson Marcos Viana (Autor),"Indico ao Excelentíssimo Senhor Prefeito Municipal, que estude junto ao setor competente da administração, as possibilidades de construir um redutor de velocidade denominado como “lombada ou lombo faixa” ou um sonorizador na Avenida Latina, próximo ao ponto de ônibus e próximo ao Estratégia Saúde da Família (ESF) III. Tal indicação se...",Indicação nº 032/2023
031,2023,08/03/2023,Encaminhado,Anderson Marcos Viana (Autor),"Indico ao Excelentíssimo Senhor Prefeito Municipal, que estude junto ao setor competente da administração, as possibilidades de construir um redutor de velocidade denominado como “lombada ou lombo faixa” ou um sonorizador na Rua São Salvador, próximo ao ponto de ônibus no bairro Jardim Alvorada. Tal indicação se justifica em razão do...",Indicação nº 031/2023
030,2023,03/03/2023,Encaminhado,"Reinaldo Codognato (Autor), Valdir Aparecido de Oliveira (Autor)","Indico ao Excelentíssimo Senhor Prefeito Municipal, que estude junto ao setor competente da administração, as possibilidades de intensificar a fiscalização das estradas rurais do município. Tal indicação se justifica em razão da necessidade em se fazer cumprir a Lei Municipal Nº 1.921, de 06 de outubro de 1997, em especial o Art. 3º...",Indicação nº 030/2023
029,2023,03/03/2023,Encaminhado,Reinaldo Codognato (Autor),"Indico ao Excelentíssimo Senhor Prefeito Municipal, que estude junto ao setor competente da administração, as possibilidades de intitular as futuras instalações do complexo da saúde que serão finalizadas em nosso município com o nome do saudoso senhor Jorge Yochinobu Chihara. Tal indicação se justifica em razão de Jorge ter nascido...",Indicação nº 029/2023
028,2023,03/03/2023,Encaminhado,Reinaldo Codognato (Autor),"Indico ao Excelentíssimo Senhor Prefeito Municipal, que estude junto ao setor competente da administração, as possibilidades de realizar o evento “Domingo no Bairro” no Bairro Alto do Cene. Tal indicação se justifica em razão dos vários pedidos feitos por parte da população, uma vez que há alguns meses o evento não é realizado no...",Indicação nº 028/2023
027,2023,02/03/2023,Encaminhado,Anderson Marcos Viana (Autor),"Indico ao Excelentíssimo Senhor Prefeito Municipal, que estude junto ao setor competente da administração, as possibilidades de trocar o playground do Bairro Jardim Alvorada. Tal indicação se justifica em razão do atual playground do local ser de madeira, oferecendo riscos para as crianças que ali brincam diariamente. Vale ressaltar...",Indicação nº 027/2023
026,2023,02/03/2023,Encaminhado,"Anderson Marcos Viana (Autor), Valdir Aparecido de Oliveira (Autor)","Indicamos ao Excelentíssimo Senhor Prefeito Municipal, que estude junto ao setor competente da administração, as possibilidades de construir um salão comunitário no Bairro da Vila Beatriz juntamente com o vestiário que já se faz presente no local. Tal indicação se justifica em razão das várias reinvindicações feitas por parte dos...",Indicação nº 026/2023
025,2023,02/03/2023,Encaminhado,Teresinha de Lourdes Freitas Regodanso (Autor),"Indico ao Excelentíssimo Senhor Prefeito Municipal, que estude junto ao setor competente da administração, as possibilidades de realizar o recapeamento asfáltico dos seguintes trechos: no quarteirão da Rua Victor Junqueira entres as Ruas Zeca da Cunha e Washington Luiz e na Avenida Junqueira, principalmente no trecho entre a Rua...",Indicação nº 025/2023
024,2023,02/03/2023,Encaminhado,Valdir Aparecido de Oliveira (Autor),"Indico ao Excelentíssimo Senhor Prefeito Municipal, que juntamente com a sua assessoria jurídica e setor de pessoal, estudem as possibilidades no sentido de estarem incluindo no Título VI de que trata dos Direitos e Vantagens dos Servidores Municipais, constante na Lei Complementar n. 17/1991, que dispõe sobre o Estatuto dos...",Indicação nº 024/2023
023,2023,02/03/2023,Encaminhado,Valdir Aparecido de Oliveira (Autor),"Indico ao Excelentíssimo Senhor Prefeito Municipal, que estude junto ao setor competente da administração, as possibilidades de realizar a locação de um imóvel para poder atender a demanda de crianças que necessitam frequentar o Centro Educacional Infantil (CEI) do Cristo Redentor como já ocorreu anteriormente com um imóvel próximo...",Indicação nº 023/2023
022,2023,23/02/2023,Encaminhado,Valdir Aparecido de Oliveira (Autor),"Indico ao Excelentíssimo Senhor Prefeito Municipal, reforçando a indicação n° 21/2022, de autoria do Vereador Valdir Aparecido de Oliveira, que estude junto ao setor competente da administração, as possibilidades de adquirir uma moto fumacê para ajudar no combate à dengue, Chikungunya, pernilongos e demais insetos. Tal indicação se...",Indicação nº 022/2023
021,2023,23/02/2023,Encaminhado,Rui Domingos da Silva (Autor),"Indico ao Excelentíssimo Senhor Prefeito Municipal, que estude junto ao setor competente da administração, as possibilidades de realizar uma revisão geral em todos os parques, praças e playgrounds do município. Tal indicação se justifica em razão dos benefícios que as reformas trarão para toda a família, que pode aproveitar com segurança...",Indicação nº 021/2023
020,2023,23/02/2023,Encaminhado,"Elio Furini Neto (Autor), Anderson Marcos Viana (Autor)","Indicamos ao Excelentíssimo Senhor Prefeito Municipal, que estude junto ao setor competente da administração, as possibilidades de melhorar e ampliar a captação de águas pluviais no encontro da Avenida Junqueira com a Rua São Paulo, nas proximidades do Lar do Menor, e no encontro da Avenida Junqueira com a Rua José Bonifácio e a Avenida...",Indicação nº 020/2023
019,2023,23/02/2023,Encaminhado,Anderson Marcos Viana (Autor),"Indico ao Excelentíssimo Senhor Prefeito Municipal, que estude junto ao setor competente da administração, as possibilidades de trocar a iluminação pública da Avenida Junqueira, próximo ao Lar do Menor. Tal indicação se justifica em razão do referido local estar muito escuro por conta das diversas árvores que obstruem a iluminação,...",Indicação nº 019/2023
018,2023,16/02/2023,Encaminhado,Valdir Aparecido de Oliveira (Autor),"Indico ao Excelentíssimo Senhor Prefeito Municipal, que estude junto ao setor competente da administração, as possibilidades de implantar faixas de pedestres, criação de estacionamento exclusivo para deﬁcientes físicos e idosos, e ainda, se possível, a implantação de estacionamentos com ângulo de 45° defronte as Igrejas Católica e...",Indicação nº 018/2023
017,2023,16/02/2023,Encaminhado,Reinaldo Codognato (Autor),"Indico ao Excelentíssimo Senhor Prefeito Municipal, que estude junto ao setor competente da administração, as possibilidades de construir um redutor de velocidade denominado como “lombada ou lombo faixa” no encontro da Rua José Bonifácio com a Avenida Junqueira. Tal indicação se justifica em razão do referido local possuir um intenso...",Indicação nº 017/2023
016,2023,16/02/2023,Encaminhado,"Anderson Marcos Viana (Autor), Elio Furini Neto (Autor)","Indico ao Excelentíssimo Senhor Prefeito Municipal, reforçando a indicação n° 69/2022, de autoria dos Vereadores Anderson Marcos Viana e Elio Furini Neto, que estude junto ao setor competente da administração, as possibilidades de estar instalando pontos de água potável (bebedouros) em locais estratégicos da praça do Bairro Cristo...",Indicação nº 016/2023
015,2023,16/02/2023,Encaminhado,Anderson Marcos Viana (Autor),"Indico ao Excelentíssimo Senhor Prefeito Municipal, reforçando a indicação n° 91/2022, de autoria do Vereador Anderson Marcos Viana, que estude junto ao setor competente da administração, as possibilidades de realizar a devida reforma no playground e no calçamento da praça do centenário, bem como construção de bebedouros no local. Tal...",Indicação nº 015/2023
014,2023,16/02/2023,Encaminhado,Anderson Marcos Viana (Autor),"Indico ao Excelentíssimo Senhor Prefeito Municipal, reforçando a indicação n° 57/2022, de autoria do Vereador Anderson Marcos Viana, que estude junto ao setor competente da administração, as possibilidades de implementar a devida iluminação no trevo do Bairro Duas Barras. Tal indicação se justifica em razão de diversos pedidos feitos por...",Indicação nº 014/2023
013,2023,16/02/2023,Encaminhado,"Elio Furini Neto (Autor), Anderson Marcos Viana (Autor), Marisa Alves da Silva Costa (Autor), Paulo Sérgio Cordeiro (Autor), Reinaldo Codognato (Autor), Rui Domingos da Silva (Autor), Sofia Rodrigues dos Santos (Autor), Teresinha de Lourdes Freitas Regodanso (Autor), Valdir Aparecido de Oliveira (Autor)","Indicamos ao Excelentíssimo Senhor Prefeito Municipal, que estude junto ao setor competente da administração, as possibilidades de construir uma cabine de transmissão no Ginásio de Esportes Cícero Gomes para melhor acomodação das equipes de transmissão. Tal indicação se justifica em razão da falta de estrutura existente no referido...",Indicação nº 013/2023
012,2023,16/02/2023,Encaminhado,Anderson Marcos Viana (Autor),"Indico ao Excelentíssimo Senhor Prefeito Municipal, que estude junto ao setor competente da administração, as possibilidades de realizar a devida reforma e ampliação da Academia de Judô Municipal. Tal indicação se justifica em razão de diversos pedidos feitos pelos pais, que relatam o estado precário que a academia se encontra, além do...",Indicação nº 012/2023
011,2023,14/02/2023,Encaminhado,Valdir Aparecido de Oliveira (Autor),"Indico ao Excelentíssimo Senhor Prefeito Municipal, reforçando a indicação n° 40/2022, de autoria do Vereador Valdir Aparecido de Oliveira, que estude junto ao setor competente da administração, as possibilidades de realizar a manutenção ou substituição dos aparelhos de ginástica da academia ao ar livre existente defronte ao estádio. Tal...",Indicação nº 011/2023
010,2023,14/02/2023,Encaminhado,Anderson Marcos Viana (Autor),"Indico ao Excelentíssimo Senhor Prefeito Municipal, reforçando a indicação n° 166/2022, de autoria do Vereador Anderson Marcos Viana, que estude junto ao setor competente da administração, as possibilidades de intensificar o combate dos casos de aparecimento de escorpiões, aranhas ou outros animais venenosos. Tal indicação se justifica...",Indicação nº 010/2023
009,2023,09/02/2023,Encaminhado,"Reinaldo Codognato (Autor), Rui Domingos da Silva (Autor)","Indico ao Excelentíssimo Senhor Prefeito Municipal, que estude junto ao setor competente da administração, as possibilidades de realizar a distribuição de material escolar para as crianças que estudam na rede pública municipal de ensino. Tal indicação se justifica em razão de possuirmos crianças no município que não têm condições de ter...",Indicação n° 009/2023
008,2023,09/02/2023,Encaminhado,"Teresinha de Lourdes Freitas Regodanso (Autor), Reinaldo Codognato (Autor)","Indico ao Excelentíssimo Senhor Prefeito Municipal, que estude junto ao setor competente da administração, as possibilidades de realizar melhorias e reforma no Clube da Viola que se localiza nas dependências do recinto da Aceruva. Tal indicação se justifica em razão do mau estado que se encontra o ambiente, deteriorando os instrumentos...",Indicação n° 008/2023
007,2023,08/02/2023,Encaminhado,"Reinaldo Codognato (Autor), Marisa Alves da Silva Costa (Autor)","Indico ao Excelentíssimo Senhor Prefeito Municipal, que estude junto ao setor competente da administração, as possibilidades de implementar estacionamento 45 graus na Avenida Geraldo Fudo. Tal indicação se justifica em razão do aumento no número de prédios comerciais no referido local, fazendo com que os clientes e a população em geral...",Indicação n° 007/2023
006,2023,07/02/2023,Encaminhado,"Reinaldo Codognato (Autor), Valdir Aparecido de Oliveira (Autor), Sofia Rodrigues dos Santos (Autor)","Indico ao Excelentíssimo Senhor Prefeito Municipal, que estude junto ao setor competente da administração, as possibilidades de construir uma canaleta de captação de águas pluviais no encontro da Rua da Amora com a Rua do Caju. Tal indicação se justifica em razão de vários pedidos feitos por parte da população, que salientam a...",Indicação n° 006/2023
005,2023,07/02/2023,Encaminhado,Anderson Marcos Viana (Autor),"Indico ao Excelentíssimo Senhor Prefeito Municipal, que estude junto ao setor competente da administração, as possibilidades de adequar os bancos da Rua Piauí, no Bairro Colina Verde, que se encontram muito degradados. Tal indicação se justifica em razão do referido local ser altamente frequentado por boa parte dos munícipes, uma vez que...",Indicação n° 005/2023
004,2023,07/02/2023,Encaminhado,Anderson Marcos Viana (Autor),"Indico ao Excelentíssimo Senhor Prefeito Municipal, que estude junto ao setor competente da administração, as possibilidades de providenciar um ônibus coletivo que percorra os bairros do município. Tal indicação se justifica em razão do crescimento que o município teve durante os últimos anos, fazendo com que alguns moradores,...",Indicação n° 004/2023
003,2023,07/02/2023,Encaminhado,Anderson Marcos Viana (Autor),"Indico ao Excelentíssimo Senhor Prefeito Municipal, que estude junto ao setor competente da administração, as possibilidades de adequar a iluminação disposta nos playgrounds dos Bairros Jardim Campo Belo e Jardim Primavera. Tal indicação se justifica em razão dos referidos locais serem constantemente frequentados por jovens e crianças,...",Indicação n° 003/2023
002,2023,02/02/2023,Encaminhado,"Anderson Marcos Viana (Autor), Valdir Aparecido de Oliveira (Autor), Elio Furini Neto (Autor), Marisa Alves da Silva Costa (Autor), Paulo Sérgio Cordeiro (Autor), Reinaldo Codognato (Autor), Rui Domingos da Silva (Autor), Sofia Rodrigues dos Santos (Autor), Teresinha de Lourdes Freitas Regodanso (Autor)","Indicamos ao Excelentíssimo Senhor Prefeito Municipal, que estude junto ao setor competente da administração, as possibilidades de providenciar transporte escolar para os alunos que moram até 1350 metros ou menos em relação às escolas, durante os dias chuvosos ou de sol muito intenso. Tal indicação se justifica em razão das dificuldades...",Indicação n° 002/2023
001,2023,30/01/2023,Encaminhado,Elio Furini Neto (Autor),"Indico ao Excelentíssimo Senhor Prefeito Municipal, que estude junto ao setor competente da administração, as possibilidades de realizar um Campeonato de Férias no Ginásio de Esportes Cícero Gomes durante o recesso escolar de meio de ano para diversas modalidades além do futsal. Tal indicação se justifica em razão dos vários atletas...",Indicação n° 001/2023
166,2022,14/12/2022,Encaminhado,Anderson Marcos Viana (Autor),"Indico ao Excelentíssimo Senhor Prefeito Municipal, que estude junto ao setor competente da administração, as possibilidades de intensificar o combate dos casos de aparecimento de escorpiões, aranhas ou outros animais venenosos. Tal indicação se justifica em razão de diversas reclamações feitas por parte da população que alegam haver um...",Indicação nº 166/2022
165,2022,14/12/2022,Encaminhado,Anderson Marcos Viana (Autor),"Indico ao Excelentíssimo Senhor Prefeito Municipal, que estude junto ao setor competente da administração, as possibilidades de construir um sonorizador na Avenida Latina, próximo à curva do S. Tal indicação se justifica em razão dos benefícios que serão empregados no trânsito do local, uma vez que as ranhuras ou pequenas ondulações...",Indicação nº 165/2022
164,2022,08/12/2022,Encaminhado,Anderson Marcos Viana (Autor),"Indico ao Excelentíssimo Senhor Prefeito Municipal, que estude junto ao setor competente da administração, as possibilidades de providenciar ao menos uma sala para realizar atendimentos na área de fisioterapia no Bairro Alto Do Cene. Tal indicação se justifica em razão de todos os atendimentos estarem centralizados somente no Bairro Vila...",Indicação nº 164/2022
163,2022,08/12/2022,Encaminhado,Valdir Aparecido de Oliveira (Autor),"Indico ao Excelentíssimo Senhor Prefeito Municipal, que estude junto ao setor competente da administração, as possibilidades de conceder uma cesta de natal no valor de R$ 150 reais aos Servidores Públicos Municipais. Tal indicação se justifica em razão da necessidade em se valorizar o trabalho que vem sendo feito por estes Colaboradores...",Indicação nº 163/2022
162,2022,06/12/2022,Encaminhado,Anderson Marcos Viana (Autor),"Indico ao Excelentíssimo Senhor Prefeito Municipal, reforçando a indicação n° 181/2021, de autoria do Vereador Anderson Marcos Viana, que estude junto ao setor competente da administração, as possibilidades de entrar em contato com a Empresa Fumagalli Eletricidade, responsável pela troca de lâmpadas da iluminação pública de nossa cidade,...",Indicação nº 162/2022
161,2022,06/12/2022,Encaminhado,Anderson Marcos Viana (Autor),"Indico ao Excelentíssimo Senhor Prefeito Municipal, reforçando a indicação n° 170/2021, de autoria do Vereador Anderson Marcos Viana, que estude junto ao setor competente da administração, as possibilidades de realizar um serviço de drenagem visando o escoamento correto da água que fica constantemente parada na Rua Argentina, altura do...",Indicação nº 161/2022
160,2022,06/12/2022,Encaminhado,"Anderson Marcos Viana (Autor), Elio Furini Neto (Autor)","Indico ao Excelentíssimo Senhor Prefeito Municipal, que estude junto ao setor competente da administração, as possibilidades de disponibilizar um veterinário público a cada 15 dias para a população, fazendo uma espécie de mutirão para realizar atendimentos aos animais. O serviço visará atender à população de baixa renda, assistida por...",Indicação nº 160/2022
159,2022,01/12/2022,Encaminhado,"Elio Furini Neto (Autor), Anderson Marcos Viana (Autor)","Indico ao Excelentíssimo Senhor Prefeito Municipal, complementando a indicação n. 144/2022, que estude junto ao setor competente da administração, as possibilidades de implementar a devida iluminação tanto no campo sintético quanto na quadra de areia do Jardim Paulista. Tal indicação se justifica em razão de diversos pedidos feitos por...",Indicação nº 159/2022
158,2022,30/11/2022,Encaminhado,Valdir Aparecido de Oliveira (Autor),"Indico ao Excelentíssimo Senhor Prefeito Municipal, que estude junto ao setor competente da administração, as possibilidades de implementar a devida iluminação na área verde do Bairro Carmesim 2. Tal indicação se justifica em razão do referido local estar muito escuro, facilitando assim o uso indevido da área para atividades nocivas ao...",Indicação nº 158/2022
157,2022,30/11/2022,Encaminhado,Reinaldo Codognato (Autor),"Indico ao Excelentíssimo Senhor Prefeito Municipal, que estude junto ao setor competente da administração, as possibilidades de estar instalando no Bairro Villa São João guias de sarjeta delimitando assim o perímetro de casas e estradas localizadas no denominado centro do Bairro. Tal indicação se justifica em razão dos inúmeros pedidos...",Indicação nº 157/2022
156,2022,30/11/2022,Encaminhado,"Teresinha de Lourdes Freitas Regodanso (Autor), Elio Furini Neto (Autor)","Indico ao Excelentíssimo Senhor Prefeito Municipal, que estude junto ao setor competente da administração, as possibilidades de revitalizar a praça Sebastião Claro, localizada na esquina da Rua Porto Alegre e da Avenida Paulista. Tal indicação se justifica em razão do mau estado que se encontra o local, necessitando de uma limpeza geral...",Indicação nº 156/2022
155,2022,30/11/2022,Encaminhado,Anderson Marcos Viana (Autor),"Indico ao Excelentíssimo Senhor Prefeito Municipal, que estude junto ao setor competente da administração, as possibilidades de estar podando as árvores, eliminando os formigueiros e adequando os bancos e a iluminação pública da Rua Piauí, no Bairro Colina Verde. Tal indicação se justifica em razão dos pedidos feitos por parte da...",Indicação nº 155/2022
154,2022,29/11/2022,Encaminhado,Anderson Marcos Viana (Autor),"Indico ao Excelentíssimo Senhor Prefeito Municipal, reforçando a indicação n. 145/2021, de autoria do Vereador Anderson Marcos Viana, que estude junto ao setor competente da administração, as possibilidades de colocar os braços de luz que ainda faltam nos postes do Residencial das Américas. Tal indicação se justifica em razão das várias...",Indicação nº 154/2022
153,2022,29/11/2022,Encaminhado,Anderson Marcos Viana (Autor),"Indico ao Excelentíssimo Senhor Prefeito Municipal, que estude junto ao setor competente da administração, as possibilidades de reformar os aros das tabelas de basquete presentes nas quadras do Sistema de Lazer do Bairro Jardim Esperança e do Sistema de Lazer do Bairro Jardim Alvorada. Tal indicação se justifica em razão do péssimo...",Indicação nº 153/2022
152,2022,29/11/2022,Encaminhado,Anderson Marcos Viana (Autor),"Indico ao Excelentíssimo Senhor Prefeito Municipal, que estude junto ao setor competente da administração, as possibilidades de construir uma escadaria de acesso com corrimão da Rua São Salvador até o Salão Comunitário do Jardim Alvorada. Tal indicação se justifica em razão do referido local se tornar de difícil acesso principalmente aos...",Indicação nº 152/2022
151,2022,24/11/2022,Encaminhado,"Rui Domingos da Silva (Autor), Reinaldo Codognato (Autor)","Indico ao Excelentíssimo Senhor Prefeito Municipal, que estude junto ao setor competente da administração, as possibilidades de realizar uma revisão geral em todos os parques, praças e playgrounds do município. Tal indicação se justifica em razão dos benefícios que as reformas trarão para toda a família, que pode aproveitar com segurança...",Indicação nº 151/2022
150,2022,23/11/2022,Encaminhado,Reinaldo Codognato (Autor),"Indico ao Excelentíssimo Senhor Prefeito Municipal, reforçando a indicação n. 162/2021, de autoria do Vereador Reinaldo Codognato, que estude junto ao setor competente da administração, as possibilidades de intermediar junto à direção da Companhia Ferroviária RUMO Logística e utilizando as ferramentas da Fundação Instituto de Terras do...",Indicação nº 150/2022
149,2022,23/11/2022,Encaminhado,"Reinaldo Codognato (Autor), Marisa Alves da Silva Costa (Autor), Rui Domingos da Silva (Autor), Sofia Rodrigues dos Santos (Autor)","Indicamos ao Excelentíssimo Senhor Prefeito Municipal, que estude junto ao setor competente da administração, as possibilidades de implantar uma carteira funcional para os servidores municipais. Tal indicação se justifica em razão da facilidade que será empregada na identificação e na comprovação de vínculo desses servidores, além de...",Indicação nº 149/2022
148,2022,22/11/2022,Encaminhado,"Anderson Marcos Viana (Autor), Elio Furini Neto (Autor), Marisa Alves da Silva Costa (Autor), Paulo Sérgio Cordeiro (Autor), Reinaldo Codognato (Autor), Rui Domingos da Silva (Autor), Sofia Rodrigues dos Santos (Autor), Teresinha de Lourdes Freitas Regodanso (Autor), Valdir Aparecido de Oliveira (Autor)","Indico ao Excelentíssimo Senhor Prefeito Municipal, reforçando a indicação n. 108/2021, de autoria de todos os Vereadores, que estude junto ao setor competente da administração, as possibilidades de realizar a limpeza das Estações de Tratamento de Esgotos - ETE, digo a “Lagoa de Tratamento do Matadouro” e principalmente a “Lagoa de...",Indicação nº 148/2022
147,2022,22/11/2022,Encaminhado,Anderson Marcos Viana (Autor),"Indico ao Excelentíssimo Senhor Prefeito Municipal, que estude junto ao setor competente da administração, as possibilidades de construir um redutor de velocidade denominado como “lombada ou lombo faixa” no encontro da Rua Victor Junqueira com a Rua Professora Neyde Altrão, onde termina a pavimentação do Bairro Jardim Alvorada. Tal...",Indicação nº 147/2022
146,2022,22/11/2022,Encaminhado,Anderson Marcos Viana (Autor),"Indico ao Excelentíssimo Senhor Prefeito Municipal, que estude junto ao setor competente da administração, as possibilidades de estar substituindo ou restaurando as placas de trânsito do município. Tal indicação se justifica em razão de várias placas estarem quebradas ou arrancadas, prejudicando assim o fluxo de carros, uma vez que as...",Indicação nº 146/2022
145,2022,18/11/2022,Encaminhado,Valdir Aparecido de Oliveira (Autor),"Indico ao Excelentíssimo Senhor Prefeito Municipal, que estude junto ao setor competente da administração, as possibilidades de construir uma quadra de vôlei de areia nas proximidades do Ginásio de Esporte Cícero Gomes, ao lado da academia de judô. Tal indicação se justifica em razão do referido local possuir um excelente espaço físico...",Indicação nº 145/2022
144,2022,18/11/2022,Encaminhado,"Anderson Marcos Viana (Autor), Elio Furini Neto (Autor)","Indico ao Excelentíssimo Senhor Prefeito Municipal, que estude junto ao setor competente da administração, as possibilidades de realizar a manutenção do campo sintético do Jardim Paulista. Tal indicação se justifica em razão do referido local estar demasiadamente deteriorado, uma vez que o campo já foi construído há anos, mas não recebeu...",Indicação nº 144/2022
143,2022,17/11/2022,Encaminhado,"Anderson Marcos Viana (Autor), Elio Furini Neto (Autor), Marisa Alves da Silva Costa (Autor), Paulo Sérgio Cordeiro (Autor), Reinaldo Codognato (Autor), Rui Domingos da Silva (Autor), Sofia Rodrigues dos Santos (Autor), Teresinha de Lourdes Freitas Regodanso (Autor), Valdir Aparecido de Oliveira (Autor)","Indicamos ao Excelentíssimo Senhor Prefeito Municipal, que estude junto ao setor competente da administração, as possibilidades de providenciar bueiros inteligentes, que consistem em um cesto coletor com alças laterais de metal produzido em diversas medidas de acordo com cada bueiro, especificamente para cada modelo já existente na rede...",Indicação nº 143/2022
142,2022,17/11/2022,Encaminhado,"Anderson Marcos Viana (Autor), Elio Furini Neto (Autor), Marisa Alves da Silva Costa (Autor), Paulo Sérgio Cordeiro (Autor), Reinaldo Codognato (Autor), Rui Domingos da Silva (Autor), Sofia Rodrigues dos Santos (Autor), Teresinha de Lourdes Freitas Regodanso (Autor), Valdir Aparecido de Oliveira (Autor)","Indicamos ao Excelentíssimo Senhor Prefeito Municipal, que estude junto ao setor competente da administração, as possibilidades de providenciar bueiros inteligentes, que consistem em um cesto coletor com alças laterais de metal produzido em diversas medidas de acordo com cada bueiro, especificamente para cada modelo já existente na rede...",Indicação nº 142/2022
141,2022,17/11/2022,Encaminhado,"Anderson Marcos Viana (Autor), Elio Furini Neto (Autor), Marisa Alves da Silva Costa (Autor), Paulo Sérgio Cordeiro (Autor), Reinaldo Codognato (Autor), Rui Domingos da Silva (Autor), Sofia Rodrigues dos Santos (Autor), Teresinha de Lourdes Freitas Regodanso (Autor), Valdir Aparecido de Oliveira (Autor)","Indicamos ao Excelentíssimo Senhor Prefeito Municipal, que estude junto ao setor competente da administração, as possibilidades de criar um festival cultural intitulado como “Junque Arte”, que envolva música, dança, teatro, cinema, entre outras demonstrações artísticas. Tal indicação se justifica em razão da necessidade em se trazer para...",Indicação nº 141/2022
140,2022,17/11/2022,Encaminhado,"Anderson Marcos Viana (Autor), Elio Furini Neto (Autor), Marisa Alves da Silva Costa (Autor), Paulo Sérgio Cordeiro (Autor), Reinaldo Codognato (Autor), Rui Domingos da Silva (Autor), Sofia Rodrigues dos Santos (Autor), Teresinha de Lourdes Freitas Regodanso (Autor), Valdir Aparecido de Oliveira (Autor)","Indicamos ao Excelentíssimo Senhor Prefeito Municipal, que estude junto ao setor competente da administração, as possibilidades de providenciar um local adequado para ensinar técnicas de autodefesa. Tal indicação se justifica em razão do auxílio que será prestado à população, em especial às mulheres, que são diariamente alvos de assédios...",Indicação nº 140/2022
139,2022,11/11/2022,Encaminhado,Anderson Marcos Viana (Autor),"Indico ao Excelentíssimo Senhor Prefeito Municipal, que estude junto ao setor competente da administração, as possibilidades de cercar a quadra localizada no Bairro Jardim Alvorada. Tal indicação se justifica em razão de diversas vezes, durante a prática de esportes, a bola ser chutada ou arremessada nas pessoas que caminham nas...",Indicação nº 139/2022
138,2022,09/11/2022,Encaminhado,"Anderson Marcos Viana (Autor), Elio Furini Neto (Autor), Marisa Alves da Silva Costa (Autor), Paulo Sérgio Cordeiro (Autor), Teresinha de Lourdes Freitas Regodanso (Autor), Valdir Aparecido de Oliveira (Autor)","Indicamos ao Excelentíssimo Senhor Prefeito Municipal, que estude junto ao setor competente da administração, as possibilidades de construir um memorial para as vítimas fatais da COVID-19 na entrada do trevo principal do município, na Avenida Geraldo Fudo. Tal indicação se justifica em razão da necessidade em se preservar a memória dos...",Indicação nº 138/2022
137,2022,09/11/2022,Encaminhado,Anderson Marcos Viana (Autor),"Indico ao Excelentíssimo Senhor Prefeito Municipal, que estude junto ao setor competente da administração, as possibilidades de dar continuidade às lombadas ou lombo faixas que já foram riscadas no asfalto há alguns meses, como na frente da escola Neyde Macedo Brandão Fernandes, próximo ao armazém do Hilário e no cruzamento da Avenida...",Indicação nº 137/2022
136,2022,09/11/2022,Encaminhado,Anderson Marcos Viana (Autor),"Indico ao Excelentíssimo Senhor Prefeito Municipal, que estude junto ao setor competente da administração, as possibilidades de construir um salão comunitário no Bairro Jardim Paulista, esquina da Rua Recife com a Rua Ipiranga. Tal indicação se justifica em razão do referido local já possuir o espaço disponível para que seja implementado...",Indicação nº 136/2022
135,2022,09/11/2022,Encaminhado,"Anderson Marcos Viana (Autor), Elio Furini Neto (Autor), Valdir Aparecido de Oliveira (Autor)","Indico ao Excelentíssimo Senhor Prefeito Municipal, que estude junto ao setor competente da administração, as possibilidades de construir um poço artesiano com reservatório estilo taça no Bairro Villa São João nos moldes de como foi construído no Bairro Duas Barras. Tal indicação se justifica em razão de vários pedidos feitos por parte...",Indicação nº 135/2022
134,2022,09/11/2022,Encaminhado,Paulo Sérgio Cordeiro (Autor),"Indico ao Excelentíssimo Senhor Prefeito Municipal, reforçando a indicação n° 107/2021, de autoria do Vereador Paulo Sérgio Cordeiro, que estude junto ao setor competente da administração, as possibilidades de construir um redutor de velocidade denominado como “lombada ou lombo faixa”, na Avenida Rio Branco e Rua Quinzinho da Cunha, nos...",Indicação nº 134/2022
133,2022,07/11/2022,Encaminhado,"Reinaldo Codognato (Autor), Rui Domingos da Silva (Autor)","Indico ao Excelentíssimo Senhor Prefeito Municipal, que estude junto ao setor competente da administração, as possibilidades de realizar uma reforma geral no estabelecimento comercial localizado às margens do campo de futebol que se encontra no Bairro Vila São João. Tal indicação se justifica em razão de vários pedidos feitos por parte...",Indicação nº 133/2022
132,2022,28/10/2022,Encaminhado,Paulo Sérgio Cordeiro (Autor),"Indico ao Excelentíssimo Senhor Prefeito Municipal, que estude junto ao setor competente da administração, as possibilidades de servir um lanche da tarde às crianças e jovens que frequentam o Projeto Espaço Amigo. Tal indicação se justifica em razão desses jovens muitas vezes passarem boa parte do seu dia longe de casa, necessitando...",Indicação nº 132/2022
131,2022,25/10/2022,Encaminhado,"Paulo Sérgio Cordeiro (Autor), Valdir Aparecido de Oliveira (Autor)","Indicamos ao Excelentíssimo Senhor Prefeito Municipal, reforçando a indicação n° 86/2021, de autoria do Vereador Valdir Aparecido de Oliveira, que estude junto ao setor competente da administração, as possibilidades de realizar a contratação de segurança privada e instalação de câmeras de vigilância nas creches e escolas do município....",Indicação nº 131/2022
130,2022,25/10/2022,Encaminhado,"Reinaldo Codognato (Autor), Rui Domingos da Silva (Autor)","Indico ao Excelentíssimo Senhor Prefeito Municipal, que estude junto ao setor competente da administração, as possibilidades de recapear pontos estratégicos das ruas de nosso município, em especial no Bairro Jardim Esperança. Tal indicação se justifica em razão do mau estado que se encontram as ruas do referido bairro, uma vez que há...",Indicação nº 130/2022
129,2022,25/10/2022,Encaminhado,Reinaldo Codognato (Autor),"Indico ao Excelentíssimo Senhor Prefeito Municipal, que estude junto ao setor competente da administração, as possibilidades de solucionar parcialmente ou totalmente a erosão formada aos fundos da Rua Alberto Nucci, área rural do Bairro Vila Santa Ruth. Tal indicação se justifica em razão dos vários pedidos feitos por parte da população,...",Indicação nº 129/2022
128,2022,20/10/2022,Encaminhado,"Reinaldo Codognato (Autor), Valdir Aparecido de Oliveira (Autor), Teresinha de Lourdes Freitas Regodanso (Autor)","Indicamos ao Excelentíssimo Senhor Prefeito Municipal, reforçando a indicação n° 153/2021, que estude junto ao setor competente da administração, as possibilidades de realizar uma reforma geral no Centro Comunitário do Bairro Duas Barras, tendo em vista as condições precárias dos sanitários, cozinha, churrasqueia e do local reservado...",Indicação nº 128/2022
127,2022,20/10/2022,Encaminhado,Reinaldo Codognato (Autor),"Indico ao Excelentíssimo Senhor Prefeito Municipal, que estude junto ao setor competente da administração, as possibilidades de reformar a praça localizada no Bairro Boa Vista, bem como trocar o playground que se encontra no local. Tal indicação se justifica em razão dos diversos pedidos feitos por parte da população, uma vez que a...",Indicação nº 127/2022
126,2022,20/10/2022,Encaminhado,"Marisa Alves da Silva Costa (Autor), Elio Furini Neto (Autor)","Indicamos ao Excelentíssimo Senhor Prefeito Municipal, que estude junto ao setor competente da administração, as possibilidades de realizar a locação de um espaço amplo para recolher cães que se encontram em situação de abandono, funcionando como uma espécie de canil. Tal indicação se justifica em razão do crescente número de animais...",Indicação nº 126/2022
125,2022,18/10/2022,Encaminhado,"Elio Furini Neto (Autor), Anderson Marcos Viana (Autor), Marisa Alves da Silva Costa (Autor), Paulo Sérgio Cordeiro (Autor), Reinaldo Codognato (Autor), Rui Domingos da Silva (Autor), Sofia Rodrigues dos Santos (Autor), Teresinha de Lourdes Freitas Regodanso (Autor), Valdir Aparecido de Oliveira (Autor)","Indico ao Excelentíssimo Senhor Prefeito Municipal, que estude junto ao setor competente da administração e dentro dos parâmetros da Lei de Responsabilidade Fiscal e mediante análise prévia dos comportamentos das receitas municipais, em especial, considerando o aumento da arrecadação, as possibilidades de conceder reajuste anual de...",Indicação nº 125/2022
124,2022,17/10/2022,Encaminhado,Anderson Marcos Viana (Autor),"Indico ao Excelentíssimo Senhor Prefeito Municipal, que estude junto ao setor competente da administração, as possibilidades de cercar devidamente o poço artesiano na Rua Independência, localizado entre a Rua Curitiba e a Avenida Bandeirantes. Tal indicação se justifica em razão do muro que antes rodeava o local ter caído, deixando o...",Indicação nº 124/2022
123,2022,11/10/2022,Encaminhado,Teresinha de Lourdes Freitas Regodanso (Autor),"Indico ao Excelentíssimo Senhor Prefeito Municipal, que estude junto ao setor competente da administração, as possibilidades de providenciar um micro ônibus para o setor da saúde. Tal indicação se justifica em razão das diversas ocasiões em que o referido setor precisa de um transporte adequado e acaba tendo que recorrer ao transporte...",Indicação nº 123/2022
122,2022,10/10/2022,Encaminhado,Elio Furini Neto (Autor),"Indico ao Excelentíssimo Senhor Prefeito Municipal, que estude junto ao setor competente da administração, as possibilidades de realizar a devida reforma dos vestiários do Estádio Municipal Raphael Capelli, como a troca dos pisos que estão caindo e a instalação de novos chuveiros e sanitários mais adequados. Tal indicação se justifica em...",Indicação nº 122/2022
121,2022,10/10/2022,Encaminhado,Elio Furini Neto (Autor),"Indico ao Excelentíssimo Senhor Prefeito Municipal, que estude junto ao setor competente da administração, as possibilidades de realizar melhorias na área verde localizada no Residencial das Américas. Tal indicação se justifica em razão da referida área ser amplamente utilizada pelos moradores do bairro, que frequentam o ambiente com...",Indicação nº 121/2022
120,2022,06/10/2022,Encaminhado,Valdir Aparecido de Oliveira (Autor),"Indico ao Excelentíssimo Senhor Prefeito Municipal, que estude junto ao setor competente da administração, as possibilidades de instalar placas informativas que proíbem a comercialização e o uso do cachimbo conhecido como narguilé e de similares aos menores de 18 anos de idade em locais públicos como praças de lazer, espaços esportivos...",Indicação nº 120/2022
119,2022,06/10/2022,Encaminhado,Valdir Aparecido de Oliveira (Autor),"Indico ao Excelentíssimo Senhor Prefeito Municipal, que estude junto ao setor competente da administração, as possibilidades de realizar a manutenção da pista de atletismo do Estádio Municipal Raphael Capelli, com a reposição de pó de pedra nas raias da respectiva pista, bem como a construção de um pequeno depósito para guardar os...",Indicação nº 119/2022
118,2022,05/10/2022,Encaminhado,Anderson Marcos Viana (Autor),"Indico ao Excelentíssimo Senhor Prefeito Municipal, que estude junto ao setor competente da administração, as possibilidades de recapear o trecho da Avenida Marconi, aproximadamente 300 metros abaixo do portão que faz fundo com o recinto da Aceruva. Tal indicação se justifica em razão do referido local estar com muitos buracos,...",Indicação nº 118/2022
117,2022,05/10/2022,Encaminhado,Elio Furini Neto (Autor),"Indico ao Excelentíssimo Senhor Prefeito Municipal, que estude junto ao setor competente da administração, as possibilidades de contratar mais um fonoaudiólogo para o município. Tal indicação se justifica em razão da necessidade em se proporcionar às crianças e idosos do município a devida reabilitação da comunicação, evitando ou...",Indicação nº 117/2022
116,2022,04/10/2022,Encaminhado,Anderson Marcos Viana (Autor),"Indico ao Excelentíssimo Senhor Prefeito Municipal, que estude junto ao setor competente da administração, as possibilidades de construir valetas que realizem o escoamento das águas no Bairro Jardim dos Pássaros, defronte à Avenida Bandeirante, cruzamento com as Ruas Manaus, Perdizes e Corumbá. Tal indicação se justifica em razão de, em...",Indicação nº 116/2022
115,2022,04/10/2022,Encaminhado,Reinaldo Codognato (Autor),"Indico ao Excelentíssimo Senhor Prefeito Municipal, que estude junto ao setor competente da administração, as possibilidades de mudar de local a Feira Livre de Junqueirópolis para o recinto da Aceruva. Tal indicação se justifica em razão dos moradores corriqueiramente se sentirem incomodados com o barulho, com a necessidade de limpeza...",Indicação nº 115/2022
114,2022,04/10/2022,Encaminhado,Reinaldo Codognato (Autor),"Indico ao Excelentíssimo Senhor Prefeito Municipal, que estude junto ao setor competente da administração, as possibilidades de criar um órgão fiscalizador e recolhedor de animais de médio e grande porte no município de Junqueirópolis. Tal indicação se justifica em razão dos perigos representados para os bichos, as pessoas e os...",Indicação nº 114/2022
113,2022,04/10/2022,Encaminhado,"Elio Furini Neto (Autor), Anderson Marcos Viana (Autor)","Indicamos ao Excelentíssimo Senhor Prefeito Municipal, que estude junto ao setor competente da administração, as possibilidades de realizar a manutenção da quadra do Ginásio Cícero Gomes, como a manutenção do piso, da iluminação, a troca das redes laterais e a retirada das grades que ficam nas proximidades da quadra. Tal indicação se...",Indicação nº 113/2022
112,2022,30/09/2022,Encaminhado,Reinaldo Codognato (Autor),"Indico ao Excelentíssimo Senhor Prefeito Municipal, reforçando a indicação n° 106/2021, de autoria do Vereador Reinaldo Codognato, que estude junto ao setor competente da administração, as possibilidades de realizar a reforma do ponto de ônibus existente na Rua Santos Dumont, esquina com a Avenida Sete de Setembro, bem como que seja feia...",Indicação nº 112/2022
111,2022,28/09/2022,Encaminhado,"Teresinha de Lourdes Freitas Regodanso (Autor), Elio Furini Neto (Autor)","Indico ao Excelentíssimo Senhor Prefeito Municipal, que estude junto ao setor competente da administração, as possibilidades de aumentar a segurança no acesso às lagoas de tratamento do município. Tal indicação se justifica em razão da necessidade em se empregar uma maior dificuldade aos moradores que pretendem adentrar nos referidos...",Indicação nº 111/2022
110,2022,27/09/2022,Encaminhado,Valdir Aparecido de Oliveira (Autor),"Indico ao Excelentíssimo Senhor Prefeito Municipal, que estude junto ao setor competente da administração, as possibilidades de realizar a pavimentação asfáltica na Avenida Internacional, no Bairro Jardim Alto da Estação. Tal indicação se justifica em razão dos inúmeros pedidos feitos por parte da população, que alegam terem dificuldades...",Indicação nº 110/2022
109,2022,27/09/2022,Encaminhado,Valdir Aparecido de Oliveira (Autor),"Indico ao Excelentíssimo Senhor Prefeito Municipal, que estude junto ao setor competente da administração, as possibilidades de disponibilizar uniformes pós jogos para os atletas sub 11, 12, 13, 14 e atletas sub 15 ao 19 que disputam diversas competições na região e no Estado de São Paulo, como por exemplo o Campeonato Estadual do Estado...",Indicação nº 109/2022
108,2022,27/09/2022,Encaminhado,Valdir Aparecido de Oliveira (Autor),"Indico ao Excelentíssimo Senhor Prefeito Municipal, reforçando a indicação nº 161/2021, de autoria do Vereador Valdir Aparecido de Oliveira, que estude junto ao setor competente da administração, as possibilidades de terminar a construção do muro que vem sendo construído no recinto da Aceruva. Tal indicação se justifica em razão da...",Indicação nº 108/2022
107,2022,27/09/2022,Encaminhado,Rui Domingos da Silva (Autor),"Indico ao Excelentíssimo Senhor Prefeito Municipal, que estude junto ao setor competente da administração, as possibilidades de fornecer agasalhos infantis de inverno para as crianças que frequentam os Centros Educacionais Infantis (CEI) do município a partir do ano que vem. Tal indicação se justifica em razão da necessidade de garantir...",Indicação nº 107/2022
106,2022,22/09/2022,Encaminhado,Anderson Marcos Viana (Autor),"Indico ao Excelentíssimo Senhor Prefeito Municipal, que estude junto ao setor competente da administração, as possibilidades de incluir na Lei Orçamentária Anual (LOA) um montante de dotação orçamentária visando atender programas de reconstrução e pequenas reformas de residências de famílias carentes, nos moldes de como foi instituído na...",Indicação nº 106/2022
105,2022,22/09/2022,Encaminhado,"Teresinha de Lourdes Freitas Regodanso (Autor), Marisa Alves da Silva Costa (Autor), Sofia Rodrigues dos Santos (Autor)","Indicamos ao Excelentíssimo Senhor Prefeito Municipal, que estude junto ao setor competente da administração, as possibilidades de criar um espaço denominado “Casa Lilás” com a finalidade de ser uma casa de acolhimento que presta atendimentos especializados e humanizados, por meio de profissionais capacitados, às mulheres vítimas de...",Indicação nº 105/2022
104,2022,22/09/2022,Encaminhado,Reinaldo Codognato (Autor),"Indico ao Excelentíssimo Senhor Prefeito Municipal, que estude junto ao setor competente da administração, as possibilidades de criar no menor tempo possível uma equipe para realizar intervenções emergenciais nos trechos mais críticos das estradas rurais do município, realizando manutenções braçais nessas áreas, prestando serviços como...",Indicação nº104/2022
103,2022,22/09/2022,Encaminhado,Reinaldo Codognato (Autor),"Indico ao Excelentíssimo Senhor Prefeito Municipal, que estude junto ao setor competente da administração, as possibilidades de instalar redutores de velocidade nos moldes da Resolução 495/2014 do Contran em lugares estratégicos próximos aos playgrounds construídos para as crianças, principalmente nas proximidades do Parque Ecológico....",Indicação nº 103/2022
102,2022,21/09/2022,Encaminhado,Paulo Sérgio Cordeiro (Autor),"Indico ao Excelentíssimo Senhor Prefeito Municipal, que estude junto ao setor competente da administração, as possibilidades de implementar um crédito mensal destinado ao custeio do tratamento de dependentes químicos do município. Tal indicação se justifica em razão do desafio que é arcar financeiramente com tais tratamentos, uma vez que...",Indicação nº 102/2022
101,2022,15/09/2022,Encaminhado,Marisa Alves da Silva Costa (Autor),"Indico ao Excelentíssimo Senhor Prefeito Municipal, que estude junto ao setor competente da administração, as possibilidades de implementar um crédito mensal destinado ao custeio de atendimentos e consultas médicas para animais carentes no município de Junqueirópolis. Tal indicação se justifica em razão da enorme demanda de animais que...",Indicação nº 101/2022
100,2022,13/09/2022,Encaminhado,Valdir Aparecido de Oliveira (Autor),"Indico ao Excelentíssimo Senhor Prefeito Municipal, que estude junto ao setor competente da administração, as possibilidades de abrir a Rua Piauí, que se encontra com a Avenida Geraldo Fudo, nas proximidades da CEI Cristo Redentor. Tal indicação se justifica em razão dos usuários da referida Rua precisarem sempre utilizar a rotatória do...",Indicação nº 100/2022
099,2022,12/09/2022,Encaminhado,Valdir Aparecido de Oliveira (Autor),"Indico ao Excelentíssimo Senhor Prefeito Municipal, que estude junto ao setor competente da administração, as possibilidades de implementar melhorias e adequações nas calçadas do município de acordo com a NBR 9050/04, principalmente nas proximidades da Avenida 7 de Setembro com a Rua Quinzinho da Cunha. Tal indicação se justifica em...",Indicação nº 099/2022
098,2022,12/09/2022,Encaminhado,"Valdir Aparecido de Oliveira (Autor), Reinaldo Codognato (Autor), Anderson Marcos Viana (Autor), Elio Furini Neto (Autor)","Indico ao Excelentíssimo Senhor Prefeito Municipal, reforçando a indicação n° 40/2021, de autoria dos Vereadores Reinaldo Codognato e Valdir Aparecido de Oliveira, que estude junto ao setor competente da administração, as possibilidades de instalar no Bairro Duas Barras, em local da municipalidade, uma academia ao ar livre com o nome da...",Indicação nº 098/2022
097,2022,12/09/2022,Encaminhado,Anderson Marcos Viana (Autor),"Indico ao Excelentíssimo Senhor Prefeito Municipal, que estude junto ao setor competente da administração, as possibilidades de realizar a manutenção da área de lazer localizada ao fundo da CEI Sonho de Criança, como o conserto das traves dos gols, a restauração da grama sintética do campo e a devida adequação na iluminação do local. Tal...",Indicação nº 097/2022
096,2022,08/09/2022,Encaminhado,Rui Domingos da Silva (Autor),"Indico ao Excelentíssimo Senhor Prefeito Municipal, que estude junto ao setor competente da administração, as possibilidades de denominar o nome do saudoso senhor Gilmar Batista à ciclovia que está em fase de construção nos entornos do Bairro Duas Barras. Tal indicação se justifica em razão do senhor Gilmar Batista ser um dos pioneiros...",Indicação nº 096/2022
095,2022,08/09/2022,Encaminhado,Anderson Marcos Viana (Autor),"Indico ao Excelentíssimo Senhor Prefeito Municipal, que estude junto ao setor competente da administração, as possibilidades de incluir no planejamento da primeira remessa da construção de pontos de ônibus os seguintes bairros: Pioneiros, Recanto dos Eucaliptos, Delta Ville 2 e Distrito Industrial 1, próximo à Faculdade de...",Indicação nº 095/2022
094,2022,08/09/2022,Encaminhado,Anderson Marcos Viana (Autor),"Indico ao Excelentíssimo Senhor Prefeito Municipal, que estude junto ao setor competente da administração, as possibilidades de implementar o devido serviço de saneamento básico na Rua Belém com a Rua Porto Alegre, no Bairro Jardim Junqueirópolis. Tal indicação se justifica em razão da referida área possuir sérios problemas com o...",Indicação nº 094/2022
093,2022,08/09/2022,Encaminhado,"Anderson Marcos Viana (Autor), Teresinha de Lourdes Freitas Regodanso (Autor)","Indico ao Excelentíssimo Senhor Prefeito Municipal, reforçando a indicação n° 28/2021, de autoria da Vereadora Teresinha de Lourdes Freitas Regodanso, que estude junto ao setor competente da administração, as possibilidades de construir, alugar ou adquirir um prédio para instalação da CRECHE MUNICIPAL DO IDOSO, visando atender...",Indicação nº 093/2022
092,2022,01/09/2022,Encaminhado,"Paulo Sérgio Cordeiro (Autor), Anderson Marcos Viana (Autor)","Indico ao Excelentíssimo Senhor Prefeito Municipal, reforçando a indicação n° 151/2021, de autoria do Vereador Anderson Marcos Viana, que estude junto ao setor competente da administração, as possibilidades de realizar a pavimentação asfáltica da Rua Santa Fé, próxima ao Parque Ecológico. Tal indicação se justifica em razão da referida...",Indicação nº 092/2022
091,2022,01/09/2022,Encaminhado,Anderson Marcos Viana (Autor),"Indico ao Excelentíssimo Senhor Prefeito Municipal, que estude junto ao setor competente da administração, as possibilidades de realizar a devida reforma no playground e no calçamento da praça do centenário, bem como construção de bebedouros no local. Tal indicação se justifica em razão dos vários pedidos feitos por parte da população,...",Indicação nº 091/2022
090,2022,01/09/2022,Encaminhado,Anderson Marcos Viana (Autor),"Indico ao Excelentíssimo Senhor Prefeito Municipal, que estude junto ao setor competente da administração, as possibilidades de realizar um levantamento acerca da quantidade de crianças no município de Junqueirópolis que possuem Transtorno do Espectro Autista (TEA). Tal indicação se justifica em razão da facilidade que será empregada...",Indicação nº 090/2022
089,2022,31/08/2022,Encaminhado,Reinaldo Codognato (Autor),"Indico ao Excelentíssimo Senhor Prefeito Municipal, que estude junto ao setor competente da administração, as possibilidades de analisar a viabilidade de implementar o Conselho Municipal de Trânsito em nosso Município, previsto na Lei n° 2.826, de 18 de junho de 2013, que dispõe sobre o Conselho Municipal de Trânsito de Junqueirópolis e...",Indicação nº 089/2022
088,2022,31/08/2022,Encaminhado,"Reinaldo Codognato (Autor), Anderson Marcos Viana (Autor), Elio Furini Neto (Autor), Marisa Alves da Silva Costa (Autor), Paulo Sérgio Cordeiro (Autor), Rui Domingos da Silva (Autor), Sofia Rodrigues dos Santos (Autor), Teresinha de Lourdes Freitas Regodanso (Autor), Valdir Aparecido de Oliveira (Autor)","Indico ao Excelentíssimo Senhor Prefeito Municipal, reforçando a indicação n° 142/2021, de autoria de todos os Vereadores desta Casa de Leis, que estude junto ao setor competente da administração, as possibilidades de construir redutores de velocidade em pontos estratégicos da Rua Santos Dumont, priorizando os Bairros Alto do Cene,...",Indicação nº 088/2022
087,2022,31/08/2022,Encaminhado,"Elio Furini Neto (Autor), Reinaldo Codognato (Autor)","Indico ao Excelentíssimo Senhor Prefeito Municipal, reforçando a indicação n° 156/2021, apresentada pelo Vereador Reinaldo Codognato, que estude junto ao setor competente da administração, as possibilidades de instalar uma rede de água com diversas torneiras na área verde do Bairro Figueira, bem como de instalar bancos, lixeiras e a...",Indicação nº 087/2022
086,2022,31/08/2022,Encaminhado,Valdir Aparecido de Oliveira (Autor),"Indico ao Excelentíssimo Senhor Prefeito Municipal, que estude junto ao setor competente da administração, as possibilidades de implementar a revitalização e preservação do lago já existente no Bairro Colina Verde. Tal indicação se justifica em razão da água do local não secar nem mesmo em períodos de estiagem, fazendo com que o espaço...",Indicação nº 086/2022
085,2022,31/08/2022,Encaminhado,Valdir Aparecido de Oliveira (Autor),"Indico ao Excelentíssimo Senhor Prefeito Municipal, que estude junto ao setor competente da administração, as possibilidades de construir uma rotatória na Via de acesso João Furini, no Bairro Residencial Figueira, além de construir também um redutor de velocidade nas proximidades do referido Bairro dentro dos padrões da Resolução n. 39,...",Indicação nº 085/2022
084,2022,25/08/2022,Encaminhado,"Elio Furini Neto (Autor), Anderson Marcos Viana (Autor)","Indico ao Excelentíssimo Senhor Prefeito Municipal, reforçando a indicação número 37/2021, de autoria do Vereador Anderson Marcos Viana, que estude junto ao setor competente da administração, as possibilidades de estender a iluminação pública no trecho da Avenida Edwirges Anna Aparecida Trevisan, que interliga o Residencial Carmesim ao...",Indicação nº 084/2022
083,2022,25/08/2022,Encaminhado,Anderson Marcos Viana (Autor),"Indico ao Excelentíssimo Senhor Prefeito Municipal, que estude junto ao setor competente da administração, as possibilidades de implementar a devida sinalização das lombofaixas e depressões do município. Tal indicação se justifica em razão dos vários pedidos feitos por meio da população, além dos recentes acidentes que ocorreram pela...",Indicação nº 083/2022
082,2022,25/08/2022,Encaminhado,Anderson Marcos Viana (Autor),"Indico ao Excelentíssimo Senhor Prefeito Municipal, que estude junto ao setor competente da administração, as possibilidades de implementar a devida sinalização ou construir depressões nos trechos: Rua Santos Dumont, próximo à CEI Raio de Luz e próximo ao complexo esportivo parque ecológico “Taffarel Rodrigues Vieira”; Rua Dom Pedro II e...",Indicação nº 082/2022
081,2022,25/08/2022,Encaminhado,"Reinaldo Codognato (Autor), Rui Domingos da Silva (Autor)","Indico ao Excelentíssimo Senhor Prefeito Municipal, que estude junto ao setor competente da administração, as possibilidades de implementar uma lixeira comunitária no Bairro Duas Barras. Tal indicação se justifica em razão da expansão do referido bairro, fazendo com que aumente o fluxo de pessoas que transitam e descartam resíduos no...",Indicação nº 081/2022
080,2022,25/08/2022,Encaminhado,"Reinaldo Codognato (Autor), Sofia Rodrigues dos Santos (Autor), Teresinha de Lourdes Freitas Regodanso (Autor)","Indico ao Excelentíssimo Senhor Prefeito Municipal, que estude junto ao setor competente da administração, as possibilidades de construir uma travessia elevada e uma rotatória entre as entradas dos Bairros Jardim Campo Belo e Loteamento Horto dos Seringais. Tal indicação se justifica em razão do tráfego intenso de veículos no local por...",Indicação nº 080/2022
079,2022,24/08/2022,Encaminhado,Valdir Aparecido de Oliveira (Autor),"Indico ao Excelentíssimo Senhor Prefeito Municipal, que estude junto ao setor competente da administração, as possibilidades de construir um playground na praça do Bairro Colina Verde. Tal indicação se justifica em razão dos vários pedidos feitos por parte da população, que alegam encontrar crianças brincando nos aparelhos de ginástica...",Indicação nº 079/2022
078,2022,24/08/2022,Encaminhado,Valdir Aparecido de Oliveira (Autor),"Indico ao Excelentíssimo Senhor Prefeito Municipal, que estude junto ao setor competente da administração, as possibilidades de implementar a devida sinalização de solo, bem como a adequação da canaleta localizada na Rua Goiás com a Rua Amazonas, no Bairro Cristo Redentor. Tal indicação se justifica em razão da valeta ser muito profunda,...",Indicação nº 078/2022
077,2022,16/08/2022,Encaminhado,"Teresinha de Lourdes Freitas Regodanso (Autor), Valdir Aparecido de Oliveira (Autor)","Indico ao Excelentíssimo Senhor Prefeito Municipal, reforçando a indicação n° 38/2021, apresentada pelo Vereador Valdir Aparecido de Oliveira, que estude junto ao setor competente da administração, as possibilidades de implementar uma linha de transporte público coletivo para atender aos moradores dos diversos bairros e conjuntos...",Indicação nº 077/2022
076,2022,16/08/2022,Encaminhado,"Anderson Marcos Viana (Autor), Paulo Sérgio Cordeiro (Autor)","Indico ao Excelentíssimo Senhor Prefeito Municipal, que estude junto ao setor competente da administração, as possibilidades de conceder mais incentivos ao esporte em nossa cidade, principalmente aos atletas que representam o município nas mais diversas modalidades em outras cidades, em especial os praticantes de atletismo, jiu jitsu e...",Indicação nº 076/2022
075,2022,16/08/2022,Encaminhado,Valdir Aparecido de Oliveira (Autor),"Indico ao Excelentíssimo Senhor Prefeito Municipal, que estude junto ao setor competente da administração, as possibilidades de implementar sinalização de solo nas canaletas existente da Rua Dom Pedro ll, esquina com a Rua São Luiz e na esquina com a Rua das Américas. Tal indicação se justifica em razão dos veículos passarem pela rua Dom...",Indicação nº 075/2022
074,2022,11/08/2022,Encaminhado,Reinaldo Codognato (Autor),"Indico ao Excelentíssimo Senhor Prefeito Municipal, que estude junto ao setor competente da administração, as possibilidades de criar uma área para fins comerciais nos Centro Comunitários dos Bairros de nossa cidade. Tal indicação se justifica em razão de diversos moradores da cidade, como os dos Bairros Jardim Alvorada e Alto do Cene,...",Indicação nº 074/2022
073,2022,11/08/2022,Encaminhado,"Reinaldo Codognato (Autor), Marisa Alves da Silva Costa (Autor)","Indico ao Excelentíssimo Senhor Prefeito Municipal, reforçando a indicação n° 176/2021 de autoria dos Vereadores Reinaldo Codognato e Marisa Alves da Silva Costa, que estude junto ao setor competente da administração, as possibilidades de promover uma reforma na pista de Skate do município. Tal indicação se justifica em razão das...",Indicação nº 073/2022
072,2022,11/08/2022,Encaminhado,"Valdir Aparecido de Oliveira (Autor), Elio Furini Neto (Autor)","Indico ao Excelentíssimo Senhor Prefeito Municipal, que estude junto ao setor competente da administração, as possibilidades de adequação da captação de águas pluviais no Bairro Campo Bello, em especial na Alameda Paraíso, esquina com a Rua das Figueiras. Tal indicação se justifica em razão que em tempos de chuva há o acumulo de águas,...",Indicação nº 072/2022
071,2022,11/08/2022,Encaminhado,Valdir Aparecido de Oliveira (Autor),"Indico ao Excelentíssimo Senhor Prefeito Municipal, que estude junto ao setor competente da administração, as possibilidades de instalar um redutor de velocidade na Rua Antônio Cabreira Reis no Bairro jardim Pioneiros. Tal indicação se justifica em razão dos diversos pedidos feitos por parte da população por conta do aumento do fluxo de...",Indicação nº 071/2022
070,2022,11/08/2022,Encaminhado,Valdir Aparecido de Oliveira (Autor),"Indico ao Excelentíssimo Senhor Prefeito Municipal, que estude junto ao setor competente da administração, as possibilidades de dar prioridade nos atendimentos dos ESFs aos pacientes portadores de deficiência física e mental, também às crianças e jovens com autismo, observando desta forma a legislação estadual, federal e principalmente a...",Indicação nº 070/2022
069,2022,09/08/2022,Encaminhado,"Anderson Marcos Viana (Autor), Elio Furini Neto (Autor)","Indico ao Excelentíssimo Senhor Prefeito Municipal, reforçando a indicação n° 105/2021, apresentada pelos Vereadores Anderson Marcos Viana e Elio Furini Neto, que estude juntamente com o setor competente da administração, as possibilidades de estar instalando pontos de água potável (bebedouros) em locais estratégicos da praça do Bairro...",Indicação nº 069/2022
068,2022,04/08/2022,Encaminhado,"Reinaldo Codognato (Autor), Sofia Rodrigues dos Santos (Autor)","Indico ao Excelentíssimo Senhor Prefeito Municipal, que estude junto ao setor competente da administração, as possibilidades de realizar a pavimentação do trecho localizado entre as Ruas Vereadora Augusta Stander Raineri e Edwiges Trevisan, que interliga os Bairros Jardim Alvorada e Jardim Fuentes. Tal indicação se justifica em razão de...",Indicação nº 068/2022
067,2022,04/08/2022,Encaminhado,Teresinha de Lourdes Freitas Regodanso (Autor),"Indico ao Excelentíssimo Senhor Prefeito Municipal, que estude junto ao setor competente da administração, as possibilidades de reformar e implementar melhorias no velório municipal, tanto na parte interna quanto na parte externa. Tal indicação se justifica em razão das inúmeras reclamações feitas por parte da população em relação à...",Indicação nº 067/2022
066,2022,03/08/2022,Encaminhado,"Reinaldo Codognato (Autor), Marisa Alves da Silva Costa (Autor)","Indico ao Excelentíssimo Senhor Prefeito Municipal, que estude junto ao setor competente da administração, as possibilidades de implementar melhorias na iluminação da praça do Cristo Redentor. Tal indicação se justifica em razão de vários pedidos feitos por parte da população, uma vez que, uma boa iluminação para o local fará toda a...",Indicação nº 066/2022
065,2022,03/08/2022,Encaminhado,"Reinaldo Codognato (Autor), Rui Domingos da Silva (Autor)","Indico ao Excelentíssimo Senhor Prefeito Municipal, que estude junto ao setor competente da administração, as possibilidades de instalar canaletas na esquina da Rua Ilazio Bedamar Buzzo com a Rua Manoel Vicente Monteiro, localizadas no Bairro Carmesim 1. Tal indicação se justifica em razão de vários pedidos feitos por parte da população,...",Indicação nº 065/2022
064,2022,28/07/2022,Encaminhado,"Anderson Marcos Viana (Autor), Valdir Aparecido de Oliveira (Autor)","Indico ao Excelentíssimo Senhor Prefeito Municipal, que estude junto ao setor competente da administração, as possibilidades de abrir uma pasta com o intuito de criar uma comissão de fiscalização para os suplentes comtemplados pelas casas populares do Residencial das Américas. Tal indicação se justifica em razão da necessidade de...",Indicação nº 064/2022
063,2022,28/07/2022,Encaminhado,"Anderson Marcos Viana (Autor), Elio Furini Neto (Autor), Valdir Aparecido de Oliveira (Autor)","Indico ao Excelentíssimo Senhor Prefeito Municipal, que estude junto ao setor competente da administração, as possibilidades de construir uma área de lazer e um playground defronte à Rua Vereador Gelso José da Silva, localizada no Bairro Frei Galvão, bem como de implementar a devida iluminação no local. Tal indicação se justifica em...",Indicação nº 063/2022
062,2022,06/07/2022,Encaminhado,Sofia Rodrigues dos Santos (Autor),"Indico ao Excelentíssimo Senhor Prefeito Municipal, que estude junto ao setor competente da administração, as possibilidades de estar denominando o nome do saudoso Junqueirópolense, senhor José Fernandes Filho para a praça localizada no Bairro Delta Ville. Tal indicação se justifica em razão de se tratar de uma pessoa que foi muito...",Indicação nº 062/2022
061,2022,23/06/2022,Encaminhado,"Reinaldo Codognato (Autor), Teresinha de Lourdes Freitas Regodanso (Autor), Sofia Rodrigues dos Santos (Autor)","Indico ao Excelentíssimo Senhor Prefeito Municipal, reforçando a indicação n° 98/2021, apresentada pela Vereadora Teresinha de Lourdes Freitas Regodanso, que estude junto ao setor competente da administração, as possibilidades de realizar o recapeamento asfáltico no prolongamento da Rua Jacinto José Alegrete e Guerino Val. Ainda,...",Indicação nº 061/2022
060,2022,23/06/2022,Encaminhado,"Reinaldo Codognato (Autor), Teresinha de Lourdes Freitas Regodanso (Autor), Sofia Rodrigues dos Santos (Autor)","Indico ao Excelentíssimo Senhor Prefeito Municipal, reforçando a indicação n° 12/2021, apresentada pela Vereadora Teresinha de Lourdes Freitas Regodanso, que estude junto ao setor competente da administração, as possibilidades de instalar redutores de velocidade em pontos estratégicos da Rua Constantino Marcolino de Souza. Tal...",Indicação nº 060/2022
059,2022,23/06/2022,Encaminhado,"Reinaldo Codognato (Autor), Sofia Rodrigues dos Santos (Autor)","Indico ao Excelentíssimo Senhor Prefeito Municipal, que estude junto ao setor competente da administração, as possibilidades de instalar um playground no bairro Jardim Conde. Tal indicação se justifica em razão dos vários pedidos feitos por parte da população afim de proporcionar uma devida área de recreação para as crianças que...",Indicação nº 059/2022
058,2022,22/06/2022,Encaminhado,"Elio Furini Neto (Autor), Anderson Marcos Viana (Autor), Paulo Sérgio Cordeiro (Autor), Teresinha de Lourdes Freitas Regodanso (Autor), Valdir Aparecido de Oliveira (Autor)","Indico ao Excelentíssimo Senhor Prefeito Municipal, que estude junto à Diretoria de Saúde, as possibilidades de distribuir medicamentos nas unidades de estratégia de saúde da família (ESF). Tal indicação se justifica em razão da alta demanda e filas com numerosas pessoas no Centro de distribuição do Centro de Saúde Central. Dessa...",Indicação nº 058/2022
057,2022,21/06/2022,Encaminhado,Anderson Marcos Viana (Autor),"Indico ao Excelentíssimo Senhor Prefeito Municipal, que estude junto ao setor competente da administração, as possibilidades de implementar a devida iluminação no trevo do Bairro Duas Barras. Tal indicação se justifica em razão de diversos pedidos feitos por parte da população, que constantemente relatam os transtornos gerados pela...",Indicação nº 057/2022
056,2022,15/06/2022,Encaminhado,Valdir Aparecido de Oliveira (Autor),"Indico ao Excelentíssimo Senhor Prefeito Municipal, que estude junto ao setor competente da administração, as possibilidades de destinar a caminhonete 4 x 4, a diesel, cabine dupla, conquistada através do Programa AgroSP+Seguro, para realizar rondas nas áreas rurais. Tal indicação se justifica em razão da necessidade de se proporcionar...",Indicação nº 056/2022
055,2022,15/06/2022,Encaminhado,"Valdir Aparecido de Oliveira (Autor), Reinaldo Codognato (Autor), Teresinha de Lourdes Freitas Regodanso (Autor)","Indico ao Excelentíssimo Senhor Prefeito Municipal, reforçando a indicação n° 149/2021, apresentada pelos Vereadores Reinaldo Codognato, Valdir Aparecido de Oliveira e Teresinha de Lourdes Freitas Regodanso, que estude junto ao setor competente da administração, as possibilidades de substituir os canos da rede de água do Bairro Duas...",Indicação nº 055/2022
054,2022,14/06/2022,Encaminhado,Anderson Marcos Viana (Autor),"Indico ao Excelentíssimo Senhor Prefeito Municipal, reforçando a indicação n° 158/2021, de autoria do Vereador Anderson Marcos Viana, que estude junto ao setor competente da administração, as possibilidades de aproveitamento da água que jorra da bica localizada no Bairro Vila Beatriz. Tal indicação se justifica em razão das várias...",Indicação nº 054/2022
053,2022,14/06/2022,Encaminhado,Anderson Marcos Viana (Autor),"Indico ao Excelentíssimo Senhor Prefeito Municipal, que estude junto ao setor competente da administração, as possibilidades de providenciar areia necessária para revestir a caixa do playground das crianças no jardim dos pioneiros. Tal indicação se justifica em razão de vários pedidos por parte dos moradores, que se queixam do perigo das...",Indicação nº 053/2022
052,2022,09/06/2022,Encaminhado,"Sofia Rodrigues dos Santos (Autor), Reinaldo Codognato (Autor)","Indico ao Excelentíssimo Senhor Prefeito Municipal, que estude junto ao setor competente da administração, as possibilidades de realizar o recapeamento da Rua Nazareno Cedroni, bem como da Rua Augusto E Nogueira, que se prolonga até a saída da Via de Acesso João Furini, localizadas no Bairro Jardim Boa Vista. Ainda, solicita-se também, o...",Indicação nº 052/2022
051,2022,09/06/2022,Encaminhado,Elio Furini Neto (Autor),"Indico ao Excelentíssimo Senhor Prefeito Municipal, reforçando a indicação n° 126/2021, que estude junto ao setor competente da administração, as possibilidades de reformar o campo de futebol da Vila Beatriz juntamente com a manutenção do gramado, assim como a construção de área de lazer e ampliação dos banheiros/vestiários masculinos e...",Indicação nº 051/2022
050,2022,09/06/2022,Encaminhado,Elio Furini Neto (Autor),"Indico ao Excelentíssimo Senhor Prefeito Municipal, que estude junto ao setor competente da administração, as possibilidades de implementar melhorias no local de treinamento do Tênis de Mesa, visto que há muitos atletas praticando o esporte e o local em que é realizado o treinamento se encontra improvisado para a pratica. Tal indicação...",Indicação nº 050/2022
049,2022,08/06/2022,Encaminhado,Valdir Aparecido de Oliveira (Autor),"Indico ao Excelentíssimo Senhor Prefeito Municipal, reforçando a indicação n° 159/2021, que estude junto ao setor competente da administração, as possibilidades de rever o percentual que é pago como insalubridade aos servidores municipais da área da saúde da municipalidade que hoje recebem em torno de 20% (vinte por cento). Tal indicação...",Indicação nº 049/2022
048,2022,06/06/2022,Encaminhado,Anderson Marcos Viana (Autor),"Indico ao Excelentíssimo Senhor Prefeito Municipal, que estude junto ao setor competente da administração, as possibilidades de reconstruir a ponte que liga Junqueirópolis à Flora Rica, próxima ao Córrego do Fogo. Tal indicação se justifica em razão da dificuldade que a população encontra para transitar no local, uma vez que a ponte caiu...",Indicação nº 048/2022
047,2022,31/05/2022,Encaminhado,Valdir Aparecido de Oliveira (Autor),"Indico ao Excelentíssimo Senhor Prefeito Municipal, que estude junto ao setor competente da administração, as possibilidades de implementar um redutor de velocidade na Rua Quinzinho da Cunha, entre a Avenida Latina e a Rua das Américas. Tal indicação se justifica em razão dos riscos que os moradores enfrentam, uma vez que há um ponto de...",Indicação nº 047/2022
046,2022,31/05/2022,Encaminhado,Valdir Aparecido de Oliveira (Autor),"Indico ao Excelentíssimo Senhor Prefeito Municipal, reforçando a indicação n° 27/2021, apresentada pelo Vereador Valdir Aparecido de Oliveira, que estude junto ao setor competente da administração, as possibilidades de reconstruir o trecho da Estrada JQL 145, localizada no Bairro Taquarussu, próxima à Fazenda Boa Esperança, bem como a...",Indicação nº 046/2022
045,2022,26/05/2022,Encaminhado,Anderson Marcos Viana (Autor),"Indico ao Excelentíssimo Senhor Prefeito Municipal, que estude junto ao setor competente da administração, as possibilidades de disponibilizar um local nos ESFs n° 1, 3, 4, 7 e central, assim como no CRAS, para que a população venha fazer a troca do óleo de cozinha velho pelo novo. Tal indicação se justifica em razão da facilidade que...",Indicação nº 045/2022
044,2022,26/05/2022,Encaminhado,Anderson Marcos Viana (Autor),"Indico ao Excelentíssimo Senhor Prefeito Municipal, que estude junto ao setor competente da administração, as possibilidades de estudar a construção de um banheiro com vestiário no Pronto Socorro Municipal, destinado aos funcionários que necessitam trocar suas vestimentas antes ou após seus turnos. Tal indicação se justifica em razão da...",Indicação nº 044/2022
043,2022,26/05/2022,Encaminhado,Anderson Marcos Viana (Autor),"Indico ao Excelentíssimo Senhor Prefeito Municipal, que estude junto ao setor competente da administração, as possibilidades de implementar o funcionamento de uma pequena farmácia aos finais de semana, durante 12 horas por dia, no Pronto Socorro Municipal, principalmente no período atual, onde estão incidindo diversas patologias. Tal...",Indicação nº 043/2022
042,2022,26/05/2022,Encaminhado,Anderson Marcos Viana (Autor),"Indico ao Excelentíssimo Senhor Prefeito Municipal, que estude junto ao setor competente da administração, as possibilidades de retornar o funcionamento das consultas de ultrassom na Santa Casa de Junqueirópolis. Tal indicação se justifica em razão dos transtornos causados aos pacientes que necessitam do exame e acabam tendo que se...",Indicação nº 042/2022
041,2022,25/05/2022,Encaminhado,Valdir Aparecido de Oliveira (Autor),"Indico ao Excelentíssimo Senhor Prefeito Municipal, que estude junto ao setor competente da administração, as possibilidades de realiza o corte das árvores secas existentes as margens da rodovia vicinal Alcines Canola, que liga a cidade ao Bairro das Duas Barras. Tal indicação se justifica em razão das árvores do local terem sido...",Indicação nº 041/2022
040,2022,25/05/2022,Encaminhado,Valdir Aparecido de Oliveira (Autor),"Indico ao Excelentíssimo Senhor Prefeito Municipal, que estude junto ao setor competente da administração, as possibilidades de estudar a implementação de mão única no trecho da Rua São Luiz defronte ao Estádio Municipal Raphael Capelli, bem como realizar a manutenção ou substituição dos aparelhos de ginástica da academia ao ar livre...",Indicação nº 040/2022
039,2022,19/05/2022,Encaminhado,Anderson Marcos Viana (Autor),"Indico ao Excelentíssimo Senhor Prefeito Municipal, que estude junto ao setor competente da administração, as possibilidades de introduzir uma via de mão única na Avenida Bandeirantes, defronte ao Centro de Saúde. Tal indicação se justifica em razão dos inúmeros acidentes que estão ocorrendo no local, além do constante fluxo de...",Indicação nº 039/2022
038,2022,19/05/2022,Encaminhado,"Anderson Marcos Viana (Autor), Elio Furini Neto (Autor), Paulo Sérgio Cordeiro (Autor), Teresinha de Lourdes Freitas Regodanso (Autor), Valdir Aparecido de Oliveira (Autor)","Indico ao Excelentíssimo Senhor Prefeito Municipal, que estude junto ao setor competente da administração, as possibilidades de disponibilizar ônibus nos períodos da manhã e noite para os alunos que residem a uma distância inferior a 1500 das escolas em tempos de frio como atualmente. Tal indicação se justifica em razão da...",Indicação nº 038/2022
037,2022,18/05/2022,Encaminhado,"Anderson Marcos Viana (Autor), Elio Furini Neto (Autor), Paulo Sérgio Cordeiro (Autor), Teresinha de Lourdes Freitas Regodanso (Autor), Valdir Aparecido de Oliveira (Autor)","Indico ao Excelentíssimo Senhor Prefeito Municipal, que estude junto ao setor competente da administração, as possibilidades de divulgar por meio das mídias sociais do Poder Executivo e carros de som, a Lei Municipal n° 3507, de autoria do Poder Legislativo, que dispõe sobre as normas de concessão e utilização do Colar de Girassol...",Indicação nº 037/2022
036,2022,17/05/2022,Encaminhado,Anderson Marcos Viana (Autor),"Indico ao Excelentíssimo Senhor Prefeito Municipal, que estude junto ao setor competente da administração, as possibilidades de providenciar 2 caminhões de areia para cobrir as quadras do parque ecológico. Tal indicação se justifica em razão da pouca areia que está presente nestas quadras, fazendo com que os praticantes se machuquem...",Indicação nº 036/2022
035,2022,11/05/2022,Encaminhado,Teresinha de Lourdes Freitas Regodanso (Autor),"Indico ao Excelentíssimo Senhor Prefeito Municipal, que estude junto ao setor competente da administração, as possibilidades de estar denominando para o sistema de lazer do Bairro Jardim Alvorada, o nome da saudosa Senhora Maria das Dores Barbosa Stopa, carinhosamente conhecida por todos como “Professora Dorinha”, pessoa que foi...",Indicação nº 035/2022
034,2022,11/05/2022,Encaminhado,Anderson Marcos Viana (Autor),"Indico ao Excelentíssimo Senhor Prefeito Municipal, que estude junto ao setor competente da administração, as possibilidades de implementar a devida cobertura nos ESFs nº 2, 3, 6 e 7 para que os pacientes possam esperar suas consultas. Tal indicação se justifica em razão de diversos pedidos da população, principalmente relacionado a...",Indicação nº 034/2022
033,2022,11/05/2022,Encaminhado,Anderson Marcos Viana (Autor),"Indico ao Excelentíssimo Senhor Prefeito Municipal, que estude junto ao setor competente da administração, as possibilidades de implementar a devida iluminação no cemitério municipal, bem como reformar as calçadas e muros do local. Tal indicação se justifica em razão de diversos relatos da população a respeito de furtos que acontecem...",Indicação nº 033/2022
032,2022,11/05/2022,Encaminhado,Anderson Marcos Viana (Autor),"Indico ao Excelentíssimo Senhor Prefeito Municipal, que estude junto ao setor competente da administração, as possibilidades de implementar pontos de ônibus nos bairros: Residencial Das Américas, Jardim Paulista, Jardim Junqueirópolis, Vila Beatriz com Residencial Carmesim I, Pioneiros, Cristo Redentor, Residencial Figueira, Delta...",Indicação nº 032/2022
031,2022,11/05/2022,Encaminhado,Anderson Marcos Viana (Autor),"Indico ao Excelentíssimo Senhor Prefeito Municipal, que estude junto ao setor competente da administração, as possibilidades de reformar a academia de judô do município. Tal indicação se justifica em razão de diversos pedidos feitos pelos pais, que relatam o estado precário que a academia se encontra. As práticas de judô e karatê...",Indicação nº 031/2022
030,2022,11/05/2022,Encaminhado,Anderson Marcos Viana (Autor),"Indico ao Excelentíssimo Senhor Prefeito Municipal, que estude junto ao setor competente da administração, as possibilidades de implementar a devida iluminação no trecho localizado na avenida Edwirges Anna Aparecida Trevisan. Tal indicação se justifica em razão de diversos pedidos da população devido aos perigos constantes...",Indicação nº 030/2022
029,2022,05/05/2022,Encaminhado,"Reinaldo Codognato (Autor), Sofia Rodrigues dos Santos (Autor)","Indico ao Excelentíssimo Senhor Prefeito Municipal, que estude junto ao setor competente da administração, as possibilidades de implementar o retorno das atividades de recreação que eram disponibilizadas para o público da terceira idade, que por decorrência da pandemia da Covid 19, foram pausadas temporariamente. Ainda, sugere-se o...",Indicação nº 029/2022
028,2022,04/05/2022,Encaminhado,"Elio Furini Neto (Autor), Anderson Marcos Viana (Autor), Paulo Sérgio Cordeiro (Autor), Teresinha de Lourdes Freitas Regodanso (Autor), Valdir Aparecido de Oliveira (Autor)","Indico ao Excelentíssimo Senhor Prefeito Municipal, que estude junto ao setor competente da administração, as possibilidades de instituir um Auxílio Municipal Oncológico para fornecimento de alimentos para pessoas que estão realizando tratamentos oncológicos. É evidente que um plano alimentar adequado e orientado por um nutricionista...",Indicação nº 028/2022
027,2022,04/05/2022,Encaminhado,"Reinaldo Codognato (Autor), Sofia Rodrigues dos Santos (Autor)","Indico ao Excelentíssimo Senhor Prefeito Municipal, que estude junto ao setor competente da administração, as possibilidades de intitular o complexo de Áreas Verdes dos bairros Jardim Aliança 1, Residencial Campo Bello e Jardim Catuna, que se tornarão posteriormente um parque ecológico, com o nome do saudoso João Seloto. Tal...",Indicação nº 027/2022
026,2022,28/04/2022,Encaminhado,Reinaldo Codognato (Autor),"Indico ao Excelentíssimo Senhor Prefeito Municipal, que estude junto ao setor competente da administração, as possibilidades de realizar a pavimentação asfáltica da rampa que dá acesso da rua até o portão da Sociedade de Proteção à Infância (SPI). Tal indicação se justifica em razão dos danos causados ao portão em períodos de chuva,...",Indicação nº 026/2022
025,2022,27/04/2022,Encaminhado,Anderson Marcos Viana (Autor),"Indico ao Excelentíssimo Senhor Prefeito Municipal, que estude junto ao setor competente da administração, as possibilidades de aumentar o número de lugares disponíveis nas arquibancadas da ACERUVA/2022. Tal indicação se justifica em razão da alta demanda que o evento terá por conta da entrada franca que será propiciada todos os dias...",Indicação nº 025/2022
024,2022,27/04/2022,Encaminhado,Anderson Marcos Viana (Autor),"Indico ao Excelentíssimo Senhor Prefeito Municipal, que estude junto ao setor competente da administração, as possibilidades de realizar a poda de árvores nos canteiros do final da Rua Tiradentes no bairro Jardim Esperança e no final da Rua da Paz com a Rua Recife. Tal indicação se justifica em razão de vários pedidos feitos pela...",Indicação nº 024/2022
023,2022,26/04/2022,Encaminhado,"Teresinha de Lourdes Freitas Regodanso (Autor), Anderson Marcos Viana (Autor), Elio Furini Neto (Autor), Marisa Alves da Silva Costa (Autor), Paulo Sérgio Cordeiro (Autor), Valdir Aparecido de Oliveira (Autor)","Indico ao Excelentíssimo Senhor Prefeito Municipal, que estude junto ao setor competente da administração, as possibilidades de ampliar o horário de atendimento da fisioterapia e a quantidade de postos de atendimento em lugares estratégicos da cidade, para que todos tenham uma maior facilidade em seus atendimentos e tratamentos....",Indicação nº 023/2022
022,2022,26/04/2022,Encaminhado,"Elio Furini Neto (Autor), Anderson Marcos Viana (Autor), Marisa Alves da Silva Costa (Autor), Paulo Sérgio Cordeiro (Autor), Teresinha de Lourdes Freitas Regodanso (Autor), Valdir Aparecido de Oliveira (Autor)","Indico ao Excelentíssimo Senhor Prefeito Municipal, que estude junto ao setor competente da administração, as possibilidades de ampliar o horário permitido no velório municipal, podendo ser velado a qualquer hora. Tal medida se justifica para que a família possa se despedir de seu ente querido pelo período que achar...",Indicação nº 022/2022
021,2022,26/04/2022,Encaminhado,Valdir Aparecido de Oliveira (Autor),"Indico ao Excelentíssimo Senhor Prefeito Municipal, que estude junto ao setor competente da administração, as possibilidades de adquirir uma moto fumacê para ajudar no combate à dengue, Chikungunya, pernilongos e demais insetos. Tal indicação se justifica em razão dos benefícios que essa moto adaptada traria para a Vigilância...",Indicação nº 021/2022
020,2022,20/04/2022,Encaminhado,"Reinaldo Codognato (Autor), Marisa Alves da Silva Costa (Autor), Sofia Rodrigues dos Santos (Autor)","Indico ao Excelentíssimo Senhor Prefeito Municipal, que estude junto ao setor competente da administração, as possibilidades de realizar a manutenção da área verde localizada na Comunidade Lar Santa Terezinha. Tal indicação se justifica em razão da importância de oferecer uma alternativa de lazer e entretenimento para os internos que...",Indicação nº 020/2022
019,2022,20/04/2022,Encaminhado,"Reinaldo Codognato (Autor), Rui Domingos da Silva (Autor)","Indico ao Excelentíssimo Senhor Prefeito Municipal, que estude junto ao setor competente da administração, as possibilidades de realizar manutenções periódicas nas vias laterais da vicinal Alcide Cânola, além de realizar a remoção de árvores que oferecem perigo para os condutores, pedestres e ciclistas da região. Tal indicação se...",Indicação nº 019/2022
018,2022,20/04/2022,Encaminhado,Valdir Aparecido de Oliveira (Autor),"Indico ao Excelentíssimo Senhor Prefeito Municipal, que estude junto ao setor competente da administração, as possibilidades de realizar treinamentos e capacitações com ênfase em primeiros socorros e direção defensiva para os funcionários municipais do setor de obras, motoristas, operadores de máquinas, tratoristas, serviços gerais,...",Indicação nº 018/2022
017,2022,07/04/2022,Encaminhado,"Elio Furini Neto (Autor), Anderson Marcos Viana (Autor), Paulo Sérgio Cordeiro (Autor), Teresinha de Lourdes Freitas Regodanso (Autor), Valdir Aparecido de Oliveira (Autor)","Indico ao Excelentíssimo Senhor Prefeito Municipal, que estude junto ao setor competente da administração, as possibilidades de estar realizando batimetro nas estações de tratamento de esgoto (ETE) do nosso município para apurar a real situação de eficácia que elas se encontram. Justifica-se a indicação tendo em vista o odor exalado...",Indicação nº 017/2022
016,2022,07/04/2022,Encaminhado,"Anderson Marcos Viana (Autor), Valdir Aparecido de Oliveira (Autor)","Indico ao Excelentíssimo Senhor Prefeito Municipal, que estude junto ao setor competente da administração, as possibilidades de implementar sinalização e proteção lateral na estrada JQL 357, devido a uma erosão que surgiu por conta do desague de águas pluviais de diversos pontos da cidade, trazendo riscos de acidentes aos produtores...",Indicação nº 016/2022
015,2022,07/04/2022,Encaminhado,Valdir Aparecido de Oliveira (Autor),"Indico ao Excelentíssimo Senhor Prefeito Municipal, que estude junto ao setor competente da administração, as possibilidades da reconstrução da estrada JQL 237, localizada no Bairro Palmeiras, sentido Paulo Dias. Estrada essa de grande importância, pois dá acesso à cidade de Dracena e é usada pelos produtores rurais para fazer o...",Indicação nº 015/2022
014,2022,07/04/2022,Encaminhado,Valdir Aparecido de Oliveira (Autor),"Indico ao Excelentíssimo Senhor Prefeito Municipal, que estude junto ao setor competente da administração, as possibilidades de implementar canaletas de captação de águas pluviais nas proximidades da Rua das Perdizes número 585, uma vez que em períodos de chuva, são ocasionados muitos transtornos para o cidadão que precisa trabalhar,...",Indicação nº 014/2022
013,2022,31/03/2022,Encaminhado,Rui Domingos da Silva (Autor),"Indico ao Excelentíssimo Senhor Prefeito Municipal,  que de acordo com a Lei Complementar n. 191, de 08 de março de 2022,  sancionada recentemente pelo Presidente da República, o restabelecimento da  contagem para aquisição de direitos relacionados ao tempo de serviço aos  servidores da saúde do nosso município, no período em que esta...",Indicação nº 013/2022
012,2022,31/03/2022,Encaminhado,"Reinaldo Codognato (Autor), Marisa Alves da Silva Costa (Autor)","Indico ao Excelentíssimo Senhor Prefeito Municipal, que estude junto ao setor competente da administração, as possibilidades de implementar aulas de muay thai nos centros comunitários da cidade, afim de promover a saúde física e mental dos jovens e incentivar o convívio social da comunidade.",Indicação nº 012/2022
011,2022,31/03/2022,Encaminhado,"Reinaldo Codognato (Autor), Sofia Rodrigues dos Santos (Autor)","Indico ao Excelentíssimo Senhor Prefeito Municipal, que estude junto ao setor competente da administração, as possibilidades de implementar sinalização de solo em frente aos Centros Educacionais Infantis (CEI), uma vez que os motoristas transitam em velocidades elevadas nestes locais, colocando assim em risco a segurança das...",Indicação nº 011/2022
010,2022,28/03/2022,Encaminhado,Teresinha de Lourdes Freitas Regodanso (Autor),"Indico ao Excelentíssimo Senhor Prefeito Municipal, que estude junto ao setor competente da administração, as possibilidades de estar implantando uma academia ao ar livre na praça (área verde) localizada no loteamento Delta Ville, além de outras melhorias, para assim garantir uma melhor qualidade de vida e lazer aos moradores da...",Indicação nº 010/2022
009,2022,21/03/2022,Encaminhado,Anderson Marcos Viana (Autor),"Indico ao Excelentíssimo Senhor Prefeito Municipal, que estude junto ao setor competente da administração, as possibilidades de estar colocando placas de identificação na última rua do Jardim Alvorada, recentemente denominada rua Chapéu de Couro, para que assim os moradores recebam corretamente os serviços de entrega e que se facilite a...",Indicação nº 009/2022
008,2022,07/03/2022,Encaminhado,Anderson Marcos Viana (Autor),Indicação ao Prefeito Municipal para que proceda a colocação de redutores de velocidade nos locais de entrada e saída de alunos das escolas e creches municipais.,Indicação nº 008/2022
007,2022,07/03/2022,Encaminhado,Anderson Marcos Viana (Autor),"Indicação ao Prefeito Municipal para reforçar a sinalização ou instalar redutor de velocidade na Avenida Sete de Setembro, defronte a Academia de Judô, próximo ao Ginásio de Esportes.",Indicação nº 007/2022
006,2022,07/03/2022,Encaminhado,Anderson Marcos Viana (Autor),Indicação ao Prefeito Municipal para que instale bebedouros de água gelada na Praça Álvaro de Oliveira Junqueira e na Praça do Centenário.,Indicação nº 006/2022
005,2022,02/03/2022,Encaminhado,"Sofia Rodrigues dos Santos (Autor), Reinaldo Codognato (Autor), Rui Domingos da Silva (Autor), Marisa Alves da Silva Costa (Autor)",Indicação ao Prefeito Municipal para que estude possibilidade de alterar a Lei Complementar nº 693/2016 para isentar moradores da zona rural da cobrança de taxa de iluminação pública.,Indicação nº 005/2022
004,2022,02/03/2022,Encaminhado,Valdir Aparecido de Oliveira (Autor),Indicação ao Prefeito Municipal para que proceda a manutenção e construção do acostamento da estrada municipal Vicinal Henrique Coutinho (Usina Rio Vermelho).,Indicação nº 004/2022
003,2022,14/02/2022,Encaminhado,"Valdir Aparecido de Oliveira (Autor), Anderson Marcos Viana (Autor), Elio Furini Neto (Autor), Paulo Sérgio Cordeiro (Autor), Teresinha de Lourdes Freitas Regodanso (Autor)",Indicação ao Prefeito Municipal para que determine ao setor competente a restauração e manutenção do passeio público do Parque Ecológico.,Indicação nº 003/2022
002,2022,14/02/2022,Encaminhado,"Valdir Aparecido de Oliveira (Autor), Anderson Marcos Viana (Autor), Elio Furini Neto (Autor), Paulo Sérgio Cordeiro (Autor), Teresinha de Lourdes Freitas Regodanso (Autor)","Indicação ao Prefeito Municipal para que elabore e execute um projeto de iluminação pública nas áreas verdes dos bairros Campo Belo, Aliança, Frei Galvão e outros.",Indicação nº 002/2022
001,2022,14/02/2022,Encaminhado,"Elio Furini Neto (Autor), Anderson Marcos Viana (Autor), Paulo Sérgio Cordeiro (Autor), Valdir Aparecido de Oliveira (Autor), Teresinha de Lourdes Freitas Regodanso (Autor)",Indicação ao Prefeito Municipal para retirar a grade interna que rodeia a quadra do Ginásio de Esportes Cícero Gomes.,Indicação nº 001/2022
197,2021,20/12/2021,Encaminhado,Elio Furini Neto (Autor),"Indico ao Excelentíssimo Senhor Prefeito Municipal que  juntamente com o setor de Saúde da Prefeitura Municipal, estudem as possibilidades de estar iniciando em nossa cidade a campanha de vacinação contra a gripe e, se necessário, a aquisição das doses da vacina através de recursos próprios, devido a propagação da nova variante da...",Indicação nº 197/2021
196,2021,06/12/2021,Encaminhado,Anderson Marcos Viana (Autor),"Indico ao Excelentíssimo Senhor Prefeito Municipal, que  estude as possibilidades no sentido de estar construindo uma praça nas proximidades do cruzamento da Avenida Junqueira com a Rua da Paz, (SPI) por se tratar de uma área extensa com muitas arvores e de propriedade da municipalidade que no momento se encontra sem serventia.",Indicação nº 196/2021
195,2021,06/12/2021,Encaminhado,Anderson Marcos Viana (Autor),"Indico ao Excelentíssimo Senhor Prefeito Municipal, que  determine ao setor competente da administração, seja realizado um serviço de poda nos eucaliptos existentes no Bairro Pioneiros. Nosso pedido vem atender a solicitações da comunidade do local.",Indicação nº 195/2021
194,2021,29/11/2021,Encaminhado,Paulo Sérgio Cordeiro (Autor),"Indico ao Excelentíssimo Senhor Prefeito Municipal  que juntamente com o setor competente de sua admirei stração, estudem as possibilidades de estar construindo uma cobertura defronte o salão de judo para abrigar os alunos que esperam pelas aulas e ﬁcam debaixo do sol escaldante e demais intempéries do tempo. A nossa indicação vem...",Indicação nº 194/2021
193,2021,29/11/2021,Encaminhado,Valdir Aparecido de Oliveira (Autor),"Indico ao Excelentíssimo Senhor Prefeito Municipal, que  estude das possibilidades juntamente com o setor responsável da administração, que seja feita uma análise microbiológica, ﬁsica e química da água potável que é servida à nossa comunidade que pode conter quantidades elevadas de metais pesados como: amianto, cobre, cobalto,...",Indicação nº 193/2021
192,2021,29/11/2021,Encaminhado,Valdir Aparecido de Oliveira (Autor),"Indico ao Excelentíssimo Senhor Prefeito Municipal, que  estude das possibilidades juntamente com o setor responsável da administração, de estar utilizando o ""Moto Fumacê"" no combate ao mosquito da dengue que tem aumentado a sua proliferação em nossa cidade. Nosso pedido se justifica por ser uma solução de baixo custo que já vem...",Indicação nº 192/2021
191,2021,22/11/2021,Encaminhado,Reinaldo Codognato (Autor),"Indico ao Excelentíssimo Senhor Prefeito Municipal, que  estude com carinho as possibilidades de estar designando o nome do Saudoso Tafarel Rodrigues Vieira para o futuro complexo poliesportivo que será construído no Jardim Paulista, em homenagem póstuma a este jovem que foi muito conhecido no meio esportivo de nossa cidade e que...",Indicação nº 191/2021
190,2021,16/11/2021,Encaminhado,Rui Domingos da Silva (Autor),"Indico ao Excelentíssimo Senhor Prefeito Municipal,  que estude as possibilidades juntamente com o departamento competente de sua administração, para que seja implantado a concessão de diárias (valor ﬁxo) aos servidores públicos municipais motoristas de ambulância e transporte de pacientes, lotados na Secretaria Municipal de Saúde...",Indicação nº 190/2021
189,2021,08/11/2021,Encaminhado,Rui Domingos da Silva (Autor),"Indico ao Excelentíssimo Senhor Prefeito Municipal,  que estude as possibilidades no sentido de esta promovendo uma reforma na Casa de Apoio que a nossa Prefeitura manter na cidade de Jaú para acolhimento das pessoas de nossa cidade que fazem tratamento de saúde naquele município. A reforma a que referimos é de pequena monta, pois...",Indicação nº 189/2021
188,2021,08/11/2021,Encaminhado,Valdir Aparecido de Oliveira (Autor),"Indico ao Excelentíssimo Senhor Prefeito Municipal, que  determine ao setor competente da administração que providenciem a colocação de uma lixeira comunitária na lateral da estrada Vicinal Dr. José Siniciato, entrada da estrada JQL 457, Bairro União, atendendo desta forma os pedidos de moradores da localidade e pessoas que...",Indicação nº 188/2021
187,2021,08/11/2021,Encaminhado,Valdir Aparecido de Oliveira (Autor),"Indico ao Excelentíssimo Senhor Prefeito Municipal, que  estude as possibilidades juntamente com o setor de transito de nossa cidade, para que seja feita a sinalização de solo ou construção de um redutor de velocidade na Rua Alameda Paraíso, localizada no Bairro Campo Belo, tendo em vista que esta rua possui um tráfego intenso de...",Indicação nº 187/2021
186,2021,03/11/2021,Encaminhado,Marisa Alves da Silva Costa (Autor),"Indico ao Excelentíssimo Senhor Prefeito Municipal, que  juntamente com a Diretoria de Educação do Município, estudem as possibilidades no sentido de estarem contratando um Professor de Artes Cê ricas e Ilustrador para ministrar aulas de desenho, pintura, teatro e outras atividades correlatadas na Biblioteca Municipal....",Indicação nº 186/2021
185,2021,25/10/2021,Encaminhado,"Anderson Marcos Viana (Autor), Elio Furini Neto (Autor), Marisa Alves da Silva Costa (Autor), Paulo Sérgio Cordeiro (Autor), Reinaldo Codognato (Autor), Rui Domingos da Silva (Autor), Sofia Rodrigues dos Santos (Autor), Teresinha de Lourdes Freitas Regodanso (Autor), Valdir Aparecido de Oliveira (Autor)","Indicamos ao Excelentíssimo Senhor Prefeito Municipal,  que juntamente com o setor de pessoal da Prefeitura Municipal e dentro dos parâmetros da Lei de Responsabilidade Fiscal e mediante análise prévia do comportamento das receitas municipais, em especial, considerando o aumento da arrecadação, estudem com muito carinho as...",Indicação nº 185/2021
184,2021,04/10/2021,Encaminhado,Reinaldo Codognato (Autor),"Indico ao Excelentíssimo Senhor Prefeito Municipal, que  determine ao setor competente da administração, seja tomada providencias no sentido de estar normalizando as canaletas existentes na Rua Goiânia, esquina com a Avenida Bandeirantes e na Rua São Salvador, esquina com a Rua da Paz, tendo em vista os inúmeros acidentes...",Indicação nº 184/2021
183,2021,04/10/2021,Encaminhado,Reinaldo Codognato (Autor),"INdico ao Excelentíssimo Senhor Prefeito Municipal, que  determine ao setor competente da administração, seja instalado iluminação pública na Rua Victor Camargo Bodini, no trecho compreendido entre a Rua Prof"" Maria Eugénia Regazoli (Bairro Frei Galeão) e Alameda Grécia (Residencial Athenas), atendendo desta forma, pedidos dos...",Indicação nº 183/2021
182,2021,04/10/2021,Encaminhado,Valdir Aparecido de Oliveira (Autor),"Indico ao Excelentíssimo Senhor Prefeito Municipal, que  estude as possibilidades juntamente com o setor de obras do município, no sentido de realizar a ligação da Rua Laércio Sacomani, no Distrito Industrial II, com a Alameda Vista do Sol, no Bairro Residencial Vale do Sol. Justiﬁco, que a abertura desse trajeto ajudará em muito...",Indicação nº 182/2021
181,2021,04/10/2021,Encaminhado,Anderson Marcos Viana (Autor),"Indico ao Excelentíssimo Senhor Prefeito Municipal, que  entre em contato com a Empresa Fumagalli Eletricidade, responsável pela troca de lâmpadas da iluminação pública de nossa cidade, para que a mesma proceda a veriﬁcação da iluminação mais vezes durante a semana no período noturno, evitando, assim, que a população tenha que...",Indicação nº 181/2021
180,2021,04/10/2021,Encaminhado,Anderson Marcos Viana (Autor),"Indico ao Excelentíssimo Senhor Prefeito Municipal, que  estude as possibilidades no sentido de estar prolongando a extensão da pavimentação de um pequeno trecho no anal das Ruas Benedito José de Lima e João Millan, tendo em vista que as demais ruas do Bairro já estão pavimentadas até o seu anal, restando somente essas duas ruas,...",Indicação nº 180/2021
179,2021,27/09/2021,Encaminhado,Reinaldo Codognato (Autor),"Indico ao Excelentíssimo Senhor Prefeito Municipal, que  determine ao setor competente da administração, seja realizado a construção de calçamento ao entorno da área verde do Bairro Pioneiros, se prolongando até o Bairro Carmesin II. Indico ainda, que seja estudada as possibilidades de estar prolongando a pavimentação asfáltico da...",Indicação nº 179/2021
178,2021,27/09/2021,Encaminhado,"Reinaldo Codognato (Autor), Rui Domingos da Silva (Autor), Teresinha de Lourdes Freitas Regodanso (Autor)","Indico ao Excelentíssimo Senhor Prefeito Municipal, que  determine ao setor competente da administração, a reparação da pista de caminhada localizada no Parque Ecológico em virtude das inúmeras irregularidades existentes na referida pista e também, que vejam as possibilidades da reinstalação de novos bancos em substituição aos que...",Indicação nº 178/2021
177,2021,27/09/2021,Encaminhado,"Reinaldo Codognato (Autor), Valdir Aparecido de Oliveira (Autor)","Indico ao Excelentíssimo Senhor Prefeito Municipal, que  determine ao setor competente da administração, as possibilidades no sentido de estar promovendo uma manutenção geral nos aparelhos existentes na academia ao ar livre localizada defronte a entrada do Estádio Municipal Raphael Capelli, tendo em vista ser um local muito...",Indicação nº 177/2021
176,2021,27/09/2021,Encaminhado,"Reinaldo Codognato (Autor), Marisa Alves da Silva Costa (Autor)","Indico ao Excelentíssimo Senhor Prefeito Municipal, que  determine ao setor competente da administração, as possibilidades no sentido de estar promovendo uma reforma na pista de Skate do município, tendo em vista as péssimas condições do piso da pista, com inúmeros buracos e remendos de concreto, o que tem causado vários acidentes...",Indicação nº 176/2021
175,2021,27/09/2021,Encaminhado,Anderson Marcos Viana (Autor),"Indico ao Excelentíssimo Senhor Prefeito Municipal, que  estude as possibilidades no sentido de estar prolongando a extensão da Rua José Reis, ligando o Bairro Pioneiros ao Bairro Carmesin II, atendendo desta forma os inúmeros pedidos dos moradores da localidade que alegam terem que dar uma longa volta para terem acesso aos...",Indicação nº 175/2021
174,2021,20/09/2021,Encaminhado,"Elio Furini Neto (Autor), Marisa Alves da Silva Costa (Autor)","Indico ao Excelentíssimo Senhor Prefeito Municipal que  juntamente com o setor competente desta Municipalidade estude a possibilidade de realizar um planeamento de arborização, revitalização de praças e jardins, plantio de árvores frutíferas com produção de mudas feitas pelo próprio viveiro municipal. Juntamente com a comunidade...",Indicação nº 174/2021
173,2021,20/09/2021,Encaminhado,"Marisa Alves da Silva Costa (Autor), Reinaldo Codognato (Autor)","Indico ao Excelentíssimo Senhor Prefeito Municipal, que  determine ao setor competente da administração, seja realizado serviços visando a melhoria na iluminação pública da Rua Fayez Zogheib, no Bairro Pioneiros, paralelamente aos campos esportivos localizados no referido trecho de rua. A indicação se justiﬁca pelos inúmeros...",Indicação nº 173/2021
172,2021,20/09/2021,Encaminhado,"Reinaldo Codognato (Autor), Sofia Rodrigues dos Santos (Autor)","Indico ao Excelentíssimo Senhor Prefeito Municipal, que  determine ao setor competente da administração, a realização de serviços visando a manutenção em pontos estratégicos da estrada rural localizada no Bairro Saúde, tendo em vista que em vários trechos a referida estrada apresenta dimensões muito estreitas, prejudicando a...",Indicação nº 172/2021
171,2021,20/09/2021,Encaminhado,"Reinaldo Codognato (Autor), Rui Domingos da Silva (Autor)","Indico ao Excelentíssimo Senhor Prefeito Municipal, que  determine ao setor competente da admirei stração, seja realizado um serviço de captação de águas pluviais na Rua Zeca da Cunha, esquina com a Rua Porto Alegre, que devido ao acumulo de terra e sujeira no local, propicia também a invasão de agua nas residências que se...",Indicação nº 171/2021
170,2021,20/09/2021,Encaminhado,Anderson Marcos Viana (Autor),"Indico ao Excelentíssimo Senhor Prefeito Municipal, que  determine ao setor de obras do município, a realização de um serviço de drenagem visando o escoamento correto da água que fica constantemente parada na Rua Argentina, altura do n° 84, no Residencial das Américas. Nosso pedido vem atender as constantes reclamações dos...",Indicação nº 170/2021
169,2021,20/09/2021,Encaminhado,"Anderson Marcos Viana (Autor), Reinaldo Codognato (Autor)","Indico ao Excelentíssimo Senhor Prefeito Municipal, que  estude as possibilidades junto ao setor de esportes do município, no sentido de estar disponibilizando o espaço da academia de judo para a realização de aulas de karatê. Nosso pedido se justifica em virtude da existência de aproximadamente 50 alunos que vem sendo treinados...",Indicação nº 169/2021
168,2021,20/09/2021,Encaminhado,Anderson Marcos Viana (Autor),"Indico ao Excelentíssimo Senhor Prefeito Municipal, que  determine ao setor competente da administração, seja realizado um serviço de dedetização com veneno apropriado no combate aos escorpiões que vem infestando muitos setores da cidade, colocando em pânico e risco as famílias devido ao aparecimento do aracnídeo em várias...",Indicação nº 168/2021
167,2021,20/09/2021,Encaminhado,"Valdir Aparecido de Oliveira (Autor), Rui Domingos da Silva (Autor)","Indico ao Excelentíssimo Senhor Prefeito Municipal, que  estude as possibilidades juntamente com o setor de esportes do município, seja retomado as atividades da escolinha municipal de futebol, desde as categorias de base até o juniores. Nossa indicação se justifica tendo em vista que além de promover a saúde e o condicionamento...",Indicação nº 167/2021
166,2021,20/09/2021,Encaminhado,"Rui Domingos da Silva (Autor), Valdir Aparecido de Oliveira (Autor)","Indico ao Excelentíssimo Senhor Prefeito Municipal, que  através do setor de obras da municipalidade, seja realizado serviços de proteção em todas as cabeceiras de pontes existentes no município, amém de aumentar a segurança e evitar acidentes mais graves.",Indicação nº 166/2021
165,2021,20/09/2021,Encaminhado,"Rui Domingos da Silva (Autor), Valdir Aparecido de Oliveira (Autor)","Indico ao Excelentíssimo Senhor Prefeito Municipal, que  determine ao setor de obras da municipalidade, que através do programa Melhor Caminho seja restaurada a estrada JQL 325, que liga a Fazenda Chapada e Fazenda Bereta ao Bairro Vila São João, assim como o erguimento da mesma nas proximidades do popular ""BlA"".",Indicação nº 165/2021
164,2021,08/09/2021,Encaminhado,Reinaldo Codognato (Autor),"Indico ao Excelentíssimo Senhor Prefeito Municipal, que  determine ao setor competente da administração, a substituição da caixa dá°água da Vila São João, assim como a construção de uma nova base para esta caixa, tendo em vista os inúmeros vazamentos e problemas na sua estrutura que pode ruir a qualquer momento, causando, além de...",Indicação nº 164/2021
163,2021,08/09/2021,Encaminhado,"Anderson Marcos Viana (Autor), Reinaldo Codognato (Autor)","Indicamos ao Excelentíssimo Senhor Prefeito Municipal,  que estude as possibilidades no sentido de estar colocando iluminação pública, novos bancos e lixeiras em um pequeno trecho de Rua Piauí, no bairro Colina Verde, tendo em vista que os moradores daquela localidade utilizam constantemente este pequeno espaço para o seu lazer e...",Indicação nº 163/2021
162,2021,08/09/2021,Encaminhado,Reinaldo Codognato (Autor),"Indico ao Excelentíssimo Senhor Prefeito Municipal, que  estude as possibilidades no sentido de estar intermediando junto a direção da Companhia Ferroviária RUMO Logística, no sentido de estar resolvendo a situação dos antigos moradores que ainda residem na antiga colónia da FEPASA, tendo em vista que os moradores querem que as...",Indicação nº 162/2021
161,2021,08/09/2021,Encaminhado,Valdir Aparecido de Oliveira (Autor),"Indico ao Excelentíssimo Senhor Prefeito Municipal, que  determine ao setor de obras da municipalidade, o término da construção do muro que vem sendo construído no recinto da Aceruva amém de evitar possíveis deslizamentos de terras no período chuvoso que está por vir devido ao barranco existente no local, o que coloca em risco a...",Indicação nº 161/2021
160,2021,08/09/2021,Encaminhado,Valdir Aparecido de Oliveira (Autor),"Indico ao Excelentíssimo Senhor Prefeito Municipal, que  juntamente com o setor de transito de nossa cidade, estudem as possibilidades de estar implantando faixas de pedestres, criação de estacionamento exclusivo para deﬁcientes físicos e idosos, e ainda, se possível, a implantação de estacionamentos com ângulo de 45° defronte as...",Indicação nº 160/2021
159,2021,30/08/2021,Encaminhado,Valdir Aparecido de Oliveira (Autor),"Indico ao Excelentíssimo Senhor Prefeito Municipal, que  estude com muito carinho as possibilidades de estar revendo o percentual que é pago como insalubridade aos servidores municipais da área de saúde da municipalidade que hoje é em tomo de 20% (vinte por cento). Nosso pedido se justiﬁca por entendermos mutuamente o trabalho...",Indicação nº 159/2021
158,2021,30/08/2021,Encaminhado,Anderson Marcos Viana (Autor),"Indico ao Excelentíssimo Senhor Prefeito Municipal, que  considerando a constante falta de agua que esta acontecendo em vários setores da cidade, estude as possibilidades de estar construindo um reservatório para armazenar a agua que jorra da bica para posterior distribuição aos carros pipas da Prefeitura, da Usina Rio Vermelho e...",Indicação nº 158/2021
157,2021,30/08/2021,Encaminhado,Paulo Sérgio Cordeiro (Autor),"Indico ao Excelentíssimo Senhor Prefeito Municipal  que juntamente com o setor competente de sua administração, analisem as possibilidades no sentido de estarem expandindo a área do Distrito Industrial IV de nossa cidade através da aquisição de terrenos que fazem divisas com o referido parque industrial. Justificativa: Devido ao...",Indicação nº 157/2021
156,2021,30/08/2021,Encaminhado,Reinaldo Codognato (Autor),"Indico ao Excelentíssimo Senhor Prefeito Municipal, que  juntamente com o setor de agua da municipalidade, estudem as possibilidades no sentido de estar instalando uma rede de agua com diversas torneiras na ares verde do Bairro Figueira, tendo em vista que a própria comunidade do local se prontiﬁcaram a cuidar e aguarem as...",Indicação nº 156/2021
155,2021,30/08/2021,Encaminhado,Reinaldo Codognato (Autor),"Indico ao Excelentíssimo Senhor Prefeito Municipal, que  estude as possibilidades no sentido de estar realizando através do setor de obras da Prefeitura diversas melhorias na ares verde do Bairro Carmesim Il, como: constnlção de calçadas, iluminação pública bebedouro de agua, torneiras em pontos estratégicos da praça para aguar as...",Indicação nº 155/2021
154,2021,30/08/2021,Encaminhado,"Anderson Marcos Viana (Autor), Elio Furini Neto (Autor)","Indico ao Excelentíssimo Senhor Prefeito Municipal, que  juntamente com o setor competente da administração, estudem as possibilidades no sentido de estarem efetuando uma reforma geral no salão comunitário do Jardim dos Pássaros. Nossa indicação vem atender inúmeros pedidos dos moradores daquela localidade que a anos vem esperando...",Indicação nº 154/2021
153,2021,23/08/2021,Encaminhado,"Reinaldo Codognato (Autor), Valdir Aparecido de Oliveira (Autor), Teresinha de Lourdes Freitas Regodanso (Autor)","Indicamos ao Excelentíssimo Senhor Prefeito Municipal,  que estude as possibilidades no sentido de estar realizando uma reforma geral no Centro Comunitário do Bairro Duas Barras, tendo em vista 35 condições precárias dos sanitários, cozinha, churrasqueia e o local reservado para festas no salão e demais melhorias que a...",Indicação nº 153/2021
152,2021,23/08/2021,Encaminhado,Elio Furini Neto (Autor),"Indico ao Excelentíssimo Senhor Prefeito Municipal  que juntamente com o setor financeiro e o setor da educação da municipalidade. estudem as possibilidades de estarem incluindo na proposta orçamentário do municipio para o exercício financeiro de 2022, recursos para serem aplicados na Biblioteca Municipal, propiciando desta forma,...",Indicação nº 152/2021
151,2021,23/08/2021,Encaminhado,Anderson Marcos Viana (Autor),"Indico ao Excelentíssimo Senhor Prefeito Municipal, que  juntamente com o setor competente da administração, tomem as devidas providencias com relação ao esgoto que vem sendo despejado no Bairro Jardim Junqueirópolis, proximidades da Rua Goiânia com a Belém. Nossa indicação atende pedidos dos moradores da localidade que vem...",Indicação nº 151/2021
150,2021,23/08/2021,Encaminhado,Anderson Marcos Viana (Autor),"Indico ao Excelentíssimo Senhor Prefeito Municipal, que  juntamente com o setor competente da administração, estudern as possibilidades de estarem implantando estacionamento de bicicletas no centro da cidade, principalmente na Rua Rui Barbosa e Avenida Junqueira com espaço intercalado de aproximadamente 150 metros um do outro com...",Indicação nº 150/2021
149,2021,23/08/2021,Encaminhado,"Reinaldo Codognato (Autor), Valdir Aparecido de Oliveira (Autor), Teresinha de Lourdes Freitas Regodanso (Autor)","Indicamos ao Excelentíssimo Senhor Prefeito Municipal,  que juntamente com o setor competente da Prefeitura Municipal, estudem as possibilidades no sentido de estar substituindo os canos da rede de agua do Bairro Duas Barras por uma polegada maior para que a agua chegue com mais pressão nas residências que são abastecidas por...",Indicação nº 149/2021
148,2021,23/08/2021,Encaminhado,Marisa Alves da Silva Costa (Autor),"Indico ao Excelentíssimo Senhor Prefeito Municipal,  para que junto com a Secretaria da Saúde possa autorizar ao setor competente através de funcionários (agentes comunitários de saúde), realizar um levantamento total da população animal na cidade de Junqueirópolis, por residência. Sugiro, ainda, que neste estudo possa estar...",Indicação nº 148/2021
147,2021,16/08/2021,Encaminhado,"Valdir Aparecido de Oliveira (Autor), Rui Domingos da Silva (Autor)","Indicamos ao Excelentíssimo Senhor Prefeito  Municipal, que juntamente com os setores da Saúde e Educação, estudem as possibilidades no sentido de estarem contratando psicólogos para atenderam a população nos PSFs e Escolas do nosso Município. Nossa indicação se justiﬁca em virtude da pandearia ter afetado muitas pessoas e...",Indicação nº 147/2021
146,2021,16/08/2021,Encaminhado,Anderson Marcos Viana (Autor),"Indico ao Excelentíssimo Senhor Prefeito Municipal, que  estude as possibilidades juntamente com o setor competente da administração. visando a construção em locais estratégicos da cidade de abrigos dotados de bancos e cobertura para servir com mais conforto e proteção os estudantes e demais trabalhadores, principalmente os ninais...",Indicação nº 146/2021
145,2021,16/08/2021,Encaminhado,Anderson Marcos Viana (Autor),"Indico ao Excelentíssimo Senhor Prefeito Municipal, que  determine ao setor competente da administração, a colocação de braços de luz que ainda faltam nos postes do Residencial das Américas, tendo em vista que a população do local vem a muito tempo fazendo essa reivindicação que trará maior segurança noturna aos moradores e...",Indicação nº 145/2021
144,2021,16/08/2021,Encaminhado,Anderson Marcos Viana (Autor),"Indico ao Excelentíssimo Senhor Prefeito Municipal, que  determine ao setor competente da administração, seja colocado três redutores de velocidade em pontos estratégicos da Rua Edwirges Ana Aparecida Trevizan, tendo em vista ser uma extensa via com grande movimentação de veiculos e pessoas transitando pelo local, o que propicia a...",Indicação nº 144/2021
143,2021,16/08/2021,Encaminhado,Anderson Marcos Viana (Autor),"Indico ao Excelentíssimo Senhor Prefeito Municipal, que  determine ao setor responsável pela vigilância sanitária, que estenda a campanha de vacinação contra a raiva e a leishmaniose para ser realizada também no Parque Ecológico, tendo em vista que a mesma já vem sendo realizada na antiga Bica e Jardim Esperança. Nosso pedido se...",Indicação nº 143/2021
141,2021,16/08/2021,Encaminhado,"Anderson Marcos Viana (Autor), Elio Furini Neto (Autor), Marisa Alves da Silva Costa (Autor), Paulo Sérgio Cordeiro (Autor), Reinaldo Codognato (Autor), Rui Domingos da Silva (Autor), Sofia Rodrigues dos Santos (Autor), Teresinha de Lourdes Freitas Regodanso (Autor), Valdir Aparecido de Oliveira (Autor)","Indicamos ao Excelentíssimo Senhor Prefeito Municipal,  que juntamente com o setor competente da Prefeitura Municipal, estudem as possibilidades no sentido de estar aumentando para o prOximo ano, o valor dos recursos que a Prefeitura tem disponibilizado para as entidades assistenciais e filantrópicas de nossa cidade, tendo em...",Indicação nº 141/2021
140,2021,16/08/2021,Encaminhado,"Valdir Aparecido de Oliveira (Autor), Rui Domingos da Silva (Autor)","Indicamos ao Excelentíssimo Senhor Prefeito  Municipal, que estude as possibilidades de estar instalando painéis fotovoltaicos (dispositivo utilizado para converter a energia da luz do sol em energia elétrica) nas escolas e demais repartições públicas do municipio que consomem grande quantidade de energia eletrica. Justificativa:...",Indicação nº 140/2021
142,2021,11/08/2021,Encaminhado,"Anderson Marcos Viana (Autor), Elio Furini Neto (Autor), Marisa Alves da Silva Costa (Autor), Paulo Sérgio Cordeiro (Autor), Reinaldo Codognato (Autor), Rui Domingos da Silva (Autor), Sofia Rodrigues dos Santos (Autor), Teresinha de Lourdes Freitas Regodanso (Autor), Valdir Aparecido de Oliveira (Autor)","Indicamos ao Excelentíssimo Senhor Prefeito Municipal,  que estude as possibilidades no sentido de estar colocando redutores de velocidade em pontos estratégicos da Rua Santos Dumont, priorizando os Bairros Alto do Ceie, Jardim Paulista e Jardim das Américas, tendo em vista se tratar de uma via preferencial que interliga os três...",Indicação nº 142/2021
139,2021,09/08/2021,Encaminhado,Anderson Marcos Viana (Autor),"Indico ao Excelentíssimo Senhor Prefeito Municipal, que  tome providencias o mais urgente possível junto ao setor competente da administração visando a colocação de redutores de velocidade na estrada pavimentada que dá acesso aos Bairros Delta Ville I e II e Horto do Seringal, tendo em vista a constante presença de pessoas que...",Indicação nº 139/2021
138,2021,09/08/2021,Encaminhado,Teresinha de Lourdes Freitas Regodanso (Autor),"Indico ao Excelentíssimo Senhor Prefeito Municipal, que  determine ao setor competente da administração que providenciem junto a empresa que fabricou os materiais usados no calcamento padronizado da Rua Rui Barbosa a fabricação de mais pisos para completar o calcamento de vários lugares onde foram realizadas reformas pelos...",Indicação nº 138/2021
137,2021,09/08/2021,Encaminhado,"Valdir Aparecido de Oliveira (Autor), Rui Domingos da Silva (Autor)","Indicamos ao Excelentíssimo Senhor Prefeito Municipal,  que juntamente com o setor competente da Prefeitura Municipal estudem as possibilidades no sentido de estar isentando do pagamento de multas, correções e juros moratórias aos contribuintes que tem dividas com o erário municipal, como água e esgoto e IPTU. Como justificativa,...",Indicação nº 137/2021
136,2021,09/08/2021,Encaminhado,"Reinaldo Codognato (Autor), Valdir Aparecido de Oliveira (Autor), Rui Domingos da Silva (Autor)","Indicamos ao Excelentíssimo Senhor Prefeito Municipal,  que juntamente com o setor responsável pela manutenção da iluminação pública de nossa cidade, estudem as possibilidades de estar substituindo as atrais lâmpadas de vapor de sódio por lâmpadas de LED, o que virá propiciar uma grande economia ﬁnanceira para o município, além da...",Indicação nº 136/2021
135,2021,09/08/2021,Encaminhado,"Anderson Marcos Viana (Autor), Elio Furini Neto (Autor), Reinaldo Codognato (Autor)","Indicamos ao Excelentíssimo Senhor Prefeito Municipal  que estude juntamente com o setor competente de sua administração, estudem as possibilidades de estar disponibilizando o transporte, ou através de repasse de recursos financeiros, destinado a locomoção dos alunos que frequentam a ETEC - Professora Cannelina Barbosa localizada...",Indicação nº 135/2021
134,2021,09/08/2021,Encaminhado,Paulo Sérgio Cordeiro (Autor),"Indico ao Excelentíssimo Senhor Prefeito Municipal que estude juntamente com o setor competente de sua administração, estudem as possibilidades de estar dotando e disponibilizando a intemet Wifi no Velório Municipal, amém de oferecer maior conforto e comodidade às pessoas presentes no local, principalmente quando querem manter...",Indicação nº 134/2021
133,2021,09/08/2021,Encaminhado,Anderson Marcos Viana (Autor),"Indico ao Excelentíssimo Senhor Prefeito Municipal, que  tome providencias o mais urgente possivel junto ao setor competente da administração quanto ao esgoto que vem sendo jogado a ceu aberto nos fundos da propriedade do saudoso Dr. Alberto Prado de Oliveira, o que vem causando a contaminação do solo e gerando muitas reclamações...",Indicação nº 133/2021
132,2021,09/08/2021,Encaminhado,Anderson Marcos Viana (Autor),"Indico ao Excelenﬁssimo Senhor Prefeito Municipal, que  estude com muito carinho as possibilidades de estar instalando redutores de velocidade defronte as creches existentes em nossa cidade amém de oferecer maior tranquilidade e segurança as nossas crianças e seus acompanhantes. Nossa indicação se justifica em virtude da...",Indicação nº 132/2021
131,2021,02/08/2021,Encaminhado,Paulo Sérgio Cordeiro (Autor),"Indico ao Excelentíssimo Senhor Prefeito Municipal  que determine ao setor de obras do município, seja construído uma passarela ou uma escada na plataforma existente na antiga estação ferroviária de nossa cidade para servir aos pedestres que usam daquele atalho para se locomoverem.",Indicação nº 131/2021
130,2021,02/08/2021,Encaminhado,"Valdir Aparecido de Oliveira (Autor), Rui Domingos da Silva (Autor)","Indico ao Excelentíssimo Senhor Prefeito Municipal, que  determine ao setor competente da administração, a realização do serviço denominado ""Melhor Caminho"", na estrada mra! JQL 160, localizada no Bairro I"" Secção, num trecho aproximado de 2 Kms e 600 metros, aﬁrn de melhorar o aspecto da estrada e oferecer melhores condições de...",Indicação nº 130/2021
129,2021,02/08/2021,Encaminhado,"Valdir Aparecido de Oliveira (Autor), Rui Domingos da Silva (Autor)","Indico ao Excelentíssimo Senhor Prefeito Municipal, que  determine ao setor competente da administração, a colocação de forro no Terminal Rodoviário de nossa cidade, afim de propiciar maior limpeza no local devido a grande quantidade de pombos domésticos que fizeram das ferragens que apoiam a estrutura da cobertura em seus locais...",Indicação nº 129/2021
128,2021,02/08/2021,Encaminhado,Elio Furini Neto (Autor),"Indico ao Excelentíssimo Senhor Prefeito Municipal, que  juntamente com o setor competente desta Municipalidade estude a possibilidade de criação de um Centro Esposo*alvo nos Bairros ""Jardim Paulista"" e ""Alto do Cerne"". incluindo campos de futebol, quadra poliesportiva, quadra de areia e circuito para caminha e corrida, assim como...",Indicação nº 128/2021
127,2021,28/07/2021,Encaminhado,"Anderson Marcos Viana (Autor), Teresinha de Lourdes Freitas Regodanso (Autor)","Indicamos ao Excelentíssimo Senhor Prefeito Municipal,  que determine ao setor competente desta Municipalidade providencias a quem de direito no sentido de realizarem a substituição de vários postes de madeira que ainda existem na rede de sustentação de energia elétrica de nossa cidade por postes de concreto armado, tendo em vista...",Indicação nº 127/2021
126,2021,28/06/2021,Encaminhado,Elio Furini Neto (Autor),"Indico ao Excelentíssimo Senhor Prefeito Municipal, que  juntamente com o setor competente desta Municipalidade estude a possibilidade de reforma do campo de futebol da Vila Beatriz, com a manutenção do gramado, assim como a construção de área de lazer e ampliação dos banheiras/vestiários masculinos e femininos para uso da...",Indicação nº 126/2021
125,2021,28/06/2021,Encaminhado,"Teresinha de Lourdes Freitas Regodanso (Autor), Reinaldo Codognato (Autor)","Indicamos ao Excelentíssimo Senhor Prefeito Municipal,  que determine ao setor competente da administração que providenciem a reforma ou a troca dos bancos e aparelhos da academia ao ar livre localizada nas proximidades da conhecida curva do ""S"", entre a Avenida Latina e a Rua das Acácias no Jardim Primavera, tendo em vista as...",Indicação nº 125/2021
124,2021,21/06/2021,Encaminhado,"Reinaldo Codognato (Autor), Paulo Sérgio Cordeiro (Autor)","Indico ao Excelentíssimo Senhor Prefeito Municipal, que  estude as possibilidades no sentido de estar construindo sanitários masculino e feminino nas proximidades da Praça Álvaro de Oliveira Junqueira, para uso comunitário da nossa comunidade, principalmente por aqueles que frequentam constantemente aquele local. Nosso pedido se...",Indicação nº 124/2021
123,2021,21/06/2021,Encaminhado,Reinaldo Codognato (Autor),"Indico ao Excelentíssimo Senhor Prefeito Municipal, que  estude as possibilidades no sentido de estar colocando areia no local onde esta instalado o porquinho infantil do Bairro Jardim Pioneiros, atendendo desta forma, os pedidos da comunidade local, principalmente dos pais das crianças que utilizam o local para se divertirem....",Indicação nº 123/2021
122,2021,14/06/2021,Encaminhado,Paulo Sérgio Cordeiro (Autor),"Indico ao Excelentíssimo Senhor Prefeito Municipal  que determine ao setor de obras do município, seja construído uma boca de lobo na Rua Piauí, esquina com a Rua das Oliveiras e outra boca de lobo, também na Rua Piauí, esquina com a Rua das Aroeira, ambas no Bairro Colina Verde. Nosso pedido vem atender solicitações dos moradores...",Indicação nº 122/2021
121,2021,14/06/2021,Encaminhado,Paulo Sérgio Cordeiro (Autor),"Indico ao Excelentíssimo Senhor Prefeito Municipal  que determine ao setor de obras do municipio seja feita a restauração da estada municipal JQL-140, popularmente conhecida por ""estrada do motel"", tendo em vista o estado precário em que a mesma se encontra, trazendo transtorno e dificuldade para as pessoas que trafegam no...",Indicação nº 121/2021
120,2021,14/06/2021,Encaminhado,Sofia Rodrigues dos Santos (Autor),"Indico ao Excelentíssimo Senhor Prefeito Municipal,  que junto com o Diretor Municipal de Saúde, seja encaminhado oﬁcio ao Governo do Estado de São Paulo sugerindo e solicitando que, após o grupo de comorbidades, sejam incluidos os ﬁmcionários de estabelecimentos considerados essenciais que não foram priorizados nos grupos de...",Indicação nº 120/2021
119,2021,14/06/2021,Encaminhado,Rui Domingos da Silva (Autor),"Indico ao Excelentíssimo Senhor Prefeito Municipal,  que juntamente com o setor de saúde de nossa cidade, estudern as possibilidades de estar estendendo até às 21:00 horas, o horário de funcionamento e atendimento da Central da Covid, localizada junto a Santa Casa de segunda a sexta feira e durante os dias de sábados, domingos e...",Indicação nº 119/2021
118,2021,14/06/2021,Encaminhado,Reinaldo Codognato (Autor),"Indico ao Excelentíssimo Senhor Prefeito Municipal, que estude com muito carinho as possibilidades de estar reivindicando junto ao Ministério das Comunicações o programa Wi-Fi Brasil (antigo GESAC), que é responsável por oferecer aceso gratuito a serviços de conexão à internet, com o objetivo de promover a inclusão digital e social, além...",Indicação nº 118/2021
117,2021,14/06/2021,Encaminhado,Reinaldo Codognato (Autor),"Indico ao Excelentíssimo Senhor Prefeito Municipal, que juntamente com a Diretoria Municipal de Saúde estudem as possibilidades de manter aberto a farmácia do Centro de Saúde (Postão) no horário de almoço, através  de um revezamento entre os funcionários que atendem naquele local. Nossa indicação se justiﬁca tendo em vista que muitas...",Indicação nº 117/2021
116,2021,14/06/2021,Encaminhado,Valdir Aparecido de Oliveira (Autor),"Indico ao Excelentíssimo Senhor Prefeito Municipal, que  determine ao setor competente da administração seja realizada uma limpeza e manutenções na pista de passeio e caminhada existente na área da praça esportiva do Jardim Alvorada em virtude do acumulo de terra no local. Sugiro a construção de uma pequena muleta na lateral da...",Indicação nº 116/2021
115,2021,14/06/2021,Encaminhado,"Reinaldo Codognato (Autor), Elio Furini Neto (Autor)","Atendendo reivindicações de servidores de nossa  municipalidade, estamos indicando ao Excelentíssimo Senhor Prefeito Municipal, que estude as possibilidades no sentido de propor mudanças no Estatuto dos Servidores Municipais de Junqueirópolis, dispondo sobre uma clausula que estabeleça o beneficio de jornada especial de trabalho...",Indicação nº 115/2021
114,2021,07/06/2021,Encaminhado,Reinaldo Codognato (Autor),"Indico ao Excelentíssimo Senhor Prefeito Municipal, que  estude as possibilidades no sentido de estar reivindicando junto ao Governo do Estado, recursos necessários destinados a melhoria e pavimentação do acostamento de toda a extensão da Vicinal Alcides Carola, até o Bairro Duas Barras. O objetivo do nosso pedido é oferecer maior...",Indicação nº 114/2021
113,2021,31/05/2021,Encaminhado,Elio Furini Neto (Autor),"Indico ao Excelentíssimo Senhor Prefeito  Municipal, que juntamente com os setores competentes desta Municipalidade envie oﬁcios à Receita Federal e Polícia Federal para que encaminhe à esta Municipalidade celulares apreendidos em operações realizadas por estas entidades. Tem por tonalidade, o repasse desses aparelhos celulares...",Indicação nº 113/2021
112,2021,31/05/2021,Encaminhado,Anderson Marcos Viana (Autor),"Indico ao Excelentíssimo Senhor Prefeito  Municipal, que estude juntamente com o setor competente da administração, as possibilidades de estar construindo um espaço publico para cães denominado como ""CachorrOdromo"", na área do Parque Ecológico, tendo como objetivo disponibilizar um espaço público exclusivo para cães, dessa forma,...",Indicação nº 112/2021
111,2021,31/05/2021,Encaminhado,Reinaldo Codognato (Autor),"Indico ao Excelentíssimo Senhor Prefeito Municipal, que  determine ao setor competente da administração, seja realizado um serviço de desinfecção e limpeza na rede de esgoto do Bairro Alto do Cerne, principalmente nas proximidades do cruzamento da Avenida Marconi com a Avenida Campos Sales, tendo em vista o mau cheiro que exala...",Indicação nº 111/2021
110,2021,24/05/2021,Encaminhado,"Reinaldo Codognato (Autor), Valdir Aparecido de Oliveira (Autor)","Indicamos ao Excelentíssimo Senhor Prefeito  Municipal, que estude junto ao setor competente da administração as possibilidades de estar mantendo aberto o local de cobrança de tributos municipais que hoje funciona na Casa da Cidadania, no horario do almoço. Justificativa O referido pedido se faz necessário, visando atender os...",Indicação nº 110/2021
109,2021,24/05/2021,Encaminhado,Anderson Marcos Viana (Autor),"Indico ao Excelentíssimo Senhor Prefeito  Municipal, que estude juntamente com o setor competente da administração, as possibilidades de estar fechando um carreador existente no final da Rua Polónia, no Bairro Delta Ville H. Tal solicitação se faz necessária uma vez que o referido local dá acesso a Vicinal João Furini. e veio...",Indicação nº 109/2021
108,2021,24/05/2021,Encaminhado,"Elio Furini Neto (Autor), Anderson Marcos Viana (Autor), Marisa Alves da Silva Costa (Autor), Paulo Sérgio Cordeiro (Autor), Reinaldo Codognato (Autor), Rui Domingos da Silva (Autor), Sofia Rodrigues dos Santos (Autor), Teresinha de Lourdes Freitas Regodanso (Autor), Valdir Aparecido de Oliveira (Autor)","Indicamos ao Excelentíssimo Senhor Prefeito  Municipal, que juntamente com o setor competente desta Municipalidade estude a possibilidade de realizar a limpeza das Estações de Tratamento de Esgotos - ETE. digo ""Lagoa de Tratamento do Carreiro"" e ""Lagoa de Tratamento do Matadouro"". Tem por tonalidade, a solução da questão ambiental...",Indicação nº 108/2021
107,2021,24/05/2021,Encaminhado,Paulo Sérgio Cordeiro (Autor),"Indico ao Excelentíssimo Senhor Prefeito  Municipal, que estude junto ao setor de transito da administração. as possibilidades de estar construindo um redutor de velocidade denominado como ""lombada ou lombo faixa"", na Avenida Rio Branco e Rua Quinzinho da Cunha, nos cruzamento com a Rua Victor Junqueira, proximidades da Escola...",Indicação nº 107/2021
106,2021,24/05/2021,Encaminhado,Reinaldo Codognato (Autor),"Indico ao Excelentíssimo Senhor Prefeito Municipal,  que estude junto ao setor competente da administração as possibilidades de estar realizando reforma no ponto de ónibus existente na Rua Santos Dumont esquina com a Avenida Sete de Setembro. Solicitamos também que seja feito calçada na frente e nos lados. Justiﬁcativa: A referida...",Indicação nº 106/2021
105,2021,24/05/2021,Encaminhado,"Anderson Marcos Viana (Autor), Elio Furini Neto (Autor)","lúdico ao Excelentíssimo Senhor Prefeito  Municipal, que estude juntamente com o setor competente da administração. as possibilidades de estar instalando em locais estratégicos DÁ praça do Bairro Cristo Redentor, ponto de água potável (bebedouro) e a construção de sanitários publico feminino e masculino com lavatórios no Parque...",Indicação nº 105/2021
104,2021,24/05/2021,Encaminhado,Anderson Marcos Viana (Autor),"Indico ao Excelentíssimo Senhor Prefeito  Municipal, que estude juntamente com o setor competente da administração, as possibilidades de estar instalando em locais estratégicos na praça do Bairro Jardim Alvorada um ponto de água potável (bebedouro). Justificativa: O local citado é muito frequentado pelos moradores e visitantes...",Indicação nº 104/2021
103,2021,24/05/2021,Encaminhado,"Reinaldo Codognato (Autor), Teresinha de Lourdes Freitas Regodanso (Autor)","Indicamos ao Excelentíssimo Senhor Prefeito  Municipal, que estude as possibilidades juntamente com a Diretoria de Transito no no sentido de proceder a melhoria na sinalização do solo (pintura de PARE) em todos os cruzamentos da Avenida Sete de Setembro, e sendo possível, a colocação de faixa de pedestres nos locais considerados...",Indicação nº 103/2021
102,2021,24/05/2021,Encaminhado,"Reinaldo Codognato (Autor), Marisa Alves da Silva Costa (Autor)","Indicamos ao Excelentíssimo Senhor Prefeito  Municipal, que estude junto ao setor competente da administração as possibilidades de estar colocando bancos e lixeiras para lixo orgânico e reciclável nas áreas verdes existentes no Bairro Jardim Conde. Justiﬁco: Trata-se de um local que veio crescendo, o que aumenta o número de...",Indicação nº 102/2021
101,2021,24/05/2021,Encaminhado,"Reinaldo Codognato (Autor), Sofia Rodrigues dos Santos (Autor)","Indicamos ao Excelentíssimo Senhor Prefeito  Municipal, que estude junto ao setor competente da administração as possibilidades de estar realizando a instalação de galerias de captação de águas pluviais na Rua Valdemar Brito da Costa, no Bairro Carmesim l. Justificativa: O local citado não tem galeria o que vem tomando difícil o...",Indicação nº 101/2021
100,2021,24/05/2021,Encaminhado,Reinaldo Codognato (Autor),"Indico ao Excelentíssimo Senhor Prefeito Municipal,  que estude junto ao setor competente da administração as possibilidades de estar melhorando O sistema de captação de águas pluviais na Avenida Junqueira no Bairro Jardim Alvorada. Justificativa: Haja visto, que o referido local já possui galeria de água. mas infelizmente não...",Indicação nº 100/2021
099,2021,24/05/2021,Encaminhado,Reinaldo Codognato (Autor),"Indico ao Excelentíssimo Senhor Prefeito Municipal,  que estude junto ao setor competente da administração as possibilidades de estar construído em local estratégico no Bairro Alto do Cerne uma academia ao ar livre. Nosso pedido veio atender inúmeras solicitações dos moradores do referido bairro por não terem um local apropriado...",Indicação nº 99/2021
098,2021,24/05/2021,Encaminhado,Teresinha de Lourdes Freitas Regodanso (Autor),"Indico ao Excelentíssimo Senhor Prefeito Municipal,  que estude junto ao setor competente da administração, as possibilidades de estar realizando o recapeamento asfaltico em todas as ruas do Bairro Jardim Boa Vista principalmente as ruas Jacinto José Alegreti e Alfredo Silva Santos. Justiﬁco que as ruas do referido bairro estão...",Indicação nº 098/2021
097,2021,24/05/2021,Encaminhado,-,"Indico ao Excelentíssimo Senhor Prefeito Municipal,  que estude junto ao setor competente da administração as possibilidades de estar realizando melhorias geral na Praça Andre Luiz Lacativa assim como a instalação de uma torneira, em um local estratégico determinado pela administração. A instalação da torneira sera indispensável...",Indicação nº 097/2021
096,2021,24/05/2021,Encaminhado,Paulo Sérgio Cordeiro (Autor),"Indico ao Excelentíssimo Senhor Prefeito  Municipal, que estude junto ao setor de transito da administração, as possibilidades de estar centralizando o ponto de táxi na Rua Rui Barbosa mais precisamente em frente a praça central. O local será exclusivo de veículos que prestam serviços de táxi. Esses locais são ﬁxados pela...",Indicação nº 096/2021
095,2021,17/05/2021,Encaminhado,Anderson Marcos Viana (Autor),"Indico ao Ilustríssimo Senhor Prefeito Municipal, que  estude juntamente com o setor competente da administração, analisem as possibilidades de estarem adorando algum critério para amenizar os valores da conta de agua dos contribuintes que sofrem com a falta do liquido em suas residências, tendo em vista que em muitos setores da...",Indicação nº 095/2021
094,2021,17/05/2021,Encaminhado,Valdir Aparecido de Oliveira (Autor),"Indico ao Excelentíssimo Senhor Prefeito  Municipal, que estude com muito carinho as possibilidades de estar realizando a compra ou locação de um imóvel urbano em nossa cidade para funcionar gratuitamente como casa de apoio, para pacientes que necessitam de maiores cuidados na recuperação da saúde. Coibi a disponibilização de uma...",Indicação nº 094/2021
093,2021,17/05/2021,Encaminhado,Valdir Aparecido de Oliveira (Autor),"lúdico ao Excelentíssimo Senhor Prefeito  Municipal, que estude junto ao setor competente da administração as possibilidades de estar cercando com alambrado a caixa d'água existente no bairro Jardim Alvorada. Justificativa: Tal solicitação veio trazer segurança evitando que as crianças e as demais pessoas possam ter livre acesso...",Indicação nº 093/2021
092,2021,17/05/2021,Encaminhado,Valdir Aparecido de Oliveira (Autor),"Indico ao Excelentíssimo Senhor Prefeito  Municipal, que estude junto ao setor de transito da admirei stração, possibilidades de estar colocando sinalização de solo na rua Ipiranga com a rua São Salvador. A reivindicação se justifica em virtude da existência de uma depressão com pouca visibilidade podendo ocasionar acidentes...",Indicação nº 092/2021
091,2021,17/05/2021,Encaminhado,Valdir Aparecido de Oliveira (Autor),"Indico ao Excelentíssimo Senhor Prefeito  Municipal, que estude junto ao setor competente da administração, as possibilidades de estar pavimentando um pequeno trecho da Rua Santa Fé no bairro Santa Ruth. A presente solicitação se justifica, tendo em vista, que o local fica intransitável nos dias de chuva trazendo transtorno aos...",Indicação nº 091/2021
090,2021,17/05/2021,Encaminhado,"Rui Domingos da Silva (Autor), Anderson Marcos Viana (Autor)","Indicamos ao Excelentíssimo Senhor Prefeito  Municipal, que estude junto ao setor competente da administração as possibilidades de estar substituindo os parquinlios atais por playground Justificativa: Esta indicação se faz necessária, pois ao construir um playground as crianças poderão ter mais uma opção de lazer, fato este que...",Indicação nº 090/2021
089,2021,17/05/2021,Encaminhado,Reinaldo Codognato (Autor),"Indico ao Excelentíssimo Senhor Prefeito Municipal  que estude junto ao setor competente da administração as possibilidades de estar realizando a pavimentação asfáltico, guias e sarjetas ou cascalhando um pequeno trecho da Rua Santa Terezinha no bairro Alto do Cerne, nas imediações do pesqueiro do Berrocozo. JUSTIFICATIVA: A...",Indicação nº 089/2021
088,2021,10/05/2021,Encaminhado,"Elio Furini Neto (Autor), Valdir Aparecido de Oliveira (Autor), Anderson Marcos Viana (Co-autor), Marisa Alves da Silva Costa (Co-autor), Paulo Sérgio Cordeiro (Co-autor), Reinaldo Codognato (Co-autor), Rui Domingos da Silva (Co-autor), Sofia Rodrigues dos Santos (Co-autor), Teresinha de Lourdes Freitas Regodanso (Co-autor)",Indicamos ao Excelentíssimo Senhor Prefeito  Municipal que estude junto ao setor competente da administração as possibilidades de estar dando prioridade com relação ao buracão existente no bairro Jardim Paulista: Justiﬁcativa: O buracão existente acima mencionado vem exalando IIITI cheiro insuportável que se agrava em dias...,Indicação nº 088/2021
087,2021,10/05/2021,Encaminhado,Valdir Aparecido de Oliveira (Autor),"Indico ao Excelentíssimo Senhor Prefeito  Municipal, que estude junto ao setor competente da administração, as possibilidades de estar dando continuidade da pavimentação asfaltica, até o anal da Avenida Campos Salles, no bairro Alto do Cerne. A presente solicitação ser justifica, tendo em vista, que a pavimentação asfalﬁca ficou...",Indicação nº 087/2021
086,2021,10/05/2021,Encaminhado,Valdir Aparecido de Oliveira (Autor),"Indico ao Excelentíssimo Senhor Prefeito  Municipal, que estude junto ao setor competente da administração, as possibilidades de estar realizando a contratação de segurança privada e instalação de comeras de vigilância para creches e escolas do município. A referida indicação, tem por objetivo a contratação de seguranças privados...",Indicação nº 086/2021
085,2021,03/05/2021,Encaminhado,Valdir Aparecido de Oliveira (Autor),"Indico ao Excelentíssimo Senhor Prefeito  Municipal, que estude junto ao setor competente da administração, as possibilidades da aquisição de um veiculo denominado como comboio de abastecimento e lubriﬁcação para dar manutenção e abastecimento nos maquinários que estão sendo utilizados para a realização de serviços na zona...",Indicação nº 085/2021
084,2021,03/05/2021,Encaminhado,Elio Furini Neto (Autor),"Indico ao Excelentíssimo Senhor Prefeito  Municipal, que juntamente com o setor competente desta Municipalidade estude a possibilidade de fornecimento de equipamentos necessários para que os alunos de baixa renda da rede pública municipal tenham facilidade ao acesso às aulas virtuais. Tais equipamentos, como antena, cabos e...",Indicação nº 084/2021
083,2021,03/05/2021,Encaminhado,Elio Furini Neto (Autor),"Indico ao Excelentíssimo Senhor Prefeito  Municipal, que juntamente com o setor competente desta Municipalidade estude a possibilidade de abrir ao público em geral os banheiras públicos localizados DO Centro de Formação Educacional José Roberto de Souza. Tem por finalidade, o acesso e a comodidade da população em utilizar o...",Indicação nº 083/2021
082,2021,03/05/2021,Encaminhado,"Elio Furini Neto (Autor), Paulo Sérgio Cordeiro (Autor)","Indicamos ao Excelentíssimo Senhor Prefeito  Municipal, que juntamente com o setor competente desta Municipalidade estude a possibilidade de realizar a reforma dos postos de Saúde de Estratégia de Saúde da Família - ESF leal e VII, haja vista a liberarão do valor de recursos públicos estaduais e federais destinados para as...",Indicação nº 082/2021
081,2021,03/05/2021,Encaminhado,"Reinaldo Codognato (Autor), Paulo Sérgio Cordeiro (Autor)","Indicamos ao Excelentíssimo Senhor Prefeito  Municipal, que juntamente com a Diretoria de Transito da municipalidade, estudem uma forma de melhorar a segurança no cruzamento da Avenida Paulista com a Rua São Salvador, tendo em vista os constantes acidentes que veio ocorrendo no local devido a falta de visibilidade dos motorista ao...",Indicação nº 081/2021
080,2021,03/05/2021,Encaminhado,Valdir Aparecido de Oliveira (Autor),"Indico ao Excelentíssimo Senhor Prefeito  Municipal, que estude as possibilidades juntamente com a Diretoria de Transito no sentido de estar colocando semáforos no cruzamento da Avenida Junqueira com a Rua Washington Luiz e na Rua Quinzinho da Cunha, nas proximidades da Igreja Católica. Justificativa: Os Munícipes procuraram este...",Indicação nº 080/2021
079,2021,03/05/2021,Encaminhado,Valdir Aparecido de Oliveira (Autor),"Indico ao Excelentíssimo Senhor Prefeito  Municipal, que estude junto ao setor competente da administração as possibilidades da implantação do Memorial em Homenagem às vitimas fatais do novo coronavírus (COVID-l9) no Município de Junqueirópolis em local a ser definido pelo Poder Executivo. Justificativa: O objetivo do Memorial em...",Indicação nº 079/2021
078,2021,26/04/2021,Encaminhado,Valdir Aparecido de Oliveira (Autor),"Indico ao Excelentíssimo Senhor Prefeito  Municipal, que estude junto ao setor competente da administração as possibilidades de estar procedendo melhoria no escoamento da agua na ia Colômbia com a rua Honduras do bairro Jardim das America. Tal solicitação se justifica devido a água que oca empolada por vários dias por não ter um...",Indicação nº 078/2021
077,2021,26/04/2021,Encaminhado,"Rui Domingos da Silva (Autor), Anderson Marcos Viana (Autor)","Indicamos ao Excelentíssimo Senhor Prefeito  Municipal, que juntamente com a Coordenadoria de Trânsito estudem as possibilidades no sentido de estarem construindo em local estratégico. um ponto de ónibus com cobertura e assentos em todos os bairros da cidade. Nosso pedido se justiﬁca uma vez que nos bairros de nossa cidade ainda...",Indicação nº 077/2021
076,2021,26/04/2021,Encaminhado,Teresinha de Lourdes Freitas Regodanso (Autor),"Indico ao Excelentíssimo Senhor Prefeito Municipal, que  estude as possibilidades juntamente com a Diretoria de Transito no sentido de estar instalando redutor de velocidade denominado como ""sonolizador"" dentro dos padrões da Resolução n. 39, do Contran, na Avenida Paulista em local estratégico compreendendo no trecho entre a...",Indicação nº 076/2021
075,2021,26/04/2021,Encaminhado,Teresinha de Lourdes Freitas Regodanso (Autor),"Indico ao Excelentíssimo Senhor Prefeito Municipal, que  estude junto ao setor competente da administração as possibilidades de estar melhorando a iluminação publica no Bairro Jardim das America principalmente na rua Colômbia com a rua Honduras. Tal solicitação se faz necessária devido a vários pontos escuros principalmente nas...",Indicação nº 075/2021
074,2021,26/04/2021,Encaminhado,Teresinha de Lourdes Freitas Regodanso (Autor),"Indico ao Excelentíssimo Senhor Prefeito Municipal, que  estude as possibilidades juntamente com a Diretoria de Transito no sentido de estar instalando redutor de velocidade denominado como ""sonolizador"" dentro dos padrões da Resolução n. 39, do Contraí, na Avenida Geraldo Fudo nas rotatórias do Cristo Redentor e Faculdade nos...",Indicação nº 074/2021
073,2021,19/04/2021,Encaminhado,Rui Domingos da Silva (Autor),"Indico ao Excelentíssimo Senhor Prefeito Municipal, que juntamente com o setor competente da administração faça estudos sobre a viabilidade da colocação de reservatórios de água nos Bairros que vem faltando água constantemente. Justifico: A instalação dos reservatórios se dá em virtude da grande demanda de água nos bairros. esse...",Indicação nº 073/2021
072,2021,19/04/2021,Encaminhado,Rui Domingos da Silva (Autor),"Indico ao Excelentíssimo Senhor Prefeito  Municipal, com o setor competente de sua administração, estudei as Ea Prefeitura estar adquirindo veiculos apropriados para transportar os functonanos públicos municipais que trabalham realizando manutenção em ruas, estradas e em outros locais afastado da cidade. .lustiﬁcoí com a...",Indicação nº 072/2021
071,2021,19/04/2021,Encaminhado,Paulo Sérgio Cordeiro (Autor),"Indico ao Excelentíssimo Senhor Prefeito Municipal, que estude junto ao setor de transito da administração, as possibilidades de estar construindo um redutor de velocidade denominado como ""lombo faixa"" na Avenida Sete de Setembro, proximidades do Ginásio de Esporte Cícero Gomes. Nosso pedido se justifica em virtude do alto fluxo de...",Indicação nº 071/2021
070,2021,12/04/2021,Encaminhado,Reinaldo Codognato (Autor),"Indico ao Excelentíssimo Senhor Prefeito Municipal,  que estude as possibilidades juntamente com a Diretoria de Transito no sentido de estar colocando um semáforo no cruzamento da Avenida Sete de Setembro com a Rua Rui Barbosa. Justificativa: Os Municipes procuraram este vereador cobrando providências no sentido de estar...",Indicação nº 070/2021
069,2021,12/04/2021,Encaminhado,"Reinaldo Codognato (Autor), Paulo Sérgio Cordeiro (Autor)",Indicamos ao Excelentíssimo Senhor Prefeito  Municipal que estude junto ao setor competente da administração as possibilidades de estar viabilizando a construção de . elevada em frente as Igrejas e PSFs. A implantação de faixa de pedestre se faz necessária tendo em vista que em determinados locais possui um intenso tráfego de...,Indicação nº 069/2021
068,2021,12/04/2021,Encaminhado,Reinaldo Codognato (Autor),"Indico ao Excelentíssimo Senhor Prefeito Municipal,  que estude as possibilidades juntamente com a Diretoria de Transito no sentido de estar colocando sinalização de transito na Avenida Geraldo Fudo, cruzamento com a Rua Liogi Iwaki, sentido centro, proibindo a conversão a esquerda. Justiﬁcativa: No citado local vem ocorrendo...",Indicação nº 068/2021
067,2021,12/04/2021,Encaminhado,"Rui Domingos da Silva (Autor), Reinaldo Codognato (Autor)","Indicamos ao Excelentíssimo Senhor Prefeito  Municipal, que estude junto ao setor competente da as possibilidades de estar fornecendo um Kit Lanche para que precisam se descolar até a cidade de Presidente Prudente.  Justificativa: A referida indicação vem atender solicitações da população uma vez que que os pacientes tem que...",Indicação nº 067/2021
066,2021,12/04/2021,Encaminhado,"Reinaldo Codognato (Autor), Marisa Alves da Silva Costa (Autor)","Indicamos ao Excelentíssimo Senhor Prefeito Municipal, que estude junto ao setor competente as possibilidades  de estar construindo com urgência nas proximii Lazer no Bairro Jardim Esperança um ponto de ónibus com cobertura e bancos para embarque e desembarque dos trabalhadores rurais que elaboram serviços nas usinas da cidade e...",Indicação nº 066/2021
065,2021,05/04/2021,Encaminhado,"Valdir Aparecido de Oliveira (Autor), Elio Furini Neto (Autor)","Indicamos ao Excelentíssimo Senhor Prefeito Municipal, que determine ao setor competente da administração que proceda com urgencia limpeza dos bueiros localizado na rua Alameda Espanha no Bairro Delta Ville 2. Justificaiva: OS moradores das proximidades vem solicitando a limpeza no referido bueiro citado, pois o mesmo exala forte odor, e...",Indicação nº 065/2021
064,2021,05/04/2021,Encaminhado,"Valdir Aparecido de Oliveira (Autor), Elio Furini Neto (Autor)","Indicamos ao Excelentíssimo Senhor Prefeito  Municipal, que estude junto ao setor competente da administração as possibilidades de estar realizando manutenção na estrada municipal JQL, 237 no Bairro Palmeirinhas. Justiﬁco: que a referida estrada foi danificada pelas chuvas e até o momento não recebeu manutenção. Sugerimos também...",Indicação nº 064/2021
063,2021,05/04/2021,Encaminhado,Teresinha de Lourdes Freitas Regodanso (Autor),"Indico ao Excelentíssimo Senhor Prefeito Municipal, que  estude as possibilidades juntamente com a Diretoria de Transito no sentido de estar instalando um redutor de velocidade denominado como Lombo Faixa ou sonolizador dentro dos padrões da Resolução n. 39, do Contran, na Avenida 7 de Setembro esquina com a Rua Santos Dumont....",Indicação nº 063/2021
062,2021,29/03/2021,Encaminhado,"Valdir Aparecido de Oliveira (Autor), Elio Furini Neto (Autor)","Indicamos ao Excelentíssimo Senhor Prefeito  Municipal, que estude junto ao setor competente da administração as possibilidades de estar realizando um serviço de limpeza em área verde localizada no Bairro Pioneiros. JUSTIFICATIVA: Os Moradores da localidade vem reclamando da sujeira e mato alto no local, causando transtornos pela...",Indicação nº 062/2021
061,2021,29/03/2021,Encaminhado,"Valdir Aparecido de Oliveira (Autor), Elio Furini Neto (Autor)","Indicamos ao Excelentíssimo Senhor Prefeito  Municipal, que estude junto ao setor competente da administração as possibilidades de estar calçando com pedras ou pavimentação asfaltica o pátio da COOPERJUNQ ( Cooperativa de Trabalho dos Catadores de Materiais Recicláveis de Junqueirópolis), amém de melhorar o transito de veicules e...",Indicação nº 061/2021
060,2021,29/03/2021,Encaminhado,Reinaldo Codognato (Autor),"Indico ao Excelentíssimo Senhor Prefeito Municipal  que estude junto ao setor competente da administração as possibilidades de estar viabilização a colocação de iluminação publica no Cemitério: Justiﬁca-se a presente indicação, sabendo-se que o momento da morte representa uma situação muito dolorosa para os familiares e amigos do...",Indicação nº 060/2021
059,2021,29/03/2021,Encaminhado,"Anderson Marcos Viana (Autor), Elio Furini Neto (Autor), Marisa Alves da Silva Costa (Autor), Paulo Sérgio Cordeiro (Autor), Reinaldo Codognato (Autor), Rui Domingos da Silva (Autor), Sofia Rodrigues dos Santos (Autor), Teresinha de Lourdes Freitas Regodanso (Autor), Valdir Aparecido de Oliveira (Autor)","Indicamos ao Excelentíssimo Senhor Prefeito  Municipal que estude junto ao setor competente da administração as possibilidades de estar viabilizando um Projeto de Lei que concede durante a pandearia a isenção no pagamento das contas de água, IPTU e taxas de alvará de funcionamento dos estabelecimentos comerciais que terão que...",Indicação nº 059/2021
058,2021,22/03/2021,Encaminhado,Marisa Alves da Silva Costa (Autor),"Indico ao Excelentíssimo Senhor Prefeito Municipal, que estude  junto ao setor competente da administração a implantação da vacinação antirrábica (vacina da raiva) nos animais, pois trata-se de doença grave que pode inclusive ser contraída em humanos através da mordida do animal infectado. A doença, apesar de controlada, causa...",Indicação nº 058/2021
057,2021,22/03/2021,Encaminhado,Anderson Marcos Viana (Autor),"Indico ao Excelentíssimo Senhor Prefeito  Municipal, que estude junto ao setor competente da administração a possibilidade de implantação de um sistema de controle das pessoas contaminadas pela Covid-19 por meio de pulseiras de identificação, de acordo com o resultado do exame realizado. A pulseira seria colocada pela equipe...",Indicação nº 057/2021
056,2021,22/03/2021,Encaminhado,Paulo Sérgio Cordeiro (Autor),"Indico ao Excelentíssimo Senhor Prefeito  Municipal, que estude junto ao setor competente da administração, as possibilidades de estar colocando iluminação publica de um lado da Rua Constantino Marcolino de Souza, na altura do numero 1.330. Justiﬁco: Na citada rua existe alguns quarteirões que existe iluminação somente de um lado...",Indicação nº 056/2021
055,2021,22/03/2021,Encaminhado,Marisa Alves da Silva Costa (Autor),"Indico ao Excelentíssimo Senhor Prefeito  Municipal, que estude junto ao setor competente da administração a implantação do ""Programa Castra Móvel"", que consiste em uma unidade móvel (Van ou ónibus) devidamente equipada e com toda a infraestrutura necessária à realização de castração de cães e gatos, bem como efetuar socorro a...",Indicação nº 055/2021
054,2021,15/03/2021,Encaminhado,"Reinaldo Codognato (Autor), Sofia Rodrigues dos Santos (Autor), Teresinha de Lourdes Freitas Regodanso (Autor), Elio Furini Neto (Autor)","Indicamos ao Excelentíssimo Senhor Prefeito  Municipal, que estude junto ao setor competente da administração, as possibilidades de estar colocando iluminação publica na Rua Margarida confrontado com a Rua Violeta no Bairro Jardim Primavera. Justificativa: Esta solicitação, objetiva atender reivindicações dos moradores desta...",Indicação nº 054/2021
053,2021,15/03/2021,Encaminhado,"Reinaldo Codognato (Autor), Teresinha de Lourdes Freitas Regodanso (Autor)","Indicamos ao Excelentíssimo Senhor Prefeito  Municipal, que estude junto ao setor de transito da administração, as possibilidades de estar recolocando redutor de velocidade nos moldes da Resolução 495/2014 do Contran, na conhecida Curva do S"" Proxi aridades do Jardim Primavera. Nosso pedido se justiﬁca em virtude do considerável...",Indicação nº 053/2021
052,2021,15/03/2021,Encaminhado,Paulo Sérgio Cordeiro (Autor),"Indico ao Excelentíssimo Senhor Prefeito  Municipal, que estude junto ao setor competente da administração, as possibilidades de estar construindo um parque Ecológico no recinto da SPI. Justiﬁco: que no local existe um espaço adequado para tal em e bem arborizado. Sugerimos que no local seja construído, calçadas para caminhada,...",Indicação nº 052/2021
051,2021,15/03/2021,Encaminhado,"Rui Domingos da Silva (Autor), Reinaldo Codognato (Autor)","Indicamos ao Excelentíssimo Senhor Prefeito  Municipal, que estude com muito carinho as possibilidades de estar realizando reforma no Terminal Rodoviário de nossa cidade que encontra-se em péssimo estado de conservação principalmente a cobertura, as paredes estão sujas, necessitando de pinturas e melhorias nos bancos e se...",Indicação nº 051/2021
050,2021,15/03/2021,Encaminhado,"Rui Domingos da Silva (Autor), Reinaldo Codognato (Autor), Anderson Marcos Viana (Autor)","Indicamos ao Excelentíssimo Senhor Prefeito  Municipal, que estude com muito carinho as possibilidades de estar realizando reforma na praça centenário uma vez que a mesma necessita de uma reforma pois, há muito tempo, não é feita nenhuma obra de restauração na referida praça como: poda de arvores, serviços de jardinagem,...",Indicação nº 050/2021
049,2021,08/03/2021,Encaminhado,Elio Furini Neto (Autor),"Indico ao Excelentíssimo Senhor Prefeito  Municipal, que estude junto ao setor competente da administração, as possibilidades de estar realizando a Criação e implementação de aplicativo da Saúde de Junqueirópolis. A indicação se faz necessária, ante a necessidade de modernização do sistema de Saúde, especialmente neste momento em...",Indicação nº 049/2021
048,2021,08/03/2021,Encaminhado,Elio Furini Neto (Autor),"Indico ao Excelentíssimo Senhor Prefeito  Municipal, que estude as possibilidades de estar implantando um serviço de transporte coletivo denominado como ""Circular da Saúde"" apropriado para transporte de pacientes com deficiência física, principalmente os que utilizam cadeiras de rodas para sua locomoção em nossa cidade, tendo em...",Indicação nº 048/2021
047,2021,08/03/2021,Encaminhado,"Paulo Sérgio Cordeiro (Autor), Rui Domingos da Silva (Autor)","Indicamos ao Excelentíssimo Senhor Prefeito  Municipal, que estude junto ao setor de transito da administração, as possibilidades de estarem construindo um redutor de velocidade denominado como ""lombada ou lombo faixa"", na Rua Benedito José de Lima, nas proximidade do Centro de Lazer no Jardim Primavera Praça Moacir Antonio....",Indicação nº 047/2021
046,2021,08/03/2021,Encaminhado,"Teresinha de Lourdes Freitas Regodanso (Autor), Reinaldo Codognato (Autor), Elio Furini Neto (Autor)","Indicamos ao Excelentíssimo Senhor Prefeito Municipal, que  juntamente com o setor de transito da Prefeitura Municipal, estudem as possibilidades de estarem implantando sistemas de segurança através da colocação de obstáculos, lombo-faixas ou sinalização de solo especiﬁca, conforme a necessidade e o local, visando a segurança dos...",Indicação nº 046/2021
045,2021,08/03/2021,Encaminhado,"Reinaldo Codognato (Autor), Teresinha de Lourdes Freitas Regodanso (Autor)","Indicamos ao Excelentíssimo Senhor Prefeito Municipal, que  juntamente com sua assessora, CONSEG, e demais segmentos de nossa sociedade, estudem as possibilidades de estarem armando convénio com a Polícia Militar do Estado de São Paulo no sentido de instituir o Projeto ""Atividade Delegada"" no município de Junqueirópolis, que...",Indicação nº 045/2021
044,2021,08/03/2021,Encaminhado,Elio Furini Neto (Autor),"Indico ao Excelentíssimo Senhor Prefeito Municipal que  estude com carinho as possibilidades de estar denominando o nome do saudoso Junqueirópolense, Senhor João Seisdedos para a Rua l, localizada no Distrito Industrial 3 de nossa cidade. O nosso pedido trata-se de uma justa homenagem por se tratar de uma pessoa que foi muito...",Indicação nº 044/2021
043,2021,01/03/2021,Encaminhado,"Anderson Marcos Viana (Autor), Elio Furini Neto (Autor), Marisa Alves da Silva Costa (Autor), Paulo Sérgio Cordeiro (Autor), Reinaldo Codognato (Autor), Rui Domingos da Silva (Autor), Sofia Rodrigues dos Santos (Autor), Teresinha de Lourdes Freitas Regodanso (Autor), Valdir Aparecido de Oliveira (Autor)","Indicamos ao Excelentíssimo Senhor Prefeito  Municipal, que juntamente com o setor competente da administração estudem as possibilidades de estar realizando aquisição de testes para detectar infecção do COVIDI9 do tipo SWAB Rápido (""Teste do Cotonete""). Justiﬁca a indicação para que, a partir do terceiro dia de suspeita de...",Indicação nº 043/2021
042,2021,01/03/2021,Encaminhado,Teresinha de Lourdes Freitas Regodanso (Autor),"Indico ao Excelentíssimo Senhor Prefeito  Municipal, que estude junto ao setor competente da administração, as possibilidades de estar construindo um parque Ecológico, bem arborizado. com quiosque, calçadas para caminhada, academia ao ar livre, quadra poliesportiva, placa ground, ein terrenos da quadra 180, compreendida entre as...",Indicação nº 042/2021
041,2021,22/02/2021,Encaminhado,Marisa Alves da Silva Costa (Autor),"Indico ao Excelentíssimo Senhor Prefeito  Municipal, que estude as possibilidades juntamente com a Diretoria de Transito no sentido de estar instalando um redutor de velocidade denominado como Lombo Faixa ou sonolizador dentro dos padrões da Resolução n. 39, do Contran, na Avenida Eduwirges Anua Aparecida Trevisan sentido Lar...",Indicação nº 041/2021
040,2021,22/02/2021,Encaminhado,"Reinaldo Codognato (Autor), Valdir Aparecido de Oliveira (Autor)","Indicamos ao Excelentíssimo Senhor Prefeito  Municipal, que estude junto ao setor competente da admirei stração as possibilidades de estar instalando no Bairro Duas Barras, em local da municipalidade uma academia ao ar livre e com bebedouro de água potável gelada. Nosso pedido se justifica por ser um bairro que é muito...",Indicação nº 040/2021
039,2021,22/02/2021,Encaminhado,Valdir Aparecido de Oliveira (Autor),"Indico ao Excelentíssimo Senhor Prefeito  Municipal, que estude as possibilidades juntamente com a Diretoria de Transito no sentido de estar instalando placas, sinalização de solo ou um redutor de velocidade denominado como ""sonolizador"" dentro dos padrões da Resolução n. 39, do Contran, na Rua Alameda Portugal, no Bairro Delta...",Indicação nº 039/2021
038,2021,22/02/2021,Encaminhado,Valdir Aparecido de Oliveira (Autor),"Indico ao Excelentíssimo Senhor Prefeito  Municipal, que juntamente com a Coordenadoria de Transito estudem as possibilidades de estar implantando, diretamente, uma linha de transporte público coletivo para atender os moradores dos diversos bairros e conjunto habitacionais de nossa cidade, tendo em vista, que com a expansão da...",Indicação nº 038/2021
037,2021,22/02/2021,Encaminhado,Anderson Marcos Viana (Autor),"Indico ao Excelentíssimo Senhor Prefeito  Municipal, que estude junto ao setor competente da administração as possibilidade de estar estendendo a iluminação pública em trecho da Avenida Eduwirges Anna Aparecida Trevisan, recentemente pavimentado pela admirei stração municipal interligando o Residencial Carmesin ao Conjunto...",Indicação nº 037/2021
036,2021,22/02/2021,Encaminhado,Paulo Sérgio Cordeiro (Autor),"Indico ao Excelentíssimo Senhor Prefeito  Municipal, que juntamente com o setor competente da municipalidade, estudem com muito carinho as possibilidades de estar real ando reparos na iluminação do canteiro central da Rua Tiradentes, devido a existência de vários pontos escuros no referido canteiro, a em de garantir mais segurança...",Indicação nº 036/2021
035,2021,22/02/2021,Encaminhado,Paulo Sérgio Cordeiro (Autor),"Indico ao Excelentíssimo Senhor Prefeito  Municipal, que estude junto ao setor competente da administração, as possibilidades de estar arrancando algumas arvores existentes nas imediações da ACAJUNQ. Justificativa: As referidas arvores estão com os galhos muito altos e cheios, e aparentemente algumas condenadas por serem antigas,...",Indicação nº 035/2021
034,2021,22/02/2021,Encaminhado,Paulo Sérgio Cordeiro (Autor),"Indico ao Excelentíssimo Senhor Prefeito  Municipal, que estude junto ao setor de transito da administração, as possibilidades de estarem construindo um redutor de velocidade denominado como ""lombada ou lombo faixa"", na Rua General Osório, em frente a Igreja Evangélica Batista. A reivindicação se justifica em virtude do alto fluxo...",Indicação nº 034/2021
033,2021,22/02/2021,Encaminhado,"Reinaldo Codognato (Autor), Teresinha de Lourdes Freitas Regodanso (Autor)","Indicamos ao Excelentíssimo Senhor Prefeito  Municipal, que juntamente com o setor competente da administração estudem as possibilidades de estar realizando melhorias e reforma no Clube da Viola existente nas dependências da Aceruva, sendo elas: Colocação de alambrado em volta reformas nos sanitários, colocação de comera de...",Indicação nº 033/2021
032,2021,22/02/2021,Encaminhado,Teresinha de Lourdes Freitas Regodanso (Autor),"Indico ao Excelentíssimo Senhor Prefeito  Municipal, que estude junto ao setor de transito da administração, as possibilidades de estar melhorando a sinal zação que indica mão única na rua das Acacias no Bairro Jardim Primavera. A reivindicação se justifica em virtude da falta de sinalização indicando que a referida ma é mão única...",Indicação nº 032/2021
031,2021,22/02/2021,Encaminhado,Teresinha de Lourdes Freitas Regodanso (Autor),"Indico ao Excelentíssimo Senhor Prefeito  Municipal, que estude junto ao setor de transito da admirei stração as possibilidades de estar procedendo melhorias na sinal zação do solo, colocação de placa de PARE e pintura de PARE) em todas as ruas e avenidas da cidade, assim como determinação de velocidade. Justiﬁco: que existem...",Indicação nº 031/2021
030,2021,22/02/2021,Encaminhado,Teresinha de Lourdes Freitas Regodanso (Autor),"Indico ao Excelentíssimo Senhor Prefeito  Municipal, que juntamente com o setor competente da municipalidade, estudem com muito carinho as possibilidades de estarem realizando melhorias no Parque Ecológica; Nosso pedido se justiﬁca devido a existência de várias arvores que precisam ser podadas assim como o gramado, alem da...",Indicação nº 030/2021
029,2021,22/02/2021,Encaminhado,Teresinha de Lourdes Freitas Regodanso (Autor),"Indico ao Excelentíssimo Senhor Prefeito  Municipal, que juntamente com as Diretorias competentes da Prefeitura, estudem com muito carinho as possibilidades de estarem promovendo um trabalho de revitalização do Bosque Municipal, incluindo reformas e ampliações no salão de festa, construção de um parque infantil, melhorias na...",Indicação nº 029/2021
028,2021,22/02/2021,Encaminhado,Teresinha de Lourdes Freitas Regodanso (Autor),"Indico ao Excelentíssimo Senhor Prefeito  Municipal, que estude junto ao setor competente da =¡ ar as ""` H. as possibilidades de estar construindo, alugando ou adquirindo äPara instalação da CRECHE MUNICIPAL DO IDOSO, visando atender principalmente às famílias carentes de nosso municipio que não têm onde deixar o idoso durante o...",Indicação nº 028/2021
027,2021,15/02/2021,Encaminhado,Valdir Aparecido de Oliveira (Autor),"Indico ao Excelentíssimo Senhor Prefeito  Municipal, que estude junto ao setor competente da admirei stração, as possibilidades de estar desenvolvendo um projeto visando a reconstrução da ponte existente no Bairro Taquaruçu que dá acesso a vicinal Henrique Coutinho e Estrada conhecida como 26, que foi daniﬁcada pelas chuvas e...",Indicação nº 027/2021
026,2021,15/02/2021,Encaminhado,Valdir Aparecido de Oliveira (Autor),"Indico ao Excelentíssimo Senhor Prefeito  Municipal, que estude junto ao setor competente da administração as possibilidades de estar cedendo um veiculo de propriedade da municipalidade que não vem sendo utilizado para Associação Agrícola visando o desenvolvimento das atividades do Programa de Apoio aos Produtores Rurais....",Indicação nº 026/2021
025,2021,15/02/2021,Encaminhado,Elio Furini Neto (Autor),"Indico ao Excelentíssimo Senhor Prefeito  Municipal, que juntamente com o setor competente da administração estudem as possibilidades de estar reformando a Escola Municipal Neide Macedo Brandão Fernandes. A indicação se faz necessária ante o lapso temporal da última reforma realizada na referida escola, assim é necessária a...",Indicação nº 025/2021
024,2021,15/02/2021,Encaminhado,Elio Furini Neto (Autor),"Indico ao Excelentíssimo Senhor Prefeito  Municipal, que juntamente com o setor competente da administração estudem as possibilidades de ampliação do Centro Educacional infantil do Cristo Redentor, assim como a reforma do teta. A indicação se justiﬁca ante a demanda de crianças no setor ao pertencente ao CEI, assim como a reforma...",Indicação nº 024/2021
023,2021,15/02/2021,Encaminhado,Elio Furini Neto (Autor),"Indico ao Excelentíssimo Senhor Prefeito  Municipal, que juntamente com o setor competente da administração estudem as possibilidades de estar realizando reforma da quadra de espores do Jardim dos Pássaros. A indicação se faz necessária ante a precariedade que se encontra o piso da quadra e o alambrado para melhor utilização pela...",Indicação nº 023/2021
022,2021,15/02/2021,Encaminhado,Elio Furini Neto (Autor),"Indico ao Excelentíssimo Senhor Prefeito  Municipal, que juntamente com o setor competente da administração estudem as possibilidades de estar realizando reforma do campo de futebol do Bairro Cristo Redentor, com a troca do gramado. Tal solicitação se faz necessária devido o péssimo estado em que se encontra o gramado,...",Indicação nº 022/2021
021,2021,15/02/2021,Encaminhado,Elio Furini Neto (Autor),"Indico ao Excelentíssimo Senhor Prefeito  Municipal, que juntamente com o setor competente da administração estudem as possibilidades de estar reformando o campo de futebol do Jardim Esperança, com a troca do gramado, assim como a colocação de alambrado e construção de banheiro/vestiário masculino e feminino para uso da população....",Indicação nº 021/2021
020,2021,15/02/2021,Encaminhado,Elio Furini Neto (Autor),"Indico ao Excelentíssimo Senhor Prefeito  Municipal, que juntamente com o setor competente da administração estudem as possibilidades da instalando redutor de velocidade em locais estratégicos, na Vicinal Henrique Coutinho, que liga até à Usina Glencane Rio Vermelho. A reivindicação se justiﬁca em virtude do considerado fluxo de...",Indicação nº 020/2021
019,2021,15/02/2021,Encaminhado,Elio Furini Neto (Autor),"Indico ao Excelentíssimo Senhor Prefeito  Municipal, que juntamente com o setor competente da administração estudem as possibilidades da criação de vaga de estacionamento para Idoso e pessoas com deficiência em frente à Casa do Advogado da Subseção de Junqueirópolis/SP. Tal solicitação se justifica devido a falta deste espaço para...",Indicação nº 019/2021
018,2021,15/02/2021,Encaminhado,Elio Furini Neto (Autor),"Indico ao Excelentíssimo Senhor Prefeito  Municipal, que juntamente com o setor competente da administração estudem as possibilidades de estar realizando modificações das vagas de estacionamento existentes na Avenida Paulista, entre as Ruas Victor Junqueira e Recife, mais especiﬁcadamente, nos quarteirões da Praça do Fórum e da...",Indicação nº 018/2021
017,2021,15/02/2021,Encaminhado,Anderson Marcos Viana (Autor),"Indico ao Excelentíssimo Senhor Prefeito  Municipal, que estude junto ao setor competente da administração, as possibilidades de estar substituindo as lâmpadas existentes nos postes de um pequeno trecho da Rua Cesar Montroni, nas proximidades da Camda por lâmpadas de Led. Tal solicitação se faz necessária devido a escuridão no...",Indicação nº 017/2021
016,2021,15/02/2021,Encaminhado,Anderson Marcos Viana (Autor),"Indico ao Excelentíssimo Senhor Prefeito  Municipal, que estude junto ao setor competente da admirei stração, as possibilidades de estar cedendo um espaço no recinto da Aceruva em primeiro momento, para que os donos de caminhões canavieiros que não tem um local apropriado para deixarem os caminhões e acabam estacionando em...",Indicação nº 016/2021
015,2021,15/02/2021,Encaminhado,Anderson Marcos Viana (Autor),"Indico ao Excelentíssimo Senhor Prefeito  Municipal, que estude junto ao setor competente da administração, as possibilidades de estar disponibilizando ónibus para realizar o transporte de estudantes universitários que estudam no período notumo nas cidades de Dracena e Adamantina. A referida solicitação se faz necessária devido...",Indicação nº 015/2021
014,2021,15/02/2021,Encaminhado,Marisa Alves da Silva Costa (Autor),"Indico ao Excelentíssimo Senhor Prefeito  Municipal, que juntamente com o setor competente da administração estudem as possibilidades de estar realizando melhorias na praça do Baião Jardim Primavera sendo elas: colocação de mesas, bancos, melhoria na iluminação pública, lixeiras para lixo orgânico e reciclável, instalação de...",Indicação nº 014/2021
013,2021,15/02/2021,Encaminhado,Teresinha de Lourdes Freitas Regodanso (Autor),"Indico ao Excelentíssimo Senhor Prefeito Municipal, que estude junto ao setor de transito da administração, as possibilidades  de estar realizando um serviço de poda nas árvores existentes nas ruas e avenidas da cidade. Justificativa: Muitos moradores de nossa cidade estão reclamando que várias arvores estão com os galhos baixos e...",Indicação nº 013/2021
012,2021,15/02/2021,Encaminhado,Teresinha de Lourdes Freitas Regodanso (Autor),"Indico ao Excelentíssimo Senhor Prefeito Municipal, que estude junto ao setor de transito da administração, as possibilidades de estar construindo um redutor de velocidade denominado como  ""lombada ou lombo faixa"", na Rua Constantino Marcolino de Souza, altura do numero 211. A reivindicação se justifica em virtude do considerado fluxo...",Indicação nº 012/2021
011,2021,08/02/2021,Encaminhado,"Anderson Marcos Viana (Autor), Valdir Aparecido de Oliveira (Autor), Elio Furini Neto (Autor)","Indicamos ao Excelentíssimo Senhor Prefeito  Municipal, que juntamente com o setor competente da administração estudem as possibilidades de estar ressarcindo os servidores públicos municipais que tiveram desconto no tiquete alimentação, que por ventura vieram a contrair a doença do covid-19. Tal solicitação se faz necessária uma...",Indicação nº 011/2021
010,2021,08/02/2021,Encaminhado,"Anderson Marcos Viana (Autor), Elio Furini Neto (Autor), Marisa Alves da Silva Costa (Autor), Paulo Sérgio Cordeiro (Autor), Reinaldo Codognato (Autor), Rui Domingos da Silva (Autor), Sofia Rodrigues dos Santos (Autor), Teresinha de Lourdes Freitas Regodanso (Autor), Valdir Aparecido de Oliveira (Autor)","Indicamos ao Excelentíssimo Senhor Prefeito  Municipal, que estude junto ao Setor de Saúde do Município, as possibilidades de estar realizando a vacinação dos professores e funcionarias da educação contra a Covid-19, especialmente em relação aos que exercem suas funções em sala de aulas ou tem contato com alunos. Sugerimos que a...",Indicação nº 010/2021
009,2021,08/02/2021,Encaminhado,Valdir Aparecido de Oliveira (Autor),"Indico ao Excelentíssimo Senhor Prefeito  Municipal, que estude junto ao setor competente da administração as possibilidades de estar efetuando um serviço de pulverização de veneno para pernilongas na cidade, principalmente dentro dos bueiros, galerias e nos terrenos baldios, local onde costumam ficar e procriar. Nosso pedido se...",Indicação nº 009/2021
008,2021,08/02/2021,Encaminhado,Valdir Aparecido de Oliveira (Autor),"Indico ao Excelentíssimo Senhor Prefeito  Municipal, que estude junto ao setor competente da administração, as possibilidades de estar realizando um serviço de reparos na iluminação existente na Rua Minas Gerais no Bain°o Cristo Redentor. Tal solicitação se faz necessária devido as várias lâmpadas apagadas e outras com mau...",Indicação nº 008/2021
007,2021,08/02/2021,Encaminhado,Reinaldo Codognato (Autor),"Indico ao Excelentíssimo Senhor Prefeito  Municipal, que estude junto ao setor competente da administração as possibilidades de estar construindo acostamento nos dois lados da vicinal João Furini ate o trevo que demanda ao Bairro Duas Barras. Justiﬁco: que a referida vicinal é estreita, tomando o lugar absolutamente perigoso em...",Indicação nº 007/2021
006,2021,08/02/2021,Encaminhado,Reinaldo Codognato (Autor),"Indico ao Excelentíssimo Senhor Prefeito  Municipal, que estude junto ao setor competente da administração as possibilidades da construção de um viveiro de mudas no Bairro Duas Barras na ares onde funcionava a antiga escola por se tratar de um local que tem extensão capaz de suportar um viveiro de mudas que abrigue diversidades de...",Indicação nº 006/2021
005,2021,08/02/2021,Encaminhado,Reinaldo Codognato (Autor),"Indico ao Excelentíssimo Senhor Prefeito  Municipal, que estude as possibilidades de estar construindo com urgência um abrigo com cobertura e bancos no Centro de Saúde (Postão) e em todos os ESFs. Justiﬁco que todos os dias na madrugada nos referidos locais tem paciente a espera do transporte para outras cidades para tratamento de...",Indicação nº 005/2021
004,2021,08/02/2021,Encaminhado,Reinaldo Codognato (Autor),"Indico ao Excelentíssimo Senhor Prefeito  Municipal, que estude junto ao setor competente da administração as possibilidades de estar colocando lixeiras para lixo orgânico e reciclável nas praças do Bairro Colina Verde e Cristo Redentor. Nosso pedido se justifica por serem praças muito frequentadas em razão da comercialização de...",Indicação nº 004/2021
003,2021,08/02/2021,Encaminhado,Marisa Alves da Silva Costa (Autor),"Indico ao Excelentíssimo Senhor Prefeito  Municipal, que estude junto ao setor competente da administração, as possibilidades de estar ampliado o numero de castração que vem sendo realizado atreves do convento firmado com Clinica Veterinária que hoje são realizadas 20 castração mensal e somente em gatos, solicitamos que seja...",Indicação nº 003/2021
002,2021,08/02/2021,Encaminhado,Rui Domingos da Silva (Autor),"Indico ao Excelentíssimo Senhor Prefeito  Municipal, que entre em entendimento com o setor de Saúde da administração, visando as possibilidades da implantação de Plantão Odontológico com atendimento nos horários entre o encerramento e inicio do atendimento das unidades de Saúde que realizam este tipo de atendimento. Considerando...",Indicação nº 002/2021
001,2021,08/02/2021,Encaminhado,"Rui Domingos da Silva (Autor), Teresinha de Lourdes Freitas Regodanso (Autor)","Indicamos ao Excelentíssimo Senhor Prefeito  Municipal, que estude com muito carinho as possibilidades de estar realizando a compra ou locação de um imóvel urbano próximo ao Hospital do Câncer na cidade de Presidente Prudente para funcionar como casa de apoio, uma vez que diariamente são transportados vários pacientes para a...",Indicação nº 001/2021
