Numero,Ano,Data,Situacao,Autores,Ementa,Titulo
133,2026,21/08/2026,Em tramitação,Edvaldo Aparecido Carvalho (Autor),"Indico ao Excelentíssimo Senhor Prefeito Municipal, que estude junto ao setor competente da administração, as possibilidades de realizar a implantação de um redutor de velocidade (lombada) na Rua José Amatruda, especificamente em frente ao Hotel Santo Sono, visto que o trecho apresenta um fluxo contínuo e intenso de veículos em...",Indicação nº 133/2026
132,2026,21/08/2026,Em tramitação,Anderson Marcos Viana (Autor),"Indico ao Excelentíssimo Senhor Prefeito Municipal, que estude junto ao setor competente da administração, as possibilidades de conceder uma gratificação ou bônus financeiro aos servidores municipais do setor da Educação, como forma de reconhecimento e valorização pelo excelente trabalho que resultou nos altos índices de avaliação...",Indicação nº 132/2026
131,2026,19/08/2026,Em tramitação,"Samir Edson Tino (Autor), Edvaldo Aparecido Carvalho (Autor)","Indicamos ao Excelentíssimo Senhor Prefeito Municipal, que estude junto ao setor competente da administração, as possibilidades de enviar um Projeto de Lei a esta Casa Legislativa propondo a alteração do Estatuto dos Servidores Públicos Municipais de Junqueirópolis, com o objetivo de aumentar o período da Licença-Gestante de 4 (quatro)...",Indicação nº 131/2026
130,2026,18/08/2026,Em tramitação,Reinaldo Codognato (Autor),"Indico ao Excelentíssimo Senhor Prefeito Municipal, que estude junto ao setor competente da administração, as possibilidades de providenciar melhorias essenciais para o Bairro Pioneiros, contemplando a instalação de iluminação adequada no ponto de ônibus situado ao final do calçamento, a realização de podas frequentes nas árvores das...",Indicação nº 130/2026
129,2026,17/08/2026,Em tramitação,"Teresinha de Lourdes Freitas Regodanso (Autor), Adriano de Marcos Lopes (Autor)","Indicamos ao Excelentíssimo Senhor Prefeito Municipal, que estude junto ao setor competente da administração, as possibilidades de realizar o recapeamento asfáltico da Rua Orlando Rodrigues de Freitas, atendendo a um pedido direto e justo dos moradores daquela via.",Indicação nº 129/2026
128,2026,13/08/2026,Encaminhado,Bruno Herreira (Autor),"Indico ao Excelentíssimo Senhor Prefeito Municipal, que estude junto ao setor competente da administração, as possibilidades de providenciar a instalação de um sistema de iluminação na praça localizada no Bairro Figueira. Trata-se de uma melhoria muito pedida pelos moradores da região para valorizar o espaço, garantindo mais segurança no...",Indicação nº 128/2026
127,2026,13/08/2026,Encaminhado,Anderson Marcos Viana (Autor),"Indico ao Excelentíssimo Senhor Prefeito Municipal que estude junto ao setor competente da administração, as possibilidades de prosseguir com a revitalização da Praça Álvaro de Oliveira Junqueira. Tal indicação se justifica em razão do projeto inicial de revitalização da praça não ter sido integralmente concluído, apresentando lacunas...",Indicação nº 127/2026
126,2026,06/08/2026,Encaminhado,Reinaldo Codognato (Autor),"Indico ao Excelentíssimo Senhor Prefeito Municipal, que estude junto ao setor competente da administração, as possibilidades de instalar um poço artesiano no Bairro Vila São João, com o objetivo de atender a demanda por abastecimento de água dos moradores locais. Segundo informações de moradores, há dois poços artesianos desativados no...",Indicação nº 126/2026
125,2026,06/08/2026,Encaminhado,Anderson Marcos Viana (Autor),"Indico ao Excelentíssimo Senhor Prefeito Municipal, que estude junto ao setor competente da administração, as possibilidades de promover a retirada das duas primeiras vagas de estacionamento em 45 graus localizadas na Rua Belo Horizonte, especificamente na esquina com a Rua Rui Barbosa, visto que os caminhões e veículos de grande porte...",Indicação nº 125/2026
124,2026,04/08/2026,Encaminhado,Reinaldo Codognato (Autor),"Indico ao Excelentíssimo Senhor Prefeito Municipal, que estude junto ao setor competente da administração, as possibilidades de realizar a instalação de um redutor de velocidade na Rua Victor Camargo Bodini, nas proximidades do cruzamento com a Rua Sebastião Rosa dos Santos, no Bairro Frei Galvão, ou que seja conduzido um estudo técnico...",Indicação nº 124/2026
123,2026,03/08/2026,Encaminhado,Anderson Marcos Viana (Autor),"Indico ao Excelentíssimo Senhor Prefeito Municipal, que estude junto ao setor competente da administração, as possibilidades de realizar a remoção e a realocação dos bancos públicos, bem como o corte das árvores situadas no encontro da Rua Rui Barbosa com a Rua Belo Horizonte. O motivo da solicitação é ajudar os comerciantes locais,...",Indicação nº 123/2026
122,2026,29/07/2026,Encaminhado,Anderson Marcos Viana (Autor),"Indico ao Excelentíssimo Senhor Prefeito Municipal, que estude junto ao setor competente da administração, as possibilidades de implementar um sistema de avaliação de desempenho de via de mão dupla, permitindo que os funcionários públicos municipais também tenham a oportunidade e o direito de avaliar os seus gestores, coordenadores,...",Indicação nº 122/2026
121,2026,25/07/2026,Encaminhado,Reinaldo Codognato (Autor),"Indico ao Excelentíssimo Senhor Prefeito Municipal, que estude junto ao setor competente da administração, as possibilidades de implantar medidas de segurança no trânsito da Avenida João Furini, mais especificamente nas proximidades do Bairro Cristo Redentor, visto que esta é uma via bastante movimentada por dar acesso a diversos bairros...",Indicação nº 121/2026
120,2026,24/07/2026,Encaminhado,Bruno Herreira (Autor),"Indico ao Excelentíssimo Senhor Prefeito Municipal, que estude junto ao setor competente da administração, as possibilidades de realizar a instalação de braços de luz e de suas respectivas luminárias na Rua Sergipe, no cruzamento com a Rua Minas Gerais, próximo à EMEI Cristo Redentor. Trata-se de uma melhoria muito pedida pelas famílias...",Indicação nº 120/2026
119,2026,22/07/2026,Encaminhado,Bruno Herreira (Autor),"Indico ao Excelentíssimo Senhor Prefeito Municipal, que estude junto ao setor competente da administração, as possibilidades de realizar o recapeamento asfáltico da Rua Vereador Gelso José da Silva, pois trata-se de uma benfeitoria muito esperada pelos moradores e essencial para garantir mais segurança e melhores condições de tráfego...",Indicação nº 119/2026
118,2026,16/06/2026,Encaminhado,Anderson Marcos Viana (Autor),"Indico ao Excelentíssimo Senhor Prefeito Municipal, que estude junto ao setor competente da administração, as possibilidades de realizar a instalação de três postes de iluminação na área verde do bairro Residencial Carmesim II, uma vez que a atual escuridão durante o período noturno tem atraído pessoas de outras regiões para o consumo de...",Indicação nº 118/2026
117,2026,16/06/2026,Encaminhado,Anderson Marcos Viana (Autor),"Indico ao Excelentíssimo Senhor Prefeito Municipal, que estude junto ao setor competente da administração, as possibilidades de realizar a pintura das lombadas e de todas as outras sinalizações de solo na estrada conhecida como Salgado Filho, que liga a Rodovia Comandante João Ribeiro de Barros até a Usina Bunge, uma vez que essa é uma...",Indicação nº 117/2026
116,2026,15/06/2026,Encaminhado,"Teresinha de Lourdes Freitas Regodanso (Autor), Adriano de Marcos Lopes (Autor)","Indicamos ao Excelentíssimo Senhor Prefeito Municipal, que estude junto ao setor competente da administração, as possibilidades de realizar a instalação de câmeras de segurança e monitoramento no cemitério municipal, sendo esta uma medida muito solicitada pela população e de extrema importância para preservar o espaço, evitar atos de...",Indicação nº 116/2026
115,2026,09/06/2026,Encaminhado,Renato Vieira de Brito (Autor),"Indico ao Excelentíssimo Senhor Prefeito Municipal, que estude junto ao setor competente da administração, as possibilidades de realizar ajustes necessários para prolongar o tempo em que os refletores do Estádio Municipal Raphael Capelli permanecem ligados no período noturno, estendendo o horário de desligamento para, pelo menos, as...",Indicação nº 115/2026
114,2026,09/06/2026,Encaminhado,Anderson Marcos Viana (Autor),"Indico ao Excelentíssimo Senhor Prefeito Municipal, que estude junto ao setor competente da administração, as possibilidades de realizar o planejamento necessário para a instalação de um telão de LED (ou projetor de grande porte), com sistema de som e infraestrutura adequada, na Praça Álvaro de Oliveira Junqueira. O objetivo é realizar a...",Indicação nº 114/2026
113,2026,09/06/2026,Encaminhado,"Reinaldo Codognato (Autor), Samir Edson Tino (Autor), Bruno Herreira (Autor), Elizeu Adriano (Autor)","Indico ao Excelentíssimo Senhor Prefeito Municipal, que estude junto ao setor competente da administração, as possibilidades de realizar estudos técnicos viários e a posterior implantação de lombo-faixas (faixas de pedestres elevadas) ou outros redutores de velocidade convenientes em pontos estratégicos ao longo da Rua Rui Barbosa. A...",Indicação nº 113/2026
112,2026,09/06/2026,Encaminhado,"Reinaldo Codognato (Autor), Samir Edson Tino (Autor), Bruno Herreira (Autor), Elizeu Adriano (Autor)","Indico ao Excelentíssimo Senhor Prefeito Municipal, que estude junto ao setor competente da administração, as possibilidades de buscar por áreas disponíveis visando a construção de um campo de futebol (ou praça esportiva adequada) no bairro Jardim Campo Belo. A presente propositura atende a um apelo justificado das famílias residentes no...",Indicação nº 112/2026
111,2026,02/06/2026,Encaminhado,"Adriano de Marcos Lopes (Autor), Teresinha de Lourdes Freitas Regodanso (Autor)","Indicamos ao Excelentíssimo Senhor Prefeito Municipal, que estude junto ao setor competente da administração, as possibilidades de adotar medidas de segurança e melhorar a sinalização de trânsito no cruzamento da Rua General Osório com a Rua Curitiba, com o objetivo urgente de reduzir os constantes acidentes registrados naquele trecho,...",Indicação nº 111/2026
110,2026,01/06/2026,Encaminhado,"Anderson Marcos Viana (Autor), Edvaldo Aparecido Carvalho (Autor), Renato Vieira de Brito (Autor)","Indico ao Excelentíssimo Senhor Prefeito Municipal, que estude junto ao setor competente da administração, as possibilidades de atualizar os valores cobrados pelos serviços de máquinas e caminhões previstos no Decreto n.º 7264, com o objetivo de garantir uma concorrência mais justa, pois os preços atualmente praticados pela Prefeitura...",Indicação nº 110/2026
109,2026,01/06/2026,Encaminhado,Reinaldo Codognato (Autor),"Indico ao Excelentíssimo Senhor Prefeito Municipal, que estude junto ao setor competente da administração, as possibilidades de incluir vagas para o cargo de cuidador de crianças com necessidades especiais no próximo concurso público, uma vez que, atualmente, os próprios funcionários das escolas estão precisando se revezar para garantir...",Indicação nº 109/2026
108,2026,25/05/2026,Encaminhado,"Anderson Marcos Viana (Autor), Renato Vieira de Brito (Autor), Edvaldo Aparecido Carvalho (Autor)","Indico ao Excelentíssimo Senhor Prefeito Municipal, que estude junto ao setor competente da administração, as possibilidades de realizar a manutenção do horário de expediente das 7h às 17h para as equipes do Setor de Obras. Requer-se, de forma enfática, que nesta organização seja preservada e garantida a tradicional sistemática de...",Indicação nº 108/2026
107,2026,25/05/2026,Encaminhado,Anderson Marcos Viana (Autor),"Indico ao Excelentíssimo Senhor Prefeito Municipal, que estude junto ao setor competente da administração, as possibilidades de retomar o projeto ""Domingo no Bairro"" em nosso município, envolvendo a participação de todas as diretorias municipais na prestação de serviços itinerantes.  A presente indicação é um apelo de diversos moradores...",Indicação nº 107/2026
106,2026,25/05/2026,Encaminhado,Bruno Herreira (Autor),"Indico ao Excelentíssimo Senhor Prefeito Municipal, que estude junto ao setor competente da administração, as possibilidades de ampliar e diversificar as oficinas, projetos e atividades de entretenimento oferecidos no Centro de Convivência do Idoso (CCI) do nosso município. Sugere-se a introdução de novas opções culturais, artísticas e...",Indicação nº 106/2026
105,2026,21/05/2026,Encaminhado,Reinaldo Codognato (Autor),"Indico ao Excelentíssimo Senhor Prefeito Municipal, que estude junto ao setor competente da administração, as possibilidades de realizar um estudo abrangente e uma revisão geral nas ruas do município que necessitam de placas indicativas com a respetiva nomenclatura. Requer-se, de forma especial, a instalação da referida sinalização no...",Indicação nº 105/2026
104,2026,19/05/2026,Encaminhado,Anderson Marcos Viana (Autor),"Indico ao Excelentíssimo Senhor Prefeito Municipal, que estude junto ao setor competente da administração, as possibilidades de intensificar as ações de fiscalização para garantir o cumprimento integral da Lei Municipal nº 3.044/2016. A presente propositura tem o objetivo de cobrar o cumprimento de uma legislação municipal de extrema...",Indicação nº 104/2026
103,2026,19/05/2026,Encaminhado,Anderson Marcos Viana (Autor),"Indico ao Excelentíssimo Senhor Prefeito Municipal, que estude junto ao setor competente da administração, as possibilidades de viabilizar uma colaboração financeira destinada à Associação Tra Noi de Presidente Prudente/SP. A presente proposição visa dar resposta ao pedido de apoio formulado pela Associação Tra Noi, uma entidade...",Indicação nº 103/2026
102,2026,19/05/2026,Encaminhado,Anderson Marcos Viana (Autor),"Indicamos ao Excelentíssimo Senhor Prefeito Municipal, que estude junto ao setor competente da administração, as possibilidades de realizar estudos para a implantação de um ""Centro de Hidratação e Atendimento à Dengue"", dotado de insumos e equipe técnica dedicada exclusivamente ao acolhimento e tratamento desses pacientes. A presente...",Indicação nº 102/2026
101,2026,19/05/2026,Encaminhado,Anderson Marcos Viana (Autor),"Indicamos ao Excelentíssimo Senhor Prefeito Municipal, que estude junto ao setor competente da administração, as possibilidades de alterar a denominação da via pública atualmente registrada como ""Rua das Palmeiras"", situada especificamente no bairro Jardim Campo Belo, que passará a denominar-se ""Rua Antonio Beviláqua"". A presente...",Indicação nº 101/2026
100,2026,18/05/2026,Encaminhado,"Teresinha de Lourdes Freitas Regodanso (Autor), Adriano de Marcos Lopes (Autor)","Indicamos ao Excelentíssimo Senhor Prefeito Municipal, que estude junto ao setor competente da administração, as possibilidades de instalar ninhos artificiais (caixotes) nas palmeiras imperiais e demais árvores que são constantemente visitadas por araras. Tal indicação se justifica em razão da necessidade de preservar a saúde das...",Indicação nº 100/2025
099,2026,14/05/2026,Encaminhado,Bruno Herreira (Autor),"Indico ao Excelentíssimo Senhor Prefeito Municipal, que estude junto ao setor competente da administração, as possibilidades de regulamentar e autorizar a conversão de até 10 (dez) dias de férias dos servidores públicos municipais em abono pecuniário (venda de férias), mediante opção voluntária do trabalhador.  A presente propositura...",Indicação nº 099/2026
098,2026,14/05/2026,Encaminhado,Edvaldo Aparecido Carvalho (Autor),"Indico ao Excelentíssimo Senhor Prefeito Municipal, em caráter de reiteração e complemento à Indicação nº 014/2026, que estude junto ao setor competente da administração, as possibilidades de reparar ou substituir totalmente os bancos e mesas de concreto e azulejo instalados na Praça do Cristo Redentor.  A presente propositura tem...",Indicação nº 098/2026
097,2026,14/05/2026,Encaminhado,Reinaldo Codognato (Autor),"Indico ao Excelentíssimo Senhor Prefeito Municipal, que estude junto ao setor competente da administração, as possibilidades de analisar o atual modelo de pagamento de gratificações concedidas aos auxiliares de educação do município. O objetivo é verificar a viabilidade de readequar tais benefícios, com base nas novas disposições e...",Indicação nº 097/2026
096,2026,13/05/2026,Encaminhado,Reinaldo Codognato (Autor),"Indico ao Excelentíssimo Senhor Prefeito Municipal, que estude junto ao setor competente da administração, as possibilidades de denominar um espaço público, preferencialmente voltado ao esporte, com o nome de Manoel Ferreira Lins, o eterno “Mané”.  Nascido em Junqueirópolis em 1964, Manoel Ferreira Lins foi um dos maiores expoentes...",Indicação nº 096/2026
095,2026,13/05/2026,Encaminhado,Renato Vieira de Brito (Autor),"Indico ao Excelentíssimo Senhor Prefeito Municipal, que estude junto ao setor competente da administração, as possibilidades de adquirir caminhas infantis empilháveis destinadas a todas as creches e Escolas Municipais de Educação Infantil (EMEIs) do nosso município.  A presente propositura tem como objetivo modernizar a infraestrutura...",Indicação nº 095/2026
094,2026,09/05/2026,Encaminhado,Anderson Marcos Viana (Autor),"Indico ao Excelentíssimo Senhor Prefeito Municipal, que estude junto ao setor competente da administração, as possibilidades de implementar a devida sinalização de solo e placas verticais para proibir o estacionamento de caminhões na Rua César Montroni. Solicita-se que a referida sinalização seja aplicada exclusivamente no trecho...",Indicação nº 094/2026
093,2026,07/05/2026,Encaminhado,Bruno Herreira (Autor),"Indico ao Excelentíssimo Senhor Prefeito Municipal que determine ao setor competente da administração, em caráter de complemento e ampliação à Indicação nº 020/2026, de autoria do Vereador Reinaldo Codognato, a expansão das ações de educação para o trânsito em nosso município. Solicita-se que o foco dessas campanhas seja levado...",Indicação nº 093/2026
092,2026,07/05/2026,Encaminhado,Renato Vieira de Brito (Autor),"Indico ao Excelentíssimo Senhor Prefeito Municipal, que estude junto ao setor competente da administração, as possibilidades da urgente realização de serviços para a instalação de grades de proteção sobre as canaletas abertas de escoamento de água situadas no pátio e áreas de convivência da Escola Municipal Prof º Jair Luiz da Silva. A...",Indicação nº 092/2026
091,2026,07/05/2026,Encaminhado,Anderson Marcos Viana (Autor),"Indico ao Excelentíssimo Senhor Prefeito Municipal, que estude junto ao setor competente da administração, as possibilidades de realizar a devida manutenção e reforma do muro já existente ou a construção de um novo muro ao redor do Estádio Municipal Raphael Capelli. Esse pedido é necessário pois os eucaliptos que cercavam o local foram...",Indicação nº 091/2026
090,2026,07/05/2026,Encaminhado,Anderson Marcos Viana (Autor),"Indico ao Excelentíssimo Senhor Prefeito Municipal, que estude junto ao setor competente da administração, as possibilidades de implantar redutores de velocidade (lombadas) nos seguintes locais: 1) na Avenida Edwirges Anna Aparecida Trevisan, no Bairro Fuentes, especificamente nas proximidades da Igreja Pentecostal Monte Gerizim; 2) na...",Indicação nº 090/2026
089,2026,04/05/2026,Encaminhado,Anderson Marcos Viana (Autor),"Indico ao Excelentíssimo Senhor Prefeito Municipal, que estude junto ao setor competente da administração, as possibilidades de executar obras para a implantação de acessibilidade para cadeirantes, através de rampas de acesso e demais adequações necessárias, no prédio do Centro de Atenção Psicossocial (CAPS I). A presente propositura...",Indicação nº 089/2026
088,2026,29/04/2026,Encaminhado,Bruno Herreira (Autor),"Indico ao Excelentíssimo Senhor Prefeito Municipal, que estude junto ao setor competente da administração, as possibilidades de implantar um redutor de velocidade (lombada) na Rua dos Viveiros, no trecho que dá acesso aos bairros Delta Ville. Essa é uma solicitação feita diretamente pelos moradores da região, que estão muito preocupados...",Indicação nº 088/2026
087,2026,28/04/2026,Encaminhado,"Adriano de Marcos Lopes (Autor), Bruno Herreira (Autor), Teresinha de Lourdes Freitas Regodanso (Autor)","Indicamos ao Excelentíssimo Senhor Prefeito Municipal, que estude junto ao setor competente da administração, as possibilidades de substituir a entrega física das cestas básicas, atualmente distribuídas pela Assistência Social, por um cartão com crédito ou vale-alimentação no mesmo valor para as famílias beneficiárias. Essa mudança tem...",Indicação nº 087/2026
086,2026,27/04/2026,Encaminhado,"Adriano de Marcos Lopes (Autor), Teresinha de Lourdes Freitas Regodanso (Autor)","Indicamos ao Excelentíssimo Senhor Prefeito Municipal, que estude junto ao setor competente da administração, as possibilidades de realizar melhorias e a devida manutenção no alambrado do campo society localizado no Bairro Jardim Paulista, situado ao lado do campo sintético. Essa é uma solicitação muito importante feita pelos moradores e...",Indicação nº 086/2026
085,2026,27/04/2026,Encaminhado,Reinaldo Codognato (Autor),"Indico ao Excelentíssimo Senhor Prefeito Municipal, que estude junto ao setor competente da administração, as possibilidades de adotar providências para garantir mais agilidade nos serviços de troca e manutenção das lâmpadas de LED da iluminação pública em nosso município. A presente propositura atende às constantes reclamações da nossa...",Indicação nº 085/2026
084,2026,27/04/2026,Encaminhado,Reinaldo Codognato (Autor),"Indico ao Excelentíssimo Senhor Prefeito Municipal, que estude junto ao setor competente da administração, as possibilidades de criar um espaço dedicado ao lazer e à prática de esportes no bairro Jardim Junqueirópolis. Essa é uma solicitação muito especial feita pelos próprios moradores da localidade, que sentem a necessidade de um...",Indicação nº 084/2026
083,2026,27/04/2026,Encaminhado,Reinaldo Codognato (Autor),"Indico ao Excelentíssimo Senhor Prefeito Municipal, que estude junto ao setor competente da administração, as possibilidades de realizar os serviços de roçada do mato, limpeza geral e poda das árvores no caminho de pedestres que interliga os bairros Carmesim II e Pioneiros, dando atenção especial à remoção dos galhos que estão encobrindo...",Indicação nº 083/2026
082,2026,23/04/2026,Encaminhado,Renato Vieira de Brito (Autor),"Indico ao Excelentíssimo Senhor Prefeito Municipal, que estude junto ao setor competente da administração, as possibilidades de realização de tratativas para viabilizar uma Parceria Público-Privada focada na oferta de cursos profissionalizantes gratuitos, unindo a infraestrutura do Executivo Municipal e as empresas instaladas no Distrito...",Indicação nº 082/2026
081,2026,23/04/2026,Encaminhado,Renato Vieira de Brito (Autor),"Indico ao Excelentíssimo Senhor Prefeito Municipal, que estude junto ao setor competente da administração, as possibilidades de realização de adequações na sinalização viária da Rua São Salvador, especificamente no ponto onde funcionava a antiga Farmácia Santo Antônio, transformando a antiga vaga exclusiva de farmácia em vagas de...",Indicação nº 081/2026
080,2026,19/04/2026,Encaminhado,Reinaldo Codognato (Autor),"Indico ao Excelentíssimo Senhor Prefeito Municipal, que estude junto ao setor competente da administração, as possibilidades de construção de uma quadra esportiva na modalidade basquete 3x3 em uma área pública estratégica que atenda aos bairros Jardim Paulista, Jardim Esperança, Américas e bairros adjacentes.  Nota-se que as atuais...",Indicação nº 080/2026
079,2026,19/04/2026,Encaminhado,Reinaldo Codognato (Autor),"Indico ao Excelentíssimo Senhor Prefeito Municipal, que estude junto ao setor competente da administração, as possibilidades de realizar melhorias no sistema de iluminação, compreendendo a instalação de refletores adequados, no campo de futebol situado no Bairro Carmesim I. A presente propositura atende a uma solicitação direta dos...",Indicação nº 079/2026
078,2026,16/04/2026,Encaminhado,"Samir Edson Tino (Autor), Renato Vieira de Brito (Autor)","Indico ao Excelentíssimo Senhor Prefeito Municipal, que estude junto ao setor competente da administração, as possibilidades de realizar obras de reforma geral nos vestiários do Estádio Municipal Raphael Capelli, englobando também a construção de um banheiro de uso exclusivo dos funcionários, de uma sala ou pequeno escritório para...",Indicação nº 078/2026
077,2026,16/04/2026,Encaminhado,Reinaldo Codognato (Autor),"Indico ao Excelentíssimo Senhor Prefeito Municipal, que estude junto ao setor competente da administração, as possibilidades de identificar o local mais adequado e promover a implantação de um redutor de velocidade (lombada) na extensão da Rua General Costa e Silva. A presente propositura atende às constantes reivindicações dos...",Indicação nº 077/2026
076,2026,15/04/2026,Encaminhado,Reinaldo Codognato (Autor),"Indico ao Excelentíssimo Senhor Prefeito Municipal, que estude junto ao setor competente da administração, as possibilidades de implantar um redutor de velocidade (lombada) na extensão da Avenida João Furini, mais especificamente nas proximidades do estabelecimento conhecido como ""Buffet Imaginação"". A presente propositura visa...",Indicação nº 076/2026
075,2026,09/04/2026,Encaminhado,"Teresinha de Lourdes Freitas Regodanso (Autor), Adriano de Marcos Lopes (Autor), Samir Edson Tino (Autor)","Indicamos ao Excelentíssimo Senhor Prefeito Municipal, que estude junto ao setor competente da administração, as possibilidades de celebração de um convênio junto ao Consórcio Intermunicipal de Saúde da Nova Alta Paulista (CISNAP), com o objetivo de custear e disponibilizar sessões gratuitas de equoterapia para crianças, jovens e adultos...",Indicação nº 075/2026
074,2026,09/04/2026,Encaminhado,Anderson Marcos Viana (Autor),"Indico ao Excelentíssimo Senhor Prefeito Municipal, que estude junto ao setor competente da administração, as possibilidades de realizar o cumprimento da Portaria MTE nº 2.021, de 3 de dezembro de 2025. A medida requer a disponibilização obrigatória, fácil e irrestrita dos laudos técnicos caracterizadores de insalubridade a todos os...",Indicação nº 074/2026
073,2026,06/04/2026,Encaminhado,Bruno Herreira (Autor),"Indico ao Excelentíssimo Senhor Prefeito Municipal, que estude junto ao setor competente da administração, as possibilidades de autorizar os servidores públicos municipais a utilizarem seus créditos decorrentes dos valores retroativos do projeto de ""descongelamento"" do tempo de serviço para realizar a compensação e o pagamento de contas...",Indicação nº 073/2026
072,2026,06/04/2026,Encaminhado,"Bruno Herreira (Autor), Elizeu Adriano (Autor)","Indicamos ao Excelentíssimo Senhor Prefeito Municipal, que estude junto ao setor competente da administração, as possibilidades de executar obras e serviços para a adequação do sistema de iluminação pública em toda a extensão da praça situada no bairro Cristo Redentor. A presente propositura atende às reivindicações dos moradores e tem...",Indicação nº 072/2026
071,2026,06/04/2026,Encaminhado,"Bruno Herreira (Autor), Elizeu Adriano (Autor)","Indicamos ao Excelentíssimo Senhor Prefeito Municipal, que estude junto ao setor competente da administração, as possibilidades de realizar um mutirão geral de limpeza pública, contemplando de forma intensiva os serviços de varrição, capinação, roçada de mato e recolhimento de galhos e entulhos em todas as ruas, calçadas, praças, áreas...",Indicação nº 071/2026
070,2026,06/04/2026,Encaminhado,Bruno Herreira (Autor),"Indico ao Excelentíssimo Senhor Prefeito Municipal, que estude junto ao setor competente da administração, as possibilidades de instalar, no mínimo, 2 (duas) lixeiras no entorno do playground situado no Bairro Delta Ville II. A presente propositura tem o objetivo de garantir a limpeza, a conservação e a higiene desse importante espaço de...",Indicação nº 070/2026
069,2026,02/04/2026,Encaminhado,Renato Vieira de Brito (Autor),"Indico ao Excelentíssimo Senhor Prefeito Municipal, que estude junto ao setor competente da administração, as possibilidades de implantar um redutor de velocidade (lombada) na Avenida Campos Salles, especificamente no trecho localizado entre as escolas Escola Estadual Prof º Idene Rodrigues dos Santos e Escola Municipal Prof º Jair Luiz...",Indicação nº 069/2026
068,2026,01/04/2026,Encaminhado,Anderson Marcos Viana (Autor),"Indico ao Excelentíssimo Senhor Prefeito Municipal, que estude junto ao setor competente da administração, as possibilidades de implantar lombofaixas (faixas de pedestres elevadas) em dois pontos específicos: na Avenida Bandeirantes, defronte à Escola Municipal Professora Shigueko Oto Iwaki, e na Rua Washington Luis, na lateral da...",Indicação nº 068/2026
067,2026,01/04/2026,Encaminhado,Anderson Marcos Viana (Autor),"Indico ao Excelentíssimo Senhor Prefeito Municipal, que estude junto ao setor competente da administração, as possibilidades de disponibilizar um veículo de grande porte ou de uma condução adequada exclusivamente para realizar a coleta de folhas varridas na cidade, bem como a elaboração de um cronograma oficial para que esse recolhimento...",Indicação nº 067/2026
066,2026,30/03/2026,Encaminhado,"Adriano de Marcos Lopes (Autor), Teresinha de Lourdes Freitas Regodanso (Autor)","Indicamos ao Excelentíssimo Senhor Prefeito Municipal, que estude junto ao setor competente da administração, as possibilidades de instalar bancos, lixeiras e um playground nas proximidades da área verde localizada no Bairro Frei Galvão. A presente propositura atende aos anseios dos moradores do bairro Frei Galvão, que solicitam...",Indicação nº 066/2026
065,2026,30/03/2026,Encaminhado,Reinaldo Codognato (Autor),"Indico ao Excelentíssimo Senhor Prefeito Municipal, que estude junto ao setor competente da administração, as possibilidades de substituir as antigas lâmpadas de vapor de sódio por luminárias com tecnologia LED no cruzamento da Rua Nazareno Cedroni com a Rua Augusto Escosa Nogueira, bem como a continuidade e expansão desse programa de...",Indicação nº 065/2026
064,2026,30/03/2026,Encaminhado,Reinaldo Codognato (Autor),"Indico ao Excelentíssimo Senhor Prefeito Municipal, que estude junto ao setor competente da administração, as possibilidades de denominar oficialmente como ""Sandra Gonçalves Amaral"" a academia ao ar livre instalada no bairro Duas Barras, uma das pioneiras do bairro, além de ser muito conhecida devido ao comércio que a família tem no...",Indicação nº 064/2026
063,2026,30/03/2026,Encaminhado,Reinaldo Codognato (Autor),"Indico ao Excelentíssimo Senhor Prefeito Municipal, que estude junto ao setor competente da administração, as possibilidades de executar obras para a construção de banheiros e de um pequeno vestiário no complexo esportivo localizado no bairro Alto do Cene. A presente propositura atende a um pedido da comunidade local e visa oferecer uma...",Indicação nº 063/2026
062,2026,26/03/2026,Encaminhado,Anderson Marcos Viana (Autor),"Indico ao Excelentíssimo Senhor Prefeito Municipal, que estude junto ao setor competente da administração, as possibilidades de instalação de mais mesas com bancos, bem como a implantação de um bebedouro de água gelada (nos mesmos moldes do equipamento instalado no corredor do CEFE), nas dependências da Praça do Cristo. A presente...",Indicação nº 062/2026
061,2026,26/03/2026,Encaminhado,Reinaldo Codognato (Autor),"Indico ao Excelentíssimo Senhor Prefeito Municipal, que estude junto ao setor competente da administração, as possibilidades de realizar adequações na sede do Clube da Viola, compreendendo a instalação de rede de internet Wi-Fi, a pintura do logotipo da entidade de forma destacada na fachada, a implantação de um sistema de iluminação...",Indicação nº 061/2026
060,2026,26/03/2026,Encaminhado,Reinaldo Codognato (Autor),"Indico ao Excelentíssimo Senhor Prefeito Municipal, que estude junto ao setor competente da administração, as possibilidades de executar um cronograma de ações e atividades culturais periódicas integradas entre os músicos do Clube da Viola e os alunos do Projeto Guri em nosso município. O objetivo desta indicação é valorizar e manter...",Indicação nº 060/2026
059,2026,23/03/2026,Encaminhado,"Adriano de Marcos Lopes (Autor), Teresinha de Lourdes Freitas Regodanso (Autor)","Indicamos ao Excelentíssimo Senhor Prefeito Municipal, que estude junto ao setor competente da administração, as possibilidades de executar serviços de manutenção e reparo na cobertura do dojô municipal (Academia de Judô), espaço onde são realizadas as atividades e treinamentos de Karatê e Judô. A presente propositura atende a um pedido...",Indicação nº 059/2026
058,2026,19/03/2026,Encaminhado,"Teresinha de Lourdes Freitas Regodanso (Autor), Adriano de Marcos Lopes (Autor)","Indicamos ao Excelentíssimo Senhor Prefeito Municipal, que estude junto ao setor competente da administração, as possibilidades de realizar o recapeamento asfáltico em dois pontos de nossa cidade, sendo o primeiro na Rua Tiradentes, compreendendo principalmente o trecho localizado entre a Rua 7 de Setembro e a Rua Bandeirantes, e o...",Indicação nº 058/2026
057,2026,19/03/2026,Encaminhado,"Adriano de Marcos Lopes (Autor), Teresinha de Lourdes Freitas Regodanso (Autor)","Indicamos ao Excelentíssimo Senhor Prefeito Municipal, que estude junto ao setor competente da administração, as possibilidades de adequação, nivelamento e conservação (a exemplo do programa ""Melhor Caminho"") na extensão da estrada municipal JQL 347, especificamente no trecho que dá continuidade às imediações do depósito de galhos do...",Indicação nº 057/2026
056,2026,19/03/2026,Encaminhado,"Adriano de Marcos Lopes (Autor), Teresinha de Lourdes Freitas Regodanso (Autor)","Indicamos ao Excelentíssimo Senhor Prefeito Municipal, que estude junto ao setor competente da administração, as possibilidades de execução de serviços de manutenção estrutural e conservação na ponte localizada na estrada que liga Junqueirópolis a Ribeirão dos Índios (Ponte do Polon), bem como na ponte que faz a interligação do nosso...",Indicação nº 056/2026
055,2026,19/03/2026,Encaminhado,Renato Vieira de Brito (Autor),"Indico ao Excelentíssimo Senhor Prefeito Municipal, que estude junto ao setor competente da administração, as possibilidades de realizar obras de reforma geral e modernização nas instalações dos vestiários do Estádio Municipal Raphael Capelli. A presente propositura visa atender aos justos pedidos dos esportistas, equipes amadoras e...",Indicação nº 055/2026
054,2026,19/03/2026,Encaminhado,Renato Vieira de Brito (Autor),"Indico ao Excelentíssimo Senhor Prefeito Municipal, que estude junto ao setor competente da administração, as possibilidades de implantar um sistema de plantão na Farmácia Municipal. O objetivo é garantir a presença de pelo menos um servidor aos sábados, domingos e feriados, em horário a ser definido pela administração, exclusivamente...",Indicação nº 054/2026
053,2026,19/03/2026,Encaminhado,Renato Vieira de Brito (Autor),"Indico ao Excelentíssimo Senhor Prefeito Municipal, que estude junto ao setor competente da administração, as possibilidades de formalizar um instrumento jurídico de parceria e repasse financeiro para apoiar institucionalmente o trabalho da Associação Junqueiropolense Amor e Vida (AJAV), bem como a criação de um programa municipal...",Indicação nº 053/2026
052,2026,16/03/2026,Encaminhado,Bruno Herreira (Autor),"Indico ao Excelentíssimo Senhor Prefeito Municipal, que estude junto ao setor competente da administração, as possibilidades de instalar uma lixeira na praça localizada em frente ao Pesqueiro Berrocozo. Atualmente não há recipiente adequado para descarte de resíduos no local, o que tem gerado acúmulo de lixo no chão.",Indicação nº 052/2026
051,2026,12/03/2026,Encaminhado,Edvaldo Aparecido Carvalho (Autor),"Indico ao Excelentíssimo Senhor Prefeito Municipal, que estude junto ao setor competente da administração, as possibilidades de realizar obras de drenagem, com a construção de uma valeta (canaleta) para o escoamento adequado das águas, nas vias do Bairro Residencial Trindade. Solicitamos também que seja feito um estudo para a instalação...",Indicação nº 051/2026
050,2026,12/03/2026,Encaminhado,Edvaldo Aparecido Carvalho (Autor),"Indico ao Excelentíssimo Senhor Prefeito Municipal, que estude junto ao setor competente da administração, as possibilidades de realizar o recapeamento asfáltico na Rua Recife, compreendendo especificamente a extensão da quadra situada em frente às instalações do Lar Santo Antônio (Asilo). A presente propositura tem o objetivo de...",Indicação nº 050/2026
049,2026,11/03/2026,Encaminhado,Anderson Marcos Viana (Autor),"Indico ao Excelentíssimo Senhor Prefeito Municipal, que estude junto ao setor competente da administração, as possibilidades de executar um mutirão de busca ativa e recolhimento de cães e gatos em situação de rua. Solicitamos que a ação seja realizada estrategicamente na data de atendimento do ""Castramóvel"" no município, priorizando os...",Indicação nº 049/2026
048,2026,11/03/2026,Encaminhado,"Teresinha de Lourdes Freitas Regodanso (Autor), Adriano de Marcos Lopes (Autor)","Indicamos ao Excelentíssimo Senhor Prefeito Municipal, que estude junto ao setor competente da administração, as possibilidades de realizar benfeitorias na quadra de esportes localizada nas dependências do Centro de Convivência do Idoso (CCI). Solicitamos que as melhorias contemplem, como exemplos prioritários, o fechamento do entorno da...",Indicação nº 048/2026
047,2026,11/03/2026,Encaminhado,"Adriano de Marcos Lopes (Autor), Teresinha de Lourdes Freitas Regodanso (Autor)","Indicamos ao Excelentíssimo Senhor Prefeito Municipal, que estude junto ao setor competente da administração, as possibilidades de construir um ponto de ônibus com cobertura nas proximidades da Prefeitura Municipal. Sugere-se que a instalação seja feita nas imediações da Rua Sebastiana de Oliveira, próximo às instalações do SAICA Semear...",Indicação nº 047/2026
046,2026,09/03/2026,Encaminhado,Reinaldo Codognato (Autor),"Indico ao Excelentíssimo Senhor Prefeito Municipal, que estude junto ao setor competente da administração, as possibilidades de instalar bancos em espaços de convivência pública localizados no bairro Delta Ville II. A presente propositura atende a um pedido direto dos moradores do referido bairro. A instalação de bancos é uma medida...",Indicação nº 046/2026
045,2026,04/03/2026,Encaminhado,Anderson Marcos Viana (Autor),"Indico ao Excelentíssimo Senhor Prefeito Municipal, que estude junto ao setor competente da administração, as possibilidades de realizar a terceirização parcial ou contratação emergencial de empresas de nossa própria cidade para auxiliar na execução do programa ""Limpeza Beleza"". O objetivo é fornecer suporte logístico (caminhões e...",Indicação nº 045/2026
044,2026,04/03/2026,Encaminhado,Anderson Marcos Viana (Autor),"Indico ao Excelentíssimo Senhor Prefeito Municipal, que estude junto ao setor competente da administração, as possibilidades de adotar medidas para solucionar o problema de escoamento de águas pluviais na Rua Chile, especificamente no cruzamento que dá acesso à entrada do bairro Residencial das Américas. A presente propositura tem o...",Indicação nº 044/2026
043,2026,04/03/2026,Encaminhado,Reinaldo Codognato (Autor),"Indico ao Excelentíssimo Senhor Prefeito Municipal, que estude junto ao setor competente da administração, as possibilidades de realizar melhorias na estrada rural JQL 050, que conecta nossa cidade de Junqueirópolis à cidade de Ribeirão dos Índios. A presente propositura tem o objetivo de atender às justas reivindicações dos produtores...",Indicação nº 043/2026
042,2026,04/03/2026,Encaminhado,Samir Edson Tino (Autor),"Indico ao Excelentíssimo Senhor Prefeito Municipal, que estude junto ao setor competente da administração, as possibilidades de implantar do projeto ""Praça do Autista"" em nosso município. Solicitamos que o projeto preveja a instalação de brinquedos adaptados, equipamentos de estímulo sensorial, pisos acessíveis e sinalização inclusiva,...",Indicação nº 042/2026
041,2026,04/03/2026,Encaminhado,Bruno Herreira (Autor),"Indico ao Excelentíssimo Senhor Prefeito Municipal, que estude junto ao setor competente da administração, as possibilidades de iniciar o recapeamento asfáltico em toda a extensão da Rua São Paulo compreendida entre a Rua Independência e a Rua José Bonifácio. Ressalta-se que esta é uma via de intenso movimento diário, sendo um dos...",Indicação nº 041/2026
040,2026,03/03/2026,Encaminhado,"Teresinha de Lourdes Freitas Regodanso (Autor), Adriano de Marcos Lopes (Autor)","Indicamos ao Excelentíssimo Senhor Prefeito Municipal, que estude junto ao setor competente da administração, as possibilidades de implantar uma Central de Monitoramento para acompanhar em tempo real as imagens das câmeras instaladas em praças e nos principais pontos públicos da cidade. Além disso, propomos a ampliação do sistema de...",Indicação nº 040/2026
039,2026,03/03/2026,Encaminhado,Reinaldo Codognato (Autor),"Indico ao Excelentíssimo Senhor Prefeito Municipal, que estude junto ao setor competente da administração, as possibilidades de realizar a impermeabilização e tratamento no piso da quadra de esportes localizada no bairro Jardim Alvorada. A presente propositura atende às justas reivindicações dos moradores e desportistas que utilizam o...",Indicação nº 039/2026
038,2026,26/02/2026,Encaminhado,Bruno Herreira (Autor),"Indico ao Excelentíssimo Senhor Prefeito Municipal, que estude junto ao setor competente da administração, as possibilidades de realizar uma reforma geral nas instalações do Centro Comunitário do bairro Jardim Primavera. A presente propositura atende às constantes reivindicações dos moradores do referido bairro.",Indicação nº 038/2026
037,2026,26/02/2026,Encaminhado,Reinaldo Codognato (Autor),"Indico ao Excelentíssimo Senhor Prefeito Municipal, que estude junto ao setor competente da administração, as possibilidades de implantar medidas de segurança viária, tais como redutores de velocidade (lombadas), faixas de pedestres elevadas ou reforço na sinalização, nas proximidades do ponto de ônibus localizado no Bairro Pioneiros....",Indicação nº 037/2026
036,2026,26/02/2026,Encaminhado,Anderson Marcos Viana (Autor),"Indico ao Excelentíssimo Senhor Prefeito Municipal, que estude junto ao setor competente da administração, as possibilidades de realizar serviços de manutenção e adequação no espaço do campo de futebol localizado no bairro Residencial das Américas. Solicitamos, especificamente, que seja providenciada a passagem de um rolo compressor no...",Indicação nº 036/2026
035,2026,26/02/2026,Encaminhado,Anderson Marcos Viana (Autor),"Indico ao Excelentíssimo Senhor Prefeito Municipal, que estude junto ao setor competente da administração, as possibilidades de implantar um ponto de ônibus no bairro Horto dos Seringais. O local sugerido para a instalação é no final da via de acesso principal. A presente propositura visa atender a uma justa e urgente reivindicação das...",Indicação nº 035/2026
034,2026,23/02/2026,Encaminhado,Anderson Marcos Viana (Autor),"Indico ao Excelentíssimo Senhor Prefeito Municipal, que estude junto ao setor competente da administração, as possibilidades de alterar os critérios da comissão responsável pela concessão de áreas e terrenos industriais e comerciais no município. Solicitamos que seja avaliada a viabilidade legal de incluir um requisito que garanta uma...",Indicação nº 034/2026
033,2026,23/02/2026,Encaminhado,"Adriano de Marcos Lopes (Autor), Teresinha de Lourdes Freitas Regodanso (Autor)","Indicamos ao Excelentíssimo Senhor Prefeito Municipal, que estude junto ao setor competente da administração, as possibilidades de instalar parques infantis (playgrounds) equipados com brinquedos seguros e adequados em áreas públicas dos seguintes bairros: Jardim Alvorada, Figueira, Jardim Fuentes, Vale do Sol e Cristo Redentor. A...",Indicação nº 033/2026
032,2026,19/02/2026,Encaminhado,"Samir Edson Tino (Autor), Bruno Herreira (Autor)","Indicamos ao Excelentíssimo Senhor Prefeito Municipal, que estude junto ao setor competente da administração, as possibilidades de implementar aparelhos de ar-condicionado nas salas destinadas a microcirurgias e pequenos procedimentos em todas as unidades de Estratégia de Saúde da Família (ESF) do município que ainda não contam com o...",Indicação nº 032/2026
031,2026,19/02/2026,Encaminhado,Reinaldo Codognato (Autor),"Indico ao Excelentíssimo Senhor Prefeito Municipal, que estude junto ao setor competente da administração, as possibilidades de conceder aos servidores públicos municipais o direito a uma falta remunerada no dia de seu aniversário, sem desconto em folha. Essa medida contribui para o bem-estar dos funcionários, refletindo positivamente em...",Indicação nº 031/2026
030,2026,19/02/2026,Encaminhado,Anderson Marcos Viana (Autor),"Indico ao Excelentíssimo Senhor Prefeito Municipal, que estude junto ao setor competente da administração, as possibilidades de iniciar a partir do mês de julho o planejamento, os processos de contratação e a organização para as decorações e festividades de final de ano. Solicitamos a realização de um levantamento dos decoradores...",Indicação nº 030/2026
029,2026,19/02/2026,Encaminhado,Samir Edson Tino (Autor),"Indico ao Excelentíssimo Senhor Prefeito Municipal, que estude junto ao setor competente da administração, as possibilidades de elaboração de projeto para a construção de boxes comerciais padronizados no espaço localizado na calçada da Avenida 7 de Setembro, especificamente na área ao lado do barracão do Recinto da Aceruva. A presente...",Indicação nº 029/2026
028,2026,19/02/2026,Encaminhado,Samir Edson Tino (Autor),"Indico ao Excelentíssimo Senhor Prefeito Municipal, que estude junto ao setor competente da administração, as possibilidades de instalação de bebedouros de água potável e acessíveis nas principais praças públicas de Junqueirópolis. Estes espaços são frequentados diariamente por crianças e jovens em momentos de recreação e práticas...",Indicação nº 028/2026
027,2026,19/02/2026,Encaminhado,"Adriano de Marcos Lopes (Autor), Teresinha de Lourdes Freitas Regodanso (Autor)","Indicamos ao Excelentíssimo Senhor Prefeito Municipal, que estude junto ao setor competente da administração, as possibilidades de construção de uma sede própria e definitiva para o Centro de Referência em Assistência Social (CRAS) do município. A construção de um prédio próprio, projetado especificamente para essa finalidade, garantirá...",Indicação nº 027/2026
026,2026,19/02/2026,Encaminhado,Reinaldo Codognato (Autor),"Indico ao Excelentíssimo Senhor Prefeito Municipal, que estude junto ao setor competente da administração, as possibilidades de tomar providências definitivas acerca do direcionamento e escoamento correto das águas pluviais no Residencial Recanto dos Eucaliptos. Tal indicação se justifica em razão de vários pedidos feitos por parte da...",Indicação nº 026/2026
025,2026,19/02/2026,Encaminhado,"Reinaldo Codognato (Autor), Anderson Marcos Viana (Autor), Bruno Herreira (Autor), Edvaldo Aparecido Carvalho (Autor), Elizeu Adriano (Autor), Renato Vieira de Brito (Autor), Samir Edson Tino (Autor)","Indicamos ao Excelentíssimo Senhor Prefeito Municipal, que estude junto ao setor competente da administração, as possibilidades de revitalizar a Praça Centenário, com atenção especial à qualidade do solo, garantindo um espaço mais seguro e adequado para o uso da comunidade. Além disso, propomos a instalação de câmeras de monitoramento e...",Indicação nº 025/2026
024,2026,19/02/2026,Encaminhado,Bruno Herreira (Autor),"Indicamos ao Excelentíssimo Senhor Prefeito Municipal, que estude junto ao setor competente da administração, as possibilidades de realizar a manutenção corretiva e a substituição dos aparelhos que estiverem danificados ou inservíveis no espaço público localizado na praça Moacir Antonio, no trecho popularmente conhecido como ""Curva em...",Indicação nº 024/2026
023,2026,18/02/2026,Encaminhado,"Adriano de Marcos Lopes (Autor), Teresinha de Lourdes Freitas Regodanso (Autor)","Indicamos ao Excelentíssimo Senhor Prefeito Municipal, que estude junto ao setor competente da administração, as possibilidades de implementar uma área de lazer com aparelhos de ginástica e brinquedos para as crianças nas proximidades ou até mesmo dentro do Estádio Municipal Raphael Capelli. Vale destacar que anteriormente havia uma...",Indicação nº 023/2026
022,2026,12/02/2026,Encaminhado,Renato Vieira de Brito (Autor),"Indico ao Excelentíssimo Senhor Prefeito Municipal, que estude junto ao setor competente da administração, as possibilidades de instalar placas de orientação turística e de trânsito indicando o trajeto para o Bosque Municipal. Sugere-se a fixação destas placas em pontos estratégicos, principalmente na entrada da cidade e nas principais...",Indicação nº 022/2026
021,2026,11/02/2026,Encaminhado,Reinaldo Codognato (Autor),"Indico ao Excelentíssimo Senhor Prefeito Municipal, que estude junto ao setor competente da administração, as possibilidades de construir uma calçada na Rua Santos Dumont, no bairro Jardim Morumbi, para interligar os bairros Residencial das Américas e Jardim Paulista, garantindo mais segurança e acessibilidade para pedestres.",Indicação nº 021/2026
020,2026,11/02/2026,Encaminhado,Reinaldo Codognato (Autor),"Indico ao Excelentíssimo Senhor Prefeito Municipal, que estude junto ao setor competente da administração, as possibilidades de promover ações de conscientização sobre o uso das bicicletas elétricas no município. O aumento da utilização desse meio de transporte tem gerado preocupações, especialmente quanto à segurança no trânsito, visto...",Indicação nº 020/2026
019,2026,11/02/2026,Encaminhado,Reinaldo Codognato (Autor),"Indico ao Excelentíssimo Senhor Prefeito Municipal, que estude junto ao setor competente da administração, as possibilidades do retorno imediato das aulas de Skate. Solicitamos ainda que, neste retorno, seja planejado um aumento na quantidade de dias da semana e a disponibilização de mais horários para as aulas, visando atender à...",Indicação nº 019/2026
018,2026,11/02/2026,Encaminhado,"Reinaldo Codognato (Autor), Anderson Marcos Viana (Autor), Bruno Herreira (Autor), Edvaldo Aparecido Carvalho (Autor), Elizeu Adriano (Autor), Renato Vieira de Brito (Autor), Samir Edson Tino (Autor)","Indico ao Excelentíssimo Senhor Prefeito Municipal, que estude junto ao setor competente da administração, as possibilidades de destinar recursos anuais para a substituição preventiva dos encanamentos da rede de água do município. Grande parte da infraestrutura atual é antiga e necessita de renovação para evitar problemas futuros, como...",Indicação nº 018/2026
017,2026,05/02/2026,Encaminhado,"Teresinha de Lourdes Freitas Regodanso (Autor), Adriano de Marcos Lopes (Autor)","Indico ao Excelentíssimo Senhor Prefeito Municipal, que estude junto ao setor competente da administração, as possibilidades de executar serviços de limpeza geral e manutenção nas dependências do Cemitério Municipal. Solicitamos, ainda, que seja elaborado um projeto e viabilizada a construção de banheiros públicos (feminino e masculino)...",Indicação nº 017/2026
016,2026,05/02/2026,Encaminhado,Edvaldo Aparecido Carvalho (Autor),"Indico ao Excelentíssimo Senhor Prefeito Municipal, que estude junto ao setor competente da administração, as possibilidades de implantar uma lombada na Rua Alameda Horto dos Seringais, especificamente nas imediações do número 635. A presente solicitação atende aos apelos dos moradores da referida via, que relatam a constante insegurança...",Indicação nº 016/2026
015,2026,04/02/2026,Encaminhado,Reinaldo Codognato (Autor),"Indico ao Excelentíssimo Senhor Prefeito Municipal, que estude junto ao setor competente da administração, as possibilidades de ampliar o número de câmeras de segurança instaladas no município, bem como a substituição e modernização dos equipamentos de gravação (DVRs) atualmente em uso. Esta indicação atende a uma solicitação expressa da...",Indicação nº 015/2026
014,2026,04/02/2026,Encaminhado,"Reinaldo Codognato (Autor), Edvaldo Aparecido Carvalho (Autor)","Indico ao Excelentíssimo Senhor Prefeito Municipal, que estude junto ao setor competente da administração, as possibilidades de realizar reparos urgentes ou a substituição total dos bancos e mesas de concreto e azulejo que se encontram danificados na praça do Cristo Redentor. Solicitamos, extensivamente, que seja realizado um...",Indicação nº 014/2026
013,2026,04/02/2026,Encaminhado,Reinaldo Codognato (Autor),"Indico ao Excelentíssimo Senhor Prefeito Municipal, que estude junto ao setor competente da administração, as possibilidades de realizar a impermeabilização das estradas rurais do nosso município. A utilização de asfalto ecológico, que impermeabiliza as vias, garante estradas sem barro e poeira, reduzindo significativamente a necessidade...",Indicação nº 013/2026
012,2026,03/02/2026,Encaminhado,"Anderson Marcos Viana (Autor), Edvaldo Aparecido Carvalho (Autor)","Indico ao Excelentíssimo Senhor Prefeito Municipal, que estude junto ao setor competente da administração, as possibilidades de realizar um levantamento sobre o estado de conservação do mobiliário escolar (carteiras e cadeiras) em todas as unidades de ensino da rede municipal. Solicitamos ainda que, após esse diagnóstico, seja elaborado...",Indicação nº 012/2026
011,2026,03/02/2026,Encaminhado,Anderson Marcos Viana (Autor),"Indico ao Excelentíssimo Senhor Prefeito Municipal, que estude junto ao setor competente da administração, as possibilidades de transferir o circuito utilizado para aulas e exames práticos de direção (Detran/Autoescolas). A proposta é que as atividades, atualmente realizadas nas ruas adjacentes ao Lar Santo Antônio, sejam...",Indicação nº 011/2026
010,2026,29/01/2026,Encaminhado,"Teresinha de Lourdes Freitas Regodanso (Autor), Adriano de Marcos Lopes (Autor)","Indicamos ao Excelentíssimo Senhor Prefeito Municipal, que estude junto ao setor competente da administração, as possibilidades de realizar a contratação específica de uma profissional médica ginecologista do sexo feminino para atuar no atendimento clínico do Complexo da Saúde.",Indicação nº 010/2026
009,2026,27/01/2026,Encaminhado,Renato Vieira de Brito (Autor),"Indico ao Excelentíssimo Senhor Prefeito Municipal, que estude junto ao setor competente da administração, as possibilidades de realização de um mutirão emergencial de limpeza e desobstrução das bocas de lobo (bueiros) e galerias de águas pluviais em todos os bairros da cidade.",Indicação nº 009/2026
008,2026,26/01/2026,Encaminhado,Anderson Marcos Viana (Autor),"Indico ao Excelentíssimo Senhor Prefeito Municipal, que estude junto ao setor competente da administração, as possibilidades de providenciar a instalação de grades de proteção (podendo ser em estrutura metálica ou de concreto vazado) sobre as canaletas de escoamento de água pluvial situadas no entorno da quadra poliesportiva da Escola...",Indicação nº 008/2026
007,2026,26/01/2026,Encaminhado,Anderson Marcos Viana (Autor),"Indico ao Excelentíssimo Senhor Prefeito Municipal, que estude junto ao setor competente da administração, as possibilidades de implementar uma cobertura na área externa da Escola Municipal Shigueko, especificamente na entrada localizada na Rua Washington Luís, onde ocorre o ponto de parada do transporte escolar. A solicitação se faz...",Indicação nº 007/2026
006,2026,26/01/2026,Encaminhado,Anderson Marcos Viana (Autor),"Indico ao Excelentíssimo Senhor Prefeito Municipal, que estude junto ao setor competente da administração, as possibilidades de realizar a aplicação de película de proteção solar (insulfilm) nas janelas e vidros das salas de aula da Escola Municipal Shigueko e, extensivamente, nas demais unidades escolares da rede municipal. Esta medida...",Indicação nº 006/2025
005,2026,23/01/2026,Encaminhado,Edvaldo Aparecido Carvalho (Autor),"Indico ao Excelentíssimo Senhor Prefeito Municipal, que estude junto ao setor competente da administração, as possibilidades de realização dos estudos e trâmites necessários para a inscrição do município no programa ""Turismo 60 "", do Governo do Estado de São Paulo. Solicitamos ainda que a Prefeitura disponibilize o transporte necessário...",Indicação nº 005/2026
004,2026,22/01/2026,Encaminhado,"Adriano de Marcos Lopes (Autor), Teresinha de Lourdes Freitas Regodanso (Autor)","Indicamos ao Excelentíssimo Senhor Prefeito Municipal, que estude junto ao setor competente da administração, as possibilidades de implementar melhoria na quadra de basquete da modalidade 3x3, situada no complexo da Pista de Skate, compreendendo especificamente a instalação de alambrado em todo o perímetro para segurança, a construção de...",Indicação nº 004/2026
003,2026,22/01/2026,Encaminhado,"Reinaldo Codognato (Autor), Bruno Herreira (Autor), Elizeu Adriano (Autor)","Indicamos ao Excelentíssimo Senhor Prefeito Municipal, que estude junto ao setor competente da administração, as possibilidades de proceder com os trâmites necessários para a aquisição de um veículo apropriado para realizar o transporte e atendimento de pacientes residentes na Zona Rural do município. Sugere-se que, para tal aquisição,...",Indicação nº 003/2026
002,2026,09/01/2026,Encaminhado,Reinaldo Codognato (Autor),"Indico ao Excelentíssimo Senhor Prefeito Municipal, que estude junto ao setor competente da administração, as possibilidades de revitalizar o espaço utilizado para a prática de bocha e jogos de cartas, situado entre o Ginásio de Esportes e a atual Academia de Judô. O referido local é um importante ponto de encontro e lazer para a...",Indicação nº 002/2026
001,2026,09/01/2026,Encaminhado,Reinaldo Codognato (Autor),"Indico ao Excelentíssimo Senhor Prefeito Municipal, que estude junto ao setor competente da administração, as possibilidades de executar serviços de roçagem periódica das margens e a repintura (revitalização) das faixas de sinalização de solo em toda a extensão da Vicinal José Siniciato (JQL 050), que liga Junqueirópolis à antiga Usina...",Indicação nº 001/2026
299,2025,16/12/2025,Encaminhado,"Adriano de Marcos Lopes (Autor), Teresinha de Lourdes Freitas Regodanso (Autor)","Indicamos ao Excelentíssimo Senhor Prefeito Municipal, que estude junto ao setor competente da administração, a possibilidade de instalar bancos de assento na área do estacionamento da Escola Municipal Prof. Jair Luiz da Silva. A medida tem por objetivo proporcionar um ambiente mais acolhedor e adequado para os professores e funcionários...",Indicação nº 299/2025
298,2025,11/12/2025,Encaminhado,"Teresinha de Lourdes Freitas Regodanso (Autor), Adriano de Marcos Lopes (Autor)","Indicamos ao Excelentíssimo Senhor Prefeito Municipal, que estude junto ao setor competente da administração, a possibilidade de realizar a aquisição de uma mesa oficial de tênis de mesa. A solicitação se justifica pelo notável crescimento da prática desta modalidade no município, sendo necessário oferecer estrutura adequada e de...",Indicação nº 298/2025
297,2025,11/12/2025,Encaminhado,"Adriano de Marcos Lopes (Autor), Teresinha de Lourdes Freitas Regodanso (Autor)","Indicamos ao Excelentíssimo Senhor Prefeito Municipal, que estude junto ao setor competente da administração, a possibilidade de instalar plaquetas com QR Code em todos os postes de iluminação pública do município. A proposta consiste em vincular este código diretamente a um número de WhatsApp oficial da Prefeitura, destinado...",Indicação nº 297/2025
296,2025,25/11/2025,Encaminhado,Anderson Marcos Viana (Autor),"Indico ao Excelentíssimo Senhor Prefeito Municipal, que estude junto ao setor competente da administração, a possibilidade de resgatar a realização da tradicional festa de ""Virada do Ano"" (Réveillon) no município. O evento, que historicamente serviu como uma ferramenta de marketing para a cidade e promovia a confraternização de toda a...",Indicação nº 296/2025
295,2025,24/11/2025,Encaminhado,"Bruno Herreira (Autor), Anderson Marcos Viana (Autor), Adriano de Marcos Lopes (Autor), Edvaldo Aparecido Carvalho (Autor), Elizeu Adriano (Autor), Reinaldo Codognato (Autor), Renato Vieira de Brito (Autor), Samir Edson Tino (Autor), Teresinha de Lourdes Freitas Regodanso (Autor)","Indicamos ao Excelentíssimo Senhor Prefeito Municipal, que estude junto ao setor competente da administração, a possibilidade de conceder reajuste anual de 10,00% (dez por cento) nos salários de todos os servidores públicos municipais do Poder Executivo de Junqueirópolis, a contar de 1º de janeiro de 2026, com exceção dos agentes...",Indicação nº 295/2025
294,2025,24/11/2025,Encaminhado,"Adriano de Marcos Lopes (Autor), Teresinha de Lourdes Freitas Regodanso (Autor)","Indicamos ao Excelentíssimo Senhor Prefeito Municipal, que estude junto ao setor competente da administração, a possibilidade de realizar melhorias na iluminação pública no entorno da Escola Municipal Professora Neyde Macedo Brandão Fernandes, com destaque para o trecho que faz divisa com a Rua Quinzinho da Cunha. Essa melhoria é...",Indicação nº 294/2025
293,2025,18/11/2025,Encaminhado,"Adriano de Marcos Lopes (Autor), Reinaldo Codognato (Autor), Samir Edson Tino (Autor), Teresinha de Lourdes Freitas Regodanso (Autor)","Indicamos ao Excelentíssimo Senhor Prefeito Municipal, que estude junto ao setor competente da administração, a possibilidade de instalar um redutor de velocidade (lombada) na Rua Quinzinho da Cunha, especificamente no trecho compreendido entre a Rua Belo Horizonte e a Rua São Salvador. A solicitação visa atender aos anseios dos...",Indicação nº 293/2025
292,2025,18/11/2025,Encaminhado,Samir Edson Tino (Autor),"Indico ao Excelentíssimo Senhor Prefeito Municipal, que estude junto ao setor competente da administração, a possibilidade de realizar um projeto de revitalização no Bairro Vila São João. A solicitação contempla a reforma do prédio da escola local, a revitalização das áreas adjacentes ao campo de futebol e, também, a reforma da...",Indicação nº 292/2025
291,2025,18/11/2025,Encaminhado,Samir Edson Tino (Autor),"Indico ao Excelentíssimo Senhor Prefeito Municipal, que estude junto ao setor competente da administração, a possibilidade de realizar melhorias estruturais importantes no Cemitério Municipal. O pedido contempla a construção de um ossário, medida necessária para a otimização do espaço físico e a correta destinação dos restos mortais...",Indicação nº 291/2025
290,2025,18/11/2025,Encaminhado,"Bruno Herreira (Autor), Renato Vieira de Brito (Autor), Samir Edson Tino (Autor)","Indicamos ao Excelentíssimo Senhor Prefeito Municipal, que estude junto ao setor competente da administração, a possibilidade de implementar a instalação de um ponto de ônibus no Bairro Fuentes. A medida é necessária para oferecer abrigo, conforto e segurança aos usuários do transporte coletivo que residem no bairro.",Indicação nº 290/2025
289,2025,13/11/2025,Encaminhado,Edvaldo Aparecido Carvalho (Autor),"Indico ao Excelentíssimo Senhor Prefeito Municipal, que estude junto ao setor competente da administração, a possibilidade de realizar a manutenção e o reparo das guias e sarjetas na Rua dos Ipês, localizada no Bairro Colina Verde. A medida atende a pedidos de moradores, pois as estruturas encontram-se danificadas, prejudicando o...",Indicação nº 289/2025
288,2025,13/11/2025,Encaminhado,Edvaldo Aparecido Carvalho (Autor),"Indico ao Excelentíssimo Senhor Prefeito Municipal, que estude junto ao setor competente da administração, a possibilidade de realizar, com urgência, a manutenção e desobstrução da canaleta de drenagem localizada na esquina da Rua Lucas Rodrigues (próximo ao n.º 764) com a Rua Luis Chignolli (próximo ao n.º 400). A medida atende a...",Indicação nº 288/2025
287,2025,13/11/2025,Encaminhado,Reinaldo Codognato (Autor),"Indico ao Excelentíssimo Senhor Prefeito Municipal, que estude junto ao setor competente da administração, a possibilidade de solucionar um problema crônico no sistema de esgoto localizado na Avenida Bandeirantes, no quarteirão entre as Ruas Independência e Tiradentes. Segundo relatos, há um retorno frequente de esgoto em uma residência...",Indicação nº 287/2025
286,2025,12/11/2025,Encaminhado,"Reinaldo Codognato (Autor), Anderson Marcos Viana (Autor), Bruno Herreira (Autor), Edvaldo Aparecido Carvalho (Autor), Elizeu Adriano (Autor), Renato Vieira de Brito (Autor), Samir Edson Tino (Autor)","Indico ao Excelentíssimo Senhor Prefeito Municipal, que estude junto ao setor competente da administração, a possibilidade de que sejam tomadas providências efetivas quanto aos cuidados e à manutenção de todos os complexos esportivos do município. Solicitamos atenção especial ao complexo do Bairro Vila Beatriz (Joaquina Porto Clemente) e...",Indicação nº 286/2025
285,2025,11/11/2025,Encaminhado,Anderson Marcos Viana (Autor),"Indico ao Excelentíssimo Senhor Prefeito Municipal, que estude junto ao setor competente da administração, a possibilidade de agilizar o processo de aquisição de um terreno para a construção de 20 (vinte) casas populares. Esta medida é um passo fundamental para o avanço do projeto. Sugerimos, ainda, que na escolha do terreno seja...",Indicação nº 285/2025
284,2025,11/11/2025,Encaminhado,Anderson Marcos Viana (Autor),"Indico ao Excelentíssimo Senhor Prefeito Municipal, que estude junto ao setor competente da administração, a possibilidade de conceder apoio estrutural imediato à Cooperativa de Trabalho de Catadores de Materiais Recicláveis de Junqueirópolis (COOPERJUNQ), através do fornecimento de caminhões de pedra brita. A medida é urgente, pois o...",Indicação nº 284/2025
283,2025,11/11/2025,Encaminhado,"Adriano de Marcos Lopes (Autor), Teresinha de Lourdes Freitas Regodanso (Autor)","Indicamos ao Excelentíssimo Senhor Prefeito Municipal, que estude junto ao setor competente da administração, a possibilidade de implementar o conceito de ""Praça Sensorial"" no município. A sugestão é que, por ocasião da necessidade de reforma de alguma das praças já existentes, o projeto de revitalização contemple a adaptação do espaço...",Indicação nº 283/2025
282,2025,11/11/2025,Encaminhado,"Adriano de Marcos Lopes (Autor), Anderson Marcos Viana (Autor), Bruno Herreira (Autor), Edvaldo Aparecido Carvalho (Autor), Elizeu Adriano (Autor), Reinaldo Codognato (Autor), Renato Vieira de Brito (Autor), Samir Edson Tino (Autor), Teresinha de Lourdes Freitas Regodanso (Autor)","Indicamos ao Excelentíssimo Senhor Prefeito Municipal, que estude junto ao setor competente da administração, a possibilidade de instalar redutores de velocidade (lombadas) na Avenida Edwirges Anna Aparecida Trevisan, nas proximidades do número 426. A medida atende a pedidos de moradores e frequentadores daquela localidade, pois, segundo...",Indicação nº 282/2025
281,2025,10/11/2025,Encaminhado,"Adriano de Marcos Lopes (Autor), Anderson Marcos Viana (Autor), Bruno Herreira (Autor), Edvaldo Aparecido Carvalho (Autor), Elizeu Adriano (Autor), Reinaldo Codognato (Autor), Renato Vieira de Brito (Autor), Samir Edson Tino (Autor), Teresinha de Lourdes Freitas Regodanso (Autor)","Indicamos ao Excelentíssimo Senhor Prefeito Municipal, que estude junto ao setor competente da administração, a possibilidade de buscar uma solução para a notória demanda de atendimento especializado em neuropediatria, voltado a crianças e adolescentes do município. Conforme relatado, há uma carência significativa no que tange aos...",Indicação nº 281/2025
280,2025,05/11/2025,Encaminhado,Bruno Herreira (Autor),"Indico ao Excelentíssimo Senhor Prefeito Municipal, que estude junto ao setor competente da administração, a possibilidade de garantir a plena adequação do município à nova Lei Federal Nº 15.250, de 3 de novembro de 2025, que dispõe sobre o exercício da atividade de condutor de ambulância. A medida visa assegurar que a administração...",Indicação nº 280/2025
279,2025,05/11/2025,Encaminhado,"Reinaldo Codognato (Autor), Anderson Marcos Viana (Autor), Edvaldo Aparecido Carvalho (Autor)","Indico ao Excelentíssimo Senhor Prefeito Municipal, que estude junto ao setor competente da administração, a possibilidade de reavaliar o projeto de construção de novos banheiros públicos no Bairro Cristo Redentor. Como alternativa, sugerimos que a administração considere otimizar os recursos públicos através da adaptação dos banheiros...",Indicação nº 279/2025
278,2025,05/11/2025,Encaminhado,Reinaldo Codognato (Autor),"Indico ao Excelentíssimo Senhor Prefeito Municipal, que estude junto ao setor competente da administração, a possibilidade de rever e ampliar os horários das aulas de skate. A solicitação atende a pedidos para que a frequência das aulas seja aumentada, diminuindo o atual intervalo de 15 dias entre elas, com a sugestão de que passem a...",Indicação nº 278/2025
277,2025,05/11/2025,Encaminhado,"Adriano de Marcos Lopes (Autor), Teresinha de Lourdes Freitas Regodanso (Autor)","Indicamos ao Excelentíssimo Senhor Prefeito Municipal, que estude junto ao setor competente da administração, a possibilidade de instituir um programa de gratificação por desempenho para os servidores municipais. A proposta, a ser coordenada pelo setor competente, com base em metas de produtividade e na avaliação de merecimento dos...",Indicação nº 277/2025
276,2025,03/11/2025,Encaminhado,"Teresinha de Lourdes Freitas Regodanso (Autor), Adriano de Marcos Lopes (Autor)","Indicamos ao Excelentíssimo Senhor Prefeito Municipal, que estude junto ao setor competente da administração, a possibilidade de realizar a construção de um muro de fechamento nos fundos do Cemitério Municipal. A obra é necessária para garantir a segurança do local, delimitar adequadamente a área e preservar o patrimônio...",Indicação nº 276/2025
275,2025,30/10/2025,Encaminhado,Reinaldo Codognato (Autor),"Indico ao Excelentíssimo Senhor Prefeito Municipal, que estude junto ao setor competente da administração, a possibilidade de instituir um Programa de Incentivo ao Comércio Local. A medida visa fortalecer os pequenos negócios e microempresas do município, estimulando a economia local através da criação de uma plataforma digital para dar...",Indicação nº 275/2025
274,2025,30/10/2025,Encaminhado,Reinaldo Codognato (Autor),"Indico ao Excelentíssimo Senhor Prefeito Municipal, que estude junto ao setor competente da administração, a possibilidade de concluir a instalação de um redutor de velocidade (lombada) na Rua Lucélia, esquina com a Rua São Salvador. A solicitação atende a um pedido insistente dos moradores, pois o local possui intenso tráfego de...",Indicação nº 274/2025
273,2025,28/10/2025,Encaminhado,Edvaldo Aparecido Carvalho (Autor),"Indico ao Excelentíssimo Senhor Prefeito Municipal, que estude junto ao setor competente da administração, a possibilidade de instalar um redutor de velocidade (lombada) no final da Rua General Osório, próximo ao encontro com a Avenida da Saudade, exatamente no término da pavimentação asfáltica, antes do início da estrada de terra que...",Indicação nº 273/2025
272,2025,23/10/2025,Encaminhado,Reinaldo Codognato (Autor),"Indico ao Excelentíssimo Senhor Prefeito Municipal, que estude junto ao setor competente da administração, a possibilidade de implementar a instalação de uma grade de proteção nas laterais do palco localizado na Praça Central Álvaro de Oliveira Junqueira. A medida visa aumentar a segurança no local, pois o palco é frequentemente...",Indicação nº 272/2025
271,2025,23/10/2025,Encaminhado,Bruno Herreira (Autor),"Indico ao Excelentíssimo Senhor Prefeito Municipal, que estude junto ao setor competente da administração, a possibilidade de realizar a pintura dos prédios das Estratégias de Saúde da Família (ESF) 2 e 7. A medida visa zelar pelo patrimônio público e proporcionar um ambiente mais adequado e acolhedor para os pacientes e profissionais da...",Indicação nº 271/2025
270,2025,22/10/2025,Encaminhado,Renato Vieira de Brito (Autor),"Indico ao Excelentíssimo Senhor Prefeito Municipal, que estude junto ao setor competente da administração, a possibilidade de realizar a instalação de câmeras de monitoramento em todas as unidades da rede municipal de ensino. A medida visa atender as Escolas Municipais de Ensino Fundamental e as Escolas de Educação Infantil que ainda não...",Indicação nº 270/2025
269,2025,22/10/2025,Encaminhado,Adriano de Marcos Lopes (Autor),"Indico ao Excelentíssimo Senhor Prefeito Municipal, que estude junto ao setor competente da administração, a possibilidade de realizar o conserto ou a reconstrução da ponte localizada no Bairro Taquaruçu, na estrada conhecida como ""do Sérgio Rocato"". A intervenção é solicitada com urgência, pois, segundo relatos, a estrutura encontra-se...",Indicação nº 269/2025
268,2025,22/10/2025,Encaminhado,"Adriano de Marcos Lopes (Autor), Anderson Marcos Viana (Autor), Teresinha de Lourdes Freitas Regodanso (Autor)","Indico ao Excelentíssimo Senhor Prefeito Municipal, que estude junto ao setor competente da administração, a possibilidade de melhorar a iluminação pública nas proximidades da árvore de grande porte localizada na entrada do Estádio Municipal Raphael Capelli. A solicitação se justifica pois, durante os jogos e eventos noturnos, o local...",Indicação nº 268/2025
267,2025,21/10/2025,Encaminhado,Anderson Marcos Viana (Autor),"Indico ao Excelentíssimo Senhor Prefeito Municipal, que estude junto ao setor competente da administração, a possibilidade de instalar novas lixeiras de grande capacidade nas principais vias comerciais do município. Sugere-se a utilização de modelos similares aos implantados pela empresa M.C.O. na Praça Central Álvaro de Oliveira...",Indicação nº 267/2025
266,2025,21/10/2025,Encaminhado,Anderson Marcos Viana (Autor),"Indico ao Excelentíssimo Senhor Prefeito Municipal, que estude junto ao setor competente da administração, a possibilidade de utilizar o Índice Nacional de Preços ao Consumidor (INPC) como teto para o reajuste anual do Imposto Predial e Territorial Urbano (IPTU) e da tarifa de água. A proposta é que o aumento aplicado seja igual ou...",Indicação nº 266/2025
265,2025,16/10/2025,Encaminhado,"Teresinha de Lourdes Freitas Regodanso (Autor), Adriano de Marcos Lopes (Autor), Anderson Marcos Viana (Autor)","Indicamos ao Excelentíssimo Senhor Prefeito Municipal, que estude junto ao setor competente da administração, a possibilidade de providenciar a instalação de uma foto da Professora Shigueko Oto Iwaki na entrada da escola municipal que leva seu nome. A medida visa prestar a devida homenagem à educadora, corrigindo o fato de esta ser,...",Indicação nº 265/2025
264,2025,16/10/2025,Encaminhado,"Samir Edson Tino (Autor), Bruno Herreira (Autor)","Indicamos ao Excelentíssimo Senhor Prefeito Municipal, que estude junto ao setor competente da administração, a possibilidade de instalar um redutor de velocidade (lombada) na Rua General Osório, especificamente no cruzamento com a Rua Porto Alegre. A medida visa garantir a segurança de pedestres e moradores, pois, segundo relatos, os...",Indicação nº 264/2025
263,2025,16/10/2025,Encaminhado,"Samir Edson Tino (Autor), Bruno Herreira (Autor)","Indicamos ao Excelentíssimo Senhor Prefeito Municipal, que estude junto ao setor competente da administração, a possibilidade de realizar um projeto de infraestrutura abrangente na Rua Santa Fé. A intervenção é necessária para solucionar questões críticas de saneamento básico, incluindo a adequação da rede para receber corretamente o...",Indicação nº 263/2025
262,2025,16/10/2025,Encaminhado,"Samir Edson Tino (Autor), Bruno Herreira (Autor)","Indicamos ao Excelentíssimo Senhor Prefeito Municipal, que estude junto ao setor competente da administração, a possibilidade de realizar a manutenção da ponte de madeira localizada na Rua 5, no Bairro Taquaruçu, próximo à Chácara do Sr. Olivier. A solicitação atende a pedidos de usuários da via, pois, conforme relatado, as madeiras que...",Indicação nº 262/2025
261,2025,16/10/2025,Encaminhado,Renato Vieira de Brito (Autor),"Indico ao Excelentíssimo Senhor Prefeito Municipal, que estude junto ao setor competente da administração, a possibilidade de realizar a instalação de iluminação pública nas áreas verdes dos Bairros Campo Belo e Jardim Catuna. Conforme relatado, a área verde do Campo Belo, por exemplo, possui iluminação restrita apenas ao redor do...",Indicação nº 261/2025
260,2025,13/10/2025,Encaminhado,Anderson Marcos Viana (Autor),"Indico ao Excelentíssimo Senhor Prefeito Municipal, que estude junto ao setor competente da administração, a possibilidade de realizar um projeto de melhorias na infraestrutura e iluminação da Rua Fayez Zogheib. O projeto deve contemplar a construção de uma canaleta em esquina crítica da via, para solucionar o problema de água empoçada...",Indicação nº 260/2025
259,2025,07/10/2025,Encaminhado,Teresinha de Lourdes Freitas Regodanso (Autor),"Indico ao Excelentíssimo Senhor Prefeito Municipal, que estude junto ao setor competente da administração, a possibilidade de instalação de redutor de velocidade na Rua Manaus. A solicitação atende a pedidos de moradores preocupados com o tráfego de veículos em alta velocidade na via, o que gera risco à segurança de pedestres e...",Indicação nº 259/2025
258,2025,07/10/2025,Encaminhado,Reinaldo Codognato (Autor),"Indico ao Excelentíssimo Senhor Prefeito Municipal, que estude junto ao setor competente da administração, a possibilidade de modernizar o sistema de identificação do transporte escolar através da criação de uma ""carteirinha de estudante digital"". Considerando o avanço tecnológico, a medida visa facilitar a vida dos estudantes que...",Indicação nº 258/2025
257,2025,07/10/2025,Encaminhado,Anderson Marcos Viana (Autor),"Indico ao Excelentíssimo Senhor Prefeito Municipal, que estude junto ao setor competente da administração, a possibilidade de realizar um projeto de melhoria e segurança na Rua Chile, via principal de acesso ao Bairro Residencial das Américas. O projeto deve contemplar a construção de uma calçada na entrada do bairro, visto que a sua...",Indicação nº 257/2025
256,2025,07/10/2025,Encaminhado,Anderson Marcos Viana (Autor),"Indico ao Excelentíssimo Senhor Prefeito Municipal, que estude junto ao setor competente da administração, a possibilidade de realizar o repasse integral do incentivo financeiro adicional aos Agentes Comunitários de Saúde. A medida atende a uma antiga e justa reivindicação da categoria, que argumenta que o recurso já lhes pertence por...",Indicação nº 256/2025
255,2025,01/10/2025,Encaminhado,Anderson Marcos Viana (Autor),"Indico ao Excelentíssimo Senhor Prefeito Municipal, que estude junto ao setor competente da administração, em conjunto com a Comissão Organizadora da Aceruva, a possibilidade de realizar a revisão das regras sobre a entrada de bebidas no recinto do evento. A presente indicação é motivada pela preocupação com práticas que possam ser...",Indicação nº 255/2025
254,2025,01/10/2025,Encaminhado,Anderson Marcos Viana (Autor),"Indico ao Excelentíssimo Senhor Prefeito Municipal, que estude junto ao setor competente da administração, a possibilidade de flexibilizar o horário de trabalho dos servidores municipais que exercem suas funções ao ar livre e expostos ao sol. A solicitação se faz urgente em razão das altas temperaturas registradas, que colocam em risco a...",Indicação nº 254/2025
253,2025,01/10/2025,Encaminhado,Bruno Herreira (Autor),"Indico ao Excelentíssimo Senhor Prefeito Municipal, que estude junto ao setor competente da administração, a possibilidade de construir um poço artesiano para atender aos bairros localizados na região conhecida como ""após a linha"", sobretudo nas proximidades da Cooperativa Agrícola de Junqueirópolis (COOPAJ). A medida visa solucionar...",Indicação nº 253/2025
252,2025,01/10/2025,Encaminhado,Reinaldo Codognato (Autor),"Indico ao Excelentíssimo Senhor Prefeito Municipal, que estude junto ao setor competente da administração, a possibilidade de realizar um serviço de limpeza e desobstrução de todas as bocas de lobo do Bairro Jardim Alvorada, estendendo o serviço aos demais bairros do município conforme a necessidade. A medida atende a reclamações de...",Indicação nº 252/2025
251,2025,30/09/2025,Encaminhado,Reinaldo Codognato (Autor),"Indico ao Excelentíssimo Senhor Prefeito Municipal, que estude junto ao setor competente da administração, a possibilidade de realizar a construção de canaletas para o correto escoamento de água em dois pontos distintos do município: o primeiro, na esquina da Avenida Junqueira com a Rua Professora Célia de Marcos, onde o constante...",Indicação nº 251/2025
250,2025,30/09/2025,Encaminhado,Edvaldo Aparecido Carvalho (Autor),"Indico ao Excelentíssimo Senhor Prefeito Municipal, que estude junto ao setor competente da administração, as possibilidades de instalar um redutor de velocidade (lombada) na Rua Sebastiana de Oliveira, no trecho compreendido entre as ruas São Salvador e Belo Horizonte. A medida atende a uma reivindicação dos moradores locais, que...",Indicação nº 250/2025
249,2025,29/09/2025,Encaminhado,"Adriano de Marcos Lopes (Autor), Anderson Marcos Viana (Autor), Teresinha de Lourdes Freitas Regodanso (Autor)","Indicamos ao Excelentíssimo Senhor Prefeito Municipal, que estude junto ao setor competente da administração, as possibilidades de instalar redutores de velocidade, como lombadas ou lombofaixas, em dois pontos estratégicos do município. O primeiro ponto é nas proximidades do Complexo Esportivo Joaquina Porto Clemente, local de grande...",Indicação nº 249/2025
248,2025,29/09/2025,Encaminhado,"Adriano de Marcos Lopes (Autor), Anderson Marcos Viana (Autor), Teresinha de Lourdes Freitas Regodanso (Autor)","Indicamos ao Excelentíssimo Senhor Prefeito Municipal, que estude junto ao setor competente da administração, as possibilidades de realizar melhorias no entorno do Centro de Fisioterapia Municipal, incluindo a poda das árvores localizadas no trecho que se estende do centro de fisioterapia até a sede da Associação de Ministros Evangélicos...",Indicação nº 248/2025
247,2025,25/09/2025,Encaminhado,Anderson Marcos Viana (Autor),"Indico ao Excelentíssimo Senhor Prefeito Municipal, que estude junto ao setor competente da administração, as possibilidades de dar continuidade ao projeto de instalação de um novo playground na área localizada em frente ao Estádio Municipal Raphael Capelli. A solicitação atende a um anseio dos moradores do bairro e adjacências, que...",Indicação nº 247/2025
246,2025,25/09/2025,Encaminhado,Anderson Marcos Viana (Autor),"Indico ao Excelentíssimo Senhor Prefeito Municipal, que estude junto ao setor competente da administração, as possibilidades de realizar, com urgência, a substituição de todas as poltronas do Pronto Socorro Municipal.  A medida é crucial, pois as poltronas atuais, com mais de seis anos de uso, encontram-se em avançado estado de...",Indicação nº 246/2025
245,2025,22/09/2025,Encaminhado,Reinaldo Codognato (Autor),"Indico ao Excelentíssimo Senhor Prefeito Municipal, que estude junto ao setor competente da administração, as possibilidades de realizar um projeto de reestruturação voltado à recuperação da memória histórica e cultural do Bairro Vila São João, dando a devida importância aos prédios antigos que ainda se encontram em estado razoável de...",Indicação nº 245/2025
244,2025,22/09/2025,Encaminhado,Reinaldo Codognato (Autor),"Indico ao Excelentíssimo Senhor Prefeito Municipal, que estude junto ao setor competente da administração, as possibilidades de reservar, no mínimo, 10% (dez por cento) das vagas de estágio oferecidas anualmente pela Prefeitura para estudantes que estejam regularmente matriculados no ensino médio. A proposta busca garantir que as...",Indicação nº 244/2025
243,2025,22/09/2025,Encaminhado,"Adriano de Marcos Lopes (Autor), Anderson Marcos Viana (Autor), Teresinha de Lourdes Freitas Regodanso (Autor)","Indicamos ao Excelentíssimo Senhor Prefeito Municipal, que estude junto ao setor competente da administração, as possibilidades de melhorar o sistema para pedidos de conserto das lâmpadas de LED. A proposta é que, ao fazer a solicitação, o morador receba na hora um número de protocolo para poder acompanhar o andamento do serviço. Isso...",Indicação nº 243/2025
242,2025,18/09/2025,Encaminhado,Renato Vieira de Brito (Autor),"Indico ao Excelentíssimo Senhor Prefeito Municipal, que estude junto ao setor competente da administração, as possibilidades de fornecer rádios comunicadores aos funcionários das equipes da Saúde e Obras, visando melhorar a comunicação inclusive em locais onde não há sinal de celular, garantindo mais eficiência e agilidade nos serviços...",Indicação nº 242/2025
241,2025,18/09/2025,Encaminhado,Elizeu Adriano (Autor),"Indico ao Excelentíssimo Senhor Prefeito Municipal, que estude junto ao setor competente da administração, as possibilidades de realizar o recapeamento da Rua Professora Maria Eugênia Regazolli, no trecho entre a Rua Victor Camargo Bodini e a Rua Akira Katayama, bem como o recapeamento da Rua Vereador Gelson José da Silva.",Indicação nº 241/2025
240,2025,18/09/2025,Encaminhado,Elizeu Adriano (Autor),"Indico ao Excelentíssimo Senhor Prefeito Municipal, que estude junto ao setor competente da administração, as possibilidades de instalar uma lixeira na praça localizada em frente ao Pesqueiro Berrocozo. Atualmente não há recipiente adequado para descarte de resíduos no local, o que tem gerado acúmulo de lixo no chão.",Indicação nº 240/2025
239,2025,17/09/2025,Encaminhado,Edvaldo Aparecido Carvalho (Autor),"Indico ao Excelentíssimo Senhor Prefeito Municipal, que estude junto ao setor competente da administração, as possibilidades de instalar dois bancos do lado de fora da Santa Casa de Misericórdia, para que os familiares dos pacientes possam aguardar com mais conforto. A medida também ajudaria a evitar aglomeração na área interna da...",Indicação nº 239/2025
238,2025,17/09/2025,Encaminhado,Bruno Herreira (Autor),"Indico ao Excelentíssimo Senhor Prefeito Municipal, que estude junto ao setor competente da administração, as possibilidades de, junto ao pagamento do décimo terceiro salário dos servidores, realizar também o pagamento do tíquete alimentação, como forma de valorização e apoio financeiro aos trabalhadores municipais.",Indicação nº 238/2025
237,2025,16/09/2025,Encaminhado,"Teresinha de Lourdes Freitas Regodanso (Autor), Adriano de Marcos Lopes (Autor), Anderson Marcos Viana (Autor)","Indicamos ao Excelentíssimo Senhor Prefeito Municipal, que estude junto ao setor competente da administração, as possibilidades de construir banheiros na parte externa do Centro de Convivência do Idoso (CCI), para uso durante grandes eventos. Esses banheiros poderão permanecer fechados no dia a dia, sendo utilizados apenas em ocasiões de...",Indicação nº 237/2025
236,2025,15/09/2025,Encaminhado,Anderson Marcos Viana (Autor),"Indico ao Excelentíssimo Senhor Prefeito Municipal, que estude junto ao setor competente da administração, as possibilidades de instalar um temporizador na iluminação do vestiário do campo do Bairro Vila Beatriz, programado para desligar às 23h. A solicitação atende às reivindicações de moradores próximos, que relatam incômodos com...",Indicação nº 236/2025
235,2025,15/09/2025,Encaminhado,Anderson Marcos Viana (Autor),"Indico ao Excelentíssimo Senhor Prefeito Municipal, que estude junto ao setor competente da administração, as possibilidades de instalar uma academia ao ar livre acompanhada de uma pequena praça no Bairro Vila São João. Trata-se de um bairro mais afastado do centro, que merece esse tipo de investimento em lazer e bem-estar para os...",Indicação nº 235/2025
234,2025,15/09/2025,Encaminhado,Reinaldo Codognato (Autor),"Indico ao Excelentíssimo Senhor Prefeito Municipal, que estude junto ao setor competente da administração, as possibilidades de realizar um estudo técnico para sanar questões ambientais e estruturais relacionadas ao buraco de grande proporção que vem se formando às margens da Avenida João Furini, na altura do final da Rua Paraná, nos...",Indicação nº 234/2025
233,2025,15/09/2025,Encaminhado,"Reinaldo Codognato (Autor), Bruno Herreira (Autor), Edvaldo Aparecido Carvalho (Autor), Elizeu Adriano (Autor), Renato Vieira de Brito (Autor), Samir Edson Tino (Autor)","Indicamos ao Excelentíssimo Senhor Prefeito Municipal, que estude junto ao setor competente da administração, as possibilidades de implementar medidas que proporcionem mais segurança viária aos pedestres do Bairro Pioneiros. As ruas da região são estreitas, e há a necessidade de garantir maior conforto e proteção aos moradores e...",Indicação nº 233/2025
232,2025,15/09/2025,Encaminhado,Reinaldo Codognato (Autor),"Indico ao Excelentíssimo Senhor Prefeito Municipal, que estude junto ao setor competente da administração, as possibilidades de instalar lixeiras em frente ao Complexo da Saúde. A ausência de recipientes adequados para descarte tem feito com que moradores e frequentadores depositem lixo diretamente na calçada, causando transtornos tanto...",Indicação nº 232/2025
231,2025,11/09/2025,Encaminhado,Edvaldo Aparecido Carvalho (Autor),"Indico ao Excelentíssimo Senhor Prefeito Municipal, que estude junto ao setor competente da administração, as possibilidades de realizar o recapeamento da Avenida Campos Salles, no trecho compreendido entre a Avenida 7 de Setembro e a Rua São Salvador, a fim de garantir melhores condições de tráfego e segurança para os usuários da via. O...",Indicação nº 231/2025
230,2025,10/09/2025,Encaminhado,Anderson Marcos Viana (Autor),"Indico ao Excelentíssimo Senhor Prefeito Municipal, que estude junto ao setor competente da administração, as possibilidades de realizar a manutenção das estradas rurais que ligam Junqueirópolis aos municípios de Dracena e Irapuru. Os trechos têm sido alvo de diversas reclamações por parte dos munícipes, em razão das ondulações...",Indicação nº 230/2025
229,2025,10/09/2025,Encaminhado,Reinaldo Codognato (Autor),"Indico ao Excelentíssimo Senhor Prefeito Municipal, que estude junto ao setor competente da administração, as possibilidades de prestar uma homenagem ao saudoso Paulo Dias Fuzinato, figura de destaque na história política de Junqueirópolis, que contribuiu significativamente para o desenvolvimento do município, especialmente na área do...",Indicação nº 229/2025
228,2025,10/09/2025,Encaminhado,Reinaldo Codognato (Autor),"Indico ao Excelentíssimo Senhor Prefeito Municipal, que estude junto ao setor competente da administração, as possibilidades de prestar uma homenagem ao saudoso Guilherme Sacchi de Andrade Santos, jovem que sempre demonstrou grande atuação e dedicação ao setor esportivo do município, deixando um legado de incentivo ao esporte e à...",Indicação nº 228/2025
227,2025,10/09/2025,Encaminhado,Reinaldo Codognato (Autor),"Indico ao Excelentíssimo Senhor Prefeito Municipal, que estude junto ao setor competente da administração, as possibilidades de realizar um estudo técnico para sanar questões ambientais e estruturais relacionadas ao buraco de grande proporção que vem se formando às margens da Avenida João Furini, na altura do final da Rua Paraná, nos...",Indicação nº 227/2025
226,2025,04/09/2025,Encaminhado,"Bruno Herreira (Autor), Elizeu Adriano (Autor), Samir Edson Tino (Autor)","Indico ao Excelentíssimo Senhor Prefeito Municipal, complementando a Indicação nº 141/2025, que estude junto ao setor competente da administração, as possibilidades de, além do parcelamento dos tributos municipais vencidos, incluir também a concessão de anistia de multa e juros aos contribuintes inadimplentes. A medida visa facilitar...",Indicação nº 226/2025
225,2025,04/09/2025,Encaminhado,Anderson Marcos Viana (Autor),"Indico ao Excelentíssimo Senhor Prefeito Municipal, que estude junto ao setor competente da administração, as possibilidades de tomar providências quanto à falta de vagas nas Escolas Municipais de Educação Infantil (EMEI), especialmente para atender as mães que retornam ao trabalho após o término da licença-maternidade. Diversos...",Indicação nº 225/2025
224,2025,04/09/2025,Encaminhado,"Anderson Marcos Viana (Autor), Adriano de Marcos Lopes (Autor), Teresinha de Lourdes Freitas Regodanso (Autor)","Indico ao Excelentíssimo Senhor Prefeito Municipal, que estude junto ao setor competente da administração, as possibilidades de aumentar a altura do alambrado existente nos fundos do campinho do Alto do Cene, tendo em vista que as bolas frequentemente ultrapassam a estrutura e caem no comércio do pesqueiro ao lado, causando prejuízos...",Indicação nº 224/2025
223,2025,03/09/2025,Encaminhado,Reinaldo Codognato (Autor),"Indico ao Excelentíssimo Senhor Prefeito Municipal, que estude junto ao setor competente da administração, as possibilidades de realizar a arborização da praça do Residencial das Américas, bem como das demais praças do município que ainda carecem de sombreamento. A medida visa melhorar o conforto térmico dos frequentadores, valorizar os...",Indicação nº 223/2025
222,2025,03/09/2025,Encaminhado,Reinaldo Codognato (Autor),"Indico ao Excelentíssimo Senhor Prefeito Municipal, que estude junto ao setor competente da administração, as possibilidades de implantar placas de identificação nas ruas do município, especialmente nos locais onde ainda não há sinalização. A ausência dessas placas tem causado transtornos para entregadores, prestadores de serviços e...",Indicação nº 222/2025
221,2025,03/09/2025,Encaminhado,Reinaldo Codognato (Autor),"Indico ao Excelentíssimo Senhor Prefeito Municipal, que estude junto ao setor competente da administração, as possibilidades de colocar piso nas mesas da Praça Central Álvaro de Oliveira Junqueira e na área da bocha localizada ao lado do Ginásio de Esportes Cícero Gomes. Atualmente, as mesas estão com a tinta se soltando devido à...",Indicação nº 221/2025
220,2025,03/09/2025,Encaminhado,"Anderson Marcos Viana (Autor), Adriano de Marcos Lopes (Autor), Teresinha de Lourdes Freitas Regodanso (Autor)","Indicamos ao Excelentíssimo Senhor Prefeito Municipal, que estude junto ao setor competente da administração, as possibilidades de realizar a substituição do nome de uma das vias denominadas “Rua das Palmeiras”, tendo em vista que há pelo menos três ruas com esse mesmo nome em diferentes pontos da cidade. A duplicidade tem gerado...",Indicação nº 220/2025
219,2025,03/09/2025,Encaminhado,"Teresinha de Lourdes Freitas Regodanso (Autor), Adriano de Marcos Lopes (Autor), Anderson Marcos Viana (Autor)","Indico ao Excelentíssimo Senhor Prefeito Municipal, que estude junto ao setor competente da administração, as possibilidades de providenciar a colocação de placa de identificação ou pintura na fachada do prédio do Centro de Convivência do Idoso (CCI), com a denominação oficial “Anna Brandt Fernandes de Souza”, conforme disposto na Lei...",Indicação nº 219/2025
218,2025,02/09/2025,Encaminhado,Edvaldo Aparecido Carvalho (Autor),"Indico ao Excelentíssimo Senhor Prefeito Municipal, que estude junto ao setor competente da administração, as possibilidades de implantar um redutor de velocidade na Rua José Bonifácio, nas proximidades do cruzamento com a Rua Recife e do Asilo. O local está ao final de uma descida onde os veículos trafegam em alta velocidade, oferecendo...",Indicação nº 218/2025
217,2025,28/08/2025,Encaminhado,Reinaldo Codognato (Autor),"Indico ao Excelentíssimo Senhor Prefeito Municipal, que estude junto ao setor competente da administração, as possibilidades de intensificar os cuidados com a arborização da Praça do Centenário, especialmente quanto ao combate de parasitas que vêm comprometendo a flora local. Solicita-se também a instalação de um relógio no local,...",Indicação nº 217/2025
216,2025,27/08/2025,Encaminhado,"Teresinha de Lourdes Freitas Regodanso (Autor), Anderson Marcos Viana (Autor), Adriano de Marcos Lopes (Autor)","Indicamos ao Excelentíssimo Senhor Prefeito Municipal, que estude junto ao setor competente da administração, as possibilidades de realizar o recapeamento da Rua Akira Katayama, no trecho compreendido entre a Rua Professora Maria Eugênia Regazolli e a Rua Sebastião Rosa dos Santos, no Bairro Frei Galvão. A melhoria é necessária para...",Indicação nº 216/2025
215,2025,27/08/2025,Encaminhado,Reinaldo Codognato (Autor),"Indico ao Excelentíssimo Senhor Prefeito Municipal, que estude junto ao setor competente da administração, as possibilidades de realizar a aplicação de fumacê no Bairro Jardim Campo Belo, bem como em outros bairros do município onde houver necessidade, diante do aumento significativo da presença de mosquitos. A medida visa combater a...",Indicação nº 215/2025
214,2025,26/08/2025,Encaminhado,Bruno Herreira (Autor),"Indico ao Excelentíssimo Senhor Prefeito Municipal, que estude junto ao setor competente da administração, as possibilidades de realizar o recapeamento da Rua das Perdizes, bem como a construção de uma valeta para o escoamento adequado da água, na altura da Avenida Bandeirantes. A medida visa melhorar as condições de tráfego e prevenir o...",Indicação nº 214/2025
213,2025,26/08/2025,Encaminhado,Bruno Herreira (Autor),"Indico ao Excelentíssimo Senhor Prefeito Municipal, que estude junto ao setor competente da administração, as possibilidades de instalar um playground na Praça Central Álvaro de Oliveira Junqueira. O local já é bastante frequentado por famílias, especialmente no período da noite, e a criação de um espaço voltado às crianças contribuiria...",Indicação nº 213/2025
212,2025,25/08/2025,Encaminhado,"Anderson Marcos Viana (Autor), Adriano de Marcos Lopes (Autor), Teresinha de Lourdes Freitas Regodanso (Autor)","Indicamos ao Excelentíssimo Senhor Prefeito Municipal, que estude junto ao setor competente da administração, as possibilidades de viabilizar, junto à Santa Casa de Junqueirópolis e aos planos de saúde como IAMSPE, Unimed e outros da região, a implantação de atendimentos conveniados no município. A medida tem como objetivo fazer com...",Indicação nº 212/2025
211,2025,25/08/2025,Encaminhado,Anderson Marcos Viana (Autor),"Indico ao Excelentíssimo Senhor Prefeito Municipal, que estude junto ao setor competente da administração, as possibilidades de desapropriar o prédio da antiga Faculdade de Junqueirópolis, localizado na entrada da cidade, para que o espaço seja destinado à instalação de uma nova escola. A medida tem como objetivo auxiliar na...",Indicação nº 211/2025
210,2025,25/08/2025,Encaminhado,Edvaldo Aparecido Carvalho (Autor),"Indico ao Excelentíssimo Senhor Prefeito Municipal, que estude junto ao setor competente da administração, as possibilidades de implantar uma lombo faixa elevada em frente à unidade Estratégia de Saúde da Família (ESF) 6, localizada na Avenida Latina. A via possui intenso fluxo de veículos, o que dificulta a travessia de pedestres,...",Indicação nº 210/2025
209,2025,20/08/2025,Encaminhado,"Adriano de Marcos Lopes (Autor), Anderson Marcos Viana (Autor), Teresinha de Lourdes Freitas Regodanso (Autor)","Indicamos ao Excelentíssimo Senhor Prefeito Municipal, que estude junto ao setor competente da administração, as possibilidades de cobrar providências da empresa responsável pela manutenção da iluminação pública, para que seja retomada a substituição das lâmpadas convencionais por lâmpadas de LED no Bairro Figueira. Trata-se de um dos...",Indicação nº 209/2025
208,2025,20/08/2025,Encaminhado,Anderson Marcos Viana (Autor),"Indico ao Excelentíssimo Senhor Prefeito Municipal, que estude junto ao setor competente da administração, as possibilidades de efetivar o cumprimento da Lei Municipal nº 2.403, de 04 de junho de 2007, que institui o Projeto “Uma Criança, Uma Árvore”, de autoria do ex-vereador Miguel do Sindicato. A referida lei está em vigor há vários...",Indicação nº 208/2025
207,2025,19/08/2025,Encaminhado,"Reinaldo Codognato (Autor), Bruno Herreira (Autor), Edvaldo Aparecido Carvalho (Autor), Elizeu Adriano (Autor), Renato Vieira de Brito (Autor), Samir Edson Tino (Autor)","Indicamos ao Excelentíssimo Senhor Prefeito Municipal, que estude junto ao setor competente da administração, as possibilidades de instalar um quebra-molas no cruzamento da Avenida Junqueira com a Rua São Vicente de Paula. Os veículos têm trafegado em alta velocidade nesse trecho, oferecendo riscos à segurança dos pedestres que circulam...",Indicação nº 207/2025
206,2025,19/08/2025,Encaminhado,"Reinaldo Codognato (Autor), Bruno Herreira (Autor), Edvaldo Aparecido Carvalho (Autor), Elizeu Adriano (Autor), Renato Vieira de Brito (Autor), Samir Edson Tino (Autor)","Indicamos ao Excelentíssimo Senhor Prefeito Municipal, que estude junto ao setor competente da administração, as possibilidades de destinar um veículo exclusivo para a realização de altas médicas de pacientes do Pronto-Socorro ou de demais unidades de saúde, evitando que o veículo dos bombeiros seja utilizado para essa finalidade. A...",Indicação nº 206/2025
205,2025,19/08/2025,Encaminhado,"Reinaldo Codognato (Autor), Bruno Herreira (Autor), Edvaldo Aparecido Carvalho (Autor), Elizeu Adriano (Autor), Renato Vieira de Brito (Autor), Samir Edson Tino (Autor)","Indico ao Excelentíssimo Senhor Prefeito Municipal, que estude junto ao setor competente da administração, as possibilidades de instalar tachas refletivas (sinalização viária horizontal com dispositivos refletivos) nas estradas municipais JQLs que dão acesso à Usina Bunge, antiga Viterra. A medida visa melhorar a visibilidade noturna e a...",Indicação nº 205/2025
204,2025,18/08/2025,Encaminhado,Edvaldo Aparecido Carvalho (Autor),"Indico ao Excelentíssimo Senhor Prefeito Municipal, que estude junto ao setor competente da administração, as possibilidades de readequar a lombo faixa existente na Rua Rio de Janeiro, ao lado da academia ao ar livre Clóvis de Oliveira. A estrutura atual encontra-se com altura excessiva, o que tem causado danos a veículos que passam pelo...",Indicação nº 204/2025
203,2025,14/08/2025,Encaminhado,"Anderson Marcos Viana (Autor), Adriano de Marcos Lopes (Autor), Bruno Herreira (Autor), Teresinha de Lourdes Freitas Regodanso (Autor)","Indicamos ao Excelentíssimo Senhor Prefeito Municipal, que estude junto ao setor competente da administração, as possibilidades de instalar placas de identificação das ruas no Loteamento Jardim Bella Vista, a fim de facilitar a localização por parte dos moradores, visitantes, serviços de entrega e de emergência.",Indicação nº 203/2025
202,2025,12/08/2025,Encaminhado,Anderson Marcos Viana (Autor),"Indico ao Excelentíssimo Senhor Prefeito Municipal, que estude junto ao setor competente da administração, as possibilidades de realizar manutenção na estrada municipal JQL-030. Alguns trechos necessitam de reparos e nivelamento com o uso de rolo compactador. Além disso, é necessário dar atenção a determinados pontos onde a enxurrada...",Indicação nº 202/2025
201,2025,11/08/2025,Encaminhado,Edvaldo Aparecido Carvalho (Autor),"Indico ao Excelentíssimo Senhor Prefeito Municipal, que estude junto ao setor competente da administração, as possibilidades de realizar manutenção preventiva na estrada municipal JQL-010, que liga Junqueirópolis a Dracena, com foco na retirada de bancas de areião que estão dificultando o tráfego de veículos, especialmente motocicletas....",Indicação nº 201/2025
200,2025,11/08/2025,Encaminhado,Reinaldo Codognato (Autor),"Indico ao Excelentíssimo Senhor Prefeito Municipal, que estude junto ao setor competente da administração, as possibilidades de solucionar parcialmente ou totalmente a erosão formada aos fundos da Rua Alberto Nucci, área rural do Bairro Vila Santa Ruth. Tal indicação se justifica em razão dos vários pedidos feitos por parte da população,...",Indicação nº 200/2025
199,2025,11/08/2025,Encaminhado,Reinaldo Codognato (Autor),"Indico ao Excelentíssimo Senhor Prefeito Municipal, que estude junto ao setor competente da administração, as possibilidades de instalar dispositivos para redução de velocidade na Rua Constantino Marcolino de Souza, no trecho compreendido entre a Avenida Geraldo Fudo e a Avenida João Furini, tendo em vista os constantes relatos de...",Indicação nº 199/2025
198,2025,07/08/2025,Encaminhado,"Adriano de Marcos Lopes (Autor), Anderson Marcos Viana (Autor), Teresinha de Lourdes Freitas Regodanso (Autor)","Indicamos ao Excelentíssimo Senhor Prefeito Municipal, que estude junto ao setor competente da administração, as possibilidades de readequar o estacionamento existente na Avenida Bandeirantes, no trecho entre a Rua Rui Barbosa e a Rua Quinzinho da Cunha. A sugestão inclui a criação de vaga de parada rápida e melhorias na área destinada...",Indicação nº 198/2025
197,2025,07/08/2025,Encaminhado,Reinaldo Codognato (Autor),"Indico ao Excelentíssimo Senhor Prefeito Municipal, que estude junto ao setor competente da administração, as possibilidades de tomar as providências necessárias para regularizar a situação documental dos distritos industriais do município, incluindo a entrega das respectivas escrituras aos empresários instalados nesses locais. A...",Indicação nº 197/2025
196,2025,07/08/2025,Encaminhado,"Anderson Marcos Viana (Autor), Adriano de Marcos Lopes (Autor), Teresinha de Lourdes Freitas Regodanso (Autor)","Indicamos ao Excelentíssimo Senhor Prefeito Municipal, que estude junto ao setor competente da administração, as possibilidades de incluir o curso de Licenciatura em Biologia no programa de estágios da Prefeitura Municipal, especialmente para atuação nas escolas da rede pública. A solicitação parte dos próprios estudantes do curso,...",Indicação nº 196/2025
195,2025,07/08/2025,Encaminhado,"Anderson Marcos Viana (Autor), Adriano de Marcos Lopes (Autor), Teresinha de Lourdes Freitas Regodanso (Autor)","Indicamos ao Excelentíssimo Senhor Prefeito Municipal, que estude junto ao setor competente da administração, as possibilidades de destinar um funcionário fixo para realizar a limpeza e manutenção regular do Parque Ecológico. O local tem apresentado acúmulo constante de sujeira, o que gera transtornos tanto para os moradores das...",Indicação nº 195/2025
194,2025,07/08/2025,Encaminhado,Anderson Marcos Viana (Autor),"Indico ao Excelentíssimo Senhor Prefeito Municipal, que estude junto ao setor competente da administração, as possibilidades de realizar a limpeza da extensão da Rua Zenzo Sato, no Bairro Jardim Condi, atendendo às reivindicações dos moradores da região. O objetivo é permitir que os veículos possam trafegar com mais segurança e fluidez...",Indicação nº 194/2025
193,2025,07/08/2025,Encaminhado,"Anderson Marcos Viana (Autor), Adriano de Marcos Lopes (Autor), Teresinha de Lourdes Freitas Regodanso (Autor)","Indicamos ao Excelentíssimo Senhor Prefeito Municipal, que estude junto ao setor competente da administração, as possibilidades de realizar um levantamento detalhado sobre possíveis erros na leitura e cobrança do consumo de água no município. Há relatos de contas com valores elevados, inclusive em imóveis com pouco ou nenhum uso, o que...",Indicação nº 193/2025
191,2025,04/08/2025,Encaminhado,Bruno Herreira (Autor),"Indico ao Excelentíssimo Senhor Prefeito Municipal, que estude junto ao setor competente da administração, as possibilidades de reavaliar o percentual atualmente pago a título de insalubridade aos servidores municipais da área da saúde, que hoje gira em torno de 20% (vinte por cento). A proposta visa valorizar o trabalho desses...",Indicação nº 191/2025
190,2025,04/08/2025,Encaminhado,Edvaldo Aparecido Carvalho (Autor),"Indico ao Excelentíssimo Senhor Prefeito Municipal, que estude junto ao setor competente da administração, as possibilidades de implementar melhorias na iluminação da Praça Álvaro de Oliveira Junqueira. Trata-se de um local bastante frequentado pela população, especialmente à noite, por jovens e famílias que utilizam o espaço como ponto...",Indicação nº 190/2025
189,2025,31/07/2025,Encaminhado,Bruno Herreira (Autor),"Indico ao Excelentíssimo Senhor Prefeito Municipal, que estude junto ao setor competente da administração, as possibilidades de designar mais um fisioterapeuta para atuar no Centro de Fisioterapia Municipal, a fim de ampliar a capacidade de atendimento.",Indicação nº 189/2025
188,2025,30/07/2025,Encaminhado,Anderson Marcos Viana (Autor),"Indico ao Excelentíssimo Senhor Prefeito Municipal, que estude junto ao setor competente da administração, as possibilidades de cobrar providências da empresa responsável pela manutenção da iluminação pública, para que seja retomada a substituição das lâmpadas convencionais por lâmpadas de LED. O serviço está paralisado há meses, e a...",Indicação nº 188/2025
187,2025,30/07/2025,Encaminhado,Renato Vieira de Brito (Autor),"Indico ao Excelentíssimo Senhor Prefeito Municipal, que estude junto ao setor competente da administração, as possibilidades de instalar sinal de Wi-Fi no Bosque Municipal José Joaquim. O local, que está bem cuidado e se tornou um ponto muito frequentado por famílias, especialmente pais com crianças, possui sinal de celular ruim devido à...",Indicação nº 187/2025
186,2025,30/07/2025,Encaminhado,Anderson Marcos Viana (Autor),"Indico ao Excelentíssimo Senhor Prefeito Municipal, que estude junto ao setor competente da administração, as possibilidades de instalar cobertura no Estratégia de Saúde da Família (ESF) III, localizado no Bairro Jardim Esperança, e no Centro de Fisioterapia Municipal, visando oferecer proteção aos usuários, em especial às pessoas...",Indicação nº 186/2025
185,2025,24/07/2025,Encaminhado,Elizeu Adriano (Autor),"Indico ao Excelentíssimo Senhor Prefeito Municipal, que estude junto ao setor competente da administração, as possibilidades de instalar um relógio na parede do Terminal Rodoviário de Junqueirópolis, visando oferecer mais comodidade e praticidade aos usuários e funcionários do local.",Indicação nº 185/2025
184,2025,21/07/2025,Encaminhado,"Teresinha de Lourdes Freitas Regodanso (Autor), Adriano de Marcos Lopes (Autor), Anderson Marcos Viana (Autor)","Indicamos ao Excelentíssimo Senhor Prefeito Municipal, que estude junto ao setor competente da administração, as possibilidades de realizar a manutenção do túmulo do fundador da cidade, Álvaro de Oliveira Junqueira. A ação contribuirá para a preservação da memória histórica do município e para a valorização do seu patrimônio cultural....",Indicação nº 184/2025
183,2025,18/07/2025,Encaminhado,Bruno Herreira (Autor),"Indico ao Excelentíssimo Senhor Prefeito Municipal que estude junto ao setor competente da administração, as possibilidades de realizar uma pequena reforma na casa de apoio aos munícipes que fazem tratamento na cidade de Jaú. Tal reforma incluiria alguns reparos e melhorias como na pintura do local, a fim de proporcionar um maior...",Indicação nº 183/2025
182,2025,17/07/2025,Encaminhado,Reinaldo Codognato (Autor),"Indico ao Excelentíssimo Senhor Prefeito Municipal que estude junto ao setor competente da administração, as possibilidades de implementar a devida iluminação pública no Rua Primavera, localizada no bairro Recanto dos Eucaliptos. Primeiramente, é importante ressaltar que a iluminação pública desempenha um papel crucial na segurança dos...",Indicação nº 182/2025
181,2025,02/07/2025,Encaminhado,Edvaldo Aparecido Carvalho (Autor),"Indico ao Excelentíssimo Senhor Prefeito Municipal, que estude junto ao setor competente da administração, as possibilidades de implantar mão única de direção na Rua Guerino Val, no sentido da Avenida Geraldo Fudo até a Rua Alegretti. A medida se faz necessária devido ao pouco espaço disponível para o tráfego, o que dificulta a passagem...",Indicação nº 181/2025
180,2025,18/06/2025,Encaminhado,"Adriano de Marcos Lopes (Autor), Anderson Marcos Viana (Autor), Teresinha de Lourdes Freitas Regodanso (Autor)","Indicamos ao Excelentíssimo Senhor Prefeito Municipal, que estude junto ao setor competente da administração, as possibilidades de instalar um redutor de velocidade na Rua Zeca da Cunha, no trecho entre a Rua Victor Junqueira e a Avenida Junqueira. Os condutores que trafegam no sentido da Rua Victor Junqueira em direção à avenida não têm...",Indicação nº 180/2025
179,2025,17/06/2025,Encaminhado,Anderson Marcos Viana (Autor),"Indico ao Excelentíssimo Senhor Prefeito Municipal, que estude junto ao setor competente da administração, as possibilidades de adquirir uma bomba de infusão, um monitor de parâmetros e um respirador para transporte, destinados ao Pronto-Socorro Municipal. A aquisição desses equipamentos é essencial para aprimorar o atendimento de...",Indicação nº 179/2025
178,2025,17/06/2025,Encaminhado,"Reinaldo Codognato (Autor), Bruno Herreira (Autor), Edvaldo Aparecido Carvalho (Autor), Elizeu Adriano (Autor), Renato Vieira de Brito (Autor), Samir Edson Tino (Autor)","Indico ao Excelentíssimo Senhor Prefeito Municipal, que estude junto ao setor competente da administração, as possibilidades de verificar e tomar as providências necessárias quanto às contas de água das residências localizadas na Avenida Sete de Setembro, aproximadamente na altura do nº 1022, em Junqueirópolis, que vêm sendo afetadas por...",Indicação nº 178/2025
177,2025,10/06/2025,Encaminhado,"Anderson Marcos Viana (Autor), Adriano de Marcos Lopes (Autor), Teresinha de Lourdes Freitas Regodanso (Autor)","Indicamos ao Excelentíssimo Senhor Prefeito Municipal, que estude junto ao setor competente da administração, as possibilidades de instituir o título de ""Servidor Destaque do Ano"", com a finalidade de reconhecer e valorizar os servidores públicos municipais que se destacam no desempenho de suas funções, promovendo a eficiência e a...",Indicação nº 177/2025
176,2025,10/06/2025,Encaminhado,Anderson Marcos Viana (Autor),"Indico ao Excelentíssimo Senhor Prefeito Municipal, que estude junto ao setor competente da administração, as possibilidades de adquirir um caminhão limpa-fossa para o município, considerando que atualmente o serviço é terceirizado e gera custos elevados aos cofres públicos. A aquisição do equipamento proporcionaria economia a longo...",Indicação nº 176/2025
175,2025,10/06/2025,Encaminhado,"Anderson Marcos Viana (Autor), Adriano de Marcos Lopes (Autor), Teresinha de Lourdes Freitas Regodanso (Autor)","Indicamos ao Excelentíssimo Senhor Prefeito Municipal, que estude junto ao setor competente da administração, as possibilidades de autorizar, junto à Comissão Organizadora da ACERUVA, a instalação de uma urna ou ponto de arrecadação solidária na entrada da festa, por iniciativa dos próprios vereadores, com o objetivo de arrecadar doações...",Indicação nº 175/2025
174,2025,05/06/2025,Encaminhado,Anderson Marcos Viana (Autor),"Indico ao Excelentíssimo Senhor Prefeito Municipal, que estude junto ao setor competente da administração, as possibilidades de agilizar a conclusão da obra da cozinha da EMEI Criança Feliz. A obra está em andamento desde setembro do ano anterior, restando apenas a instalação da fiação elétrica, com baixo custo estimado para sua...",Indicação nº 174/2025
173,2025,03/06/2025,Encaminhado,"Reinaldo Codognato (Autor), Bruno Herreira (Autor)","Indico ao Excelentíssimo Senhor Prefeito Municipal, que estude junto ao setor competente da administração, as possibilidades de flexibilizar a aplicação de multas aos motoristas de ambulância quando estiverem em atendimento de urgência. A medida visa reconhecer as situações excepcionais enfrentadas durante os atendimentos emergenciais,...",Indicação nº 173/2025
172,2025,03/06/2025,Encaminhado,"Reinaldo Codognato (Autor), Bruno Herreira (Autor), Edvaldo Aparecido Carvalho (Autor), Elizeu Adriano (Autor), Renato Vieira de Brito (Autor), Samir Edson Tino (Autor)","Indico ao Excelentíssimo Senhor Prefeito Municipal, que estude junto ao setor competente da administração, as possibilidades de solicitar ao SENAI o retorno do curso de corte e costura que anteriormente era oferecido na unidade móvel instalada na praça. A retomada desse curso contribuirá para a capacitação profissional e geração de renda...",Indicação nº 172/2025
171,2025,03/06/2025,Encaminhado,"Reinaldo Codognato (Autor), Bruno Herreira (Autor), Edvaldo Aparecido Carvalho (Autor), Elizeu Adriano (Autor), Renato Vieira de Brito (Autor), Samir Edson Tino (Autor)","Indico ao Excelentíssimo Senhor Prefeito Municipal, que estude junto ao setor competente da administração, as possibilidades de construir uma quadra de areia para a prática de vôlei e outros esportes, bem como uma meia quadra de basquete 3x3, na praça do Bairro Cristo Redentor. O local já é bastante frequentado pelos moradores e tem se...",Indicação nº 171/2025
170,2025,29/05/2025,Encaminhado,Bruno Herreira (Autor),"Indico ao Excelentíssimo Senhor Prefeito Municipal, que estude junto ao setor competente da administração, as possibilidades de implantar uma faixa elevada ou lombada na Avenida João Furini, entre o Loteamento Horto dos Seringais e o Bairro Jardim Campo Belo, nas proximidades do ponto de ônibus onde as crianças aguardam o transporte...",Indicação nº 170/2025
169,2025,29/05/2025,Encaminhado,"Adriano de Marcos Lopes (Autor), Anderson Marcos Viana (Autor), Teresinha de Lourdes Freitas Regodanso (Autor)","Indicamos ao Excelentíssimo Senhor Prefeito Municipal, que estude junto ao setor competente da administração, as possibilidades de implementar melhorias na iluminação pública da Avenida Campos Salles, no trecho compreendido entre a Rua Victor Junqueira e a Rua Porto Alegre. O local encontra-se com baixa iluminação, o que tem gerado...",Indicação nº 169/2025
168,2025,29/05/2025,Encaminhado,Reinaldo Codognato (Autor),"Indico ao Excelentíssimo Senhor Prefeito Municipal, que estude junto ao setor competente da administração, as possibilidades de realocar o playground do Bairro Vila Beatriz para dentro do complexo, ao lado do campo de malha. Atualmente, o local onde está instalado não possui grade de proteção, o que representa risco às crianças, que...",Indicação nº 168/2025
167,2025,29/05/2025,Encaminhado,"Edvaldo Aparecido Carvalho (Autor), Anderson Marcos Viana (Autor), Bruno Herreira (Autor), Elizeu Adriano (Autor), Reinaldo Codognato (Autor), Renato Vieira de Brito (Autor), Samir Edson Tino (Autor)","Indicamos ao Excelentíssimo Senhor Prefeito Municipal, que estude junto ao setor competente da administração, as possibilidades de implementar uma lombo faixa na Avenida Paulista, em frente à Clínica Bem Estar e ao Laboratório Trianon. O local é muito frequentado por idosos, especialmente na clínica, além de contar com grande fluxo de...",Indicação nº 167/2025
166,2025,21/05/2025,Encaminhado,"Anderson Marcos Viana (Autor), Adriano de Marcos Lopes (Autor), Teresinha de Lourdes Freitas Regodanso (Autor)","Indicamos ao Excelentíssimo Senhor Prefeito Municipal, que estude junto ao setor competente da administração, as possibilidades de manter o transporte coletivo para a Vila São João com o trajeto realizado duas vezes por semana, como já vinha sendo feito. Muitos moradores utilizam essa condução para deslocamento até consultas médicas e...",Indicação nº 166/2025
165,2025,21/05/2025,Encaminhado,"Anderson Marcos Viana (Autor), Adriano de Marcos Lopes (Autor), Bruno Herreira (Autor), Edvaldo Aparecido Carvalho (Autor), Elizeu Adriano (Autor), Reinaldo Codognato (Autor), Renato Vieira de Brito (Autor), Samir Edson Tino (Autor), Teresinha de Lourdes Freitas Regodanso (Autor)","Indicamos ao Excelentíssimo Senhor Prefeito Municipal, que estude junto ao setor competente da administração, as possibilidades de convocar os vereadores para participarem das reuniões realizadas pelo Executivo Municipal sempre que os assuntos tratados forem relacionados a servidores públicos ou a temas que impactem diretamente o serviço...",Indicação nº 165/2025
164,2025,21/05/2025,Encaminhado,"Reinaldo Codognato (Autor), Bruno Herreira (Autor), Edvaldo Aparecido Carvalho (Autor), Elizeu Adriano (Autor), Renato Vieira de Brito (Autor), Samir Edson Tino (Autor)","Indicamos ao Excelentíssimo Senhor Prefeito Municipal, que estude junto ao setor competente da administração, as possibilidades de promover a reforma e ampliação da Academia Municipal de Judô. A presente solicitação atende aos inúmeros apelos de pais de alunos, que apontam as condições inadequadas do espaço atual, tanto em termos...",Indicação nº 164/2025
163,2025,21/05/2025,Encaminhado,"Reinaldo Codognato (Autor), Bruno Herreira (Autor), Edvaldo Aparecido Carvalho (Autor), Elizeu Adriano (Autor), Renato Vieira de Brito (Autor), Samir Edson Tino (Autor)","Indicamos ao Excelentíssimo Senhor Prefeito Municipal, que estude junto ao setor competente da administração, as possibilidades de realizar o recapeamento da Rua Rui Barbosa, nos trechos entre a Rua Porto Alegre e a Avenida Latina, e também entre a Rua Recife e a Rua São Luiz. Solicitamos ainda o recapeamento da Rua General Osório, no...",Indicação nº 163/2025
162,2025,13/05/2025,Encaminhado,Reinaldo Codognato (Autor),"Indico ao Excelentíssimo Senhor Prefeito Municipal, que estude junto ao setor competente da administração, as possibilidades de criar um programa esportivo voltado ao fornecimento de materiais como bolas, redes e outros itens essenciais aos times amadores existentes no município, com apoio da Comissão Municipal de Esportes (CME) e do...",Indicação nº 162/2025
161,2025,13/05/2025,Encaminhado,Reinaldo Codognato (Autor),"Indico ao Excelentíssimo Senhor Prefeito Municipal, que estude junto ao setor competente da administração, as possibilidades de promover melhorias nas quadras de basquete localizadas nos bairros Jardim Alvorada, Jardim Esperança e no próprio Ginásio Municipal, especialmente com a substituição das tabelas e a pintura adequada das...",Indicação nº 161/2025
160,2025,13/05/2025,Encaminhado,"Bruno Herreira (Autor), Renato Vieira de Brito (Autor)","Indicamos ao Excelentíssimo Senhor Prefeito Municipal, que estude junto ao setor competente da administração, as possibilidades de construir um novo Centro Comunitário no Bairro Jardim dos Pássaros, considerando que o antigo espaço, anteriormente utilizado com essa finalidade, passou a abrigar a Escola Municipal de Ensino Infantil. A...",Indicação nº 160/2025
159,2025,13/05/2025,Encaminhado,Bruno Herreira (Autor),"Indico ao Excelentíssimo Senhor Prefeito Municipal, que estude junto ao setor competente da administração, as possibilidades de permitir que os servidores públicos municipais possam, de forma opcional, autorizar o desconto direto em seu holerite para o pagamento de tributos municipais, como contas de água e IPTU. A medida visa...",Indicação nº 159/2025
158,2025,12/05/2025,Encaminhado,"Adriano de Marcos Lopes (Autor), Anderson Marcos Viana (Autor), Teresinha de Lourdes Freitas Regodanso (Autor)","Indicamos ao Excelentíssimo Senhor Prefeito Municipal, que estude junto ao setor competente da administração, as possibilidades de instalar um ponto de ônibus coberto nas proximidades da Escola Estadual Prof. Idene Rodrigues dos Santos, para atender os alunos da própria unidade e da ETEC “Professora Carmelina Barbosa” que aguardam o...",Indicação nº 158/2025
157,2025,07/05/2025,Encaminhado,Reinaldo Codognato (Autor),"Indico ao Excelentíssimo Senhor Prefeito Municipal, que estude junto ao setor competente da administração, as possibilidades de disponibilizar sinal de Wi-Fi no Clube da Viola, por meio da instalação de um repetidor de sinal a partir do ponto já existente nas proximidades, como o instalado no recinto da Aceruva. A medida visa atender...",Indicação nº 157/2025
156,2025,06/05/2025,Encaminhado,Bruno Herreira (Autor),"Indico ao Excelentíssimo Senhor Prefeito Municipal, que estude junto ao setor competente da administração, as possibilidades de garantir o funcionamento das unidades de educação infantil (CEIs) durante os períodos de recesso escolar, como nas férias de julho e janeiro, por meio da contratação de servidores que possam atender às crianças...",Indicação nº 156/2025
155,2025,06/05/2025,Encaminhado,"Anderson Marcos Viana (Autor), Adriano de Marcos Lopes (Autor), Teresinha de Lourdes Freitas Regodanso (Autor)","Indicamos ao Excelentíssimo Senhor Prefeito Municipal, que reavalie a proposta de manter a Farmácia Municipal em funcionamento durante os pontos facultativos, considerando os impactos operacionais e estruturais da medida. Atualmente, os medicamentos mais comuns prescritos em atendimentos de urgência — como dipirona e nimesulida — já...",Indicação nº 155/2025
154,2025,06/05/2025,Encaminhado,"Adriano de Marcos Lopes (Autor), Anderson Marcos Viana (Autor), Teresinha de Lourdes Freitas Regodanso (Autor)","Indicamos ao Excelentíssimo Senhor Prefeito Municipal, que estude junto ao setor competente da administração, as possibilidades de instalar uma academia ao ar livre próxima ao playground localizado na área verde do Bairro Campo Bello, no cruzamento da Rua das Palmeiras com a Alameda Campos Elísios. Além disso, solicita-se a melhoria da...",Indicação nº 154/2025
153,2025,30/04/2025,Encaminhado,"Anderson Marcos Viana (Autor), Adriano de Marcos Lopes (Autor), Teresinha de Lourdes Freitas Regodanso (Autor)","Indicamos ao Excelentíssimo Senhor Prefeito Municipal, que estude junto ao setor competente da administração, as possibilidades de implantar um programa de concessão de vale-alimentação aos pacientes do sistema de saúde municipal que necessitam realizar consultas, exames ou tratamentos fora do município. A sugestão se baseia em...",Indicação nº 153/2025
152,2025,30/04/2025,Encaminhado,"Reinaldo Codognato (Autor), Bruno Herreira (Autor), Edvaldo Aparecido Carvalho (Autor), Elizeu Adriano (Autor), Renato Vieira de Brito (Autor), Samir Edson Tino (Autor)","Indicamos ao Excelentíssimo Senhor Prefeito Municipal, que estude junto ao setor competente da administração, as possibilidades de lançar um programa denominado Colmeia Empreendedora, inspirado na ""Colmeia"" como exemplo de inovação e empreendedorismo social para promover uma economia mais sustentável. Nosso foco é potencializar o...",Indicação nº 152/2025
151,2025,23/04/2025,Encaminhado,Anderson Marcos Viana (Autor),"Indico ao Excelentíssimo Senhor Prefeito Municipal, que estude junto ao setor competente da administração, as possibilidades de garantir que os professores e demais profissionais da educação tenham acesso à alimentação oferecida aos alunos durante o período letivo, especialmente nas escolas e Centros de Educação Infantil (CEIs) da rede...",Indicação nº 151/2025
150,2025,23/04/2025,Encaminhado,"Reinaldo Codognato (Autor), Bruno Herreira (Autor), Edvaldo Aparecido Carvalho (Autor), Elizeu Adriano (Autor), Renato Vieira de Brito (Autor), Samir Edson Tino (Autor)","Indicamos ao Excelentíssimo Senhor Prefeito Municipal, que estude junto ao setor competente da administração, as possibilidades de impermeabilização das estradas rurais do nosso município. A utilização de asfalto ecológico, que impermeabiliza as vias, garante estradas sem barro e poeira, reduzindo significativamente a necessidade de...",Indicação nº 150/2025
149,2025,23/04/2025,Encaminhado,"Reinaldo Codognato (Autor), Elizeu Adriano (Autor)","Indicamos ao Excelentíssimo Senhor Prefeito Municipal, que estude junto ao setor competente da administração, as possibilidades de instalar um poço artesiano no Bairro Vila São João, com o objetivo de atender a demanda por abastecimento de água dos moradores locais. Segundo informações de moradores, há dois poços artesianos desativados...",Indicação nº 149/2025
148,2025,22/04/2025,Encaminhado,"Adriano de Marcos Lopes (Autor), Anderson Marcos Viana (Autor), Teresinha de Lourdes Freitas Regodanso (Autor)","Indicamos ao Excelentíssimo Senhor Prefeito Municipal, que estude junto ao setor competente da administração, as possibilidades de implantar semáforos inteligentes em pontos estratégicos da cidade, substituindo os modelos antigos por equipamentos modernos que otimizem o fluxo de veículos e aumentem a segurança no trânsito. Sugere-se...",Indicação nº 148/2025
147,2025,22/04/2025,Encaminhado,"Adriano de Marcos Lopes (Autor), Anderson Marcos Viana (Autor), Teresinha de Lourdes Freitas Regodanso (Autor)","Indicamos ao Excelentíssimo Senhor Prefeito Municipal, complementando a indicação nº 092/2025, de autoria do Vereador Reinaldo Codognato, que estude junto ao setor competente da administração, as possibilidades de instituir programas de isenção ou redução de tributos municipais para famílias em situação de vulnerabilidade social. A...",Indicação nº 147/2025
146,2025,17/04/2025,Encaminhado,Renato Vieira de Brito (Autor),"Indico ao Excelentíssimo Senhor Prefeito Municipal, que estude junto ao setor competente da administração, as possibilidades de incluir, na grade de atividades dos Centros de Educação Infantil (CEIs) do município, aulas de música e canto. A iniciativa contribui significativamente para o desenvolvimento cognitivo, emocional e social das...",Indicação nº 146/2025
145,2025,17/04/2025,Encaminhado,Renato Vieira de Brito (Autor),"Indico ao Excelentíssimo Senhor Prefeito Municipal, que estude junto ao setor competente da administração, as possibilidades de realizar a reforma e pintura do prédio da Divisão Municipal de Educação de Junqueirópolis. A medida visa garantir melhores condições de trabalho aos servidores, além de proporcionar um ambiente mais acolhedor e...",Indicação nº 145/2025
144,2025,16/04/2025,Encaminhado,Reinaldo Codognato (Autor),"Indico ao Excelentíssimo Senhor Prefeito Municipal, que estude junto ao setor competente da administração, as possibilidades de implementar redutores de velocidade ao longo da Avenida Junqueira, no trecho compreendido após a Rua Manaus, ponto até onde os redutores foram instalados. Trata-se de uma via com grande fluxo de veículos e...",Indicação nº 144/2025
143,2025,16/04/2025,Encaminhado,Reinaldo Codognato (Autor),"Indico ao Excelentíssimo Senhor Prefeito Municipal, que estude junto ao setor competente da administração, as possibilidades de implantar galerias de águas pluviais e bocas de lobo no Bairro Carmesim, considerando que o bairro atualmente não conta com sistema adequado de captação e direcionamento da água das chuvas. A ausência dessa...",Indicação nº 143/2025
142,2025,16/04/2025,Encaminhado,Reinaldo Codognato (Autor),"Indico ao Excelentíssimo Senhor Prefeito Municipal, que estude junto ao setor competente da administração, as possibilidades de realizar a aplicação do serviço de fumacê em toda a cidade, diante do aumento expressivo de casos de dengue e da grande presença de pernilongos. A medida visa contribuir para o controle dos vetores, protegendo a...",Indicação nº 142/2025
141,2025,14/04/2025,Encaminhado,"Adriano de Marcos Lopes (Autor), Anderson Marcos Viana (Autor), Teresinha de Lourdes Freitas Regodanso (Autor)","Indicamos ao Excelentíssimo Senhor Prefeito Municipal, que estude junto ao setor competente da administração, as possibilidades de instituir um Programa de Parcelamento dos Tributos Municipais vencidos. A iniciativa permitirá que contribuintes em débito regularizem sua situação fiscal com maior facilidade, favorecendo o aumento da...",Indicação nº 141/2025
140,2025,14/04/2025,Encaminhado,"Adriano de Marcos Lopes (Autor), Anderson Marcos Viana (Autor), Teresinha de Lourdes Freitas Regodanso (Autor)","Indicamos ao Excelentíssimo Senhor Prefeito Municipal, que estude junto ao setor competente da administração, as possibilidades de dar continuidade e concluir a execução do Projeto Melhor Caminho na estrada do Bairro 2ª Seção. A conclusão das obras é essencial para garantir mais segurança, durabilidade e acessibilidade à via,...",Indicação nº 140/2025
139,2025,14/04/2025,Encaminhado,"Adriano de Marcos Lopes (Autor), Anderson Marcos Viana (Autor), Samir Edson Tino (Autor), Teresinha de Lourdes Freitas Regodanso (Autor)","Indicamos ao Excelentíssimo Senhor Prefeito Municipal, que estude junto ao setor competente da administração, as possibilidades de realizar melhorias na estrada rural conhecida como “Estrada da Saúde/União”, localizada nas proximidades do Bosque Municipal. A solicitação visa aprimorar as condições de tráfego, facilitando o deslocamento...",Indicação nº 139/2025
138,2025,14/04/2025,Encaminhado,"Anderson Marcos Viana (Autor), Adriano de Marcos Lopes (Autor), Teresinha de Lourdes Freitas Regodanso (Autor)","Indicamos ao Excelentíssimo Senhor Prefeito Municipal, que estude junto ao setor competente da administração, as possibilidades de realizar, com urgência, a reforma do salão comunitário do Bairro Jardim Duas Barras, tendo em vista o estado de deterioração do espaço, utilizado para atividades esportivas e eventos da comunidade. É...",Indicação nº 138/2025
137,2025,10/04/2025,Encaminhado,"Reinaldo Codognato (Autor), Bruno Herreira (Autor), Edvaldo Aparecido Carvalho (Autor), Elizeu Adriano (Autor), Renato Vieira de Brito (Autor), Samir Edson Tino (Autor)","Indicamos ao Excelentíssimo Senhor Prefeito Municipal, que estude junto ao setor competente da administração, as possibilidades de realizar um estudo técnico para reavaliar o direcionamento das águas pluviais no entorno do complexo esportivo do Bairro Vila Beatriz. A solicitação tem como base o risco iminente de queda do alambrado,...",Indicação nº 137/2025
136,2025,10/04/2025,Encaminhado,"Reinaldo Codognato (Autor), Bruno Herreira (Autor), Edvaldo Aparecido Carvalho (Autor), Elizeu Adriano (Autor), Renato Vieira de Brito (Autor), Samir Edson Tino (Autor)","Indicamos ao Excelentíssimo Senhor Prefeito Municipal, que estude junto ao setor competente da administração, as possibilidades de ampliar, de três para seis horas, a carga horária remunerada dos profissionais das Estratégias de Saúde da Família (ESFs) que prestam atendimento em horário noturno, uma vez por mês, das 17h às 20h. A medida...",Indicação nº 136/2025
135,2025,10/04/2025,Encaminhado,"Anderson Marcos Viana (Autor), Adriano de Marcos Lopes (Autor), Teresinha de Lourdes Freitas Regodanso (Autor)","Indicamos ao Excelentíssimo Senhor Prefeito Municipal, que estude junto ao setor competente da administração, as possibilidades de estabelecer diálogo com a direção da Santa Casa de Misericórdia de Junqueirópolis, com o objetivo de equiparar os salários dos técnicos de enfermagem, enfermeiros e auxiliares de enfermagem que atuam na...",Indicação nº 135/2025
134,2025,10/04/2025,Encaminhado,"Anderson Marcos Viana (Autor), Adriano de Marcos Lopes (Autor), Teresinha de Lourdes Freitas Regodanso (Autor)","Indicamos ao Excelentíssimo Senhor Prefeito Municipal, que estude junto ao setor competente da administração, as possibilidades de fixar um valor simbólico para o aluguel do salão comunitário, oferecendo condições mais acessíveis aos moradores do próprio bairro. Para pessoas de fora, poderá ser aplicada uma taxa um pouco superior. Essa...",Indicação nº 134/2025
133,2025,10/04/2025,Encaminhado,Edvaldo Aparecido Carvalho (Autor),"Indico ao Excelentíssimo Senhor Prefeito Municipal, que estude junto ao setor competente da administração, as possibilidades de instalar iluminação pública na parte gramada da calçada ao lado da mata, nas imediações do Cemitério Municipal, na Avenida Paulista. A medida visa aumentar a segurança no local, que tem sido alvo de preocupações...",Indicação nº 133/2025
132,2025,08/04/2025,Encaminhado,"Adriano de Marcos Lopes (Autor), Anderson Marcos Viana (Autor), Teresinha de Lourdes Freitas Regodanso (Autor)","Indicamos ao Excelentíssimo Senhor Prefeito Municipal, que estude junto ao setor competente da administração, as possibilidades de realizar a revitalização paisagística ou a jardinagem da área da caixa d’água localizada no entroncamento da Avenida Paulista com a Avenida Sete de Setembro, proporcionando mais beleza e valorização ao...",Indicação nº 132/2025
131,2025,08/04/2025,Encaminhado,"Adriano de Marcos Lopes (Autor), Anderson Marcos Viana (Autor), Teresinha de Lourdes Freitas Regodanso (Autor)","Indicamos ao Excelentíssimo Senhor Prefeito Municipal, que estude junto ao setor competente da administração, as possibilidades de implementar o sistema “Junqueirópolis Sem Papel”, com o objetivo de permitir o protocolo e envio de documentos por meio digital, como prestações de contas e outros expedientes. A medida contribuirá para a...",Indicação nº 131/2025
130,2025,08/04/2025,Encaminhado,"Adriano de Marcos Lopes (Autor), Anderson Marcos Viana (Autor), Teresinha de Lourdes Freitas Regodanso (Autor)","Indicamos ao Excelentíssimo Senhor Prefeito Municipal, que estude junto ao setor competente da administração, as possibilidades de instalar placas de sinalização indicando a localização do Bosque Municipal, tanto na Vicinal José Siniciato quanto na estrada rural que também dá acesso ao local. A medida visa facilitar o acesso de...",Indicação nº 130/2025
129,2025,03/04/2025,Encaminhado,"Anderson Marcos Viana (Autor), Bruno Herreira (Autor), Elizeu Adriano (Autor), Reinaldo Codognato (Autor), Renato Vieira de Brito (Autor), Samir Edson Tino (Autor), Edvaldo Aparecido Carvalho (Autor)","Indicamos ao Excelentíssimo Senhor Prefeito Municipal, reforçando a Indicação n° 112/2025, que solicita a ampliação da iluminação no sistema de lazer do Bairro Jardim Primavera, que estude junto ao setor competente da administração, as possibilidades de implementar as seguintes melhorias: – Revitalização do Centro Comunitário do Jardim...",Indicação nº 129/2025
128,2025,03/04/2025,Encaminhado,Reinaldo Codognato (Autor),"Indico ao Excelentíssimo Senhor Prefeito Municipal, que estude junto ao setor competente da administração, as possibilidades de instalar um playground ou construir uma área de lazer no Bairro Figueira. A iniciativa proporcionará um espaço adequado para o lazer das crianças e famílias da comunidade, promovendo bem-estar e incentivando a...",Indicação nº 128/2025
127,2025,03/04/2025,Encaminhado,"Samir Edson Tino (Autor), Bruno Herreira (Autor)","Indicamos ao Excelentíssimo Senhor Prefeito Municipal, que estude junto ao setor competente da administração, as possibilidades de promover uma campanha educativa sobre os impactos do descarte irregular de lixo. A iniciativa pode incluir ações nas escolas, rádios e redes sociais, conscientizando a população sobre os prejuízos ambientais...",Indicação nº 127/2025
126,2025,03/04/2025,Encaminhado,"Samir Edson Tino (Autor), Bruno Herreira (Autor)","Indicamos ao Excelentíssimo Senhor Prefeito Municipal, que estude junto ao setor competente da administração, as possibilidades de desenvolver campanhas educativas sobre a posse responsável de animais. As ações podem ser realizadas em escolas e comunidades, abordando temas como cuidados básicos, alimentação adequada, vacinação e a...",Indicação nº 126/2025
125,2025,03/04/2025,Encaminhado,"Samir Edson Tino (Autor), Bruno Herreira (Autor)","Indicamos ao Excelentíssimo Senhor Prefeito Municipal, que estude junto ao setor competente da administração, as possibilidades de realizar um festival anual que una gastronomia, cultura e comércio local. O evento poderá contar com a participação de restaurantes, artistas locais e expositores de produtos regionais, promovendo o turismo e...",Indicação nº 125/2025
124,2025,03/04/2025,Encaminhado,"Anderson Marcos Viana (Autor), Adriano de Marcos Lopes (Autor), Teresinha de Lourdes Freitas Regodanso (Autor)","Indicamos ao Excelentíssimo Senhor Prefeito Municipal, que estude junto ao setor competente da administração, as possibilidades de disponibilizar transporte para pacientes idosos e aqueles com dificuldades de locomoção que necessitam de atendimento no setor de fisioterapia. Muitos enfrentam dificuldades financeiras para custear o...",Indicação nº 124/2025
123,2025,03/04/2025,Encaminhado,"Anderson Marcos Viana (Autor), Adriano de Marcos Lopes (Autor), Teresinha de Lourdes Freitas Regodanso (Autor)","Indicamos ao Excelentíssimo Senhor Prefeito Municipal, que estude junto ao setor competente da administração, as possibilidades de cobrir a área de acesso à cozinha da Prefeitura, proporcionando um espaço adequado para que os funcionários possam tomar café da manhã com mais conforto, especialmente em dias chuvosos. A cobertura poderia...",Indicação nº 123/2025
122,2025,03/04/2025,Encaminhado,"Anderson Marcos Viana (Autor), Adriano de Marcos Lopes (Autor), Teresinha de Lourdes Freitas Regodanso (Autor)","Indicamos ao Excelentíssimo Senhor Prefeito Municipal, que estude junto ao setor competente da administração, as possibilidades de realizar a manutenção dos aparelhos de ginástica ao ar livre na praça do Bairro Jardim Primavera, instalar um bebedouro de água semelhante ao do Jardim Paulista e dar continuidade ao plantio de grama,...",Indicação nº 122/2025
121,2025,03/04/2025,Encaminhado,"Teresinha de Lourdes Freitas Regodanso (Autor), Adriano de Marcos Lopes (Autor), Anderson Marcos Viana (Autor)","Indicamos ao Excelentíssimo Senhor Prefeito Municipal, que estude junto ao setor competente da administração, as possibilidades de pintar as calçadas nos cantos das esquinas com as cores correspondentes aos setores do Projeto “Limpeza Beleza”. Essa medida auxiliaria os munícipes na identificação dos períodos de limpeza e descarte de...",Indicação nº 121/2025
120,2025,03/04/2025,Encaminhado,"Teresinha de Lourdes Freitas Regodanso (Autor), Adriano de Marcos Lopes (Autor), Anderson Marcos Viana (Autor)","Indicamos ao Excelentíssimo Senhor Prefeito Municipal, que estude junto ao setor competente da administração, as possibilidades de adquirir fogão, geladeira, freezer e jogos de mesa para o Centro Comunitário do Bairro Cristo Redentor, garantindo melhores condições para as atividades realizadas no local.",Indicação nº 120/2025
119,2025,02/04/2025,Encaminhado,"Adriano de Marcos Lopes (Autor), Anderson Marcos Viana (Autor), Teresinha de Lourdes Freitas Regodanso (Autor)","Indicamos ao Excelentíssimo Senhor Prefeito Municipal, que estude junto ao setor competente da administração, as possibilidades de padronizar a preferência de trânsito nas Avenidas Sete de Setembro e Junqueira, garantindo que sejam vias preferenciais em toda a sua extensão. Atualmente, essas avenidas possuem trechos onde a preferência se...",Indicação nº 119/2025
118,2025,02/04/2025,Encaminhado,"Adriano de Marcos Lopes (Autor), Anderson Marcos Viana (Autor), Teresinha de Lourdes Freitas Regodanso (Autor)","Indicamos ao Excelentíssimo Senhor Prefeito Municipal, que estude junto ao setor competente da administração, as possibilidades de solicitar formalmente às operadoras de telefonia a instalação de antenas no Bairro Colina Verde e nas regiões próximas. Os moradores enfrentam dificuldades com a falta de sinal, o que prejudica a comunicação...",Indicação nº 118/2025
117,2025,02/04/2025,Encaminhado,"Bruno Herreira (Autor), Samir Edson Tino (Autor)","Indicamos ao Excelentíssimo Senhor Prefeito Municipal, que estude junto ao setor competente da administração, as possibilidades de oferecer cursos de Língua Brasileira de Sinais (LIBRAS) para todos os funcionários da Prefeitura. A capacitação contribuirá para um atendimento mais inclusivo, garantindo melhor comunicação e acolhimento às...",Indicação nº 117/2025
116,2025,01/04/2025,Encaminhado,Reinaldo Codognato (Autor),"Indico ao Excelentíssimo Senhor Prefeito Municipal, que estude junto ao setor competente da administração, as possibilidades de promover a revitalização da praça localizada próxima ao viaduto da Rodoviária Municipal (Praça do Santo expedito), proporcionando um espaço mais agradável, seguro e acessível para a população.",Indicação nº 116/2025
115,2025,01/04/2025,Encaminhado,"Reinaldo Codognato (Autor), Bruno Herreira (Autor), Edvaldo Aparecido Carvalho (Autor), Elizeu Adriano (Autor), Renato Vieira de Brito (Autor), Samir Edson Tino (Autor)","Indicamos ao Excelentíssimo Senhor Prefeito Municipal, que estude junto ao setor competente da administração, as possibilidades de construir um memorial em homenagem às vítimas fatais da COVID-19 na entrada do trevo principal do município, localizado na Avenida Geraldo Fudo, ou na Praça Álvaro de Oliveira Junqueira. A pandemia trouxe...",Indicação nº 115/2025
114,2025,27/03/2025,Encaminhado,"Teresinha de Lourdes Freitas Regodanso (Autor), Anderson Marcos Viana (Autor), Adriano de Marcos Lopes (Autor)","Indicamos ao Excelentíssimo Senhor Prefeito Municipal, que estude junto ao setor competente da administração, as possibilidades de retorno dos desfiles que antigamente eram realizados na Rua Rui Barbosa em comemoração ao aniversário da cidade, incluindo a participação de bandas e fanfarras da cidade e também de outros municípios que eram...",Indicação nº 114/2025
113,2025,27/03/2025,Encaminhado,Renato Vieira de Brito (Autor),"Indico ao Excelentíssimo Senhor Prefeito Municipal, que estude junto ao setor competente da administração, as possibilidades de construir uma sede própria para o Centro de Atenção Psicossocial (CAPS) no município, proporcionando um espaço adequado para o atendimento e acolhimento de pacientes que necessitam de suporte em saúde mental....",Indicação nº 113/2025
112,2025,27/03/2025,Encaminhado,"Bruno Herreira (Autor), Samir Edson Tino (Autor)","Indicamos ao Excelentíssimo Senhor Prefeito Municipal, que estude junto ao setor competente da administração, as possibilidades de ampliar a iluminação no sistema de lazer do Bairro Jardim Primavera, visto que, embora já tenha sido realizada a instalação de iluminação no local, há trechos que permanecem escuros, conforme relatos dos...",Indicação nº 112/2025
111,2025,25/03/2025,Encaminhado,"Adriano de Marcos Lopes (Autor), Anderson Marcos Viana (Autor), Teresinha de Lourdes Freitas Regodanso (Autor)","Indicamos ao Excelentíssimo Senhor Prefeito Municipal, que estude junto ao setor competente da administração, as possibilidades de instalar redutores de velocidade em dois pontos estratégicos da Avenida Latina: um nas proximidades da curva do ""S"", próximo ao Jardim Primavera, e outro em frente ao ESF 6. O intenso fluxo de veículos na...",Indicação nº 111/2025
110,2025,25/03/2025,Encaminhado,"Teresinha de Lourdes Freitas Regodanso (Autor), Adriano de Marcos Lopes (Autor), Anderson Marcos Viana (Autor)","Indicamos ao Excelentíssimo Senhor Prefeito Municipal, que estude junto ao setor competente da administração, as possibilidades de instalar um redutor de velocidade na Rua Santa Terezinha, no trecho entre a Rua Recife e a Rua São Luiz. Os moradores da região têm manifestado preocupação com a alta velocidade dos veículos que trafegam na...",Indicação nº 110/2025
109,2025,25/03/2025,Encaminhado,"Teresinha de Lourdes Freitas Regodanso (Autor), Adriano de Marcos Lopes (Autor), Anderson Marcos Viana (Autor)","Indicamos ao Excelentíssimo Senhor Prefeito Municipal, que estude junto ao setor competente da administração, as possibilidades de realizar o recapeamento e a revitalização da Avenida Geraldo Fudo. A via apresenta trechos comprometidos que dificultam a mobilidade e a segurança dos motoristas e pedestres que por ali transitam diariamente....",Indicação nº 109/2025
108,2025,25/03/2025,Encaminhado,Reinaldo Codognato (Autor),"Indico ao Excelentíssimo Senhor Prefeito Municipal, que estude junto ao setor competente da administração, as possibilidades de estabelecer uma parceria com o Sebrae para oferecer cursos na área automotiva. O setor tem apresentado crescimento expressivo, mas enfrenta dificuldades devido à escassez de mão de obra qualificada. A...",Indicação nº 108/2025
107,2025,25/03/2025,Encaminhado,Anderson Marcos Viana (Autor),"Indico ao Excelentíssimo Senhor Prefeito Municipal, que estude junto ao setor competente da administração, as possibilidades de interligar o reservatório de água localizado dentro do recinto da Aceruva ao sistema de abastecimento do bairro Alto do Cene, especialmente na região entre a Rua José Bonifácio e a Avenida Marconi. A falta de...",Indicação nº 107/2025
106,2025,25/03/2025,Encaminhado,Anderson Marcos Viana (Autor),"Indico ao Excelentíssimo Senhor Prefeito Municipal, que estude junto ao setor competente da administração, as possibilidades de construir uma piscina para hidroginástica no complexo de fisioterapia do município. O local já contou com essa estrutura anteriormente, mas, atualmente, o espaço não está sendo utilizado para nenhuma finalidade....",Indicação nº 106/2025
105,2025,25/03/2025,Encaminhado,"Anderson Marcos Viana (Autor), Adriano de Marcos Lopes (Autor), Teresinha de Lourdes Freitas Regodanso (Autor)","Indicamos ao Excelentíssimo Senhor Prefeito Municipal, que estude junto ao setor competente da administração, as possibilidades de alterar a Lei Complementar Municipal nº 1.163, de 04 de junho de 2024, que trata da instituição e dos critérios para o gozo de faltas abonadas pelos servidores públicos municipais. A legislação vigente exclui...",Indicação nº 105/2025
104,2025,18/03/2025,Encaminhado,Renato Vieira de Brito (Autor),"Indico ao Excelentíssimo Senhor Prefeito Municipal, que estude junto ao setor competente da administração, as possibilidades de realizar o cadastro para a implantação do programa Muralha Paulista, que é uma importante iniciativa de segurança pública que utiliza tecnologia avançada para monitoramento e combate à criminalidade, por meio da...",Indicação nº 104/2025
103,2025,18/03/2025,Encaminhado,Renato Vieira de Brito (Autor),"Indico ao Excelentíssimo Senhor Prefeito Municipal, que estude junto ao setor competente da administração, as possibilidades de que não seja descontado o Imposto de Renda Retido na Fonte (IRPF) nas atividades delegadas da Polícia Militar. A Atividade Delegada é essencial para o reforço da segurança pública municipal, permitindo que...",Indicação nº 103/2025
102,2025,17/03/2025,Encaminhado,"Reinaldo Codognato (Autor), Bruno Herreira (Autor), Edvaldo Aparecido Carvalho (Autor), Elizeu Adriano (Autor), Renato Vieira de Brito (Autor), Samir Edson Tino (Autor)","Indicamos ao Excelentíssimo Senhor Prefeito Municipal, que estude junto ao setor competente da administração, as possibilidades de conceder aos servidores públicos municipais o direito a uma falta remunerada no dia de seu aniversário, sem desconto em folha. Essa medida contribui para o bem-estar dos funcionários, refletindo positivamente...",Indicação nº 102/2025
101,2025,17/03/2025,Encaminhado,"Reinaldo Codognato (Autor), Bruno Herreira (Autor), Edvaldo Aparecido Carvalho (Autor), Elizeu Adriano (Autor), Renato Vieira de Brito (Autor), Samir Edson Tino (Autor)","Indicamos ao Excelentíssimo Senhor Prefeito Municipal, que estude junto ao setor competente da administração, as possibilidades de construir um parque infantil na Escola Municipal Neyde Macedo Brandão Fernandes, considerando que a unidade já contou com essa estrutura anteriormente e, atualmente, é a única escola municipal que não dispõe...",Indicação nº 101/2025
100,2025,17/03/2025,Encaminhado,"Reinaldo Codognato (Autor), Bruno Herreira (Autor), Edvaldo Aparecido Carvalho (Autor), Elizeu Adriano (Autor), Renato Vieira de Brito (Autor), Samir Edson Tino (Autor)","Indicamos ao Excelentíssimo Senhor Prefeito Municipal, que estude junto ao setor competente da administração, as possibilidades de intermediar junto à direção da Companhia Ferroviária RUMO Logística e utilizando as ferramentas da Fundação Instituto de Terras do Estado de São Paulo (Itesp), no sentido de estar resolvendo a situação dos...",Indicação nº 100/2025
099,2025,17/03/2025,Encaminhado,Anderson Marcos Viana (Autor),"Indico ao Excelentíssimo Senhor Prefeito Municipal, que estude junto ao setor competente da administração, as possibilidades de adesão do município ao programa do Ministério do Esporte para a construção de Centros Esportivos Comunitários. O programa prevê a seleção de municípios para a implantação de até 260 unidades em todo o país,...",Indicação nº 099/2025
098,2025,17/03/2025,Encaminhado,"Anderson Marcos Viana (Autor), Adriano de Marcos Lopes (Autor), Teresinha de Lourdes Freitas Regodanso (Autor)","Indicamos ao Excelentíssimo Senhor Prefeito Municipal, que estude junto ao setor competente da administração, as possibilidades de construir uma sala de espera no pátio para oferecer um local adequado aos motoristas da educação enquanto aguardam o momento de buscar os alunos, assim como para os motoristas de ambulância durante seus...",Indicação nº 098/2025
097,2025,17/03/2025,Encaminhado,"Anderson Marcos Viana (Autor), Adriano de Marcos Lopes (Autor), Teresinha de Lourdes Freitas Regodanso (Autor)","Indicamos ao Excelentíssimo Senhor Prefeito Municipal, que estude junto ao setor competente da administração, as possibilidades de realizar o recapeamento asfáltico nas ruas do Bairro Jardim Esperança, em trechos da Rua José Bonifácio, alguns quarteirões da Avenida Marconi, no trecho da Avenida Campo Salles até a Avenida Bandeirantes, na...",Indicação nº 097/2025
096,2025,11/03/2025,Encaminhado,Samir Edson Tino (Autor),"Indico ao Excelentíssimo Senhor Prefeito Municipal, que estude junto ao setor competente da administração, as possibilidades de implementar um programa de castração gratuita de animais de rua, criando mutirões regulares com o objetivo de reduzir a população de animais abandonados, promovendo o controle reprodutivo e o bem-estar animal,...",Indicação nº 096/2025
095,2025,11/03/2025,Encaminhado,Samir Edson Tino (Autor),"Indico ao Excelentíssimo Senhor Prefeito Municipal, que estude junto ao setor competente da administração, as possibilidades de implementar o projeto “Adote uma Praça”, que visa estabelecer parcerias com empresas e moradores para a revitalização e manutenção de espaços públicos, promovendo o engajamento da comunidade na preservação e...",Indicação nº 095/2025
094,2025,10/03/2025,Encaminhado,Reinaldo Codognato (Autor),"Indico ao Excelentíssimo Senhor Prefeito Municipal, que estude junto ao setor competente da administração, as possibilidades de construir uma calçada na Rua Santos Dumont, no bairro Jardim Morumbi, para interligar os bairros Residencial das Américas e Jardim Paulista, garantindo mais segurança e acessibilidade para pedestres.",Indicação nº 094/2025
093,2025,10/03/2025,Encaminhado,Reinaldo Codognato (Autor),"Indico ao Excelentíssimo Senhor Prefeito Municipal, que estude junto ao setor competente da administração, as possibilidades de construir uma calçada na Rua Santos Dumont, no bairro Jardim Morumbi, para interligar os bairros Residencial das Américas e Jardim Paulista, garantindo mais segurança e acessibilidade para pedestres.",Indicação nº 093/2025
092,2025,10/03/2025,Encaminhado,Reinaldo Codognato (Autor),"Indico ao Excelentíssimo Senhor Prefeito Municipal, que estude junto ao setor competente da administração, as possibilidades de implementação da Tarifa Social de Água e Esgoto. O benefício concederia 50% de desconto na tarifa de abastecimento de água e esgotamento sanitário para famílias de baixa renda, até o consumo de 15 m³ por mês por...",Indicação nº 092/2025
091,2025,10/03/2025,Encaminhado,"Teresinha de Lourdes Freitas Regodanso (Autor), Adriano de Marcos Lopes (Autor), Anderson Marcos Viana (Autor)","Indicamos ao Excelentíssimo Senhor Prefeito Municipal, que estude junto ao setor competente da administração, as possibilidades de instalar iluminação pública nas Ruas Piauí e José Amatruda, localizadas ao lado da Avenida Geraldo Fudo. Essa medida contribuiria significativamente para a segurança e bem-estar das pessoas que utilizam essas...",Indicação nº 091/2025
090,2025,10/03/2025,Encaminhado,"Teresinha de Lourdes Freitas Regodanso (Autor), Adriano de Marcos Lopes (Autor), Anderson Marcos Viana (Autor)","Indicamos ao Excelentíssimo Senhor Prefeito Municipal, que estude junto ao setor competente da administração, as possibilidades de implantar um serviço de transporte coletivo denominado como ""Circular da Saúde"", apropriado para transporte de pacientes com deficiência física, principalmente os que utilizam cadeiras de rodas para sua...",Indicação nº 090/2025
089,2025,10/03/2025,Encaminhado,"Teresinha de Lourdes Freitas Regodanso (Autor), Adriano de Marcos Lopes (Autor), Anderson Marcos Viana (Autor)","Indicamos ao Excelentíssimo Senhor Prefeito Municipal, que estude junto ao setor competente da administração, as possibilidades de implementar mudanças no Estatuto dos Servidores Municipais de Junqueirópolis, incluindo um benefício especial de jornada de trabalho para servidores com cônjuge, filho ou dependente com deficiência, incluindo...",Indicação nº 089/2025
088,2025,10/03/2025,Encaminhado,Anderson Marcos Viana (Autor),"Indico ao Excelentíssimo Senhor Prefeito Municipal, que estude junto ao setor competente da administração, as possibilidades de providenciar uma nova placa e um local mais adequado para a honraria feita ao ex-prefeito José Siniciato na vicinal que leva seu nome, visto que a atual está em situação precária e pouco visível, não condizendo...",Indicação nº 088/2025
087,2025,10/03/2025,Encaminhado,Anderson Marcos Viana (Autor),"Indico ao Excelentíssimo Senhor Prefeito Municipal, que estude junto ao setor competente da administração, as possibilidades de reforma e manutenção do banheiro do pátio do setor de obras da Prefeitura Municipal, que há mais de um ano se encontra em condições inadequadas, garantindo um espaço digno para os funcionários.",Indicação nº 087/2025
086,2025,10/03/2025,Encaminhado,"Anderson Marcos Viana (Autor), Adriano de Marcos Lopes (Autor), Teresinha de Lourdes Freitas Regodanso (Autor)","Indicamos ao Excelentíssimo Senhor Prefeito Municipal, que estude junto ao setor competente da administração, as possibilidades de ceder a casa adquirida pela prefeitura, localizada na Rua Rui Barbosa, nº 371, para a implantação de um espaço destinado ao atendimento de crianças com autismo, considerando que o local é adequado para essas...",Indicação nº 086/2025
085,2025,10/03/2025,Encaminhado,Renato Vieira de Brito (Autor),"Indico ao Excelentíssimo Senhor Prefeito Municipal, que estude junto ao setor competente da administração, as possibilidades de instalar lixeiras e banheiros no Centro Esportivo “Fernando Berrocozo”, no Alto do Cene, visando proporcionar mais conforto e melhor infraestrutura para os frequentadores do local.",Indicação nº 085/2025
084,2025,10/03/2025,Encaminhado,Renato Vieira de Brito (Autor),"Indico ao Excelentíssimo Senhor Prefeito Municipal, que estude junto ao setor competente da administração, as possibilidades de construir banheiros ao lado das novas salas de aula dos Centros Educacionais Infantis Sonho de Criança e Raio de Luz, proporcionando mais conforto e acessibilidade às crianças e profissionais dessas...",Indicação nº 084/2025
083,2025,06/03/2025,Encaminhado,Bruno Herreira (Autor),"Indico ao Excelentíssimo Senhor Prefeito Municipal, que estude junto ao setor competente da administração, as possibilidades de implementar o uso de um carro de som para informar a população sobre os setores e as datas de execução do Projeto Limpeza Beleza. Essa iniciativa ajudaria a administração a conscientizar os munícipes sobre a...",Indicação nº 083/2025
082,2025,06/03/2025,Encaminhado,"Adriano de Marcos Lopes (Autor), Anderson Marcos Viana (Autor), Teresinha de Lourdes Freitas Regodanso (Autor)","Indicamos ao Excelentíssimo Senhor Prefeito Municipal, que estude junto ao setor competente da administração, as possibilidades de providenciar placas de identificação para os bairros rurais, facilitando a localização e identificação dessas áreas tanto para moradores quanto para visitantes, além de contribuir para a melhoria da...",Indicação nº 082/2025
081,2025,06/03/2025,Encaminhado,"Adriano de Marcos Lopes (Autor), Anderson Marcos Viana (Autor), Teresinha de Lourdes Freitas Regodanso (Autor)","Indicamos ao Excelentíssimo Senhor Prefeito Municipal, que estude junto ao setor competente da administração, as possibilidades de implementar um projeto social/educacional para acolhimento das crianças durante os períodos de recesso/feriados escolares ou pausas no ensino, semelhante ao antigo ""Espaço Amigo"". O objetivo seria...",Indicação nº 081/2025
080,2025,06/03/2025,Encaminhado,"Teresinha de Lourdes Freitas Regodanso (Autor), Adriano de Marcos Lopes (Autor), Anderson Marcos Viana (Autor)","Indicamos ao Excelentíssimo Senhor Prefeito Municipal, que estude junto ao setor competente da administração, as possibilidades de instalar ninhos artificiais (caixotes) nas palmeiras imperiais e demais árvores que são constantemente visitadas por araras. Tal indicação se justifica em razão da necessidade de preservar a saúde das...",Indicação nº 080/2025
079,2025,06/03/2025,Encaminhado,"Teresinha de Lourdes Freitas Regodanso (Autor), Adriano de Marcos Lopes (Autor), Anderson Marcos Viana (Autor)","Indicamos ao Excelentíssimo Senhor Prefeito Municipal, que estude junto ao setor competente da administração, as possibilidades de realizar a poda das árvores localizadas ao redor da Escola Municipal Profª Neyde Macedo Brandão Fernandes, visando melhorar a visibilidade, garantir a segurança dos alunos e evitar danos à estrutura da...",Indicação nº 079/2025
078,2025,06/03/2025,Encaminhado,Samir Edson Tino (Autor),"Indico ao Excelentíssimo Senhor Prefeito Municipal, que estude junto ao setor competente da administração, as possibilidades de criar um espaço de coworking para pequenos empreendedores e startups, oferecendo infraestrutura como mesas, internet e salas de reunião, além de mentoria para apoiar o crescimento dos negócios e incentivar a...",Indicação nº 078/2025
077,2025,06/03/2025,Encaminhado,Samir Edson Tino (Autor),"Indico ao Excelentíssimo Senhor Prefeito Municipal, que estude junto ao setor competente da administração, as possibilidades de transformar algumas ruas do centro em áreas temáticas ou pedestres aos finais de semana, com decoração, música ao vivo e espaços para food trucks. A medida visa atrair mais pessoas para o centro da cidade,...",Indicação nº 077/2025
076,2025,05/03/2025,Encaminhado,Renato Vieira de Brito (Autor),"Indico ao Excelentíssimo Senhor Prefeito Municipal, que estude junto ao setor competente da administração, as possibilidades de instalar pequenos parques aquáticos gratuitos em todas as unidades dos Centros Educacionais Infantis, proporcionando às crianças atividades recreativas que ajudam a amenizar o calor, promovem o bem-estar e...",Indicação nº 076/2025
075,2025,05/03/2025,Encaminhado,Reinaldo Codognato (Autor),"Indico ao Excelentíssimo Senhor Prefeito Municipal, que estude junto ao setor competente da administração, as possibilidades de cobrir as academias ao ar livre do município, proporcionando maior conforto aos usuários ao reduzir a exposição direta ao sol, incentivando a prática de atividades físicas em diferentes horários do dia e...",Indicação nº 075/2025
074,2025,05/03/2025,Encaminhado,Reinaldo Codognato (Autor),"Indico ao Excelentíssimo Senhor Prefeito Municipal, que estude junto ao setor competente da administração, as possibilidades de implantar lixeiras nas proximidades da área comercial onde ficam os comerciantes de rua no Bairro Cristo Redentor, visando a manutenção da limpeza e organização do local, bem como a preservação...",Indicação nº 074/2025
073,2025,05/03/2025,Encaminhado,Reinaldo Codognato (Autor),"Indico ao Excelentíssimo Senhor Prefeito Municipal, que estude junto ao setor competente da administração, as possibilidades de realocar a academia ao ar livre instalada no bairro Duas Barras no ano passado ao redor do campo. A sugestão é que seja transferida para as proximidades da caixa d’água de abastecimento do bairro, visando melhor...",Indicação nº 073/2025
072,2025,05/03/2025,Encaminhado,"Anderson Marcos Viana (Autor), Adriano de Marcos Lopes (Autor), Teresinha de Lourdes Freitas Regodanso (Autor)","Indicamos ao Excelentíssimo Senhor Prefeito Municipal, que estude junto ao setor competente da administração, as possibilidades de realizar a manutenção do Centro Comunitário do bairro Cristo Redentor. Essa solicitação já foi feita em anos anteriores, e a população continua reivindicando essa melhoria para que o espaço possa voltar a...",Indicação nº 072/2025
071,2025,05/03/2025,Encaminhado,"Anderson Marcos Viana (Autor), Adriano de Marcos Lopes (Autor), Teresinha de Lourdes Freitas Regodanso (Autor)","Indicamos ao Excelentíssimo Senhor Prefeito Municipal, que estude junto ao setor competente da administração, as possibilidades de realizar a manutenção do sistema de lazer localizado na Rua Augusto Escosa Nogueira com a Rua Alfredo Silva Santos, no bairro Jardim Boa Vista. As melhorias incluem a substituição do playground, reforço na...",Indicação nº 071/2025
070,2025,05/03/2025,Encaminhado,"Anderson Marcos Viana (Autor), Adriano de Marcos Lopes (Autor), Teresinha de Lourdes Freitas Regodanso (Autor)","Indicamos ao Excelentíssimo Senhor Prefeito Municipal, que estude junto ao setor competente da administração, as possibilidades de instalar uma farmácia dentro do Pronto Socorro, com a construção de uma repartição específica e a presença de um farmacêutico. Com essa medida, os pacientes já sairiam da consulta com seus medicamentos em...",Indicação nº 070/2025
069,2025,27/02/2025,Encaminhado,Samir Edson Tino (Autor),"Indico ao Excelentíssimo Senhor Prefeito Municipal, que estude junto ao setor competente da administração, as possibilidades de desenvolver um aplicativo oficial de Junqueirópolis para facilitar o acesso a serviços públicos, denúncias e eventos locais. O aplicativo ""SP156"", da cidade de São Paulo, é um exemplo a ser seguido, pois permite...",Indicação nº 069/2025
068,2025,27/02/2025,Encaminhado,Renato Vieira de Brito (Autor),"Indico ao Excelentíssimo Senhor Prefeito Municipal, que estude junto ao setor competente da administração, as possibilidades de implementar uma lombofaixa na Avenida Bandeirantes, defronte ao prédio da fisioterapia, na pista que vai do bairro em direção ao centro. Atualmente, a via é movimentada, e a ausência de uma lombofaixa nesse...",Indicação nº 068/2025
067,2025,25/02/2025,Encaminhado,"Samir Edson Tino (Autor), Renato Vieira de Brito (Autor)","Indicamos ao Excelentíssimo Senhor Prefeito Municipal, que estude junto ao setor competente da administração, as possibilidades de adquirir um caminhão de trabalho equipado com ferramentas como betoneira, furadeira, serra elétrica, compressor de ar, entre outras, para realizar serviços e obras na cidade. A aquisição desse equipamento...",Indicação nº 067/2025
066,2025,25/02/2025,Encaminhado,"Bruno Herreira (Autor), Samir Edson Tino (Autor), Elizeu Adriano (Autor)","Indicamos ao Excelentíssimo Senhor Prefeito Municipal, que estude junto ao setor competente da administração, as possibilidades de realizar a compra ou locação de um imóvel urbano próximo ao Hospital Regional de Oncologia - Hospital de Esperança, na cidade de Presidente Prudente para funcionar como casa de apoio, uma vez que diariamente...",Indicação nº 066/2025
065,2025,25/02/2025,Encaminhado,Bruno Herreira (Autor),"Indico ao Excelentíssimo Senhor Prefeito Municipal, que estude junto ao setor competente da administração, as possibilidades de implantar a concessão de diárias (valor fixo) aos servidores públicos municipais motoristas, quando do seu deslocamento da sede do município, desde que devidamente autorizado pelo gestor responsável, para suprir...",Indicação nº 065/2025
064,2025,25/02/2025,Encaminhado,Renato Vieira de Brito (Autor),"Indico ao Excelentíssimo Senhor Prefeito Municipal, que estude junto ao setor competente da administração, as possibilidades de realizar inscrições, por meio do Ministério da Saúde, para a participação do município no Programa Mais Médicos do Governo Federal, visando à contratação de profissionais para reforçar o atendimento na rede...",Indicação nº 064/2025
063,2025,25/02/2025,Encaminhado,"Teresinha de Lourdes Freitas Regodanso (Autor), Adriano de Marcos Lopes (Autor), Anderson Marcos Viana (Autor)","Indicamos ao Excelentíssimo Senhor Prefeito Municipal, que estude junto ao setor competente da administração, as possibilidades de retornar com as aulas de passinho que ocorriam no ano passado. O retorno das atividades contribuiria para o engajamento dos participantes, além de fortalecer a expressão artística no município.",Indicação nº 063/2025
062,2025,24/02/2025,Encaminhado,"Anderson Marcos Viana (Autor), Adriano de Marcos Lopes (Autor), Teresinha de Lourdes Freitas Regodanso (Autor)","Indicamos ao Excelentíssimo Senhor Prefeito Municipal, que estude junto ao setor competente da administração, as possibilidades de verificar a situação contratual da empresa responsável pela obra no local conhecido como ""Buracão"" e avalie a possibilidade de contato para que os serviços sejam finalizados, caso ainda estejam pendentes....",Indicação nº 062/2025
061,2025,24/02/2025,Encaminhado,"Anderson Marcos Viana (Autor), Adriano de Marcos Lopes (Autor), Teresinha de Lourdes Freitas Regodanso (Autor)","Indicamos ao Excelentíssimo Senhor Prefeito Municipal, que estude junto ao setor competente da administração, as possibilidades de implementar uma área de lazer com aparelhos de ginástica e brinquedos para as crianças nas proximidades ou até mesmo dentro do Estádio Municipal Raphael Capelli. Vale destacar que anteriormente havia uma...",Indicação nº 061/2025
060,2025,24/02/2025,Encaminhado,"Anderson Marcos Viana (Autor), Adriano de Marcos Lopes (Autor), Teresinha de Lourdes Freitas Regodanso (Autor)","Indicamos ao Excelentíssimo Senhor Prefeito Municipal, que estude junto ao setor competente da administração, as possibilidades de incluir na Lei Orçamentária Anual (LOA) um montante de dotação orçamentária visando atender programas de reconstrução e pequenas reformas de residências de famílias carentes, nos moldes de como foi instituído...",Indicação nº 060/2025
059,2025,24/02/2025,Encaminhado,Reinaldo Codognato (Autor),"Indico ao Excelentíssimo Senhor Prefeito Municipal, que estude junto ao setor competente da administração, as possibilidades de implementar um estacionamento para deficientes na Avenida Belo Horizonte, na altura do número 883, devido à proximidade de uma clínica de fisioterapia e pilates. Essa medida irá facilitar o acesso e proporcionar...",Indicação nº 059/2025
058,2025,24/02/2025,Encaminhado,Reinaldo Codognato (Autor),"Indico ao Excelentíssimo Senhor Prefeito Municipal, que estude junto ao setor competente da administração, as possibilidades de aquisição de novos brinquedos para os Centros Educacionais Infantis (CEIs) do município. A renovação e ampliação dos brinquedos são essenciais para garantir um ambiente mais lúdico, seguro e estimulante para as...",Indicação nº 058/2025
057,2025,24/02/2025,Encaminhado,Reinaldo Codognato (Autor),"Indico ao Excelentíssimo Senhor Prefeito Municipal, que estude junto ao setor competente da administração, as possibilidades de iniciar aulas de skate no município, considerando o aumento da adesão ao esporte e os benefícios da interação social proporcionada por essa prática. A oferta de aulas pode incentivar a prática esportiva de forma...",Indicação nº 057/2025
056,2025,18/02/2025,Encaminhado,"Reinaldo Codognato (Autor), Bruno Herreira (Autor), Edvaldo Aparecido Carvalho (Autor), Elizeu Adriano (Autor), Renato Vieira de Brito (Autor), Samir Edson Tino (Autor)","Indicamos ao Excelentíssimo Senhor Prefeito Municipal, que estude junto ao setor competente da administração, as possibilidades de criação de uma equipe braçal para auxiliar a equipe responsável pela manutenção das estradas rurais. A formação de uma equipe adicional pode aumentar a eficiência dos trabalhos, garantindo que as estradas...",Indicação nº 056/2025
055,2025,18/02/2025,Encaminhado,"Bruno Herreira (Autor), Anderson Marcos Viana (Autor)","Indicamos ao Excelentíssimo Senhor Prefeito Municipal, que estude junto ao setor competente da administração, as possibilidades de realizar manutenção no piso da Praça Central Álvaro de Oliveira Junqueira. Atualmente, há buracos e pedras soltas que aumentam o risco de quedas, especialmente para idosos e demais pedestres que frequentam o...",Indicação nº 055/2025
054,2025,18/02/2025,Encaminhado,"Reinaldo Codognato (Autor), Bruno Herreira (Autor), Edvaldo Aparecido Carvalho (Autor), Elizeu Adriano (Autor), Renato Vieira de Brito (Autor), Samir Edson Tino (Autor)","Indicamos ao Excelentíssimo Senhor Prefeito Municipal, que estude junto ao setor competente da administração, as possibilidades de promover ações de conscientização sobre o uso das bicicletas elétricas no município. O aumento da utilização desse meio de transporte tem gerado preocupações, especialmente quanto à segurança no trânsito,...",Indicação nº 054/2025
053,2025,18/02/2025,Encaminhado,"Reinaldo Codognato (Autor), Bruno Herreira (Autor), Edvaldo Aparecido Carvalho (Autor), Elizeu Adriano (Autor), Renato Vieira de Brito (Autor), Samir Edson Tino (Autor)","Indico ao Excelentíssimo Senhor Prefeito Municipal, que estude junto ao setor competente da administração, as possibilidades de destinar recursos anuais para a substituição preventiva dos encanamentos da rede de água do município. Grande parte da infraestrutura atual é antiga e necessita de renovação para evitar problemas futuros, como...",Indicação nº 053/2025
052,2025,18/02/2025,Encaminhado,"Teresinha de Lourdes Freitas Regodanso (Autor), Adriano de Marcos Lopes (Autor), Anderson Marcos Viana (Autor)","Indicamos ao Excelentíssimo Senhor Prefeito Municipal, que estude junto ao setor competente da administração, as possibilidades de realizar a devida reforma dos vestiários do Estádio Municipal Raphael Capelli, como a troca dos pisos que estão caindo e a instalação de novos chuveiros e sanitários mais adequados. Tal indicação se justifica...",Indicação nº 052/2025
051,2025,18/02/2025,Encaminhado,"Teresinha de Lourdes Freitas Regodanso (Autor), Adriano de Marcos Lopes (Autor), Anderson Marcos Viana (Autor)","Indicamos ao Excelentíssimo Senhor Prefeito Municipal, que estude junto ao setor competente da administração, as possibilidades de realizar a manutenção do telhado e paredes da Biblioteca Municipal em razão das infiltrações decorrentes dos períodos de chuva, bem como proceder uma reforma geral. As infiltrações de água representam um...",Indicação nº 051/2024
050,2025,17/02/2025,Encaminhado,Renato Vieira de Brito (Autor),"Indico ao Excelentíssimo Senhor Prefeito Municipal, que estude junto ao setor competente da administração, as possibilidades de instalar uma placa de carga e descarga nas proximidades da empresa localizada na Rua São Salvador, n° 882A. A solicitação se faz necessária devido à grande demanda de carregamento de mercadorias no local,...",Indicação nº 050/2025
049,2025,17/02/2025,Encaminhado,"Samir Edson Tino (Autor), Bruno Herreira (Autor)","Indicamos ao Excelentíssimo Senhor Prefeito Municipal, que estude junto ao setor competente da administração, as possibilidades de reformar o espaço localizado no recinto da Aceruva, onde anteriormente eram realizadas provas de laço, para que a modalidade possa ser retomada. O local já possui estrutura básica, tornando a reforma de baixo...",Indicação nº 049/2025
048,2025,17/02/2025,Encaminhado,"Samir Edson Tino (Autor), Teresinha de Lourdes Freitas Regodanso (Autor)","Indicamos ao Excelentíssimo Senhor Prefeito Municipal, que estude junto ao setor competente da administração, as possibilidades de construir, alugar ou adquirir um prédio para instalação da Creche Municipal do Idoso, visando atender principalmente às famílias de nosso município que não têm onde deixar o idoso durante o período de...",Indicação nº 048/2025
047,2025,17/02/2025,Encaminhado,"Anderson Marcos Viana (Autor), Adriano de Marcos Lopes (Autor), Teresinha de Lourdes Freitas Regodanso (Autor)","Indicamos ao Excelentíssimo Senhor Prefeito Municipal, que estude junto ao setor competente da administração, as possibilidades de instalar um portão com tela na entrada principal do Centro Educacional Infantil Raio de Luz.",Indicação nº 047/2025
046,2025,17/02/2025,Encaminhado,"Anderson Marcos Viana (Autor), Adriano de Marcos Lopes (Autor), Teresinha de Lourdes Freitas Regodanso (Autor)","Indicamos ao Excelentíssimo Senhor Prefeito Municipal, que estude junto ao setor competente da administração, as possibilidades de fornecer alimentação aos pacientes que se deslocam para exames ou retornos médicos por meio da ambulância municipal. Muitas dessas pessoas passam longas horas em viagem para atendimento em outras cidades, sem...",Indicação nº 046/2025
045,2025,17/02/2025,Encaminhado,"Anderson Marcos Viana (Autor), Adriano de Marcos Lopes (Autor), Teresinha de Lourdes Freitas Regodanso (Autor)","Indicamos ao Excelentíssimo Senhor Prefeito Municipal, que estude junto ao setor competente da administração, as possibilidades de adquirir testes de COVID-19 para a rede municipal de saúde. Os casos da doença têm aumentado novamente, e muitas pessoas apresentam sintomas, mas não conseguem confirmar o diagnóstico devido à falta de testes...",Indicação nº 045/2025
044,2025,12/02/2025,Encaminhado,"Adriano de Marcos Lopes (Autor), Anderson Marcos Viana (Autor), Teresinha de Lourdes Freitas Regodanso (Autor)","Indicamos ao Excelentíssimo Senhor Prefeito Municipal, que estude junto ao setor competente da administração, as possibilidades de implementar um time de base de futebol em Junqueirópolis, envolvendo treinamentos e toda a infraestrutura necessária. A criação de um time de base contribuiria significativamente para o desenvolvimento de...",Indicação nº 044/2025
043,2025,12/02/2025,Encaminhado,"Adriano de Marcos Lopes (Autor), Anderson Marcos Viana (Autor), Teresinha de Lourdes Freitas Regodanso (Autor)","Indicamos ao Excelentíssimo Senhor Prefeito Municipal, que estude junto ao setor competente da administração, as possibilidades de criar um programa em parceria com as Diretorias Municipais de Assistência e Desenvolvimento Social e Indústria e Comércio, com o intuito de intensificar o trabalho já realizado pela Associação Comercial e...",Indicação nº 043/2025
042,2025,12/02/2025,Encaminhado,"Adriano de Marcos Lopes (Autor), Anderson Marcos Viana (Autor), Teresinha de Lourdes Freitas Regodanso (Autor)","Indicamos ao Excelentíssimo Senhor Prefeito Municipal, que estude junto ao setor competente da administração, as possibilidades de implementar um banheiro e bebedouros de água na praça do Bairro Cristo Redentor, considerando que os frequentadores precisam atravessar a movimentada Avenida Geraldo Fudo para acessar o posto de combustível...",Indicação nº 042/2025
041,2025,12/02/2025,Encaminhado,"Anderson Marcos Viana (Autor), Adriano de Marcos Lopes (Autor), Teresinha de Lourdes Freitas Regodanso (Autor)","Indicamos ao Excelentíssimo Senhor Prefeito Municipal, que estude junto ao setor competente da administração, as possibilidades de dar continuidade nas obras de recuperação do asfalto nos locais onde houve o corte para a construção de lombadas, mas que ainda não foram finalizadas, como na esquina da Granol com a Rua Liogi Iwaki e em...",Indicação nº 041/2025
040,2025,12/02/2025,Encaminhado,"Anderson Marcos Viana (Autor), Adriano de Marcos Lopes (Autor), Teresinha de Lourdes Freitas Regodanso (Autor)","Indicamos ao Excelentíssimo Senhor Prefeito Municipal, que estude junto ao setor competente da administração, as possibilidades de incluir estacionamentos exclusivos para motos no centro da cidade, destinados a paradas rápidas de 3 a 4 minutos. Essa medida facilitaria o acesso dos motociclistas a comércios e serviços, garantindo mais...",Indicação nº 040/2025
039,2025,12/02/2025,Encaminhado,"Anderson Marcos Viana (Autor), Adriano de Marcos Lopes (Autor), Teresinha de Lourdes Freitas Regodanso (Autor)","Indicamos ao Excelentíssimo Senhor Prefeito Municipal, que estude junto ao setor competente da administração, as possibilidades de denominar o recinto da Aceruva com o nome do saudoso senhor Hélio Aparecido Mendes Furini, em homenagem ao seu legado e contribuição para o município. Seu nome representa dedicação e história em nossa cidade,...",Indicação nº 039/2025
038,2025,10/02/2025,Encaminhado,"Teresinha de Lourdes Freitas Regodanso (Autor), Adriano de Marcos Lopes (Autor), Anderson Marcos Viana (Autor)","Indicamos ao Excelentíssimo Senhor Prefeito Municipal, que estude junto ao setor competente da administração, as possibilidades de adotar medidas eficazes para conter o volume de água da chuva que desce da linha do trem em direção à Avenida Junqueira. No cruzamento com a Rua das Perdizes e a Rua São Salvador, no Bairro Jardim dos...",Indicação nº 038/2025
037,2025,10/02/2025,Encaminhado,"Bruno Herreira (Autor), Samir Edson Tino (Autor)","Indicamos ao Excelentíssimo Senhor Prefeito Municipal, que estude junto ao setor competente da administração, as possibilidades de implantar uma lombo faixa em frente à Escola Municipal Professora Neyde Macedo Brandão Fernandes. A medida traria mais segurança para os alunos, pais e funcionários que transitam diariamente pelo local,...",Indicação nº 037/2025
036,2025,10/02/2025,Encaminhado,"Reinaldo Codognato (Autor), Bruno Herreira (Autor), Edvaldo Aparecido Carvalho (Autor), Elizeu Adriano (Autor), Renato Vieira de Brito (Autor), Samir Edson Tino (Autor)","Indicamos ao Excelentíssimo Senhor Prefeito Municipal, que estude junto ao setor competente da administração, as possibilidades de revitalizar a Praça Centenário, com atenção especial à qualidade do solo, garantindo um espaço mais seguro e adequado para o uso da comunidade. Além disso, propomos a instalação de câmeras de monitoramento e...",Indicação nº 036/2025
035,2025,10/02/2025,Encaminhado,"Reinaldo Codognato (Autor), Bruno Herreira (Autor), Edvaldo Aparecido Carvalho (Autor), Elizeu Adriano (Autor), Renato Vieira de Brito (Autor), Samir Edson Tino (Autor)","Indicamos ao Excelentíssimo Senhor Prefeito Municipal, que estude junto ao setor competente da administração, as possibilidades de estabelecer que as novas pinturas de prédios públicos sigam as cores predominantes da bandeira municipal, conforme dispõe o Art. 2º da Lei Municipal nº 2.915, de 02 de setembro de 2014. Essa medida...",Indicação nº 035/2025
034,2025,10/02/2025,Encaminhado,Reinaldo Codognato (Autor),"Indico ao Excelentíssimo Senhor Prefeito Municipal, que estude junto ao setor competente da administração, as possibilidades de adotar medidas para solucionar o problema do forte odor de esgoto que tem retornado para as casas próximas ao cruzamento da Avenida Marconi com a Rua Ipiranga, no Bairro Alto do Cene. Os moradores da região têm...",Indicação nº 034/2025
033,2025,10/02/2025,Encaminhado,"Edvaldo Aparecido Carvalho (Autor), Bruno Herreira (Autor), Elizeu Adriano (Autor), Reinaldo Codognato (Autor), Renato Vieira de Brito (Autor), Samir Edson Tino (Autor)","Indicamos ao Excelentíssimo Senhor Prefeito Municipal, que estude junto ao setor competente da administração, as possibilidades de adotar frentes de trabalho para atuar na resolução dos problemas mais recorrentes e urgentes do município, com atenção especial ao combate à dengue. Para garantir mais agilidade e eficiência na execução...",Indicação nº 033/2025
032,2025,05/02/2025,Encaminhado,"Adriano de Marcos Lopes (Autor), Anderson Marcos Viana (Autor), Teresinha de Lourdes Freitas Regodanso (Autor)","Indicamos ao Excelentíssimo Senhor Prefeito Municipal, que estude junto ao setor competente da administração, as possibilidades de construir uma cobertura no Centro Educacional Infantil Nosso Teto, no trecho que liga o pátio às novas salas recentemente construídas. Essa melhoria proporcionaria mais conforto e segurança para os alunos,...",Indicação nº 032/2025
031,2025,05/02/2025,Encaminhado,"Adriano de Marcos Lopes (Autor), Anderson Marcos Viana (Autor), Teresinha de Lourdes Freitas Regodanso (Autor)","Indicamos ao Excelentíssimo Senhor Prefeito Municipal, que estude junto ao setor competente da administração, as possibilidades de implantar uma Central de Monitoramento para acompanhar em tempo real as imagens das câmeras instaladas em praças e nos principais pontos públicos da cidade. Além disso, propomos a ampliação do sistema de...",Indicação nº 031/2025
030,2025,05/02/2025,Encaminhado,"Adriano de Marcos Lopes (Autor), Anderson Marcos Viana (Autor), Teresinha de Lourdes Freitas Regodanso (Autor)","Indicamos ao Excelentíssimo Senhor Prefeito Municipal, que estude junto ao setor competente da administração, as possibilidades de providenciar carteirinhas funcionais para os servidores públicos municipais. Esse documento facilitaria a identificação dos servidores, permitindo que aqueles que têm direito à meia-entrada em eventos e...",Indicação nº 030/2025
029,2025,05/02/2025,Encaminhado,Samir Edson Tino (Autor),"Indico ao Excelentíssimo Senhor Prefeito Municipal, que estude junto ao setor competente da administração, as possibilidades de implantar uma lombada na Avenida Rio Branco, no cruzamento com a Rua das Américas. Trata-se de um trecho de grande fluxo de veículos, onde a medida ajudaria a reduzir a velocidade e aumentar a segurança de...",Indicação nº 029/2025
028,2025,05/02/2025,Encaminhado,Samir Edson Tino (Autor),"Indico ao Excelentíssimo Senhor Prefeito Municipal, que estude junto ao setor competente da administração, as possibilidades de implementar uma faixa elevada em frente à Escola Estadual Prof. Geraldo Pecorari, na Rua Duque de Caxias, assim como foi feito em frente à Escola Estadual Prof. Idene Rodrigues dos Santos. Essa medida...",Indicação nº 028/2025
027,2025,05/02/2025,Encaminhado,"Samir Edson Tino (Autor), Bruno Herreira (Autor)","Indicamos ao Excelentíssimo Senhor Prefeito Municipal, que estude junto ao setor competente da administração, as possibilidades de oferecer apoio e incentivos ao Grupo Vainamarra, formado por ciclistas de Junqueirópolis que, além da prática esportiva diária, realizam eventos solidários para arrecadação de alimentos e recursos destinados...",Indicação nº 027/2025
026,2025,05/02/2025,Encaminhado,Reinaldo Codognato (Autor),"Indico ao Excelentíssimo Senhor Prefeito Municipal, que estude junto ao setor competente da administração, as possibilidades de criar um espaço dedicado ao desenvolvimento cultural da nossa comunidade, descentralizando os eventos que atualmente ocorrem no Centro de Formação Educacional (CEFE) e levando atividades para os bairros....",Indicação nº 026/2025
025,2025,05/02/2025,Encaminhado,Reinaldo Codognato (Autor),"Indico ao Excelentíssimo Senhor Prefeito Municipal, que estude junto ao setor competente da administração, as possibilidades de construir banheiros no Complexo Esportivo Joaquina Porto Clemente, atendendo à necessidade do público que utiliza as instalações, como a academia ao ar livre, a quadra de vôlei de areia, o campo e os torcedores...",Indicação nº 025/2025
024,2025,05/02/2025,Encaminhado,"Reinaldo Codognato (Autor), Bruno Herreira (Autor), Edvaldo Aparecido Carvalho (Autor), Elizeu Adriano (Autor), Renato Vieira de Brito (Autor), Samir Edson Tino (Autor)","Indicamos ao Excelentíssimo Senhor Prefeito Municipal, que estude junto ao setor competente da administração, as possibilidades de aumentar o valor repassado às entidades do município por meio de Termos de Colaboração. Instituições como o Centro Comunitário Semente da Vida, Saica Semear, Lar Santa Terezinha “Amor e Vida” e a Associação...",Indicação nº 024/2025
023,2025,04/02/2025,Encaminhado,"Anderson Marcos Viana (Autor), Adriano de Marcos Lopes (Autor), Teresinha de Lourdes Freitas Regodanso (Autor)","Indicamos ao Excelentíssimo Senhor Prefeito Municipal, que estude junto ao setor competente da administração, as possibilidades de modificar o projeto da usina fotovoltaica, priorizando a instalação das placas solares nos telhados dos Centros Educacionais Infantis e das escolas municipais, em vez de implantá-las no Bairro Duas Barras,...",Indicação nº 023/2025
022,2025,04/02/2025,Encaminhado,"Anderson Marcos Viana (Autor), Adriano de Marcos Lopes (Autor), Teresinha de Lourdes Freitas Regodanso (Autor)","Indicamos ao Excelentíssimo Senhor Prefeito Municipal, que estude junto ao setor competente da administração, as possibilidades de ajustar o horário da coleta de resíduos para o período noturno, atendendo a uma reivindicação dos coletores, especialmente devido às altas temperaturas. Além disso, propomos a adequação do horário de almoço...",Indicação nº 022/2025
021,2025,04/02/2025,Encaminhado,"Samir Edson Tino (Autor), Bruno Herreira (Autor)","Indicamos ao Excelentíssimo Senhor Prefeito Municipal, que estude junto ao setor competente da administração, as possibilidades de ampliar a cobertura localizada na saída dos alunos da Escola Municipal Prof. Jair Luiz da Silva, uma vez que a estrutura atual é estreita e não oferece abrigo adequado para todos. Essa melhoria proporcionaria...",Indicação nº 021/2025
020,2025,04/02/2025,Encaminhado,Renato Vieira de Brito (Autor),"Indico ao Excelentíssimo Senhor Prefeito Municipal, que estude junto ao setor competente da administração, as possibilidades de incluir, junto ao uniforme escolar entregue aos alunos da rede municipal, agasalhos e um par de tênis. Essa iniciativa contribuiria para mais conforto e igualdade entre os estudantes, garantindo que todos tenham...",Indicação nº 020/2025
019,2025,04/02/2025,Encaminhado,Renato Vieira de Brito (Autor),"Indico ao Excelentíssimo Senhor Prefeito Municipal, que estude junto ao setor competente da administração, as possibilidades de instalar uma caixa de areia no playground da área verde do Bairro Delta Ville 2, além da colocação de três jogos de mesas próximas ao local. Essas melhorias proporcionarão mais conforto e opções de lazer para as...",Indicação nº 019/2025
018,2025,04/02/2025,Encaminhado,Renato Vieira de Brito (Autor),"Indico ao Excelentíssimo Senhor Prefeito Municipal, que estude junto ao setor competente da administração, as possibilidades de implantar um Parque dos Dinossauros no Bosque Municipal, com a instalação de réplicas de diferentes espécies. Essa iniciativa tornaria o espaço mais atrativo para as crianças e ajudaria a transformar o bosque em...",Indicação nº 018/2025
017,2025,03/02/2025,Encaminhado,"Teresinha de Lourdes Freitas Regodanso (Autor), Adriano de Marcos Lopes (Autor), Anderson Marcos Viana (Autor)","Indico ao Excelentíssimo Senhor Prefeito Municipal, que estude junto ao setor competente da administração, as possibilidades de denominar o Complexo Esportivo do bairro Jardim Alvorada em homenagem à saudosa senhora Maria das Dores Barbosa Stopa, carinhosamente conhecida como Dona Dorinha, professora. Essa seria uma justa homenagem a...",Indicação nº 017/2025
016,2025,03/02/2025,Encaminhado,"Teresinha de Lourdes Freitas Regodanso (Autor), Adriano de Marcos Lopes (Autor), Anderson Marcos Viana (Autor)","Indicamos ao Excelentíssimo Senhor Prefeito Municipal, que estude junto ao setor competente da administração, as possibilidades de realizar melhorias no Complexo Esportivo do Jardim Alvorada, como a instalação de um playground, o plantio de árvores frutíferas e a implantação de câmeras de monitoramento. Essas melhorias trarão mais...",Indicação nº 016/2025
015,2025,03/02/2025,Encaminhado,"Teresinha de Lourdes Freitas Regodanso (Autor), Adriano de Marcos Lopes (Autor), Anderson Marcos Viana (Autor)","Indico ao Excelentíssimo Senhor Prefeito Municipal, que estude junto ao setor competente da administração, as possibilidades de realizar melhorias no Parque Ecológico, incluindo reparos nos aparelhos de ginástica da academia ao ar livre e o plantio de novas árvores para substituir aquelas que secaram. Essas ações contribuirão para tornar...",Indicação nº 015/2025
014,2025,03/02/2025,Encaminhado,Bruno Herreira (Autor),"Indico ao Excelentíssimo Senhor Prefeito Municipal, que estude junto ao setor competente da administração, as possibilidades de instalar um redutor de velocidade na Rua General Osório, no trecho entre a Rua São Luiz e a Rua das Américas. Essa via é bastante movimentada e fica próxima a bares muito frequentados, o que aumenta o risco para...",Indicação nº 014/2025
013,2025,03/02/2025,Encaminhado,Bruno Herreira (Autor),"Indico ao Excelentíssimo Senhor Prefeito Municipal, que estude junto ao setor competente da administração, as possibilidades de nomear a Divisão de Educação Municipal de Junqueirópolis em homenagem ao saudoso Professor Antonio Carlos Martins Pereira, que dedicou sua vida a servir nossa comunidade, deixando um legado inesquecível na...",Indicação nº 013/2025
012,2025,03/02/2025,Encaminhado,Elizeu Adriano (Autor),"Indico ao Excelentíssimo Senhor Prefeito Municipal, que estude junto ao setor competente da administração, as possibilidades de realizar reparos no calçamento ao redor da Farmácia Municipal. Caso não seja possível a realização dos reparos pela administração municipal, sugerimos que o proprietário do imóvel seja notificado sobre as...",Indicação nº 012/2025
011,2025,30/01/2025,Encaminhado,Renato Vieira de Brito (Autor),"Indico ao Excelentíssimo Senhor Prefeito Municipal, que estude junto ao setor competente da administração, as possibilidades de instalar um ponto de iluminação no prolongamento da Rua Constantino Marcolino de Souza, no sentido do Mercadinho Pioneiros. Essa via é amplamente utilizada para acesso a bairros como Delta Ville I e II, e a...",Indicação nº 011/2025
010,2025,30/01/2025,Encaminhado,Reinaldo Codognato (Autor),"Indico ao Excelentíssimo Senhor Prefeito Municipal, que estude junto ao setor competente da administração, as possibilidades de uma reforma geral no Estratégia Saúde da Família 1 (ESF 1). O objetivo é proporcionar um ambiente mais seguro e adequado para pacientes e profissionais, considerando melhorias como a troca do telhado, que...",Indicação nº 010/2025
009,2025,29/01/2025,Encaminhado,"Adriano de Marcos Lopes (Autor), Anderson Marcos Viana (Autor), Teresinha de Lourdes Freitas Regodanso (Autor)","Indicamos ao Excelentíssimo Senhor Prefeito Municipal, que estude junto ao setor competente da administração, as possibilidades de elevar o bueiro de grelha de ferro localizado na Avenida Fudo, na altura do número 454, em frente à sorveteria Delikatto. Motoristas, especialmente motociclistas, têm relatado que o bueiro está muito abaixo...",Indicação nº 009/2025
008,2025,27/01/2025,Encaminhado,"Anderson Marcos Viana (Autor), Adriano de Marcos Lopes (Autor), Teresinha de Lourdes Freitas Regodanso (Autor)","Indicamos ao Excelentíssimo Senhor Prefeito Municipal, que estude junto ao setor competente da administração, as possibilidades de garantir o transporte escolar para todas as crianças uniformizadas que estiverem nos pontos de ônibus, mesmo que não residam dentro da metragem mínima exigida pela legislação educacional. Essa medida...",Indicação nº 008/2025
007,2025,27/01/2025,Encaminhado,"Anderson Marcos Viana (Autor), Adriano de Marcos Lopes (Autor), Teresinha de Lourdes Freitas Regodanso (Autor)","Indicamos ao Excelentíssimo Senhor Prefeito Municipal, que estude junto ao setor competente da administração, as possibilidades de conceder o ticket alimentação aos funcionários do Conselho Tutelar. Esses profissionais desempenham um papel fundamental na proteção e garantia dos direitos das crianças e adolescentes, muitas vezes...",Indicação nº 007/2025
006,2025,27/01/2025,Encaminhado,"Teresinha de Lourdes Freitas Regodanso (Autor), Adriano de Marcos Lopes (Autor), Anderson Marcos Viana (Autor)","Indicamos ao Excelentíssimo Senhor Prefeito Municipal, que estude junto ao setor competente da administração, as possibilidades de realizar o recapeamento da Vicinal Dr. José Siniciato, com atenção especial à revitalização da sinalização de solo. Essa via é de grande importância para a região, pois dá acesso a diversas propriedades...",Indicação nº 006/2025
005,2025,27/01/2025,Encaminhado,"Teresinha de Lourdes Freitas Regodanso (Autor), Adriano de Marcos Lopes (Autor), Anderson Marcos Viana (Autor)","Indicamos ao Excelentíssimo Senhor Prefeito Municipal, que estude junto ao setor competente da administração, as possibilidades de instalar uma fita de isolamento zebrada para sinalização, bem como a instalação de um corrimão próximo ao palco no Centro de Formação Educacional (CEFE). A ausência desses itens tem tornado o acesso ao palco...",Indicação nº 005/2025
004,2025,24/01/2025,Encaminhado,"Adriano de Marcos Lopes (Autor), Anderson Marcos Viana (Autor), Teresinha de Lourdes Freitas Regodanso (Autor)","Indicamos ao Excelentíssimo Senhor Prefeito Municipal, que estude junto ao setor competente da administração, as possibilidades de instalar semáforos em dois importantes cruzamentos da cidade: na Avenida 7 de Setembro com a Rua Quinzinho da Cunha e na Avenida Junqueira com a Rua Quinzinho da Cunha. O primeiro local tem registrado...",Indicação nº 004/2025
003,2025,24/01/2025,Encaminhado,Reinaldo Codognato (Autor),"Indico ao Excelentíssimo Senhor Prefeito Municipal, que estude junto ao setor competente da administração, as possibilidades de substituição do playground da praça situada no Bairro Residencial Vale do Sol. O espaço é amplamente utilizado pelas crianças da região, sendo fundamental garantir sua segurança e qualidade, proporcionando um...",Indicação nº 003/2025
002,2025,24/01/2025,Encaminhado,Reinaldo Codognato (Autor),"Indico ao Excelentíssimo Senhor Prefeito Municipal, que estude junto ao setor competente da administração, as possibilidades de implementar um sistema de iluminação e irrigação na pista de motocross. A construção de um mecanismo de irrigação substituiria o uso de caminhão pipa, proporcionando mais eficiência e praticidade. Essa...",Indicação nº 002/2025
001,2025,22/01/2025,Encaminhado,Renato Vieira de Brito (Autor),"Indico ao Excelentíssimo Senhor Prefeito Municipal, que estude junto ao setor competente da administração, as possibilidades de troca do gramado do campo do Bairro Cristo Redentor, bem como a instalação de banheiros para uso dos esportistas. Além disso, sugiro a substituição do gramado do campo do centro esportivo do Bairro Jardim...",Indicação nº 001/2025
192,2025,04/08/2025,Encaminhado,"Adriano de Marcos Lopes (Autor), Anderson Marcos Viana (Autor), Teresinha de Lourdes Freitas Regodanso (Autor)","Indicamos ao Excelentíssimo Senhor Prefeito Municipal, que estude junto ao setor competente da administração, as possibilidades de implantar uma faixa de pedestres na Avenida Junqueira, na altura do cruzamento com a Rua Corumbá, nas proximidades do ponto de ônibus existente no local. O trecho é bastante utilizado por crianças que...","Indicação nº 192/2025 [CORRIGIDO MANUALMENTE: o site lista este registro com Número=197/2025, que já pertence a outra proposição distinta — erro de cadastro no site oficial, confirmado pelo Título e pela posição cronológica entre 191 e 193]"
