ID,Numero_Requerimento,Ano,Sessao,Data_Sessao,Vereador,Resumo,Diretoria_Destino,Resultado_Votacao,Oficio_Resposta,Status_Resposta,Observacoes
REQ-001,004,2022,52ª Sessão Ordinária da 18ª Legislatura,2022-04-11,"Elio Furini Neto, Anderson Marcos Viana, Paulo Sérgio Cordeiro, Teresinha de Lourdes Freitas Regodanso, Valdir Aparecido de Oliveira","Solicita informações ao prefeito municipal sobre como está sendo feito o cálculo dos salários dos professores de educação básica I em conformidade com a Lei Complementar nº 1024/2022 (piso salarial nacional), incluindo o cálculo para professores com carga horária inferior a 40 horas semanais, em razão de reclamações de professores que não entenderam os cálculos aplicados.","Diretoria de Fazenda, Compras, Almoxarifado e Recursos Humanos",Aprovado,,Pendente,"Data da sessão conforme mencionado no texto da transcrição (véspera da data do nome do arquivo, que corresponde ao dia da postagem/upload). Aprovado por unanimidade de votos."
REQ-002,005,2022,54ª Sessão Ordinária da 18ª Legislatura,2022-04-25,Anderson Marcos Viana,"Solicita informações ao Executivo sobre a formação da banda municipal (Projeto de Lei nº 10/2022 e Projetos de Lei Complementares nº 23 e 24/2022): qual a faixa etária dos integrantes que comporão a banda (já que em reunião prévia foi mencionado 'todas as idades', divergindo do estatuto do Centro Comunitário Semente da Vida, voltado a adolescentes de 12 a 17 anos e 11 meses) e se haveria possibilidade de apresentar minuta do plano de trabalho do termo de colaboração.","Diretoria de Educação, Cultura, Esportes, Lazer e Turismo",Aprovado,09/2022 (Departamento Jurídico),Respondido,"Data da sessão conforme mencionado no texto da transcrição (véspera da data do nome do arquivo, que corresponde ao dia da postagem/upload). Aprovado por 6 votos a 3. Resposta mencionada no resumo do expediente da sessão de 2022-05-09 (56ª sessão): ofício nº 09/2022 do Departamento Jurídico, informando o ofício nº 36/2022 desta Casa (não fica explícito no texto se a resposta esclareceu integralmente as dúvidas levantadas)."
REQ-003,006,2022,54ª Sessão Ordinária da 18ª Legislatura,2022-04-25,Anderson Marcos Viana,"Solicita informações ao prefeito municipal sobre em quais leis municipais, decretos ou atos normativos a administração se baseia para autorizar a prestação de serviços a terceiros com maquinários e veículos de propriedade da Prefeitura, além do último decreto que dispõe sobre a revisão dos custos operacionais de tais serviços, em razão de comentários sobre uso de maquinário municipal em terreno particular na Rua Victor Junqueira, nº 1.105.","Diretoria de Planejamento, Obras, Serviços e Manutenção",Aprovado,11/2022 (Departamento Jurídico),Respondido,"Data da sessão conforme mencionado no texto da transcrição (véspera da data do nome do arquivo, que corresponde ao dia da postagem/upload). Resposta mencionada no resumo do expediente da sessão de 2022-05-09 (56ª sessão): ofício nº 11/2022 do Departamento Jurídico, informando o ofício nº 37/2022 desta Casa, com referência ao uso de maquinários da prefeitura em serviços particulares."
REQ-004,007,2022,54ª Sessão Ordinária da 18ª Legislatura,2022-04-25,"Anderson Marcos Viana, Elio Furini Neto, Marisa Alves da Silva Costa, Paulo Sérgio Cordeiro, Reinaldo Codognato, Rui Domingos da Silva, Sofia Rodrigues dos Santos, Teresinha de Lourdes Freitas Regodanso, Valdir Aparecido de Oliveira","Requer o envio de ofício de condolências à família do Sr. Raul de La Líbera, comerciante muito conhecido na cidade e vereador na 9ª Legislatura (1983-1988), tendo exercido também a presidência da Câmara no biênio 1985-1986, manifestando sentimentos de pesar pelo falecimento e solicitando que as condolências sejam registradas em ata.",Família de Raul de La Líbera,Aprovado,,Pendente,"Data da sessão conforme mencionado no texto da transcrição (véspera da data do nome do arquivo, que corresponde ao dia da postagem/upload). Requerimento atípico, de condolências, assinado por todos os vereadores; não foi encontrado no texto um registro explícito de discussão/votação em plenário (parece ter sido lido e encaminhado diretamente como ato de praxe)."
REQ-005,,2022,55ª Sessão Ordinária da 18ª Legislatura,2022-05-02,Anderson Marcos Viana,"Anuncia verbalmente, em explicação pessoal, que fará (protocolará) um requerimento formal pedindo esclarecimentos sobre a origem dos recursos usados na reforma do ESF 7 e do ESF 3 (cerca de R$ 400 mil), após assessoria de imprensa ter atribuído a verba ao governo estadual, quando segundo o vereador o valor teria sido destinado pelos deputados Reinaldo Alguz e Henrique (federal/estadual), não pelo governador.",Diretoria Administrativa,,,Pendente,"[Pedido verbal, ainda não formalizado/numerado] Data da sessão conforme mencionado no texto da transcrição (véspera da data do nome do arquivo, que corresponde ao dia da postagem/upload). Pedido apenas anunciado verbalmente em explicação pessoal nesta sessão (2022-05-02/03); não foi encontrado, nas sessões seguintes deste lote, o protocolo formal nem número atribuído a este requerimento."
REQ-006,008,2022,56ª Sessão Ordinária da 18ª Legislatura,2022-05-09,"Elio Furini Neto, Anderson Marcos Viana, Paulo Sérgio Cordeiro, Teresinha de Lourdes Freitas Regodanso, Valdir Aparecido de Oliveira","Solicita informações ao prefeito municipal sobre quais medidas estão sendo adotadas para prevenção e combate à dengue no município, sugerindo a realização de mutirões por setores da cidade para eliminação de criadouros do mosquito Aedes aegypti.",Diretoria de Saúde,Aprovado,,Pendente,"Data da sessão conforme mencionado no texto da transcrição (véspera da data do nome do arquivo, que corresponde ao dia da postagem/upload). Aprovado por unanimidade de votos."
REQ-007,,2022,60ª Sessão Ordinária da 18ª Legislatura,2022-06-06,Anderson Marcos Viana,"Durante a discussão do Projeto de Lei Complementar nº 33/2022 (abertura de crédito adicional especial de R$ 489 mil), o vereador anunciou verbalmente que votaria favoravelmente ao projeto, mas pediria por escrito informações discriminadas sobre a aplicação dos recursos, em especial os cerca de R$ 349 mil destinados ao setor de água e esgoto; o presidente confirmou em plenário que o requerimento formal seria protocolado posteriormente.","Diretoria de Fazenda, Compras, Almoxarifado e Recursos Humanos",,,Pendente,"[Pedido verbal, ainda não formalizado/numerado] Pedido verbal feito em explicações pessoais, sem número formal atribuído nesta sessão; não há confirmação, nas sessões seguintes lidas neste lote, de que o requerimento tenha sido de fato protocolado com numeração própria. Diretoria de destino inferida (o valor discutido pelo vereador refere-se à ficha do setor de água e esgoto), mas não foi explicitada no pedido verbal."
REQ-008,009,2022,61ª Sessão Ordinária da 18ª Legislatura,2022-06-14,Anderson Marcos Viana,"Solicitava informações sobre a contratação de dentistas pela municipalidade. Foi retirado de pauta pelo próprio autor logo no início da sessão, que alegou ter se confundido ao formulá-lo (""era para fazer um pedido, fazer de outro aí, me atrapalhei"") e que, da forma como redigido, não atingiria o objetivo pretendido.",Diretoria de Saúde,Retirado,,Pendente,"Data da sessão conforme texto do expediente é 14/06/2022, um dia antes da data do nome do arquivo (2022-06-15). Este requerimento foi refeito com nova redação e reapresentado como Requerimento nº 10/2022 na sessão seguinte, desta vez direcionado à Santa Casa de Misericórdia."
REQ-009,010,2022,62ª Sessão Ordinária da 18ª Legislatura,2022-06-20,Anderson Marcos Viana,"Solicita à Irmandade da Santa Casa de Misericórdia de Junqueirópolis informações sobre os dentistas contratados pela entidade: local de trabalho, carga horária semanal, jornada de trabalho e meio de controle dessa jornada.",Irmandade da Santa Casa de Misericórdia de Junqueirópolis,Aprovado,,Pendente,"Data da sessão conforme texto do expediente é 20/06/2022, um dia antes da data do nome do arquivo (2022-06-21). Versão reformulada do Requerimento nº 09/2022, retirado de pauta na sessão anterior."
REQ-010,011,2022,62ª Sessão Ordinária da 18ª Legislatura,2022-06-20,Elio Furini Neto,"Em complemento ao Requerimento nº 04/2022, solicita ao Executivo informações detalhadas sobre o cálculo dos vencimentos dos professores da Educação Básica I: cópia atualizada do anexo II da LC 649/2015, situação de vigência dessa lei, critério adotado para atualizar apenas os valores dos níveis iniciais da tabela, existência de estudo sobre a viabilidade orçamentária para atualização de todos os níveis, e se o salário-base atual (R$ 3.314,44) está em conformidade com o piso nacional do magistério (Lei federal nº 11.738/2008, R$ 3.845,63).","Diretoria de Educação, Cultura, Esportes, Lazer e Turismo",Aprovado,,Pendente,"Data da sessão conforme texto do expediente é 20/06/2022, um dia antes da data do nome do arquivo (2022-06-21). Usada a data do texto."
REQ-011,012,2022,63ª Sessão Ordinária da 18ª Legislatura,2022-06-27,Paulo Sérgio Cordeiro,"Solicita ao prefeito municipal informações sobre a quantidade de empregos gerados até o momento pelas empresas contempladas com lotes no Distrito Industrial 4, com detalhamento do compromisso de contratações de cada empresa e o número de funcionários já contratados.","Diretoria de Agronegócio, Indústria, Comércio e Meio Ambiente e Gestão de Resíduos Sólidos",Aprovado,,Pendente,"Nome do arquivo indica 2022-06-28, mas o texto do expediente afirma que a sessão é 'a ser realizada em 27 de junho de 2022'; usada a data do texto. Diretoria de destino inferida (assunto trata de empresas do distrito industrial), não foi explicitada no requerimento."
REQ-012,013,2022,66ª Sessão Ordinária da 18ª Legislatura,2022-08-15,Anderson Marcos Viana,"Solicita ao prefeito municipal informações sobre a fiscalização no conjunto habitacional Residencial das Américas em favor dos suplentes contemplados pelas casas populares que aguardam na fila, tendo em vista que muitas moradias se encontram à venda, alugadas ou fechadas, prejudicando moradores em situação de vulnerabilidade que necessitam de habitação.","Diretoria Jurídica, Habitação e de Trânsito",Aprovado,,Pendente,"Diretoria de destino inferida por tratar de habitação, não foi explicitada no requerimento. Tema relacionado a denúncia informal do mesmo vereador sobre venda irregular de casas populares no Residencial das Américas, relatada na sessão de 2022-08-09 (ver raw_denuncias)."
REQ-013,014,2022,66ª Sessão Ordinária da 18ª Legislatura,2022-08-15,Anderson Marcos Viana,"Solicita ao prefeito municipal informações sobre a quantidade de prédios alugados pelo Poder Executivo municipal e os respectivos valores dos aluguéis, discriminando os imóveis alugados nos anos de 2020, 2021 e 2022.","Diretoria de Fazenda, Compras, Almoxarifado e Recursos Humanos",Aprovado,,Pendente,"Diretoria de destino inferida (assunto administrativo/financeiro), não foi explicitada no requerimento."
REQ-014,015,2022,67ª Sessão Ordinária da 18ª Legislatura,2022-08-22,Anderson Marcos Viana,"Solicita ao prefeito municipal que informe detalhadamente se houve mudança na forma de cálculo das contas de água e esgoto no município e, em caso afirmativo, quais os motivos que influenciaram o recente aumento nas contas dos munícipes, com discriminação das taxas e percentuais aplicados, em razão de inúmeras reclamações da população sobre os grandes aumentos sofridos.",,Aprovado,"Ofício de resposta chegou à Câmara em 2022-08-29 (mencionado na sessão de 2022-08-30), mas ainda não havia sido incluído em pauta por ter chegado após o fechamento da pauta semanal; previsão de inclusão na sessão seguinte.",Respondida (aguardando inclusão em pauta),"Numeração ambígua na transcrição: ao ser lido na íntegra o requerimento é identificado como 'número 15, barra 2022', mas tanto no resumo do expediente quanto no momento da votação ele é chamado de 'requerimento número 14' — possível erro de leitura/transcrição, já que o número 14 já havia sido usado na sessão anterior (2022-08-15) para o requerimento sobre imóveis alugados. Mantido '015' por ser o número lido no texto integral do requerimento. Diretoria de destino não identificada nas diretorias oficiais listadas (o serviço de água e esgoto em Junqueirópolis pode ser prestado por autarquia própria, não mapeada na lista de diretorias fornecida)."
REQ-015,016,2022,68ª Sessão Ordinária da 18ª Legislatura,2022-08-29,Anderson Marcos Viana,"Solicita ao prefeito municipal informações sobre se a Lei Municipal nº 3.507, de 20 de abril de 2022, que dispõe sobre as normas de concessão e utilização do colar de girassol como símbolo de identificação das pessoas com deficiências ocultas, já está sendo aplicada no município e se foi regulamentada pelo Executivo Municipal; em caso afirmativo, solicita cópia da regulamentação para que os benefícios da lei sejam levados aos interessados.",Diretoria de Assistência Social,Aprovado,,Pendente,"Diretoria de destino inferida (assunto trata de pessoas com deficiência), não foi explicitada no requerimento."
REQ-016,017,2022,71ª Sessão Ordinária da 18ª Legislatura,2022-09-20,"Anderson Marcos Viana, Teresinha de Lourdes Freitas Regodanso, Paulo Sérgio Cordeiro","Requer o envio de ofício ao prefeito municipal solicitando informações sobre o andamento das atividades do viveiro de mudas municipal, considerando o termo de colaboração firmado com a Associação Agrícola de Junqueirópolis (Lei nº 3.489/2022) para a mudança do viveiro para o prédio da escola do bairro Duas Barras, que até então não havia sido efetivada.","Diretoria de Agronegócio, Indústria, Comércio e Meio Ambiente e Gestão de Resíduos Sólidos",Aprovado,,Pendente,"Na mesma sessão (2022-09-20), logo após a leitura deste requerimento, o vereador Anderson cobrou verbalmente explicação sobre o uso dos R$ 315 mil repassados à Associação Agrícola para a mudança do viveiro, tema ligado a este requerimento, mas sem numeração formal própria."
REQ-017,018,2022,79ª Sessão Ordinária da 18ª Legislatura,2022-11-16,Marisa Alves da Silva Costa,"Requer informações sobre os gastos dos recursos da conta 105.687-5, agência 09385 do Banco do Brasil, com origem em emenda parlamentar do deputado estadual, incluindo o investimento já realizado ou o planejamento para o investimento caso ainda não realizado.","Diretoria de Fazenda, Compras, Almoxarifado e Recursos Humanos",Aprovado,,Pendente,Diretoria de destino inferida pelo conteúdo (informações financeiras sobre conta bancária/emenda parlamentar); o requerimento não especifica expressamente a diretoria.
REQ-018,019,2022,79ª Sessão Ordinária da 18ª Legislatura,2022-11-16,Anderson Marcos Viana,"Requer o cronograma físico-financeiro da reforma do velório municipal e da revitalização da Avenida 7 de Setembro, incluindo o memorial descritivo das obras e a relação de materiais que serão utilizados.","Diretoria de Planejamento, Obras, Serviços e Manutenção",Aprovado,,Pendente,
REQ-019,,2022,82ª Sessão Ordinária da 18ª Legislatura,2022-12-05,Valdir Aparecido de Oliveira,"Requereu, na tribuna, a retirada de pauta do Projeto de Lei nº 66/2022 (termo de colaboração com a Associação Agrícola de Junqueirópolis para o viveiro municipal) e solicitou o plano de trabalho de 2022 do convênio, para comparação com o plano de trabalho proposto para 2023.","Diretoria de Agronegócio, Indústria, Comércio e Meio Ambiente e Gestão de Resíduos Sólidos",Aprovado,,Pendente,"[Pedido verbal, ainda não formalizado/numerado] Pedido verbal apresentado em tribuna, combinando retirada de pauta do PL 66/2022 com pedido de documento (plano de trabalho 2022), aprovado pelo plenário sem numeração formal de requerimento atribuída na sessão."
REQ-020,020,2022,83ª Sessão Ordinária da 18ª Legislatura,2022-12-12,Anderson Marcos Viana,"Requer cópia do convênio, do plano de trabalho, da quantidade de alunos participantes, da quantidade de apresentações e da prestação de contas da Banda Municipal referentes ao exercício de 2022, com base no termo de colaboração da Lei nº 3.514/2022.","Diretoria de Educação, Cultura, Esportes, Lazer e Turismo",Aprovado,,Pendente,
REQ-021,002,2023,86ª Sessão Ordinária da 18ª Legislatura,2023-02-13,Valdir Aparecido de Oliveira,"Requer informações ao prefeito municipal sobre o estado atual e os prazos de entrega da construção de duas salas de aula nos Centros Educacionais Infantis (CEIs) Raio de Luz, Nosso Teto e Sonho de Criança (despesas cobertas pela Lei Complementar Municipal nº 1027/2022), e solicita também informações sobre eventual previsão de ampliação futura do CEI Cristo Redentor, em razão do crescimento do número de crianças no bairro.","Diretoria de Educação, Cultura, Esportes, Lazer e Turismo",Aprovado,Ofício nº 32/2023,"Respondido (Ofício nº 32/2023, em resposta ao Ofício nº 13/2023 desta Casa; resposta lida/mencionada na sessão de 27/02/2023, com projeto disponibilizado na Secretaria da Câmara)","Diretoria de destino inferida pelo assunto (construção de salas de aula em Centros Educacionais Infantis); poderia também envolver a Diretoria de Planejamento, Obras, Serviços e Manutenção, já que trata de execução de obra. O requerimento em si não nomeia expressamente a diretoria destinatária, sendo endereçado ao prefeito municipal."
REQ-022,003,2023,86ª Sessão Ordinária da 18ª Legislatura,2023-02-13,"Hélio Furini Neto, Anderson Marcos Viana, Paulo Sérgio Cordeiro, Teresinha de Lourdes Freitas Regodanço","Requer informações ao prefeito municipal sobre o encaminhamento de projeto de lei fixando o novo piso salarial dos professores do município de Junqueirópolis para 2023, no valor de R$ 4.420,55, tendo em vista que, até a data do requerimento, não havia sido protocolado o respectivo projeto de lei nesta Câmara (atualização da Lei Complementar nº 1024/2022).","Diretoria de Educação, Cultura, Esportes, Lazer e Turismo",Aprovado,,Pendente,"Diretoria de destino inferida pelo tema (piso salarial de professores); por se tratar de matéria salarial/orçamentária, poderia também ser direcionado à Diretoria de Fazenda, Compras, Almoxarifado e Recursos Humanos. O requerimento não especifica expressamente a diretoria."
REQ-023,004,2023,86ª Sessão Ordinária da 18ª Legislatura,2023-02-13,"Hélio Furini Neto, Anderson Marcos Viana, Paulo Sérgio Cordeiro, Teresinha de Lourdes Freitas Regodanço","Requer informações ao prefeito municipal sobre o encaminhamento de projeto de lei fixando o novo piso salarial dos agentes comunitários de saúde e agentes de combate às endemias, conforme fixado em 2022 pelo governo federal em dois salários mínimos (Emenda Constitucional nº 120/2022), tendo em vista que, até a data do requerimento, não havia sido protocolado o respectivo projeto de lei nesta Câmara (atualização da Lei Complementar nº 1040/2022).",Diretoria de Saúde,Aprovado,,Pendente,"Diretoria de destino inferida pelo tema (piso salarial de agentes comunitários de saúde e de combate a endemias); por se tratar de matéria salarial, poderia também ser direcionado à Diretoria de Fazenda, Compras, Almoxarifado e Recursos Humanos. O requerimento não especifica expressamente a diretoria."
REQ-024,005,2023,87ª Sessão Ordinária da 18ª Legislatura,2023-02-22,Paulo Sérgio Cordeiro,"Requer informações ao prefeito municipal acerca da execução dos contratos dos anos de 2021 e 2022 referentes às cessões de uso dos lotes do Distrito Industrial 3 e 4, para conhecimento sobre o cumprimento das obrigações da Prefeitura e das empresas (prazos, investimentos, geração de emprego etc.). Menciona requerimento semelhante do ano anterior (nº 12/2022), respondido apenas com cópias dos contratos (Ofício nº 68/2022).","Diretoria de Agronegócio, Indústria, Comércio e Meio Ambiente e Gestão de Resíduos Sólidos",Aprovado,,Pendente,"Diretoria de destino inferida pelo conteúdo (cessão de uso de lotes do Distrito Industrial); o requerimento não especifica expressamente a diretoria de destino, sendo endereçado ao prefeito municipal."
REQ-025,006,2023,88ª Sessão Ordinária da 18ª Legislatura,2023-02-27,Anderson Marcos Viana,"Requer, dirigido diretamente ao diretor de saúde municipal, informações sobre a forma como se dão os contratos dos profissionais que lecionam aulas de zumba e de defesa pessoal para os munícipes, detalhando os prazos de vencimento e se os profissionais recebem algum subsídio/remuneração para desempenhar tais atividades, solicitando que sejam anexadas cópias dos contratos mencionados.",Diretoria de Saúde,Aprovado,,"Sem ofício de resposta identificado nas transcrições revisadas; na sessão de 07/03/2023 o vereador Anderson Marcos Viana comentou verbalmente que a resposta a esse requerimento havia sido dada 'por escrito', mas o teor completo da resposta não foi lido em sessão.","Requerimento dirigido diretamente ao diretor de saúde municipal (não ao prefeito). Na sessão seguinte (07/03/2023), o vereador Anderson Marcos Viana fez referência a esse requerimento durante um desentendimento em tribuna com o secretário de Saúde, mencionando que a resposta havia sido dada por escrito, mas sem detalhar o conteúdo."
REQ-026,007,2023,90ª Sessão Ordinária da 18ª Legislatura,2023-03-13,Anderson Marcos Viana,"Requer envio de ofício ao prefeito municipal solicitando informações sobre a esperada pavimentação (asfaltamento) da estrada vicinal que liga Junqueirópolis a Dracena, com apresentação de documentos comprobatórios (assinatura de convênio, licitação da empresa contratada etc.), tendo em vista sucessivos anúncios públicos da obra desde o ano anterior sem início efetivo.","Diretoria de Planejamento, Obras, Serviços e Manutenção",Aprovado,Ofício nº 69/2023,"Respondido (Ofício nº 69/2023 da Prefeitura, em resposta ao Ofício nº 27/2023 desta Casa, lido na sessão de 17/04/2023: informa que foi celebrado o convênio nº 6.117/2022 com o Estado de São Paulo/DER, que o processo licitatório para contratação da empresa estava em fase final e que a obra estava programada para iniciar no 2º semestre de 2023).","Diretoria de destino inferida pelo assunto (execução de obra viária); o requerimento também envolve convênio estadual, podendo tangenciar a Diretoria de Licitações, Contratos e Convênios. Data do arquivo de origem (2023-03-14) diverge da data mencionada no texto (13 de março de 2023); usada a data do texto, consistente com o padrão identificado nas indicações do mesmo lote."
REQ-027,,2023,91ª Sessão Ordinária da 18ª Legislatura,2023-03-20,Teresinha de Lourdes Freitas Regodanço,"Durante as explicações pessoais, a vereadora comentou sobre a indicação de iluminação da Avenida Rio Branco e mencionou que a troca das lâmpadas de vapor de sódio por LED (autorizada pela Lei Complementar nº 1.080/2023) havia começado em sua rua, mas foi interrompida. Em seguida, sugeriu verbalmente que a Câmara fizesse um requerimento à Prefeitura para saber sobre o cumprimento dessa lei e sobre a substituição das lâmpadas em todo o município.","Diretoria de Planejamento, Obras, Serviços e Manutenção",,,Pendente,"[Pedido verbal, ainda não formalizado/numerado] A vereadora apenas sugeriu verbalmente, durante as explicações pessoais, que a Casa fizesse um requerimento sobre o tema ('eu gostaria, se fosse possível, dessa casa de lei fazer um requerimento'); a transcrição não registra leitura formal de um requerimento numerado nem votação sobre o assunto nesta sessão. Não foi possível confirmar, no texto revisado, se esse pedido foi de fato formalizado e votado em sessão posterior às analisadas neste lote."
REQ-028,008,2023,92ª Sessão Ordinária da 18ª Legislatura,2023-03-27,Anderson Marcos Viana,"Requer envio de ofício ao prefeito municipal solicitando informações sobre o início das obras de recuperação e adequação da estrada rural municipal JQL 030 (trecho Junqueirópolis–Irapuru, sentido bairro Cafezinho), no valor de R$ 2.141.105,43, previstas para iniciar em junho de 2022 pelo programa estadual 'Melhor Caminho' (Decreto nº 41.721/1997) e que, até a data do requerimento, ainda não haviam sido iniciadas.","Diretoria de Planejamento, Obras, Serviços e Manutenção",Aprovado,,Pendente,"Na mesma sessão foi lido e aprovado também o Requerimento nº 09/2023, de autoria de todos os vereadores, com votos de condolências pelo falecimento do ex-prefeito Hélio Aparecido Mendes Furini; este não foi incluído no arquivo por se tratar, em substância, de moção de pesar (endereçada à família do falecido, sem pedido de informações/providências a diretoria ou órgão), conforme instrução de excluir moções."
REQ-029,,2023,93ª Sessão Ordinária da 18ª Legislatura,2023-04-03,"Valdir Aparecido de Oliveira, Anderson Marcos Viana, Paulo Sérgio Cordeiro, Sofia Rodrigues dos Santos, Hélio Furini Neto, Reinaldo Codognato, Teresinha de Lourdes Freitas Regodanço, Marisa Alves da Silva Costa, Rui Domingos da Silva","Ofício especial coletivo assinado por todos os vereadores, endereçado ao Diretor de Saúde, solicitando que seja estudada a possibilidade de implantar um centro de triagem e hidratação para casos de dengue, com o objetivo de conter o avanço da doença no município, prestar assistência aos pacientes e desafogar o pronto-socorro municipal e as Estratégias de Saúde da Família (ESFs) dos bairros.",Diretoria de Saúde,,,Pendente,"[Pedido verbal, ainda não formalizado/numerado] Apresentado pelo presidente da Câmara como 'ofício especial' assinado coletivamente por todos os vereadores, e não como requerimento numerado submetido a discussão e votação em plenário; por isso classificado como não formalizado nos moldes regimentais dos demais requerimentos, embora tenha sido lido oficialmente em sessão e encaminhado à Diretoria de Saúde."
REQ-030,010,2023,93ª Sessão Ordinária da 18ª Legislatura,2023-04-03,Anderson Marcos Viana,"Requer envio de ofício ao prefeito municipal solicitando informações, com documentos oficiais, acerca da data de chegada ao município dos insumos utilizados na nebulização espacial ('fumacê') contra o Aedes aegypti, diante de suspeitas manifestadas em plenário de que a liberação do veneno poderia ter sido retida para uso político/eleitoral.",Diretoria de Saúde,Aprovado,,Pendente,
REQ-031,011,2023,93ª Sessão Ordinária da 18ª Legislatura,2023-04-03,"Anderson Marcos Viana, Hélio Furini Neto, Teresinha de Lourdes Freitas Regodanço, Paulo Sérgio Cordeiro, Valdir Aparecido de Oliveira","Requer envio de ofício ao prefeito municipal solicitando informações sobre descontos ocorridos no pagamento do salário de diversos professores da rede municipal de ensino infantil (Centros Educacionais Infantis, CIs), justificados pela administração como erro no sistema no pagamento do mês anterior; segundo o vereador autor, cerca de 62 funcionários foram afetados, com descontos entre R$ 92,38 e R$ 395,81.","Diretoria de Fazenda, Compras, Almoxarifado e Recursos Humanos",Aprovado,,Pendente,"Diretoria de destino inferida pelo tema (folha de pagamento/descontos salariais); por tratar de professores dos CIs, também poderia envolver a Diretoria de Educação, Cultura, Esportes, Lazer e Turismo. O requerimento não especifica expressamente a diretoria destinatária."
REQ-032,012,2023,94ª Sessão Ordinária da 18ª Legislatura,2023-04-10,Valdir Aparecido de Oliveira,"Requer envio de ofício ao prefeito municipal solicitando informações sobre o andamento das obras previstas no Plano de Desenvolvimento Municipal (PDM) de 2021 para dar fim aos transtornos causados pelo chamado 'buracão' aos moradores do Jardim Paulista, especialmente em períodos de fortes chuvas.","Diretoria de Planejamento, Obras, Serviços e Manutenção",Aprovado,,Pendente,"O tema já vinha sendo cobrado verbalmente havia semanas; na sessão de 27/03/2023 (92ª sessão), o presidente da Câmara relatou ter recebido uma ligação de um morador do Jardim Paulista questionando sobre o buraco e informou que a Casa encaminharia um requerimento ao Executivo a respeito, o que se concretizou neste requerimento nº 12/2023."
REQ-033,013,2023,94ª Sessão Ordinária da 18ª Legislatura,2023-04-10,Anderson Marcos Viana,"Requer envio de ofício ao prefeito municipal solicitando informações detalhadas sobre o andamento das obras de pavimentação na via de acesso João Furini, incluindo data de término e metragem asfaltada, após o vereador constatar, em visita ao local com o projeto em mãos, que parte do trecho previsto (próximo ao campo de futebol) não havia sido pavimentado pela empresa contratada, apesar de já ter sido pago o valor de R$ 100.388,40.","Diretoria de Planejamento, Obras, Serviços e Manutenção",Aprovado,,Pendente,"Ver também denúncia relacionada, registrada no arquivo de denúncias deste mesmo lote, sobre a suspeita de execução incompleta da obra apesar do pagamento já efetuado."
REQ-034,014,2023,94ª Sessão Ordinária da 18ª Legislatura,2023-04-10,Anderson Marcos Viana,"Requer envio de ofício ao prefeito municipal solicitando informações sobre a existência de recursos próprios ou dotação no orçamento vigente que possam ser utilizados para a contratação de segurança privada e aquisição de equipamentos de segurança (como detectores de metais), visando maior segurança nas escolas e Centros Educacionais Infantis (CEIs) do município, tendo em vista o interesse da Câmara em elaborar projeto de lei sobre o tema após nova onda de ataques em escolas no país.",Diretoria Administrativa,Aprovado,,Pendente,"Diretoria de destino inferida pelo tema (contratação de segurança/equipamentos); por envolver diretamente escolas e CIs, também poderia ser direcionado à Diretoria de Educação, Cultura, Esportes, Lazer e Turismo. O requerimento não especifica expressamente a diretoria destinatária."
REQ-035,015,2023,95ª Sessão Ordinária da 18ª Legislatura,2023-04-17,Anderson Marcos Viana,"Requer envio de ofício ao prefeito municipal solicitando informações sobre quantos funcionários, servidores temporários e efetivos, estão contratados ou prestando serviço no setor da educação, bem como onde estão alocados/prestando serviço, diante de relatos, colhidos em visitas a Centros Educacionais Infantis (CEIs), de falta de auxiliares de educação e de suspeita de desvio de função (auxiliares de educação ocupando vagas de escriturário).","Diretoria de Educação, Cultura, Esportes, Lazer e Turismo",Aprovado,,Pendente,"Ver também denúncia relacionada, registrada no arquivo de denúncias deste mesmo lote, sobre o suposto desvio de função de auxiliares de educação e seu impacto financeiro em ações judiciais perdidas pelo município."
REQ-036,016,2023,96ª Sessão Ordinária da 18ª Legislatura,2023-04-24,Valdir Aparecido de Oliveira,"Requer informações acerca de quais medicamentos são fornecidos pelo Sistema Único de Saúde (SUS) e quais são fornecidos pela Secretaria da Saúde (fora da grade de fornecimento do SUS), além do valor gasto com esses medicamentos.",Diretoria de Saúde,Aprovado,98/2023,Respondido,"A resposta (Ofício nº 98/2023, mencionado no expediente da sessão de 15/05/2023) forneceu informações sobre os medicamentos do SUS, mas o conteúdo detalhado não foi lido integralmente em plenário nas sessões deste lote."
REQ-037,017,2023,96ª Sessão Ordinária da 18ª Legislatura,2023-04-24,Anderson Marcos Viana,"Requer informações acerca da reforma realizada na rodoviária municipal: motivo de não ter sido finalizada mesmo após um ano do início, explicações sobre as infiltrações no telhado, motivo do bebedouro não ter sido reformado e quais as previsões de entrega da obra.","Diretoria de Planejamento, Obras, Serviços e Manutenção",Aprovado,,Pendente,"Vereadores relataram, nas sessões seguintes (99ª e 100ª), que este requerimento seguia sem resposta da administração meses após o prazo legal de 15 dias, chegando a cogitar medidas judiciais."
REQ-038,018,2023,96ª Sessão Ordinária da 18ª Legislatura,2023-04-24,Anderson Marcos Viana,"Requer informações acerca de quais os procedimentos e soluções foram tomados pela Defesa Civil em relação à residência da senhora Bela Arbina Consolaro, na Rua Belo Horizonte, 1969, bairro Jardim Junqueirópolis, que permanecia na mesma situação de risco meses após a visita da Defesa Civil.","Diretoria de Planejamento, Obras, Serviços e Manutenção",Aprovado,,Pendente,"A Defesa Civil não corresponde diretamente a nenhuma das nove diretorias oficiais listadas; diretoria de destino inferida por tratar de questão estrutural/de obras. Nas sessões seguintes, vereadores relataram que este requerimento também seguia sem resposta da administração."
REQ-039,019,2023,97ª Sessão Ordinária da 18ª Legislatura,2023-05-02,Anderson Marcos Viana,"Requer prestação de contas detalhada acerca da realização da ACERUVA (ACERUVA) no ano de 2022, com a apresentação das notas fiscais das respectivas despesas.","Diretoria de Fazenda, Compras, Almoxarifado e Recursos Humanos",Aprovado,97/2023,Respondido,"Diretoria de destino inferida pelo conteúdo financeiro/prestação de contas do pedido; o requerimento não especifica expressamente a diretoria. A resposta (Ofício nº 97/2023, citado no expediente da sessão de 08/05/2023) prestou as contas solicitadas, mas seu conteúdo integral não foi lido em plenário nas sessões deste lote."
REQ-040,020,2023,97ª Sessão Ordinária da 18ª Legislatura,2023-05-02,Anderson Marcos Viana,"Requer informações acerca da realização de cálculo do impacto que a fixação do piso salarial da enfermagem terá nas contas públicas municipais e, sendo positiva a resposta, o valor desse impacto e se já foram tomadas providências junto ao governo federal para viabilizar o repasse do auxílio federal.",Diretoria de Saúde,Aprovado,DJ 17/2023,Respondido,"A resposta (Ofício DJ nº 17/2023, lido na sessão de 15/05/2023) informou que a implantação do piso da enfermagem não causará impacto nas contas da Prefeitura, em razão dos recursos recebidos da União."
REQ-041,021,2023,97ª Sessão Ordinária da 18ª Legislatura,2023-05-02,Elio Furini Neto,"Em complemento ao requerimento nº 11/2023 (respondido pelo Ofício nº 80/2023), solicita esclarecimentos complementares sobre o parâmetro de cálculo utilizado pelo RH para o pagamento dos professores de Educação Básica I (rubrica 'DIF A1' no contracheque), diante de divergências e acréscimos identificados na competência de fevereiro/2023, e como é feito o cálculo da remuneração desses professores conforme a Lei Municipal nº 1.024/2022 (piso) e o plano de carreira do magistério.","Diretoria de Fazenda, Compras, Almoxarifado e Recursos Humanos",Aprovado,61/2023,Respondido,"Diretoria de destino inferida por se tratar de cálculo de folha de pagamento (RH); o requerimento também tem forte relação com a Diretoria de Educação. Na sessão de 15/05/2023 a resposta (Ofício nº 61/2023) foi lida como recebida, mas o vereador Elio Furini Neto apontou, na sessão de 22/05/2023, que o cálculo informado parecia divergir do valor de piso (R$ 3.845) previsto na Lei Complementar nº 1024/2022."
REQ-042,,2023,101ª Sessão Ordinária da 18ª Legislatura,2023-05-29,Prefeito Municipal,"Ofício nº 114/2023 do Poder Executivo, solicitando à Mesa a devolução/retirada do Projeto de Lei nº 19/2023 (autorização de repasse à Associação Agrícola de Junqueirópolis para a realização da ACERUVA 2023), 'para maiores estudos do Poder Executivo', em meio ao impasse sobre o valor do repasse (R$ 700 mil) e à tramitação do projeto havia cerca de 40 dias na Câmara.",Câmara Municipal de Junqueirópolis,Rejeitado,,Pendente,"[Apresentado pelo Poder Executivo, não por vereador] Caso atípico: trata-se de um pedido do Poder Executivo à própria Câmara (sentido inverso ao dos requerimentos normais), por isso não há uma das nove diretorias de destino aplicável; o campo foi preenchido com o próprio destinatário do pedido (a Câmara). O pedido de retirada foi rejeitado pelo Plenário por 5 votos a 3, e o Projeto de Lei nº 19/2023 permaneceu em pauta e foi aprovado na mesma sessão, com emenda reduzindo o valor do repasse para R$ 500 mil."
REQ-043,022,2023,102ª Sessão Ordinária da 18ª Legislatura,2023-06-06,Anderson Marcos Viana,Requer informações ao Prefeito Municipal acerca de quais providências estão sendo tomadas pela administração em relação aos problemas estruturais apresentados pelas casas populares do Residencial das Américas.,"Diretoria de Planejamento, Obras, Serviços e Manutenção",Aprovado,121/2023,Respondido,"O ofício nº 121/2023, citado no expediente da sessão de 07/08/2023 como resposta ao ofício nº 83/2023 desta Casa sobre problemas nas casas populares do Residencial das Américas, provavelmente corresponde à resposta deste requerimento, mas o conteúdo detalhado não foi lido integralmente em plenário nas sessões deste lote."
REQ-044,023,2023,102ª Sessão Ordinária da 18ª Legislatura,2023-06-06,"Anderson Marcos Viana, Elio Furini Neto","Requer informações ao Prefeito Municipal acerca do envio do projeto de lei que fixa o novo piso salarial da enfermagem em Junqueirópolis, nos termos da Lei Federal 14.434/2022, e da previsão de início do pagamento.","Diretoria de Fazenda, Compras, Almoxarifado e Recursos Humanos",Aprovado,081/2023,Respondido,"A resposta lida na sessão de 20/06/2023 (em atenção ao ofício 081/2023) informou apenas que a administração aguardava a transferência do recurso do governo federal para elaborar o projeto de lei; vereadores classificaram a resposta como insatisfatória e cobraram publicamente o secretário de Saúde por ter anunciado em vídeo, antes, que o pagamento sairia em poucos dias."
REQ-045,024,2023,103ª Sessão Ordinária da 18ª Legislatura,2023-06-13,Anderson Marcos Viana,"Requer informações ao Prefeito Municipal sobre a quantidade de servidores que recebem a GTID (Gratificação por Tempo Integral e Dedicação Exclusiva), incluindo nomes, cargos e setores em que atuam.","Diretoria de Fazenda, Compras, Almoxarifado e Recursos Humanos",Aprovado,147/2023,Respondido,"O ofício nº 147/2023, mencionado no expediente da sessão de 07/08/2023 como resposta sobre os servidores que recebem GTID, corresponde provavelmente à resposta deste requerimento, mas o conteúdo não foi lido integralmente em plenário nas sessões deste lote."
REQ-046,025,2023,103ª Sessão Ordinária da 18ª Legislatura,2023-06-13,Anderson Marcos Viana,"Requer prestação de contas da Educação ao Prefeito Municipal, solicitando todos os valores gastos na revitalização do Bosque Municipal e quais dotações pagaram tais investimentos.","Diretoria de Educação, Cultura, Esportes, Lazer e Turismo",Aprovado,148/2023,Respondido,"O ofício nº 148/2023, mencionado no expediente da sessão de 07/08/2023 como resposta sobre valores gastos na revitalização do Bosque Municipal pela Educação, corresponde provavelmente à resposta deste requerimento, mas o conteúdo não foi lido integralmente em plenário nas sessões deste lote."
REQ-047,026,2023,106ª Sessão Ordinária da 18ª Legislatura,2023-08-08,Anderson Marcos Viana,"Requer informações ao Prefeito Municipal acerca do andamento das obras e serviços de pavimentação da estrada vicinal JQL 010 (Governador Mário Covas), que liga Junqueirópolis a Dracena, complementando o requerimento nº 07/2023.","Diretoria de Planejamento, Obras, Serviços e Manutenção",Aprovado,,Pendente,"Motivado por dúvidas sobre um convênio firmado pela Prefeitura de Dracena para contratação de projeto executivo da via; vereadores questionaram se a informação anterior (de que a verba já estava disponível) era exata e solicitaram reunião com o responsável da pasta para esclarecimentos, sem resposta formal registrada nas sessões deste lote."
REQ-048,027,2023,107ª Sessão Ordinária da 18ª Legislatura,2023-08-15,Anderson Marcos Viana,"Requer informações ao Prefeito Municipal acerca do andamento da mudança do local do viveiro municipal para o prédio da escola do bairro Duas Barras, tendo em vista que o ofício nº 221/2022 (em resposta ao requerimento nº 17/2022) informara que a mudança estava programada para 2023 e nada havia sido feito até então.","Diretoria de Agronegócio, Indústria, Comércio e Meio Ambiente e Gestão de Resíduos Sólidos",Aprovado,,Pendente,"Vereador questionou em plenário o destino de mais de R$ 1,2 milhão repassados em dois anos para o viveiro municipal (via Associação Agrícola) caso a mudança de local não se concretizasse, sem resposta formal registrada nas sessões deste lote."
REQ-049,028,2023,108ª Sessão Ordinária da 18ª Legislatura,2023-08-21,Anderson Marcos Viana,"Solicita informações ao prefeito municipal acerca dos valores das parcelas, taxas de juros, prazo e quantidade total de financiamentos da operação de crédito constante do Projeto de Lei nº 38/2023, referente à execução das obras de fechamento da erosão (buracão) existente no Jardim Paulista.","Diretoria de Fazenda, Compras, Almoxarifado e Recursos Humanos",Aprovado,,Pendente,"Data da sessão conforme mencionada no texto da transcrição (véspera da data do nome do arquivo, que corresponde ao dia da postagem/upload). Diretoria de destino inferida (pedido trata de informações financeiras sobre operação de crédito para obra do setor de Planejamento/Obras); poderia alternativamente ser considerado como Diretoria de Planejamento, Obras, Serviços e Manutenção. Aprovado por unanimidade de votos."
REQ-050,029,2023,109ª Sessão Ordinária da 18ª Legislatura,2023-08-28,Anderson Marcos Viana,"Solicita informações detalhadas sobre como será feito o cálculo e pagamento do piso salarial nacional de enfermeiros, técnicos e auxiliares de enfermagem e parteiras, discriminando valores por entidade (Lar Santo Antônio, Lar Santa Teresinha, Pronto Socorro, Santa Casa, ESFs, CAPS) e o total de verba disponibilizada.","Diretoria de Fazenda, Compras, Almoxarifado e Recursos Humanos",Aprovado,,Pendente,"Data da sessão conforme mencionada no texto da transcrição (véspera da data do nome do arquivo, que corresponde ao dia da postagem/upload). ATENÇÃO: esta transcrição pode estar com o início cortado — o arquivo começa em “colegas que compõem a mesa junto comigo...”, sem a saudação inicial completa do presidente; possível perda de conteúdo no começo da abertura da sessão. Aprovado por unanimidade de votos."
REQ-051,030,2023,109ª Sessão Ordinária da 18ª Legislatura,2023-08-28,Elio Furini Neto,"Solicita informações sobre o motivo pelo qual a Lei Municipal nº 3.606/2023 (divulgação da lista de medicamentos disponíveis/em falta na rede municipal de saúde), sancionada em 29/05/2023, ainda não havia sido colocada em prática após três meses.",Diretoria de Saúde,Aprovado,,Pendente,"Data da sessão conforme mencionada no texto da transcrição (véspera da data do nome do arquivo, que corresponde ao dia da postagem/upload). ATENÇÃO: esta transcrição pode estar com o início cortado — o arquivo começa em “colegas que compõem a mesa junto comigo...”, sem a saudação inicial completa do presidente; possível perda de conteúdo no começo da abertura da sessão. Aprovado por unanimidade de votos."
REQ-052,031,2023,109ª Sessão Ordinária da 18ª Legislatura,2023-08-28,Anderson Marcos Viana,"Solicita informações sobre quantas residências estão afetadas/interditadas em decorrência da erosão (buracão) no Jardim Paulista até a data, bem como quais estão recebendo aluguel social.",Diretoria de Assistência Social,Aprovado,,Pendente,"Data da sessão conforme mencionada no texto da transcrição (véspera da data do nome do arquivo, que corresponde ao dia da postagem/upload). ATENÇÃO: esta transcrição pode estar com o início cortado — o arquivo começa em “colegas que compõem a mesa junto comigo...”, sem a saudação inicial completa do presidente; possível perda de conteúdo no começo da abertura da sessão. Diretoria de destino inferida (pedido trata de residências afetadas e aluguel social); poderia alternativamente ser considerado Diretoria de Planejamento, Obras, Serviços e Manutenção, por tratar também da erosão em si. Aprovado por unanimidade de votos."
REQ-053,032,2023,110ª Sessão Ordinária da 18ª Legislatura,2023-09-04,Paulo Sérgio Cordeiro,"Solicita informações sobre gastos e nomes de fornecedores relacionados ao setor de mídias e propaganda da prefeitura, discriminados por 2021, 2022 e 2023 (publicidade, comunicação social, captação de imagens/vídeos institucionais, identidade visual, artes e campanhas sazonais).",Diretoria Administrativa,Aprovado,,Pendente,"Data da sessão conforme mencionada no texto da transcrição (véspera da data do nome do arquivo, que corresponde ao dia da postagem/upload). Diretoria de destino inferida: o requerimento trata do setor de mídias/propaganda da Prefeitura, sem correspondência exata na lista oficial de diretorias fornecida; classificado como Diretoria Administrativa por aproximação. Aprovado por unanimidade de votos."
REQ-054,033,2023,110ª Sessão Ordinária da 18ª Legislatura,2023-09-04,Anderson Marcos Viana,Solicita cópia do termo de financiamento destinado à construção da usina fotovoltáica do município.,"Diretoria de Fazenda, Compras, Almoxarifado e Recursos Humanos",Aprovado,,Pendente,"Data da sessão conforme mencionada no texto da transcrição (véspera da data do nome do arquivo, que corresponde ao dia da postagem/upload). Aprovado por unanimidade de votos."
REQ-055,034,2023,110ª Sessão Ordinária da 18ª Legislatura,2023-09-04,Marisa Alves da Silva Costa,Solicita informações acerca das razões e fatores que levaram à diminuição da quantidade de castrações de animais realizadas pela prefeitura.,Diretoria de Saúde,Aprovado,,Pendente,"Data da sessão conforme mencionada no texto da transcrição (véspera da data do nome do arquivo, que corresponde ao dia da postagem/upload). Diretoria de destino inferida: castração de animais/controle de zoonoses pode alternativamente ser atribuída à Diretoria de Agronegócio, Indústria, Comércio e Meio Ambiente e Gestão de Resíduos Sólidos. Aprovado por unanimidade de votos."
REQ-056,035,2023,112ª Sessão Ordinária da 18ª Legislatura,2023-09-18,Anderson Marcos Viana,"Solicita informações referentes à ausência do brasão do município em alguns veículos públicos municipais, inclusive os cedidos, com base no parágrafo 2º do artigo 3º da Lei Orgânica do município.",Diretoria Administrativa,Aprovado,,Pendente,"Data da sessão conforme mencionada no texto da transcrição (véspera da data do nome do arquivo, que corresponde ao dia da postagem/upload). Aprovado por unanimidade de votos."
REQ-057,036,2023,112ª Sessão Ordinária da 18ª Legislatura,2023-09-18,Elio Furini Neto,"Solicita informações sobre o andamento das obras e serviços de pavimentação da estrada vicinal JQL-010 (Governador Mário Covas), que liga Junqueirópolis a Dracena, complementando os requerimentos nº 7 e 26/2023.","Diretoria de Planejamento, Obras, Serviços e Manutenção",Aprovado,,Pendente,"Data da sessão conforme mencionada no texto da transcrição (véspera da data do nome do arquivo, que corresponde ao dia da postagem/upload). Aprovado por unanimidade de votos."
REQ-058,037,2023,112ª Sessão Ordinária da 18ª Legislatura,2023-09-18,Elio Furini Neto,"Solicita informações sobre possível redução/baixa pressão no fornecimento de água no bairro Campo Belo e áreas adjacentes, especialmente no final da tarde e período noturno.","Diretoria de Planejamento, Obras, Serviços e Manutenção",Aprovado,,Pendente,"Data da sessão conforme mencionada no texto da transcrição (véspera da data do nome do arquivo, que corresponde ao dia da postagem/upload). Diretoria de destino inferida (não há diretoria específica de água/saneamento na lista oficial fornecida). Aprovado por unanimidade de votos."
REQ-059,038,2023,113ª Sessão Ordinária da 18ª Legislatura,2023-09-25,Anderson Marcos Viana,"Solicita informações sobre as causas da proliferação de roedores e outros animais nocivos à saúde pública na região das ruas Constantino Marcolino de Souza, Avenida Geraldo Fundo, Rua Lioa de Huaque e Avenida João Furini, e sobre a suspeita de envenenamento de pombos (que estaria também afetando gatos) nas áreas de escolas e do terminal rodoviário.",Diretoria de Saúde,Aprovado,,Pendente,"Data da sessão conforme mencionada no texto da transcrição (véspera da data do nome do arquivo, que corresponde ao dia da postagem/upload). Diretoria de destino inferida (controle de pragas/vigilância sanitária); poderia alternativamente ser atribuída à Diretoria de Agronegócio, Indústria, Comércio e Meio Ambiente e Gestão de Resíduos Sólidos. Aprovado por unanimidade de votos."
REQ-060,039,2023,113ª Sessão Ordinária da 18ª Legislatura,2023-09-25,Valdir Aparecido de Oliveira,"Requerimento atípico: solicita envio de ofício parabenizando o Sr. Guilherme Piai Silva Filisola, de Presidente Prudente, por sua nomeação pelo Governo do Estado ao cargo de Secretário-Executivo da Secretaria de Agricultura e Abastecimento de São Paulo.",Secretaria de Agricultura e Abastecimento do Estado de São Paulo,Aprovado,,Pendente,"Data da sessão conforme mencionada no texto da transcrição (véspera da data do nome do arquivo, que corresponde ao dia da postagem/upload). Requerimento de caráter honorífico/protocolar (ofício de parabéns a autoridade estadual), não um pedido de informação à administração municipal; órgão externo mantido conforme nome real da entidade. Aprovado por unanimidade de votos."
REQ-061,040,2023,114ª Sessão Ordinária da 18ª Legislatura,2023-10-02,Anderson Marcos Viana,Requer cópias dos contratos referentes aos shows realizados durante a ACERUVA de 2023.,"Diretoria de Licitações, Contratos e Convênios",Aprovado,219/2023,Respondido,"O ofício 219/2023, lido no expediente da sessão de 23/10/2023 (117ª), respondeu ao ofício da Câmara nº 148/2023, gerado a partir deste requerimento, encaminhando cópias dos contratos dos shows da ACERUVA 2023. O texto da sessão menciona explicitamente a data de 2 de outubro de 2023 (114ª Sessão Ordinária), enquanto o arquivo de transcrição está nomeado como 2023-10-03. Usada a data do texto."
REQ-062,041,2023,115ª Sessão Ordinária da 18ª Legislatura,2023-10-09,"Teresinha de Lourdes Freitas Regodanso, Anderson Marcos Viana, Elio Furini Neto, Marisa Alves da Silva Costa, Paulo Sérgio Cordeiro",Requer informações sobre a motivação da interrupção da troca de iluminação pública para tecnologia LED e dos serviços de recapeamento asfáltico no município.,"Diretoria de Planejamento, Obras, Serviços e Manutenção",Aprovado,230/2023,Respondido,"O ofício 230/2023, lido no expediente da sessão de 30/10/2023 (118ª), respondeu ao ofício da Câmara nº 151/2023, gerado a partir deste requerimento, informando que os serviços de LED e recapeamento não foram paralisados, mas são realizados por etapas conforme a obtenção de recursos. O texto da sessão menciona explicitamente a data de 9 de outubro de 2023 (115ª Sessão Ordinária), enquanto o arquivo está nomeado como 2023-10-10. Usada a data do texto."
REQ-063,042,2023,117ª Sessão Ordinária da 18ª Legislatura,2023-10-23,Elio Furini Neto,"Requer informações sobre o pagamento do piso salarial nacional de enfermeiros, técnicos e auxiliares de enfermagem e parteiras, referente aos meses de setembro e outubro de 2023.",Diretoria de Saúde,Aprovado,,Pendente,"O texto da sessão menciona explicitamente a data de 23 de outubro de 2023 (117ª Sessão Ordinária), enquanto o arquivo está nomeado como 2023-10-24. Usada a data do texto."
REQ-064,043,2023,117ª Sessão Ordinária da 18ª Legislatura,2023-10-23,Valdir Aparecido de Oliveira,Requer informações sobre o andamento das obras de reconstrução da ponte da estrada que conecta o bairro Segunda Sessão aos municípios de Junqueirópolis e Dracena.,"Diretoria de Planejamento, Obras, Serviços e Manutenção",Aprovado,,Pendente,"O texto da sessão menciona explicitamente a data de 23 de outubro de 2023 (117ª Sessão Ordinária), enquanto o arquivo está nomeado como 2023-10-24. Usada a data do texto."
REQ-065,044,2023,117ª Sessão Ordinária da 18ª Legislatura,2023-10-23,Anderson Marcos Viana,Requer informações sobre os motivos pelos quais a Prefeitura não formalizou convênio/contrato com a Companhia de Desenvolvimento Habitacional e Urbano (CDHU) para construção de casas populares destinadas à população de baixa renda do município.,"Diretoria Jurídica, Habitação e de Trânsito",Aprovado,,Pendente,"O texto da sessão menciona explicitamente a data de 23 de outubro de 2023 (117ª Sessão Ordinária), enquanto o arquivo está nomeado como 2023-10-24. Usada a data do texto."
REQ-066,045,2023,118ª Sessão Ordinária da 18ª Legislatura,2023-10-30,Anderson Marcos Viana,"Requer informações sobre o montante de recursos públicos investidos na ACERUVA 2023 e sobre a destinação de eventuais sobras de valores, conforme estabelecido na Lei Municipal nº 3.610, de 30 de junho de 2023.","Diretoria de Fazenda, Compras, Almoxarifado e Recursos Humanos",Aprovado,,Pendente,"O texto da sessão menciona explicitamente a data de 30 de outubro de 2023 (118ª Sessão Ordinária), enquanto o arquivo está nomeado como 2023-10-31. Usada a data do texto."
REQ-067,046,2023,118ª Sessão Ordinária da 18ª Legislatura,2023-10-30,Elio Furini Neto,"Requer informações sobre o andamento da instalação de iluminação no complexo esportivo em construção no bairro Vila Beatriz, objeto da indicação nº 101/2023, de autoria dos vereadores Elio Furini Neto e Anderson Marcos Viana.","Diretoria de Planejamento, Obras, Serviços e Manutenção",Aprovado,,Pendente,"O texto da sessão menciona explicitamente a data de 30 de outubro de 2023 (118ª Sessão Ordinária), enquanto o arquivo está nomeado como 2023-10-31. Usada a data do texto."
REQ-068,047,2023,119ª Sessão Ordinária da 18ª Legislatura,2023-11-07,Anderson Marcos Viana,"Requer o envio de ofício ao prefeito municipal solicitando informações sobre a atual indisponibilidade de pediatras no município, tendo em vista que crianças que necessitam de atendimento estão sendo transferidas para Presidente Prudente.",Diretoria de Saúde,Aprovado,,Pendente,"O texto da sessão menciona explicitamente a data de 6 de novembro de 2023 (119ª Sessão Ordinária, realizada em 6/11), enquanto o arquivo de transcrição está nomeado como 2023-11-07. Usada a data do texto (6/11)."
REQ-069,048,2023,120ª Sessão Ordinária da 18ª Legislatura,2023-11-14,Anderson Marcos Viana,"Requer o envio de ofício à Companhia de Desenvolvimento Habitacional e Urbano do Estado de São Paulo (CDHU) para que informe se possui convênios ou contratos formalizados com o município destinados à construção de novas casas populares para a população de baixa renda, bem como a data de assinatura do último convênio firmado.",Companhia de Desenvolvimento Habitacional e Urbano do Estado de São Paulo (CDHU),Aprovado,235/2023,Respondido de forma insatisfatória,"O ofício 235/2023, lido na própria sessão de 13/11/2023, respondeu informando sobre a solicitação à Secretaria de Habitação em 2021 e o loteamento Ville Liberta (Minha Casa Minha Vida). Na sessão seguinte (121ª, 21/11/2023) o vereador Anderson Marcos Viana reclamou explicitamente que a resposta 'não tem nada a ver' com o que foi perguntado (convênio CDHU para casas populares, distinto do programa Minha Casa Minha Vida). O texto da sessão menciona a data de 13/11/2023 (120ª Sessão Ordinária), enquanto o arquivo está nomeado como 2023-11-14. Usada a data do texto."
REQ-070,049,2023,120ª Sessão Ordinária da 18ª Legislatura,2023-11-14,"Elio Furini Neto, Anderson Marcos Viana, Valdir Aparecido de Oliveira","Requer o envio de ofício ao prefeito municipal solicitando esclarecimentos sobre os motivos que levaram à realização de novo recapeamento asfáltico na Avenida Junqueira, considerando que a via havia passado por esse processo recentemente.","Diretoria de Planejamento, Obras, Serviços e Manutenção",Aprovado,,Pendente,"O texto da sessão menciona a data de 13/11/2023 (120ª Sessão Ordinária), enquanto o arquivo está nomeado como 2023-11-14. Usada a data do texto."
REQ-071,050,2023,121ª Sessão Ordinária da 18ª Legislatura,2023-11-22,Anderson Marcos Viana,"Requer o envio de ofício ao prefeito municipal solicitando esclarecimento sobre o destino das pedras portuguesas removidas da Praça Central Álvaro de Oliveira Junqueira durante sua reforma, que estavam armazenadas nas proximidades do campinho do bairro Duas Barras até o final de 2022 e desapareceram até 1º de julho de 2023.","Diretoria de Planejamento, Obras, Serviços e Manutenção",Aprovado,264/2023,Respondido de forma insatisfatória,"O ofício 264/2023 (lido na sessão de 11/12/2023, referente ao ofício da Câmara nº 185/2023) informou apenas que 'as pedras foram retiradas pela gestão anterior' e que o setor 'não conhece' o assunto, sem informar o destino/paradeiro. O vereador Anderson Marcos Viana classificou a resposta como insuficiente e insistiu no pedido nas sessões seguintes, chegando a mencionar a possibilidade de impetrar mandado de segurança. Ver também denúncia relacionada no arquivo de denúncias. O texto da sessão menciona a data de 21/11/2023 (121ª Sessão Ordinária), enquanto o arquivo está nomeado como 2023-11-22. Usada a data do texto."
REQ-072,051,2023,121ª Sessão Ordinária da 18ª Legislatura,2023-11-22,Anderson Marcos Viana,"Requer o envio de ofício à Diretoria de Ensino - Região de Adamantina solicitando informações sobre a viabilidade de providenciar a aquisição de ar-condicionado, a manutenção dos equipamentos já instalados nas unidades de ensino, bem como a manutenção dos ventiladores da Escola Estadual Escola Profº Idene Rodrigues dos Santos.",Diretoria de Ensino - Região de Adamantina (órgão estadual),Aprovado,,Pendente,"O texto da sessão menciona a data de 21/11/2023 (121ª Sessão Ordinária), enquanto o arquivo está nomeado como 2023-11-22. Usada a data do texto."
REQ-073,052,2023,122ª Sessão Ordinária da 18ª Legislatura,2023-11-28,Paulo Sérgio Cordeiro,"Requer o envio de ofício ao prefeito municipal solicitando complementação das informações fornecidas no requerimento nº 32/2023, especificamente sobre o conteúdo e os custos do outdoor situado no cruzamento das avenidas 7 de Setembro/Geraldo Fudo e do outdoor localizado no Distrito Industrial 4, além de informações sobre os carros de som que circulam pela cidade anunciando serviços da Prefeitura, incluindo custos e período de veiculação.",Diretoria Administrativa,Aprovado,,Pendente,"O texto da sessão menciona a data de 27/11/2023 (122ª Sessão Ordinária), enquanto o arquivo está nomeado como 2023-11-28. Usada a data do texto. Trata-se de complemento ao requerimento nº 32/2023 (não incluído neste lote)."
REQ-074,053,2023,123ª Sessão Ordinária da 18ª Legislatura,2023-12-05,Anderson Marcos Viana,"Requer o envio de ofício ao prefeito municipal solicitando cópias dos atos que formalizam o convênio firmado entre a Defesa Civil do Estado de São Paulo e o município, objetivando a transferência de equipamentos para ações de proteção e defesa civil.","Diretoria Jurídica, Habitação e de Trânsito",Aprovado,263/2023,Respondido,"O ofício 263/2023, lido na sessão de 11/12/2023 (referente ao ofício da Câmara nº 162/2023), informou que o projeto já havia sido elaborado e encaminhado à Defesa Civil do Estado, aguardando vistoria e posterior assinatura de convênio. O texto da sessão menciona a data de 4/12/2023 (123ª Sessão Ordinária), enquanto o arquivo está nomeado como 2023-12-05. Usada a data do texto."
REQ-075,054,2023,124ª Sessão Ordinária da 18ª Legislatura,2023-12-12,Anderson Marcos Viana,"Requer o envio de ofício ao prefeito municipal solicitando esclarecimentos sobre as medidas adotadas diante da ausência do brasão do município em alguns veículos públicos municipais, especialmente os veículos de representação, tendo em vista resposta anterior (referente ao requerimento nº 35/2023) que indicava que medidas seriam implantadas.",Diretoria Administrativa,Aprovado,,Pendente,"O texto da sessão menciona a data de 11/12/2023 (124ª Sessão Ordinária), enquanto o arquivo está nomeado como 2023-12-12_2. Usada a data do texto. Trata-se de complemento ao requerimento nº 35/2023 (não incluído neste lote)."
REQ-076,055,2023,125ª Sessão Ordinária da 18ª Legislatura,2023-12-18,Anderson Marcos Viana,Solicita cópias integrais dos processos administrativos referentes aos loteamentos Horto do Seringal e Residencial Trindade.,"Diretoria Jurídica, Habitação e de Trânsito",Aprovado,,Pendente,"Data da sessão conforme mencionado repetidamente no texto da transcrição (18/12/2023), divergente da data do nome do arquivo (2023-12-19). Aprovado por unanimidade de votos. Diretoria de destino inferida pelo tema (processos de loteamento/habitação); não foi mencionada explicitamente na transcrição."
REQ-077,056,2023,125ª Sessão Ordinária da 18ª Legislatura,2023-12-18,Paulo Sérgio Cordeiro,"Solicita cópias dos contratos e processos licitatórios, inclusive dispensas e inexigibilidades, de fornecedores/prestadores de serviço relacionados ao setor de mídias e propagandas contratados pela administração em 2023.","Diretoria de Licitações, Contratos e Convênios",Aprovado,,Pendente,Data da sessão conforme mencionado no texto da transcrição (18/12/2023). Aprovado por unanimidade de votos.
REQ-078,001,2024,126ª Sessão Ordinária da 18ª Legislatura,2024-02-05,Elio Furini Neto,"Solicita esclarecimentos sobre o processo de formalização e operacionalização das atividades econômicas de pessoas físicas e jurídicas no município, com atenção especial à situação da abertura de supermercados aos domingos e feriados.","Diretoria de Agronegócio, Indústria, Comércio e Meio Ambiente e Gestão de Resíduos Sólidos",Aprovado,,Pendente,"Aprovado por unanimidade de votos. Requerimento relacionado a debate sobre horário de funcionamento do comércio, tema também discutido extensamente nas explicações pessoais desta sessão e da sessão seguinte."
REQ-079,002,2024,126ª Sessão Ordinária da 18ª Legislatura,2024-02-05,"Elio Furini Neto, Anderson Marcos Viana, Marisa Alves da Silva Costa, Paulo Sérgio Cordeiro, Teresinha de Lourdes Freitas Regodanso","Solicita o envio de ofício ao DER-SP e à Casa Civil do Estado de São Paulo comunicando a relevância do início das obras de pavimentação da estrada vicinal JQL-010 (Governador Mário Covas), que liga Junqueirópolis a Dracena, já com projeto executivo contratado.",DER-SP (Departamento de Estradas de Rodagem do Estado de São Paulo) e Casa Civil do Estado de São Paulo,Aprovado,,Pendente,"Destinatários são órgãos externos ao município (mantidos os nomes reais), não uma diretoria da Prefeitura. Aprovado por unanimidade de votos. Vereador relatou que o pleito vem sendo reforçado desde 2021."
REQ-080,003,2024,126ª Sessão Ordinária da 18ª Legislatura,2024-02-05,"Elio Furini Neto, Anderson Marcos Viana, Marisa Alves da Silva Costa, Paulo Sérgio Cordeiro, Teresinha de Lourdes Freitas Regodanso","Solicita esclarecimentos sobre as medidas que a administração municipal tem tomado para resolver a constante queda de energia elétrica em diversos setores da cidade, incluindo prédios públicos.","Diretoria de Planejamento, Obras, Serviços e Manutenção",Aprovado,,Pendente,"Diretoria de destino incerta: o requerimento é endereçado ao Prefeito Municipal questionando providências da administração, mas o problema em si é atribuído à concessionária de energia elétrica (Elektro/citada como 'Electro' na transcrição) e à ANEEL, para as quais a Câmara já havia enviado ofícios em separado, segundo relato do vereador Elio Furini Neto."
REQ-081,004,2024,127ª Sessão Ordinária da 18ª Legislatura,2024-02-14,Paulo Sérgio Cordeiro,"Solicita os contratos e processos licitatórios de fornecedores/prestadores de serviços do setor de mídias e propagandas referentes aos anos de 2021, 2022 e 2023, complementando a relação já fornecida pelo Executivo através do ofício nº 197/2023 (excluídos contratos de 2023 já obtidos de três empresas específicas).","Diretoria de Licitações, Contratos e Convênios",Aprovado,,Pendente,Aprovado por unanimidade de votos. Vereador mencionou em explicações pessoais ter recebido ameaças relacionadas a este requerimento e ao nº 05/2024.
REQ-082,005,2024,127ª Sessão Ordinária da 18ª Legislatura,2024-02-14,Paulo Sérgio Cordeiro,"Solicita esclarecimentos sobre os vínculos contratuais ou de prestação de serviço entre a empresa Renan Vinícius Tomás Monteiro (TV Oeste Diário) e o jornalista Fernando Aguiar Ramos com a Prefeitura Municipal, incluindo o motivo de ambos não constarem na relação de fornecedores de mídia fornecida no ofício nº 197/2023, além de cópias dos respectivos contratos.","Diretoria de Licitações, Contratos e Convênios",Aprovado,,Pendente,Aprovado por unanimidade de votos. Vereador mencionou em explicações pessoais ter recebido ameaças relacionadas a este requerimento e ao nº 04/2024.
REQ-083,006,2024,127ª Sessão Ordinária da 18ª Legislatura,2024-02-14,"Anderson Marcos Viana, Elio Furini Neto, Valdir Aparecido de Oliveira","Solicita dados referentes ao percentual de despesas com pessoal da Prefeitura Municipal no ano de 2023, bem como o valor do superávit alcançado no mesmo período.","Diretoria de Fazenda, Compras, Almoxarifado e Recursos Humanos",Aprovado,,Pendente,"Aprovado por unanimidade de votos. Vereador relatou que a questão havia sido levantada durante o debate de votação do aumento salarial dos servidores em janeiro/2024 (sessão extraordinária de 2024-01-16), sendo este requerimento a formalização do pedido de informação."
REQ-084,007,2024,129ª Sessão Ordinária da 18ª Legislatura,2024-02-26,Elio Furini Neto,Solicita informações ao prefeito municipal acerca do envio do projeto de lei à Câmara Municipal que versa sobre o repasse do piso nacional da enfermagem no município de Junqueirópolis no ano de 2024.,Diretoria de Saúde,Aprovado,,Pendente,"Aprovado por unanimidade de votos. Data da sessão conforme mencionada repetidamente no texto da transcrição (26/02/2024), divergente da data do nome do arquivo (2024-02-27). Requerimento relacionado a projetos de lei nº 12 a 17/2024 (aditamentos de convênio com a Santa Casa), que vieram com erro e foram retirados de pauta na mesma sessão."
REQ-085,008,2024,129ª Sessão Ordinária da 18ª Legislatura,2024-02-26,Anderson Marcos Viana,"Solicita esclarecimentos sobre a suposta participação da Prefeitura na construção de calçada em terreno privado, situado na Rua Victor Camargo Bodini (mencionada na transcrição também como ""Victor Camargo Budini""), no bairro Frei Galvão, ao lado do estabelecimento 3D Lava Rápido, incluindo motivo da obra, responsável pelo acompanhamento e gastos envolvidos.","Diretoria de Planejamento, Obras, Serviços e Manutenção",Aprovado,,Pendente,"Aprovado por unanimidade de votos. Grafia do sobrenome do proprietário do terreno divergente na transcrição (""Camargo Bonine""/""Camargo Budini""); mantida a forma predominante ""Camargo Bonini""."
REQ-086,009,2024,129ª Sessão Ordinária da 18ª Legislatura,2024-02-26,Teresinha de Lourdes Freitas Regodanso,"Solicita informações sobre a operação de crédito relacionada à execução das obras para o fechamento da grande erosão conhecida como ""Buracão"", no Jardim Paulista, incluindo data da operação, valor recebido e se o montante está disponível ou já foi utilizado.","Diretoria de Fazenda, Compras, Almoxarifado e Recursos Humanos",Aprovado,,Pendente,Aprovado por unanimidade de votos.
REQ-087,010,2024,129ª Sessão Ordinária da 18ª Legislatura,2024-02-26,Anderson Marcos Viana,"Solicita informações sobre a operação de crédito relacionada à execução das obras para a construção da usina fotovoltaica no município, incluindo data da operação, valor recebido e se o montante está disponível ou já foi utilizado.","Diretoria de Fazenda, Compras, Almoxarifado e Recursos Humanos",Aprovado,,Pendente,"Aprovado por unanimidade de votos. Em explicações pessoais o vereador relatou que a usina (orçada em aproximadamente 8 milhões de reais, votada em 2023) não apresentava andamento visível."
REQ-088,011,2024,130ª Sessão Ordinária da 18ª Legislatura,2024-03-04,"Valdir Aparecido de Oliveira, Anderson Marcos Viana","Solicita informações acerca do andamento do projeto de reconstrução da ponte localizada na estrada JQL-446, no bairro Segunda Sessão, que liga Junqueirópolis a Dracena.","Diretoria de Planejamento, Obras, Serviços e Manutenção",Aprovado,,Pendente,"Aprovado por unanimidade de votos. Data da sessão conforme mencionada no texto (04/03/2024), divergente da data do arquivo (2024-03-05)."
REQ-089,012,2024,131ª Sessão Ordinária da 18ª Legislatura,2024-03-11,Anderson Marcos Viana,"Solicita esclarecimentos sobre os motivos que levaram à necessidade de aditamento no valor de R$ 82.400,00 para a reforma e ampliação do CCI (Centro de Convivência do Idoso) de Junqueirópolis, além de informações sobre o percentual de obra já concluído e o montante já pago até o momento.","Diretoria de Licitações, Contratos e Convênios",Aprovado,,Pendente,"Aprovado por 5 votos a 3, após pedido de vista do autor na sessão anterior (130ª) ter sido aprovado por 5 votos a 3, retirando de pauta o projeto de lei complementar nº 08/2024 (crédito adicional suplementar para a mesma obra). Na sessão seguinte (132ª) a administração respondeu ao ofício e o referido projeto de lei foi aprovado."
REQ-090,013,2024,131ª Sessão Ordinária da 18ª Legislatura,2024-03-11,Anderson Marcos Viana,"Solicita esclarecimentos sobre a recente solicitação feita aos pais pelos Centros de Educação Infantil (CEIs), envolvendo pedidos de listas de materiais escolares e itens de higiene pessoal para seus filhos, prática apontada como inédita nos últimos anos.","Diretoria de Educação, Cultura, Esportes, Lazer e Turismo",Aprovado,,Pendente,Aprovado por unanimidade de votos.
REQ-091,014,2024,131ª Sessão Ordinária da 18ª Legislatura,2024-03-11,Anderson Marcos Viana,"Solicita informações acerca de quantos servidores recebem a Gratificação por Trabalho por Tempo Integral e Dedicação Exclusiva (GTID), com relação de nome completo, cargo, função, setor e percentual de gratificação recebida, referente ao período de janeiro de 2024 até a data da resposta.","Diretoria de Fazenda, Compras, Almoxarifado e Recursos Humanos",Aprovado,,Pendente,"Aprovado por unanimidade de votos. Requerimento similar já havia sido feito em anos anteriores, segundo relato em plenário."
REQ-092,015,2024,132ª Sessão Ordinária da 18ª Legislatura,2024-03-18,"Anderson Marcos Viana, Marisa Alves da Silva Costa","Solicita cópias de todos os contratos de aluguéis celebrados entre a Prefeitura Municipal de Junqueirópolis e particulares, acompanhadas dos valores atualizados pagos mensalmente.","Diretoria de Fazenda, Compras, Almoxarifado e Recursos Humanos",Aprovado,,Pendente,"Aprovado por unanimidade de votos. Resposta trouxe relação de 10 imóveis alugados (farmácia municipal, posto de recebimento, setor de água e esgoto, setor de trânsito, projeto Guri, CI Cristo, CRAS, Conselho Tutelar, Poupatempo, CREAS)."
REQ-093,016,2024,132ª Sessão Ordinária da 18ª Legislatura,2024-03-18,Paulo Sérgio Cordeiro,"Solicita relatório de gastos relativos à reforma da Academia de Judô do município neste ano, com descrição das melhorias realizadas, além de informações sobre os investimentos planejados para a construção da meia-quadra de basquete entre a pista de skate e a Academia de Judô.","Diretoria de Educação, Cultura, Esportes, Lazer e Turismo",Aprovado,,Pendente,"Aprovado por unanimidade de votos. Resposta da administração (ofício 70/2024) informou que não houve reforma, apenas manutenção (R$ 3.382,50), e que a meia-quadra de basquete estava em fase de terraplanagem, com investimento planejado de R$ 23.586,20."
REQ-094,017,2024,134ª Sessão Ordinária da 18ª Legislatura,2024-04-01,Paulo Sérgio Cordeiro,"Solicita esclarecimentos sobre os procedimentos e investimentos oferecidos pelo CAPS (Centro de Atenção Psicossocial) aos indivíduos que lutam contra dependência química, visando sua reintegração social, e a eficácia dos recursos aplicados.",Diretoria de Saúde,Aprovado,,Pendente,"Aprovado por unanimidade de votos. Data da sessão conforme mencionada no texto (01/04/2024), divergente da data do arquivo (2024-04-02). Na 133ª Sessão Ordinária (25/03/2024, arquivo 2024-03-26) não houve apresentação de requerimentos, apenas indicações (67 a 77/2024) e projetos de lei."
REQ-095,018,2024,136ª Sessão Ordinária da 18ª Legislatura,2024-04-15,Paulo Sérgio Cordeiro,"Solicita, em complemento aos requerimentos nº 05/2024 e nº 56/2023, informações ao prefeito municipal sobre o serviço prestado pela empresa Oeste Comunicações Eireli ME durante o ano de 2023, incluindo detalhes sobre campanhas de publicidade realizadas, eventos cobertos/filmados e vídeos ou artes produzidos, solicitando também o envio digital do material produzido.",Diretoria Administrativa,Aprovado,,Pendente,"O presidente da Câmara manifestou publicamente ser contrário a este requerimento (embora não vote), mas ele foi aprovado por unanimidade dos vereadores votantes. A diretoria de destino foi inferida como Administrativa, por se tratar de contrato de comunicação/publicidade; o texto não especifica explicitamente qual diretoria deveria responder."
REQ-096,019,2024,136ª Sessão Ordinária da 18ª Legislatura,2024-04-15,Elio Furini Neto,"Solicita informações ao prefeito municipal sobre os valores repassados à Santa Casa de Misericórdia relativos ao Piso Nacional da Enfermagem, incluindo especificação dos meses abrangidos pelo repasse e a respectiva data de transferência.",Diretoria de Saúde,Aprovado,,Pendente,"Na transcrição o vereador aparece grafado ora como 'Elio Furini Neto', ora como 'Elio Furini Neto'; mantive o nome oficial da lista de vereadores da 18ª Legislatura."
REQ-097,020,2024,136ª Sessão Ordinária da 18ª Legislatura,2024-04-15,"Elio Furini Neto, Valdir Aparecido de Oliveira, Anderson Marcos Viana","Em complemento ao requerimento nº 06/2024, solicita ao prefeito municipal os valores da receita corrente líquida e da despesa corrente líquida referentes aos exercícios de 2021, 2022 e 2023, acompanhados de cópia do extrato bancário das contas municipais relativas ao dia 31 de dezembro de cada um dos anos mencionados.","Diretoria de Fazenda, Compras, Almoxarifado e Recursos Humanos",Aprovado,,Pendente,
REQ-098,021,2024,136ª Sessão Ordinária da 18ª Legislatura,2024-04-15,Anderson Marcos Viana,"Solicita informações ao prefeito municipal sobre o status do financiamento para a execução das obras do 'Buracão' (erosão do Jardim Paulista/Autopaulista), requisitando cópia do contrato de financiamento caso a resposta seja afirmativa.","Diretoria de Fazenda, Compras, Almoxarifado e Recursos Humanos",Aprovado,,Pendente,"A resposta a este requerimento (ofício nº 023/2024) foi lida na sessão seguinte (138ª, 2024-04-29), assinada pela Diretoria de Fazenda, Compras, Almoxarifado e RH, informando que o contrato de financiamento junto à Desenvolve SP havia sido formalizado em 05/04/2024, mas ainda estava em fase de registro."
REQ-099,022,2024,137ª Sessão Ordinária da 18ª Legislatura,2024-04-22,Anderson Marcos Viana,"Solicita ao prefeito municipal justificativa e fundamentação da publicação do Decreto nº 7.399, de 20/02/2024, que dispõe sobre a adoção dos mecanismos do artigo 167-A da Constituição Federal (contenção de despesas), incluindo o cálculo da contabilidade que apurou a superação do índice previsto no referido artigo. Solicita também a relação de todas as contratações efetivas e temporárias de servidores realizadas após 20/02/2024, informação sobre eventual anulação de contratação ou convocação de servidor após essa data, e a relação de gratificações concedidas a servidores municipais após 20/02/2024.","Diretoria de Fazenda, Compras, Almoxarifado e Recursos Humanos",Aprovado,,Pendente,"Este requerimento formaliza uma preocupação já verbalizada pelo vereador na sessão anterior (2024-04-15), sobre possível anulação de convocações de concurso público em razão do decreto de contenção fiscal."
REQ-100,023,2024,138ª Sessão Ordinária da 18ª Legislatura,2024-04-29,Anderson Marcos Viana,"Solicita informações/providências ao prefeito municipal sobre a contaminação de córregos nas proximidades do município, com destaque para o Córrego Colibri (bairro Palmeira), poluído por esgoto e resíduos, com danos comprovados por vídeo à fauna e à flora locais.","Diretoria de Agronegócio, Indústria, Comércio e Meio Ambiente e Gestão de Resíduos Sólidos",Aprovado,,Pendente,"O arquivo de transcrição desta sessão (2024-04-30_sessao.txt) começa cortado, já no meio da leitura deste requerimento; o resumo foi reconstituído a partir do trecho final capturado e da referência a este mesmo requerimento (enviado em 30/04/2024, mencionando também um córrego no bairro Saúde) feita na sessão de 2024-06-03, já registrada no lote16 (raw_denuncias_2021_2024_lote16.json)."
REQ-101,024,2024,139ª Sessão Ordinária da 18ª Legislatura,2024-05-06,Elio Furini Neto,Solicita cópia da rescisão do convênio de repasse (recurso de emenda parlamentar de aproximadamente R$ 400 mil) destinado à construção do Centro de Referência de Assistência Social (CRAS).,Diretoria de Assistência Social,Aprovado,,Pendente,"Diferentemente do padrão dos demais requerimentos do lote (dirigidos ao prefeito municipal), o texto lido em sessão direciona o pedido diretamente à Diretoria de Assistência e Desenvolvimento Social."
REQ-102,025,2024,141ª Sessão Ordinária da 18ª Legislatura,2024-05-20,Elio Furini Neto,"Solicita o envio de ofício à Diretoria de Fazenda, Compras, Almoxarifado e Recursos Humanos requerendo informações detalhadas sobre o número de servidores efetivos da prefeitura, bem como a soma de seus salários base, líquido e bruto, referentes às datas de 31/12/2020, 31/12/2021, 31/12/2022, 31/12/2023 e abril/2024.","Diretoria de Fazenda, Compras, Almoxarifado e Recursos Humanos",Aprovado,,Pendente,"Há divergência na data final do período solicitado: o resumo do Expediente e a leitura do texto integral do requerimento mencionam datas diferentes para o último corte (""31 de abril de 2024"" no resumo do Expediente, mas ""31 de dezembro de 2024"" — data futura, impossível na época — na leitura do texto integral do requerimento). Optei por manter o resumo genérico sem fixar a data exata do último corte, por parecer erro de transcrição/fala. A resposta a este requerimento (ofício nº 033/2024 da Diretoria de Fazenda, remetendo ao portal da transparência) foi lida na sessão de 2024-06-11, mas como não cita explicitamente 'ofício de resposta a este requerimento específico' por número formal de resposta dedicado, mantive oficio_resposta e status_resposta como null, conforme critério do lote."
REQ-103,026,2024,141ª Sessão Ordinária da 18ª Legislatura,2024-05-20,Paulo Sérgio Cordeiro,"Solicita o envio de ofício à Diretoria de Fazenda, Compras, Almoxarifado e Recursos Humanos requerendo relação detalhada das férias adquiridas e gozadas pelos servidores que ocupam cargos comissionados ou funções de confiança.","Diretoria de Fazenda, Compras, Almoxarifado e Recursos Humanos",Aprovado,,Pendente,"A resposta (ofício nº 034/2024) foi lida na sessão de 2024-06-11, mas sem citar formalmente ser resposta a este requerimento por número; mantive oficio_resposta e status_resposta como null."
REQ-104,027,2024,143ª Sessão Ordinária da 18ª Legislatura,2024-06-03,Anderson Marcos Viana,"Solicita o envio de ofício à Diretoria de Agronegócio, Indústria, Comércio e Meio Ambiente e Gestão de Resíduos Sólidos requerendo informações detalhadas sobre a fundamentação do corte de árvores e demais vegetações na área verde localizada no encontro da Avenida Paulista com a Avenida Latina, e sobre como será garantido o correto escoamento de água nessa área.","Diretoria de Agronegócio, Indústria, Comércio e Meio Ambiente e Gestão de Resíduos Sólidos",Aprovado,,Pendente,"O cabeçalho de leitura deste requerimento traz 'centésima, quadragésima, segunda sessão ordinária... em 27 de maio de 2024', mas a abertura da sessão confirma tratar-se da 143ª Sessão Ordinária (03/06/2024); usei esta última, mesma observação das indicações 143-145 lidas na mesma sessão."
REQ-105,028,2024,144ª Sessão Ordinária da 18ª Legislatura,2024-06-10,Anderson Marcos Viana,"Solicita o envio de ofício à Diretoria Administrativa requerendo informações sobre o motivo pelo qual o portal da transparência da prefeitura esteve inacessível em determinados menus nos últimos dias, e se houve alterações na folha de pagamento de alguns servidores nos últimos meses.",Diretoria Administrativa,Aprovado,,Pendente,
REQ-106,029,2024,144ª Sessão Ordinária da 18ª Legislatura,2024-06-10,Anderson Marcos Viana,"Solicita o envio de ofício à Diretoria de Planejamento, Obras, Serviços e Manutenção requerendo informações sobre o motivo pelo qual caminhões de terra da prefeitura despejaram terra na área verde do bairro Figueira, com risco de danificar árvores e demais vegetações próximas.","Diretoria de Planejamento, Obras, Serviços e Manutenção",Aprovado,,Pendente,
REQ-107,030,2024,145ª Sessão Ordinária da 18ª Legislatura,2024-06-17,Paulo Sérgio Cordeiro,"Solicita o envio de ofício à Diretoria de Planejamento, Obras, Serviços e Manutenção requerendo relação detalhada das máquinas da prefeitura que estão em condições normais de uso, incluindo identificação de cada máquina e seu estado atual de funcionamento, em razão de comentários recorrentes sobre a inutilização de muitos equipamentos.","Diretoria de Planejamento, Obras, Serviços e Manutenção",Aprovado,,Pendente,
REQ-108,,2024,146ª Sessão Ordinária da 18ª Legislatura,2024-06-25,Terezinha de Lourdes Freitas Regodanso,"Pedido verbal para que a prefeitura envie à Câmara o projeto da reforma do velório municipal (obra iniciada aparentemente sem planejamento e sem aviso prévio às funerárias) e explique o quanto está orçada a obra, já que nenhuma verba específica havia sido submetida à aprovação da Câmara e não se sabia se seria custeada com recurso próprio.","Diretoria de Planejamento, Obras, Serviços e Manutenção",,,Pendente,"[Pedido verbal, ainda não formalizado/numerado] Este pedido aparece no arquivo 'clipe' 2024-06-25_sessao.txt, que começa em andamento sem identificar o orador. Pelo contexto (fala de uma vereadora que se encerra com 'Obrigado, vereadora' antes de passar a palavra ao vereador Anderson, e por afinidade temática com a fala anterior dela sobre a Festa de Santo Antônio), atribuído por inferência à vereadora Terezinha de Lourdes Freitas Regodanso, mas a autoria não pôde ser confirmada com certeza pois o início da fala foi cortado no arquivo. Tema retomado formalmente na Indicação nº 168/2024 (sessão de 20/08/2024), sobre placas de transparência dos valores da mesma obra."
REQ-109,,2024,146ª Sessão Ordinária da 18ª Legislatura,2024-06-25,Anderson Marcos Viana,"Pedido verbal, em explicação pessoal, para que o setor responsável dê atenção ao bueiro entupido na Rua Rui Barbosa, esquina com a Avenida Junqueira, próximo ao Posto São Paulo, com acúmulo de sujeira e mau cheiro no local.","Diretoria de Planejamento, Obras, Serviços e Manutenção",,,Pendente,"[Pedido verbal, ainda não formalizado/numerado] Pedido feito em explicação pessoal no arquivo 'clipe' 2024-06-25_sessao.txt, sem numeração formal de requerimento."
REQ-110,,2024,146ª Sessão Ordinária da 18ª Legislatura,2024-06-25,Anderson Marcos Viana,"Pedido verbal, em explicação pessoal, para que o setor responsável dê atenção aos brinquedos do Bosque municipal, citando dois acidentes recentes (uma senhora machucou a clavícula e uma criança possivelmente fraturou o braço) devido ao uso intenso dos equipamentos nos finais de semana.","Diretoria de Educação, Cultura, Esportes, Lazer e Turismo",,,Pendente,"[Pedido verbal, ainda não formalizado/numerado] Pedido feito em explicação pessoal no arquivo 'clipe' 2024-06-25_sessao.txt, sem numeração formal de requerimento. Diretoria de destino incerta entre Educação/Lazer (Bosque como espaço de lazer) e Planejamento/Obras (manutenção física dos brinquedos); optou-se pela primeira por se tratar de equipamento de lazer público."
REQ-111,,2024,146ª Sessão Ordinária da 18ª Legislatura,2024-06-25,Anderson Marcos Viana,"Pedido verbal, em explicação pessoal, para que a administração dê atenção à falta de médicos no pronto-socorro, relatando um final de semana com o setor de saúde lotado, apenas um médico e três enfermeiras de plantão, incluindo dois acidentes de moto, e solicitando a disponibilização de dois médicos no plantão.",Diretoria de Saúde,,,Pendente,"[Pedido verbal, ainda não formalizado/numerado] Pedido feito em explicação pessoal no arquivo 'clipe' 2024-06-25_sessao.txt, sem numeração formal de requerimento."
REQ-112,031,2024,149ª Sessão Ordinária da 18ª Legislatura,2024-08-20,Anderson Marcos Viana,"Solicita à Diretoria Administrativa o envio das filmagens das câmeras de segurança do Centro de Atenção Psicossocial (CAPS) dos últimos três meses, em razão de relatos e ligações anônimas da população sobre eventuais irregularidades ocorridas no local.",Diretoria Administrativa,Aprovado,,Pendente,Aprovado por unanimidade de votos. Data da sessão conforme texto: 19/08/2024 (nome do arquivo: 2024-08-20).
REQ-113,032,2024,150ª Sessão Ordinária da 18ª Legislatura,2024-08-27,Anderson Marcos Viana,"Solicita à Diretoria de Saúde relação detalhada dos veículos destinados ao transporte de pacientes: quantidade total, quantos em condições de uso, quantos fora de serviço e o motivo, quantos quebrados, quantos em manutenção, quantos com seguro vigente e quantos com rastreador instalado, com identificação individual de cada veículo.",Diretoria de Saúde,Aprovado,,Pendente,"Aprovado por unanimidade de votos. Data da sessão conforme texto: 26/08/2024 (nome do arquivo: 2024-08-27). Motivado por incidente relatado em plenário: uma ambulância em transferência de emergência quebrou no caminho a Presidente Prudente, exigindo acionamento do SAMU."
REQ-114,033,2024,151ª Sessão Ordinária da 18ª Legislatura,2024-09-02,Terezinha de Lourdes Freitas Regodanço,"Solicita ao Tribunal de Justiça do Estado de São Paulo informações sobre a previsão de nomeação de novos oficiais de justiça para a comarca de Junqueirópolis, tendo em vista a homologação do concurso, a reserva de apenas duas vagas diretas para a 29ª Circunscrição Judicial (que abrange cinco cidades) e o déficit estrutural do quadro de oficiais de justiça da comarca (apenas 3 para atender mais de 20 mil habitantes e mais de 10 mil processos em andamento).",,Aprovado,,Pendente,"Aprovado por unanimidade de votos. Destinatário é órgão externo (Presidência do Tribunal de Justiça de SP), não uma diretoria da Prefeitura, por isso 'diretoria_destino' ficou null. Sessão identificada no texto como 151ª Sessão Ordinária, realizada em 2 de setembro de 2024 (arquivo nomeado 2024-09-03, data provavelmente de upload/publicação)."
REQ-115,034,2024,155ª Sessão Ordinária da 18ª Legislatura,2024-09-30,Paulo Sérgio Cordeiro,"Solicita à Diretoria de Agronegócio, Indústria, Comércio e Meio Ambiente e Gestão de Resíduos Sólidos informações sobre os motivos pelos quais a empresa Alfa 7 Construtora ainda não deu início à construção de suas instalações no Distrito Industrial 4, tendo em vista que o prazo estipulado pela Lei Complementar nº 1124/2023 para o início das obras já teria expirado.","Diretoria de Agronegócio, Indústria, Comércio e Meio Ambiente e Gestão de Resíduos Sólidos",Aprovado,,Pendente,"Aprovado por unanimidade de votos. Sessão identificada no texto como 155ª Sessão Ordinária, realizada em 30 de setembro de 2024 (arquivo nomeado 2024-10-01, data provavelmente de upload/publicação). Apresentado na Secretaria da Câmara em 24/09/2024."
REQ-116,035,2024,155ª Sessão Ordinária da 18ª Legislatura,2024-09-30,Anderson Marcos Viana,"Solicita à Diretoria de Planejamento, Obras, Serviços e Manutenção informações sobre a execução e posterior remoção de obras no bairro Alto do Cene e na Rua Constantino Marcolino de Souza esquina com Rua Santa Fé: motivo da instalação e remoção de nove plataformas de concreto no Alto do Cene, justificativa para a construção e retirada de uma lombada na Rua Constantino Marcolino de Souza, origem dos recursos empregados e se houve acompanhamento técnico adequado na execução e remoção das obras.","Diretoria de Planejamento, Obras, Serviços e Manutenção",Aprovado,,Pendente,"Aprovado por unanimidade de votos. Sessão identificada no texto como 155ª Sessão Ordinária, realizada em 30 de setembro de 2024 (arquivo nomeado 2024-10-01, data provavelmente de upload/publicação). Apresentado na Secretaria da Câmara em 25/09/2024 (transcrição registra 'Representado', provável erro de transcrição de 'Apresentado'). Vereador detalhou o caso em explicação pessoal na mesma sessão, relatando suspeita de má gestão/desperdício de dinheiro público nas obras."
REQ-117,036,2024,157ª Sessão Ordinária da 18ª Legislatura,2024-10-15,Paulo Sérgio Cordeiro,"Solicita o envio de ofício à Diretoria de Agronegócio, Indústria, Comércio, Meio Ambiente e Gestão de Resíduos Sólidos requerendo os contratos atualizados das empresas contempladas com terrenos no Distrito Industrial IV, informações sobre eventual alteração de titularidade ou das condições contratuais desde a concessão inicial, além do percentual de execução das obras e da quantidade de empregos gerados até o momento.","Diretoria de Agronegócio, Indústria, Comércio e Meio Ambiente e Gestão de Resíduos Sólidos",Aprovado,,Pendente,"Apresentado na Secretaria da Câmara em 7 de outubro de 2024 e lido/votado na sessão de 14/10/2024 (157ª Sessão Ordinária), conforme texto; nome do arquivo de transcrição da sessão é 2024-10-15. Único requerimento formal encontrado nas 6 transcrições revisadas deste lote (2024-10-15, 2024-10-22, 2024-10-23, 2024-10-25, 2024-10-29, 2024-11-01); as três últimas datas (23, 25 e 11-01) são audiências públicas (PPA, LDO e LOA), sem apresentação/leitura de requerimentos formais."
REQ-118,037,2024,160ª Sessão Ordinária da 18ª Legislatura,2024-11-04,Paulo Sérgio Cordeiro,"Solicita informações sobre os contratos atualizados das empresas contempladas com terrenos no Distrito Industrial 2, alterações de titularidade, andamento das obras, percentual de execução e empregos gerados.","Diretoria de Agronegócio, Indústria, Comércio e Meio Ambiente e Gestão de Resíduos Sólidos",Aprovado,,Pendente,"Data da sessão conforme mencionada no texto (4 de novembro de 2024), divergente do nome do arquivo (2024-11-05)."
REQ-119,038,2024,160ª Sessão Ordinária da 18ª Legislatura,2024-11-04,Anderson Marcos Viana,"Solicita informações sobre a quantidade de servidores que recebem a gratificação GTID e a gratificação prevista no inciso 1º do artigo 156 da Lei Complementar nº 17/1991, com relação completa de nome, cargo, setor e percentual recebido (jan/2024 até a resposta).",Diretoria Administrativa,Aprovado,,Pendente,"Data da sessão conforme mencionada no texto (4 de novembro de 2024), divergente do nome do arquivo (2024-11-05)."
REQ-120,039,2024,161ª Sessão Ordinária da 18ª Legislatura,2024-11-11,Anderson Marcos Viana,"Solicita informações detalhadas sobre a destinação de verbas realizadas por meio da Lei Paulo Gustavo e da Lei Aldir Blanc nos anos de 2023 e 2024, incluindo beneficiados, projetos contemplados e, se possível, fotos e vídeos dos eventos realizados.",Diretoria Administrativa,Aprovado,,Pendente,"Data da sessão conforme mencionada no texto (11 de novembro de 2024), divergente do nome do arquivo (2024-11-12)."
REQ-121,040,2024,163ª Sessão Ordinária da 18ª Legislatura,2024-11-25,Anderson Marcos Viana,"Solicita informações sobre se a prefeitura possui rolo compactador pé de carneiro, rolo compactador vibratório e duas máquinas trituradoras de galho, e caso disponíveis, seus locais de armazenamento ou utilização atual.","Diretoria de Planejamento, Obras, Serviços e Manutenção",Aprovado,,Pendente,"Data da sessão conforme mencionada no texto (25 de novembro de 2024), divergente do nome do arquivo (2024-11-26)."
REQ-122,041,2024,163ª Sessão Ordinária da 18ª Legislatura,2024-11-25,Anderson Marcos Viana,"Solicita informações sobre a situação funcional do servidor Israel Gumiero no cargo de auxiliar de enfermagem, se está ativo, afastado ou em outra condição, com datas e motivos, e se já reassumiu suas funções.","Diretoria de Fazenda, Compras, Almoxarifado e Recursos Humanos",Aprovado,,Pendente,"Data da sessão conforme mencionada no texto (25 de novembro de 2024), divergente do nome do arquivo (2024-11-26)."
REQ-123,042,2024,163ª Sessão Ordinária da 18ª Legislatura,2024-11-25,Anderson Marcos Viana,"Solicita informações sobre a situação atual da rota ecológica, considerando processos de despejo ou reintegração de posse relacionados a moradores promovidos pela empresa Rumo Malha Paulista S.A.","Diretoria Jurídica, Habitação e de Trânsito",Aprovado,,Pendente,"Data da sessão conforme mencionada no texto (25 de novembro de 2024), divergente do nome do arquivo (2024-11-26)."
REQ-124,043,2024,163ª Sessão Ordinária da 18ª Legislatura,2024-11-25,Reinaldo Codognato,"Solicita informações sobre a ambulância encontrada em oficina mecânica na cidade de Tupi Paulista, citada em postagem de ampla repercussão: data de envio, motivos, valor dos consertos, veículo substituto, outros veículos na mesma situação e quilometragem média mensal das ambulâncias.",Diretoria de Saúde,Aprovado,,Pendente,"Data da sessão conforme mencionada no texto (25 de novembro de 2024), divergente do nome do arquivo (2024-11-26)."
REQ-125,044,2024,163ª Sessão Ordinária da 18ª Legislatura,2024-11-25,Anderson Marcos Viana,"Solicita à Comissão Permanente de Educação, Saúde e Assistência Social desta Casa que informe se tinha conhecimento da situação da ambulância encontrada em oficina mecânica em Tupi Paulista e, em caso positivo, quais medidas foram tomadas.","Comissão de Educação, Saúde e Assistência Social (Câmara Municipal)",Aprovado,,Pendente,"Data da sessão conforme mencionada no texto (25 de novembro de 2024), divergente do nome do arquivo (2024-11-26). Requerimento dirigido a órgão interno da própria Câmara (Comissão Permanente), e não a uma diretoria da Prefeitura."
REQ-126,045,2024,164ª Sessão Ordinária da 18ª Legislatura,2024-12-02,Anderson Marcos Viana,"Solicita a data exata prevista para o show da dupla Taeme e Tiago, previsto para a segunda quinzena de dezembro de 2024.",Diretoria Administrativa,Aprovado,,Pendente,"Data da sessão conforme mencionada no texto (2 de dezembro de 2024), divergente do nome do arquivo (2024-12-03)."
REQ-127,,2025,1ª Sessão Ordinária da 19ª Legislatura,2025-02-03,Prefeito Municipal (Elio Furini Neto),"Ofício do Poder Executivo solicitando a devolução dos Projetos de Lei nº 68/2024 (denominação da rota ecológica de Junqueirópolis), 74/2024 (denominação da Casa do Artesanato de Junqueirópolis) e 75/2024 (Plano Municipal da Primeira Infância), que se encontravam nesta Casa de Leis pendentes de votação (com pedido de vista do vereador Anderson Marcos Viana). O pedido de devolução foi tratado em plenário como requerimento, colocado em discussão e votação.",,Rejeitado,,Pendente,"[Apresentado pelo Poder Executivo, não por vereador] Ofício 025/2025 do Executivo (Elio Furini Neto), recebido em 30/01/2025, tratado pela Mesa como requerimento e submetido a votação em 03/02/2025; rejeitado por 5 votos a 3. A numeração '025' pertence à sequência própria de ofícios do Executivo (não à sequência de requerimentos de vereadores), podendo colidir com um Requerimento nº 025 de autoria de vereador em outra sessão do mesmo ano — isso é esperado e não constitui erro de extração. Após a rejeição, os Projetos de Lei 68/2024 e 74/2024 foram lidos, colocados em discussão e aprovados nesta mesma sessão (5 votos a 3 cada); não foi encontrado registro de votação do PL 75/2024 nesta sessão. [numero_requerimento deixado null deliberadamente: o Ofício 025/2025 do Executivo colidia com o Requerimento 025/2025 de vereador (Renato Vieira de Brito, sessão 26/05) — sequências de numeração diferentes que coincidiram por acaso.]"
REQ-128,001,2025,1ª Sessão Ordinária da 19ª Legislatura,2025-02-03,"Anderson Marcos Viana, Teresinha de Lourdes Freitas Regodanso","Solicita à diretoria de fazenda, compras, almoxarifado e recursos humanos informações contábeis sobre o impacto financeiro na folha de pagamento caso o piso salarial dos professores de educação básica seja pago integralmente, sem considerar evoluções, anuênios e outros benefícios.","Diretoria de Fazenda, Compras, Almoxarifado e Recursos Humanos",Aprovado,10/2025,Respondido,Resposta (ofício 10/2025) mencionada na sessão de 2025-02-17; texto do resumo do expediente ambíguo ao citar dois números de ofício (10 e 08) na mesma frase.
REQ-129,002,2025,2ª Sessão Ordinária da 19ª Legislatura,2025-02-10,"Reinaldo Codognato, Bruno Herreira, Edvaldo Aparecido Carvalho, Elizeu Adriano, Renato Vieira de Brito, Samir Edson Tino","Solicita ao Poder Executivo, junto ao setor responsável pela manutenção das estradas rurais, informações sobre a situação do trecho final da estrada JQL-114 (acesso à barranca do rio Aguapeí), interditado/bloqueado, prejudicando o acesso de pescadores; pede providências para restauração do trecho e da rampa de embarque/desembarque.","Diretoria de Planejamento, Obras, Serviços e Manutenção",Aprovado,,Pendente,
REQ-130,003,2025,2ª Sessão Ordinária da 19ª Legislatura,2025-02-10,Anderson Marcos Viana,"Solicita à diretoria de assistência social informações sobre a atual situação de morador da Estrada Boiadeira, nº 179 (saída para Irapuru), que teve seu caso amplamente divulgado e não estaria recebendo benefícios essenciais à sua subsistência.",Diretoria de Assistência Social,Aprovado,42/2025,Respondido,Resposta (ofício 42/2025) mencionada no resumo do expediente da sessão de 2025-02-24.
REQ-131,004,2025,4ª Sessão Ordinária da 19ª Legislatura,2025-02-24,"Reinaldo Codognato, Bruno Herreira, Edvaldo Aparecido Carvalho, Elizeu Adriano, Renato Vieira de Brito, Samir Edson Tino",Solicita à diretoria administrativa os motivos que levaram à retirada da placa de identificação localizada na rotatória do bairro Figueira.,Diretoria Administrativa,Aprovado,,Pendente,
REQ-132,005,2025,4ª Sessão Ordinária da 19ª Legislatura,2025-02-24,"Reinaldo Codognato, Bruno Herreira, Edvaldo Aparecido Carvalho, Elizeu Adriano, Renato Vieira de Brito, Samir Edson Tino","Solicita à diretoria de saúde informações sobre eventual falta de medicamentos nas estratégias de saúde da família e na farmácia municipal; se positivo, pede esclarecimento dos motivos, prazo para reposição e, caso decorrente de processo licitatório, previsão de atendimento das demandas.",Diretoria de Saúde,Aprovado,,Pendente,
REQ-133,006,2025,4ª Sessão Ordinária da 19ª Legislatura,2025-02-24,"Reinaldo Codognato, Bruno Herreira, Edvaldo Aparecido Carvalho, Elizeu Adriano, Renato Vieira de Brito, Samir Edson Tino","Solicita informações sobre a previsão para o início das atividades do complexo de saúde localizado no bairro Buchirara, incluindo esclarecimentos sobre as especialidades e serviços que serão oferecidos no local.",Diretoria de Saúde,Aprovado,,Pendente,Transcrição do trecho que identifica a diretoria destinatária ficou corrompida ('o envio de autornecer esta casa de leis...'); diretoria de Saúde inferida pelo assunto (complexo de saúde). Durante a votação o locutor chamou o requerimento de 'número sete' por engano (o texto lido identifica-o como 'Requerimento número zero seis'); numeração 006 adotada conforme o cabeçalho do documento lido.
REQ-134,007,2025,4ª Sessão Ordinária da 19ª Legislatura,2025-02-24,Anderson Marcos Viana,"Solicita, por meio de ofício ao juízo da Primeira Vara Federal de Tupã, providências relacionadas à presidência dos trabalhos eleitorais ('presidência de votos') na região.",Juízo de Direito da Primeira Vara Federal de Tupã (Dr. Manderley Pedro Consternaro),Aprovado,,Pendente,Nome do magistrado ('Manderley Pedro Consternaro') e a natureza exata do pedido ('presidência de votos na região') soam incertos na transcrição (possível erro de reconhecimento de fala); conferir texto original do requerimento.
REQ-135,008,2025,4ª Sessão Ordinária da 19ª Legislatura,2025-02-24,Anderson Marcos Viana,"Solicita à diretoria jurídica cópia do parecer jurídico emitido em abril de 2021 que embasou o entendimento da Prefeitura sobre incompatibilidade do vereador Anderson Marcos Viana em ocupar emprego na Santa Casa de Junqueirópolis, resultando em sua demissão; pergunta se a atual administração mantém o mesmo entendimento sobre incompatibilidade entre mandato de vereador e emprego em entidade conveniada com a Prefeitura.","Diretoria Jurídica, Habitação e de Trânsito",Aprovado,,Pendente,Trecho da transcrição nomeia a destinatária de forma confusa ('diretoria jurídica de habitação de trânsito'); adotado 'Diretoria Jurídica' com base no conteúdo do pedido (parecer jurídico).
REQ-136,009,2025,5ª Sessão Ordinária da 19ª Legislatura,2025-03-05,Reinaldo Codognato,"Solicita à Escola Estadual Geraldo Pecorari o número de alunos que residem a distância superior a 1.500 metros da unidade escolar, para verificar direito ao transporte escolar.",Escola Estadual Geraldo Pecorari,Aprovado,,Pendente,
REQ-137,010,2025,5ª Sessão Ordinária da 19ª Legislatura,2025-03-05,"Adriano de Marcos Lopes, Anderson Marcos Viana, Bruno Herreira, Edvaldo Aparecido Carvalho, Elizeu Adriano, Reinaldo Codognato, Renato Vieira de Brito, Samir Edson Tino, Teresinha de Lourdes Freitas Regodanso","Solicita à diretoria administrativa o fornecimento das respostas aos ofícios nº 006, 008, 094 e 114/2025 protocolados pelo Conselho Tutelar Municipal na Prefeitura (protocolos 25, 24, 383 e 489/2025); caso as respostas ainda não tenham sido encaminhadas, solicita informação sobre o motivo da pendência e previsão de atendimento.",Diretoria Administrativa,Aprovado,,Pendente,Assinado por todos os vereadores da Casa.
REQ-138,,2025,6ª Sessão Ordinária da 19ª Legislatura,2025-03-10,Bruno Herreira,"Pedido verbal, feito em explicações pessoais, para formalização de requerimento sobre a insuficiência de monitores nos ônibus escolares do município, tendo em vista a segurança dos alunos e dos motoristas.","Diretoria de Educação, Cultura, Esportes, Lazer e Turismo",,,Pendente,"[Pedido verbal, ainda não formalizado/numerado] Pedido verbal feito por Bruno Herreira ao final da sessão; o presidente confirmou que seria formalizado como requerimento na sessão seguinte. De fato, foi formalizado na sessão de 2025-03-17 como Requerimento nº 12/2025 (já extraído separadamente neste arquivo)."
REQ-139,011,2025,6ª Sessão Ordinária da 19ª Legislatura,2025-03-10,Renato Vieira de Brito,"Requer o envio de ofício à Diretoria Jurídica, Habitação e de Trânsito solicitando informações sobre a viabilidade de ceder um veículo à Câmara Municipal, para aprimorar a eficiência dos trabalhos legislativos e viagens dos vereadores em busca de recursos.","Diretoria Jurídica, Habitação e de Trânsito",Aprovado,,Pendente,"O texto lido no requerimento nomeia a diretoria destinatária como 'diretoria jurídica de habitação e de trânsito', uma combinação incomum de pastas; pode ser erro de transcrição do nome real da diretoria/secretaria. Confirmar o nome oficial antes de publicar."
REQ-140,012,2025,7ª Sessão Ordinária da 19ª Legislatura,2025-03-17,"Bruno Herreira, Edvaldo Aparecido Carvalho, Elizeu Adriano, Reinaldo Codognato, Renato Vieira de Brito, Samir Edson Tino","Solicita esclarecimentos sobre a insuficiência de monitores nos ônibus escolares, pedindo resposta por escrito diante da importância da segurança de alunos e motoristas.","Diretoria de Educação, Cultura, Esportes, Lazer e Turismo",Aprovado,,Pendente,"Formalização, por escrito, do pedido verbal feito na sessão de 2025-03-10 por Bruno Herreira. Aprovado por unanimidade."
REQ-141,013,2025,7ª Sessão Ordinária da 19ª Legislatura,2025-03-17,"Reinaldo Codognato, Bruno Herreira, Edvaldo Aparecido Carvalho, Elizeu Adriano, Renato Vieira de Brito, Samir Edson Tino","Solicita informações sobre o convênio pretendido para a construção de ciclovia na rodovia vicinal JQL-020, no trecho entre a SP-294 e o bairro Duas Barras, por meio de parceria com o Estado de São Paulo (Secretaria de Justiça e Cidadania / FID). Pede confirmação se o convênio foi firmado, prazos e etapas da obra ou, caso não celebrado, os motivos e se há nova tentativa prevista.","Diretoria de Licitações, Contratos e Convênios",Aprovado,,Pendente,Aprovado por unanimidade. Gerou intenso debate sobre decisão do Executivo de não assinar o convênio da ciclovia; resposta do Executivo (Ofício nº 71/2025) foi lida na sessão de 2025-03-31.
REQ-142,014,2025,9ª Sessão Ordinária da 19ª Legislatura,2025-03-31,Anderson Marcos Viana,"Solicita à Irmandade da Santa Casa de Misericórdia de Junqueirópolis a orientação ou posicionamento atual da entidade quanto à possibilidade de vereadores ocuparem cargos na instituição, incluindo se mantém o mesmo entendimento jurídico que, em 2021, identificou incompatibilidade para o vereador Anderson Marcos Viana ocupar cargo na entidade.",Irmandade da Santa Casa de Misericórdia de Junqueirópolis,Aprovado,,Pendente,"Destinatário não é uma diretoria/secretaria municipal, e sim entidade externa (Santa Casa de Misericórdia); mantido conforme texto lido no requerimento."
REQ-143,015,2025,9ª Sessão Ordinária da 19ª Legislatura,2025-03-31,"Bruno Herreira, Edvaldo Aparecido Carvalho, Elizeu Adriano, Reinaldo Codognato, Renato Vieira de Brito, Samir Edson Tino","Solicita esclarecimentos sobre o motivo pelo qual os funcionários do setor de obras registram o ponto às 17h30, enquanto os demais servidores da prefeitura encerram a jornada às 17h, questionando se é possível nivelar os horários.","Diretoria de Planejamento, Obras, Serviços e Manutenção",Aprovado,,Pendente,Aprovado por unanimidade.
REQ-144,,2025,10ª Sessão Ordinária da 19ª Legislatura,2025-04-07,Anderson Marcos Viana,"Pedido verbal, feito em explicações pessoais, solicitando reunião com a diretora/coordenadora de trânsito do município nesta Casa de Leis, para discutir projetos de segurança viária em locais de acidentes recorrentes (como em frente ao PSF3), diante do pedido reiterado de lombadas e lombofaixas sem providências efetivas.","Diretoria Jurídica, Habitação e de Trânsito",,,Pendente,"[Pedido verbal, ainda não formalizado/numerado] Pedido verbal ainda não formalizado em requerimento escrito nesta sessão. O presidente respondeu: 'pode ficar tranquilo, vamos constar na pauta o requerimento para a diretora/coordenadora de trânsito, para uma reunião essa semana ainda aqui nessa casa de leis'. A ser formalizado em sessão futura."
REQ-145,016,2025,11ª Sessão Ordinária da 19ª Legislatura,2025-04-14,Anderson Marcos Viana,"Requer à diretoria de saúde informações sobre a contratação de médicos recém-empregados nas unidades de ESF, questionando se houve processo seletivo (com número e publicação do edital) ou, caso contrário, como se deu a escolha e contratação dos profissionais.",Diretoria de Saúde,Aprovado,,Pendente,
REQ-146,017,2025,11ª Sessão Ordinária da 19ª Legislatura,2025-04-14,Anderson Marcos Viana,"Requer à diretoria de saúde informações detalhadas sobre a destinação dos recursos transferidos pelo Fundo Nacional de Saúde em março de 2025 (R$ 18.216), especialmente quanto ao repasse desses valores aos agentes de combate a endemias, já que os funcionários cadastrados alegam não receber o valor integral.",Diretoria de Saúde,Aprovado,,Pendente,
REQ-147,018,2025,11ª Sessão Ordinária da 19ª Legislatura,2025-04-14,"Reinaldo Codognato, Bruno Herreira, Edvaldo Aparecido Carvalho, Elizeu Adriano, Renato Vieira de Brito, Samir Edson Tino","Requer à diretoria de saúde informações sobre a distribuição e disponibilidade de materiais médicos, insumos hospitalares e medicamentos nas unidades de ESF, diante de relatos de escassez de itens como gaze, esparadrapo, micropore e pomadas, além da frequência e critérios de envio desses insumos às unidades.",Diretoria de Saúde,Aprovado,,Pendente,
REQ-148,019,2025,13ª Sessão Ordinária da 19ª Legislatura,2025-04-28,Anderson Marcos Viana,"Requer à diretoria de planejamento, obras, serviços e manutenção informações sobre a destinação dos valores arrecadados com a contribuição para custeio da iluminação pública nos meses de janeiro a março de 2025, período em que, segundo relato, não havia empresa contratada para a manutenção da rede.","Diretoria de Planejamento, Obras, Serviços e Manutenção",Aprovado,,Pendente,
REQ-149,020,2025,13ª Sessão Ordinária da 19ª Legislatura,2025-04-28,"Bruno Herreira, Anderson Marcos Viana, Edvaldo Aparecido Carvalho, Elizeu Adriano, Reinaldo Codognato, Renato Vieira de Brito, Samir Edson Tino","Requer à diretoria de saúde informações atualizadas sobre a fila de espera para atendimento psicológico na rede municipal de saúde, incluindo número de pacientes aguardando, ordem de chamada, tempo médio de espera e se a fila está em andamento ou paralisada.",Diretoria de Saúde,Aprovado,,Pendente,
REQ-150,021,2025,13ª Sessão Ordinária da 19ª Legislatura,2025-04-28,Renato Vieira de Brito,"Requer à diretoria de educação, cultura, esporte, lazer e turismo o envio da prestação de contas do FUNDEB referente ao último trimestre, com detalhamento das receitas recebidas e despesas realizadas.","Diretoria de Educação, Cultura, Esportes, Lazer e Turismo",Aprovado,,Pendente,
REQ-151,022,2025,14ª Sessão Ordinária da 19ª Legislatura,2025-05-05,Edvaldo Aparecido Carvalho,"Requer o envio de ofício ao delegado da Receita Federal de Presidente Prudente/SP, solicitando informações sobre a viabilidade de doação de um veículo de pequeno porte para uso do Conselho Tutelar de Junqueirópolis, e quais os procedimentos formais para eventual destinação de bens sob responsabilidade daquela delegacia.",Delegado da Receita Federal de Presidente Prudente,Aprovado,,Pendente,Apresentado pelo vereador/presidente Edvaldo Aparecido Carvalho; o requerimento foi lido em plenário como 'de autoria desta presidência'. Na sessão de 12/05/2025 os vereadores relataram que o veículo já havia sido doado e entregue ao município.
REQ-152,,2025,15ª Sessão Ordinária da 19ª Legislatura,2025-05-12,Reinaldo Codognato,"Pedido verbal, feito em explicações pessoais, para que a presidência da Câmara envie ofício à administração municipal requerendo o envio do projeto de lei de reajuste salarial dos professores da educação infantil (CIs, recém-transformados em escolas municipais pelo Decreto 7.691/2025), tendo em vista que os profissionais aguardavam esse repasse.","Diretoria de Educação, Cultura, Esportes, Lazer e Turismo",,,Pendente,"[Pedido verbal, ainda não formalizado/numerado] Pedido verbal feito pelo vereador Reinaldo Codognato durante explicações pessoais (sessão de 12/05/2025), solicitando à mesa/presidência o envio de ofício à administração/Executivo cobrando o envio do projeto de lei de aumento salarial dos professores da educação infantil. Não recebeu número de requerimento nem foi votado nesta sessão; diretoria de destino inferida (educação) por se tratar de assunto salarial de professores, podendo também envolver a Diretoria de Fazenda, Compras, Almoxarifado e Recursos Humanos."
REQ-153,023,2025,15ª Sessão Ordinária da 19ª Legislatura,2025-05-12,Edvaldo Aparecido Carvalho,"Requer à diretoria de planejamento, obras, serviços e manutenção informações sobre as providências adotadas quanto à iminente falta de espaço para sepultamentos no cemitério municipal, incluindo se há planejamento de ampliação da área, aquisição de novos terrenos ou outras medidas para evitar o esgotamento do espaço atual.","Diretoria de Planejamento, Obras, Serviços e Manutenção",Aprovado,,Pendente,
REQ-154,024,2025,15ª Sessão Ordinária da 19ª Legislatura,2025-05-12,Teresinha de Lourdes Freitas Regodanso,"Requer o envio de ofício à presidência do Tribunal de Justiça do Estado de São Paulo solicitando informações sobre a possibilidade de nomeação de novos oficiais de justiça para a 29ª Circunscrição Judiciária (sede em Dracena), com prioridade para as comarcas de Junqueirópolis, Pacaembu e Panorama, tendo em vista o déficit de nove cargos vagos e o desequilíbrio na distribuição entre as comarcas.",Presidência do Tribunal de Justiça do Estado de São Paulo,Aprovado,,Pendente,
REQ-155,,2025,17ª Sessão Ordinária da 19ª Legislatura,2025-05-26,Bruno Herreira,"Pedido verbal em tribuna, no espaço da palavra livre, para que conste em ata um requerimento na próxima sessão questionando a situação dos uniformes escolares das crianças das escolas municipais, ainda não entregues.","Diretoria de Educação, Cultura, Esportes, Lazer e Turismo",,,Pendente,"[Pedido verbal, ainda não formalizado/numerado] Pedido feito verbalmente na palavra livre ('quero que conste em ata, por gentileza, um requerimento aí para a próxima sessão'), sem leitura formal de requerimento numerado nem votação nesta sessão. diretoria_destino inferida (assunto: uniformes escolares); não confirmada explicitamente na fala."
REQ-156,,2025,17ª Sessão Ordinária da 19ª Legislatura,2025-05-26,Bruno Herreira,"Pedido verbal para que a Câmara formalize requerimento solicitando uma reunião com representantes do bairro Jardim Primavera (e também do bairro Aliança), cobrando resposta da administração sobre a iluminação de área verde do bairro, apontada como foco de insegurança (uso de drogas, moradores com medo).","Diretoria de Planejamento, Obras, Serviços e Manutenção",,,Pendente,"[Pedido verbal, ainda não formalizado/numerado] Presidente confirmou em seguida o encaminhamento ('vamos fazer um requerimento... peço que o secretário da casa também providencie esse requerimento'), mas não houve leitura formal, numeração nem votação nesta sessão. diretoria_destino inferida pelo assunto (iluminação pública); o pedido também envolve articulação de reunião com o Executivo, não uma diretoria específica isolada."
REQ-157,,2025,17ª Sessão Ordinária da 19ª Legislatura,2025-05-26,Renato Vieira de Brito,"Vereador questionou em tribuna uma suposta discrepância de preço (cerca de 50% acima do valor de mercado) em uma compra direta realizada pela Prefeitura, sugerindo possível favorecimento de empresa ligada a diretor. Em resposta, a Presidência propôs encaminhar requerimento na sessão seguinte para apurar a diferença de preço e identificar a empresa contemplada na licitação/compra direta.","Diretoria de Licitações, Contratos e Convênios",,,Pendente,"[Pedido verbal, ainda não formalizado/numerado] Proposta de requerimento feita de forma tentativa pela Presidência ('nós podemos encaminhar um requerimento na próxima sessão'), em resposta à fala do vereador Renato Vieira de Brito; não houve leitura formal, numeração nem votação nesta sessão, e não foi confirmado se chegou a ser formalizado em sessão posterior dentro do lote analisado. diretoria_destino inferida (assunto: licitação/compra direta)."
REQ-158,025,2025,17ª Sessão Ordinária da 19ª Legislatura,2025-05-26,Renato Vieira de Brito,"Requer o envio de ofício à Diretoria Administrativa solicitando relação completa (nome, cargo/função, setor e percentual) dos servidores que recebem a gratificação JETID e a gratificação prevista no inciso 1º do artigo 156 da Lei Complementar nº 17/1991, referente ao período de janeiro de 2025 até a data da resposta.",Diretoria Administrativa,Aprovado,,Pendente,
REQ-159,026,2025,17ª Sessão Ordinária da 19ª Legislatura,2025-05-26,Renato Vieira de Brito,"Requer o envio de ofício à Diretoria de Planejamento, Obras, Serviços e Manutenção solicitando informações sobre o corte de eucaliptos nas dependências do estádio municipal, incluindo se houve contrato ou vínculo com empresa responsável e a destinação da madeira proveniente do corte.","Diretoria de Planejamento, Obras, Serviços e Manutenção",Aprovado,,Pendente,
REQ-160,027,2025,18ª Sessão Ordinária da 19ª Legislatura,2025-06-02,Renato Vieira de Brito,"Requer o envio de ofício à Diretoria de Planejamento, Obras, Serviços e Manutenção solicitando relação completa dos prédios públicos municipais que possuem Auto de Vistoria do Corpo de Bombeiros (AVCB), com respectiva data de emissão e vencimento de cada um.","Diretoria de Planejamento, Obras, Serviços e Manutenção",Aprovado,,Pendente,"Resposta ao requerimento foi apresentada na sessão de 2025-06-09 (mencionada no expediente como 'Informação em resposta ao requerimento 027-2025', lida como 'Requerimento número 27, barra 2025'), mas sem número de ofício explícito atribuído a essa resposta — por isso oficio_resposta ficou null, conforme critério da tarefa."
REQ-161,,2025,19ª Sessão Ordinária da 19ª Legislatura,2025-06-09,Bruno Herreira,"Pedido verbal de requerimento sobre a situação da obra/reforma da EMEI 'Criança Feliz', questionando se a obra já foi integralmente paga, a pendência da licitação da fiação elétrica (obra concluída sem fiação) e se a empresa responsável abandonou os serviços, exigindo esclarecimento da administração.","Diretoria de Planejamento, Obras, Serviços e Manutenção",,,Pendente,"[Pedido verbal, ainda não formalizado/numerado] Pedido feito na palavra livre ('vamos fazer por gentileza um requerimento sobre a situação desse EMEI'); a transcrição registra 'e-mail' como provável erro de reconhecimento de fala para 'EMEI'. Sem leitura formal, numeração nem votação nesta sessão."
REQ-162,,2025,19ª Sessão Ordinária da 19ª Legislatura,2025-06-09,Edvaldo Aparecido Carvalho,"Durante discussão do Projeto de Lei Complementar 022/2025 (suplementação orçamentária da Câmara), a vereadora Teresinha de Lourdes Freitas Regodanso questionou a necessidade da suplementação. O Presidente da Câmara, Edvaldo Aparecido Carvalho, respondeu com explicação preliminar e declarou que iria registrar um requerimento para que o diretor/contador da própria Câmara Municipal apresentasse esclarecimento por escrito sobre os motivos da suplementação, a ser trazido na sessão seguinte.","Contabilidade/Diretoria da Câmara Municipal (órgão interno do Legislativo, não uma das diretorias da Prefeitura)",,,Pendente,"[Pedido verbal, ainda não formalizado/numerado] Requerimento anunciado pelo próprio Presidente da Câmara (Edvaldo Aparecido Carvalho) em resposta ao questionamento da vereadora Teresinha, dirigido ao diretor/contador da própria Câmara Municipal — não é um pedido do Executivo/Prefeito, nem está endereçado a uma das 9 diretorias oficiais da Prefeitura, pois se refere à contabilidade interna do Legislativo; diretoria_destino é uma descrição aproximada por não haver correspondência exata na lista oficial. Fala: 'eu vou registrar um requerimento para o diretor da Câmara fazer o esclarecimento por escrito'. Sem leitura formal, numeração nem votação nesta sessão."
REQ-163,028,2025,21ª Sessão Ordinária da 19ª Legislatura,2025-06-23,Anderson Marcos Viana,"Requer envio de ofício à Diretoria de Planejamento, Obras, Serviços e Manutenção solicitando informações sobre o desaparecimento de diversas mesas modelo bistrô, pertencentes ao patrimônio público, que estavam armazenadas no recinto da Seruva (de aproximadamente 300 unidades restam poucas).","Diretoria de Planejamento, Obras, Serviços e Manutenção",Aprovado,,Pendente,
REQ-164,029,2025,22ª Sessão Ordinária da 19ª Legislatura,2025-06-30,Reinaldo Codognato,"Requer envio de ofício à Diretoria de Planejamento, Obras, Serviços e Manutenção (coordenadoria de estradas rurais) solicitando informações sobre propriedades próximas à Vila São João onde estão sendo feitas plantações de cana-de-açúcar aparentemente sem uso de curvas de nível, e quais medidas de fiscalização estão sendo adotadas.","Diretoria de Planejamento, Obras, Serviços e Manutenção",Aprovado,015/2025,Respondido,
REQ-165,030,2025,23ª Sessão Ordinária da 19ª Legislatura,2025-08-04,Reinaldo Codognato,"Requer envio de ofício à Diretoria de Planejamento, Obras, Serviços e Manutenção solicitando informações sobre as causas e providências para solucionar o forte odor de esgoto que retorna às residências próximas ao cruzamento da Avenida Marconi com a Rua Ipiranga, no bairro Alto do CN. Apresentado com 165 assinaturas de moradores.","Diretoria de Planejamento, Obras, Serviços e Manutenção",Aprovado,,Pendente,
REQ-166,031,2025,23ª Sessão Ordinária da 19ª Legislatura,2025-08-04,Anderson Marcos Viana,"Requer envio de ofício à Diretoria Jurídica, Habitação e de Trânsito solicitando informações sobre a cobrança realizada aos moradores da Rua Santa Fé referente a obra de pavimentação asfáltica executada anos atrás, incluindo fundamentos da cobrança e se houve comunicação prévia aos moradores.","Diretoria Jurídica, Habitação e de Trânsito",Aprovado,,Pendente,
REQ-167,032,2025,23ª Sessão Ordinária da 19ª Legislatura,2025-08-04,Anderson Marcos Viana,"Requer envio de ofício à ARTESP (Agência de Transporte do Estado de São Paulo) solicitando providências quanto à recente redução dos horários de circulação dos ônibus intermunicipais entre Junqueirópolis e Dracena, que tem prejudicado trabalhadores e estudantes.",ARTESP (Agência de Transporte do Estado de São Paulo),Aprovado,,Pendente,"Destinatário é órgão estadual externo (ARTESP), não uma das diretorias municipais."
REQ-168,033,2025,23ª Sessão Ordinária da 19ª Legislatura,2025-08-04,"Edvaldo Aparecido Carvalho, Renato Vieira de Brito, Anderson Marcos Viana","Requer envio de ofício à Diretoria de Saúde solicitando esclarecimentos sobre a situação relatada por munícipes envolvendo a aquisição e substituição periódica (a cada três meses) do dispositivo médico sonda de gastrostomia tipo bottom, procedimentos e prazos de reposição.",Diretoria de Saúde,Aprovado,287/2025,Respondido,
REQ-169,034,2025,24ª Sessão Ordinária da 19ª Legislatura,2025-08-11,Anderson Marcos Viana,"Requer, em regime de urgência especial (viabilizado pelo Requerimento de Urgência Especial nº 002/2025), a convocação da Diretora de Saúde, do coordenador responsável pelas ESFs e do coordenador do Pronto Socorro Municipal para prestarem pessoalmente informações e apresentarem relatórios sobre os atendimentos relativos aos casos de óbito de Adilson Francisco dos Santos e Adriana Oliveira Pinto, ocorridos no fim de semana anterior, com base no artigo 10, inciso 10, da Lei Orgânica do Município.",Diretoria de Saúde,Aprovado,,Pendente,"Votado sob regime de urgência especial (Requerimento de Urgência Especial nº 002/2025, também aprovado nesta sessão mas não incluído neste levantamento por não ser um requerimento de informação/providências dirigido a diretoria/secretaria — trata-se de requerimento procedimental interno para tramitação em regime de urgência)."
REQ-170,,2025,25ª Sessão Ordinária da 19ª Legislatura,2025-08-18,Reinaldo Codognato,"Durante a palavra livre, o vereador relatou ter sido procurado por munícipes sobre a falta de água no Residencial Vale do Sol e solicitou verbalmente ao secretário da Câmara o envio, na semana seguinte, de um requerimento/ofício à pasta responsável para cobrar posicionamento sobre o problema. O presidente confirmou que o requerimento seria encaminhado para providências.","Diretoria de Planejamento, Obras, Serviços e Manutenção",,,Pendente,"[Pedido verbal, ainda não formalizado/numerado] Não foi lido nem votado formalmente nesta sessão; o vereador solicitou verbalmente que fosse protocolado na semana seguinte. Sem número atribuído no momento da sessão. Diretoria de destino inferida (assunto de abastecimento de água/infraestrutura), não mencionada explicitamente no áudio."
REQ-171,035,2025,25ª Sessão Ordinária da 19ª Legislatura,2025-08-18,Edvaldo Aparecido Carvalho,"Requer envio de ofício à Diretoria Administrativa, em conjunto com a Comissão Organizadora da Seruva 2025, solicitando informações completas e detalhadas sobre orçamentos, despesas e previsão de arrecadação da Festa da Seruva 2025 (shows, estrutura, rodeio, rainha da Seruva, Cavalgada), incluindo dados sobre o convênio firmado com o Ministério do Turismo.",Diretoria Administrativa,Aprovado,,Pendente,
REQ-172,036,2025,25ª Sessão Ordinária da 19ª Legislatura,2025-08-18,Edvaldo Aparecido Carvalho,"Requer envio de ofício à Diretoria Administrativa solicitando informações sobre a atual situação da parceria entre o Poder Executivo Municipal e a Associação Autística Ter Ajudo de Junqueirópolis, incluindo tratativas em andamento e requisitos para formalização da parceria.",Diretoria Administrativa,Aprovado,,Pendente,
REQ-173,,2025,26ª Sessão Ordinária da 19ª Legislatura,2025-08-25,"Adriano de Marcos Lopes, Anderson Marcos Viana, Bruno Herreira, Edvaldo Aparecido Carvalho, Elizeu Adriano, Reinaldo Codognato, Renato Vieira de Brito, Samir Edson Tino, Teresinha de Lourdes Freitas Regodanso","Requerimento apresentado de forma extraordinária e especial pela presidência, solicitando o envio de ofício de apoio ao Congresso Nacional ao Projeto de Lei Complementar nº 21/2023 (que regulamenta a Lei Complementar 173/2020), reconhecendo o período de 27/05/2020 a 31/12/2021 (pandemia da COVID-19) para fins de contagem de tempo de serviço público (progressões, licença-prêmio, sexta-parte etc.). Aprovado por unanimidade, ofício assinado por todos os vereadores.",Congresso Nacional,Aprovado,,Pendente,"[Pedido verbal, ainda não formalizado/numerado] Requerimento apresentado verbalmente e de forma extraordinária pelo presidente da Câmara durante a sessão, sem numeração formal identificada na transcrição; dirigido a órgão externo (Congresso Nacional), não a uma diretoria da Prefeitura."
REQ-174,037,2025,26ª Sessão Ordinária da 19ª Legislatura,2025-08-25,"Reinaldo Codognato, Anderson Marcos Viana, Bruno Herreira, Edvaldo Aparecido Carvalho, Elizeu Adriano, Renato Vieira de Brito, Samir Edson Tino","Solicita à Diretoria de Planejamento, Obras, Serviços e Manutenção informações sobre a recorrente falta de água no bairro Vale do Sol, especificando as causas do problema e as providências que estão sendo adotadas para a solução.","Diretoria de Planejamento, Obras, Serviços e Manutenção",Aprovado,019/2025,Respondido,
REQ-175,038,2025,26ª Sessão Ordinária da 19ª Legislatura,2025-08-25,Edvaldo Aparecido Carvalho,"Requer à Diretoria Administrativa, em apoio à Comissão Organizadora da Seruva 2025, informação detalhada e pormenorizada sobre os gastos da Festa Seruva 2025 (shows, palco, camarotes, escolha da rainha, cavalgada), comparação com os valores gastos na Ceruva 2024, abertura de conta jurídica específica para as receitas do evento e cópia do convênio firmado com o Ministério do Turismo, em complementação ao Requerimento nº 035/2025.",Diretoria Administrativa,Aprovado,153/2025,Respondido,
REQ-176,039,2025,27ª Sessão Ordinária da 19ª Legislatura,2025-09-01,Reinaldo Codognato,"Requer à Diretoria de Saúde informações e providências quanto à necessidade de reforma geral da Estratégia de Saúde da Família 1 (ESF-1), incluindo visita técnica para averiguar goteiras, infiltrações, pisos desgastados e problemas de esgoto, e avaliação da ampliação do espaço físico da unidade.",Diretoria de Saúde,Aprovado,363/2025,Respondido,
REQ-177,040,2025,27ª Sessão Ordinária da 19ª Legislatura,2025-09-01,Edvaldo Aparecido Carvalho,"Requer à Diretoria de Planejamento, Obras, Serviços e Manutenção um levantamento das medidas tomadas para sanar a falta de espaço no cemitério municipal, incluindo eventuais ampliações, desapropriações, delimitação de quadras/ruas e o andamento da remoção de restos mortais de sepulturas temporárias e cancelamento de concessões abandonadas.","Diretoria de Planejamento, Obras, Serviços e Manutenção",Aprovado,,Pendente,
REQ-178,,2025,29ª Sessão Ordinária da 19ª Legislatura,2025-09-15,Anderson Marcos Viana,"Requerimento escrito de urgência especial (art. 133 do Regimento Interno) solicitando a concessão de urgência especial para apreciação dos Projetos de Lei nº 032/2025 e Complementar nº 033/2025 (autorização de termo de colaboração com a Associação Agrícola para a Ceruva 2025). O presidente indeferiu sumariamente o requerimento, sem submetê-lo à apreciação do plenário, por entender ausente a necessidade premente e atual exigida pelo art. 133, §2º.",,Rejeitado,,Pendente,"[Requerimento de Urgência Especial] Requerimento não é pedido de informação a diretoria, mas pedido processual de urgência especial para votação de projetos de lei, dirigido à presidência/plenário da Câmara. Indeferido sumariamente pelo presidente (não colocado em votação); tratado aqui como 'Rejeitado' por não ter sido acolhido."
REQ-179,041,2025,29ª Sessão Ordinária da 19ª Legislatura,2025-09-15,"Bruno Herreira, Renato Vieira de Brito, Teresinha de Lourdes Freitas Regodanso, Edvaldo Aparecido Carvalho","Requer à Diretoria de Assistência Social informações sobre o funcionamento e utilização do prédio do Centro de Convivência do Idoso (CCI): cronograma de uso, regras de cobrança de aluguel, uso do prédio pelo CRAS para cursos, disponibilização de transporte para idosos, situação do alvará e programação de eventos.",Diretoria de Assistência Social,Aprovado,,Respondido,
REQ-180,042,2025,29ª Sessão Ordinária da 19ª Legislatura,2025-09-15,Anderson Marcos Viana,"Requer à Diretoria de Saúde informações detalhadas sobre os valores e custos (tabela FIPE, motor, parte elétrica, embreagem, pintura, pneus, manutenção) gastos na recuperação da ambulância que estava parada há cerca de três anos em Tupi Paulista, para verificar se o montante aplicado não superou o valor de mercado do veículo.",Diretoria de Saúde,Aprovado,,Pendente,
REQ-181,,2025,31ª Sessão Ordinária da 19ª Legislatura (continuação/expediente),2025-09-29,Reinaldo Codognato,"Requerimento verbal, feito em plenário e aprovado por unanimidade, solicitando que a leitura do Projeto de Lei Complementar nº 42/2025 se restringisse apenas à mensagem e à ementa do projeto, dispensando a leitura integral do texto (já conhecido e objeto de vistas anteriores).",,Aprovado,,Pendente,"[Pedido verbal, ainda não formalizado/numerado] Requerimento verbal de natureza estritamente procedimental (dispensa de leitura integral de projeto de lei em tramitação), sem número formal atribuído e sem pedido de informação/providência dirigido a diretoria. Incluído por determinação do novo critério de captura de TODOS os requerimentos, mesmo os que não seguem o rito formal completo."
REQ-182,043,2025,31ª Sessão Ordinária da 19ª Legislatura,2025-09-29,Reinaldo Codognato,"Requer envio de ofício à Diretoria de Educação, Cultura, Esporte, Lazer e Turismo solicitando informações sobre a possibilidade de aquisição de brinquedos pedagógicos para as escolas municipais de ensino infantil (EMEIs), já que há anos não ocorre reposição sistemática desses materiais.","Diretoria de Educação, Cultura, Esportes, Lazer e Turismo",Aprovado,082/2025,Respondido,
REQ-183,044,2025,31ª Sessão Ordinária da 19ª Legislatura,2025-09-29,Anderson Marcos Viana,"Requer envio de ofício à Diretoria de Agronegócio, Indústria, Comércio e Meio Ambiente e Gestão de Resíduos Sólidos solicitando informações sobre as providências tomadas em relação à contaminação do córrego conhecido como Taquaruçu da Banana, que apresentava sinais de poluição por esgoto e resíduos oleosos, com relatos de morte de peixes.","Diretoria de Agronegócio, Indústria, Comércio e Meio Ambiente e Gestão de Resíduos Sólidos",Aprovado,023/2025,Respondido,
REQ-184,045,2025,32ª Sessão Ordinária da 19ª Legislatura,2025-10-06,"Reinaldo Codognato, Bruno Herreira","Requer envio de ofício ao Delegado da Receita Federal de Presidente Prudente/SP consultando sobre a possibilidade e viabilidade de doação de brinquedos pedagógicos provenientes de apreensões, a serem destinados às escolas municipais de ensino infantil (EMEIs) do município.",Delegado da Receita Federal de Presidente Prudente/SP,Aprovado,,Pendente,"Destinatário é órgão externo (Receita Federal), não uma das diretorias municipais; mantido o nome real do órgão conforme instrução."
REQ-185,046,2025,35ª Sessão Ordinária da 19ª Legislatura,2025-10-27,Reinaldo Codognato,"Requer envio de ofício à Agência Nacional de Energia Elétrica (ANEEL) solicitando providências junto à concessionária Neoenergia Elektro quanto às constantes interrupções no fornecimento de energia elétrica na zona rural do município, incluindo ressarcimento de danos, compensação financeira e apresentação de plano de investimentos.",Agência Nacional de Energia Elétrica (ANEEL),Aprovado,,Pendente,"Na leitura do resumo do Expediente, o locutor disse por lapso 'requerimento 46 de 2026, 2025' — trata-se claramente do Requerimento 46/2025, conforme confirmado no texto integral e na votação."
REQ-186,047,2025,35ª Sessão Ordinária da 19ª Legislatura,2025-10-27,Anderson Marcos Viana,"Requer envio de ofício à Diretoria de Planejamento, Obras, Serviços e Manutenção solicitando informações detalhadas sobre as repetidas falhas mecânicas da retroescavadeira de grande porte da frota municipal, incluindo motivo técnico da quebra recente ocorrida pouco depois de um conserto anterior.","Diretoria de Planejamento, Obras, Serviços e Manutenção",Aprovado,,Pendente,
REQ-187,048,2025,35ª Sessão Ordinária da 19ª Legislatura,2025-10-27,"Adriano de Marcos Lopes, Teresinha de Lourdes Freitas Regodanso","Requer à Diretoria de Fazenda, Compras, Almoxarifado e Recursos Humanos o envio da relação completa e atualizada de toda a frota de veículos pertencentes à Prefeitura Municipal de Junqueirópolis, com descrição detalhada de cada veículo.","Diretoria de Fazenda, Compras, Almoxarifado e Recursos Humanos",Aprovado,,Pendente,
REQ-188,049,2025,36ª Sessão Ordinária da 19ª Legislatura,2025-11-03,Anderson Marcos Viana,"Requer à Diretoria de Saúde relatório com os valores totais pagos até a data às empresas de ambulância que prestam serviço de aluguel ou locação para transferência de pacientes do município, discriminando os valores por empresa e o período de competência de cada pagamento.",Diretoria de Saúde,Aprovado,,Pendente,
REQ-189,050,2025,36ª Sessão Ordinária da 19ª Legislatura,2025-11-03,Anderson Marcos Viana,"Requer à Diretoria de Saúde relatório discriminando os valores totais gastos nos últimos seis meses com a alocação de profissionais, médicos e equipes de enfermagem para a realização do serviço de transferência de pacientes.",Diretoria de Saúde,Aprovado,,Pendente,
REQ-190,051,2025,36ª Sessão Ordinária da 19ª Legislatura,2025-11-03,Anderson Marcos Viana,"Requer à Diretoria de Planejamento, Obras, Serviços e Manutenção informações detalhadas sobre a recente construção dos banheiros masculino e feminino no Recinto da Seruva (sob o barracão de leilões), incluindo cópia integral do projeto de engenharia/arquitetura e relatório/planilha com o valor total gasto na obra.","Diretoria de Planejamento, Obras, Serviços e Manutenção",Aprovado,,Pendente,
REQ-191,052,2025,36ª Sessão Ordinária da 19ª Legislatura,2025-11-03,Anderson Marcos Viana,"Requer à Diretoria de Planejamento, Obras, Serviços e Manutenção informações sobre a situação da lagoa de tratamento do matadouro municipal, detalhando quais medidas e projetos estão sendo tomados para solucionar os problemas estruturais, notadamente o rompimento das placas e o risco de rompimento do aterro que separa as duas lagoas.","Diretoria de Planejamento, Obras, Serviços e Manutenção",Aprovado,,Pendente,
REQ-192,,2025,37ª Sessão Ordinária da 19ª Legislatura,2025-11-10,Anderson Marcos Viana,"Solicita verbalmente que a administração informe o impacto financeiro nos cofres públicos de projeto de lei em elaboração que isentaria do IPTU imóveis afetados pela ausência de infraestrutura básica (pavimentação e iluminação pública), com prazo de 45 dias para regularização antes da isenção valer.","Diretoria de Fazenda, Compras, Almoxarifado e Recursos Humanos",,,Pendente,"[Pedido verbal, ainda não formalizado/numerado] Pedido verbal em explicações pessoais; a presidência autorizou formalizar como requerimento, mas não houve leitura/votação nesta sessão."
REQ-193,,2025,37ª Sessão Ordinária da 19ª Legislatura,2025-11-10,Anderson Marcos Viana,"Denuncia o uso da van nova da saúde em dois dias seguidos para levar alunos a competições esportivas fora do município, deixando pacientes sem atendimento, e pede explicações formais da administração sobre o uso do veículo da saúde para fins de educação.",Diretoria de Saúde,,,Pendente,"[Pedido verbal, ainda não formalizado/numerado] Pedido verbal em explicações pessoais; a presidência autorizou formalizar como requerimento, mas não houve leitura/votação nesta sessão. Este pedido é a origem do Requerimento 055/2025, formalizado na sessão seguinte (17/11)."
REQ-194,,2025,37ª Sessão Ordinária da 19ª Legislatura,2025-11-10,Renato Vieira de Brito,"Pede requerimento solicitando que a administração informe o impacto financeiro de projeto de lei de sua autoria que isenta do IPTU moradores com transtorno do espectro autista (TEA) e seus familiares, pedindo resposta rápida para aprovação ainda em 2025.","Diretoria de Fazenda, Compras, Almoxarifado e Recursos Humanos",,,Pendente,"[Pedido verbal, ainda não formalizado/numerado] Pedido verbal em explicações pessoais; a presidência autorizou formalizar, mas não houve leitura/votação nesta sessão. Este pedido é a origem do Requerimento 053/2025, formalizado na sessão seguinte (17/11)."
REQ-195,,2025,37ª Sessão Ordinária da 19ª Legislatura,2025-11-10,Renato Vieira de Brito,"Pede requerimento dirigido à Diretoria de Saúde perguntando a situação (se há ou não licitação em andamento) do recurso de R$ 200 mil da deputada estadual Clarice Ghanem, depositado na conta do município desde 10/07/2025, destinado à implantação de uma sala multidisciplinar de atendimento a autistas.",Diretoria de Saúde,,,Pendente,"[Pedido verbal, ainda não formalizado/numerado] Pedido verbal em explicações pessoais, na mesma fala do pedido anterior. Não ficou claro se foi de fato numerado junto aos Requerimentos 53-55 da sessão seguinte ou se ficou represado — sinalizado por cautela."
REQ-196,053,2025,38ª Sessão Ordinária da 19ª Legislatura,2025-11-17,Renato Vieira de Brito,"Requer à Diretoria de Fazenda, Compras, Almoxarifado, Recursos Humanos e Patrimônio a elaboração de estudo de impacto financeiro e orçamentário referente a modelo de projeto de lei que institui isenção de IPTU para unidades residenciais com moradores portadores de Transtorno do Espectro Autista (TEA), exigido pela Lei de Responsabilidade Fiscal.","Diretoria de Fazenda, Compras, Almoxarifado e Recursos Humanos",Aprovado,,Pendente,
REQ-197,054,2025,38ª Sessão Ordinária da 19ª Legislatura,2025-11-17,Anderson Marcos Viana,"Requer à Diretoria de Fazenda, Compras, Almoxarifado, Recursos Humanos e Patrimônio a elaboração de estudo de impacto financeiro e orçamentário referente a modelo de projeto de lei que estabelece isenção de IPTU para proprietários de imóveis afetados pela ausência de infraestrutura básica (pavimentação e iluminação pública), com isenção prevista caso o problema não seja sanado em 45 dias após protocolo do morador.","Diretoria de Fazenda, Compras, Almoxarifado e Recursos Humanos",Aprovado,,Pendente,
REQ-198,055,2025,38ª Sessão Ordinária da 19ª Legislatura,2025-11-17,Anderson Marcos Viana,"Requer informações e justificativas à Diretoria de Educação, Cultura, Esporte, Lazer e Turismo sobre a recente utilização de uma van pertencente à frota da saúde para transporte de profissionais da educação: motivo da solicitação, finalidade/data/destino/assunto da viagem, se a educação dispunha de veículo próprio ou de outra diretoria, e custo total do deslocamento.","Diretoria de Educação, Cultura, Esportes, Lazer e Turismo",Aprovado,,Pendente,
REQ-199,056,2025,38ª Sessão Ordinária da 19ª Legislatura,2025-11-17,Reinaldo Codognato,"Requer à Diretoria de Planejamento, Obras, Serviços e Manutenção informações sobre os serviços de pintura em prédios públicos municipais: montante total gasto, relação e quantidade de prédios já pintados, cronograma dos que ainda serão pintados, previsão orçamentária futura, e se foi estudada a manutenção da mesma cor para reduzir despesas.","Diretoria de Planejamento, Obras, Serviços e Manutenção",Aprovado,,Pendente,
REQ-200,057,2025,38ª Sessão Ordinária da 19ª Legislatura,2025-11-17,Edvaldo Aparecido Carvalho,"Requer à Diretoria de Saúde informações atualizadas sobre a aquisição do medicamento Tenecteplase, indicado para tratamento de infarto, cuja compra estava prevista para o município.",Diretoria de Saúde,Aprovado,,Pendente,
REQ-201,,2025,39ª Sessão Ordinária da 19ª Legislatura,2025-11-24,Renato Vieira de Brito,Pedido verbal para que a Presidência convoque o responsável pela administração da rede social oficial de Natal do município a prestar esclarecimentos sobre a exclusão de todas as publicações/fotos dos anos anteriores.,,,,Pendente,"[Pedido verbal, ainda não formalizado/numerado] Pedido verbal em explicações pessoais, sem votação formal. Não ficou claro no texto qual diretoria administra a rede social do Natal do município."
REQ-202,,2025,39ª Sessão Ordinária da 19ª Legislatura,2025-11-24,Renato Vieira de Brito,"Pedido verbal de informações e prestação de contas sobre os valores gastos com os enfeites de Natal e o repasse aprovado à Associação Comercial (incluindo os R$ 60 mil de premiação e o restante para os enfeites, além de esclarecimento sobre mão de obra utilizada).",,,,Pendente,"[Pedido verbal, ainda não formalizado/numerado] Pedido verbal em explicações pessoais, na mesma fala do pedido anterior, sem votação formal. Possível destinatária: Diretoria de Fazenda/Compras ou Diretoria de Licitações, Contratos e Convênios (não explicitado no texto)."
REQ-203,,2025,40ª Sessão Ordinária da 19ª Legislatura,2025-12-02,Anderson Marcos Viana,Cobrança verbal em explicação pessoal sobre resposta insuficiente (apenas cinco linhas) recebida de um requerimento anterior sobre a sindicância relativa ao falecimento do Sr. Adilson Francisco dos Santos e de uma munícipe; a presidência se comprometeu a reiterar o pedido solicitando o processo administrativo completo.,Irmandade Santa Casa de Misericórdia de Junqueirópolis,,,Pendente,"[Pedido verbal, ainda não formalizado/numerado] Cobrança/reiteração verbal de requerimento de sessão anterior não identificado por número; entidade destinatária é filantrópica, não uma das 9 diretorias oficiais."
REQ-204,,2025,40ª Sessão Ordinária da 19ª Legislatura,2025-12-02,Anderson Marcos Viana,"Questionamento verbal se as frutas e hortaliças da alimentação escolar são compradas com recursos federais ou próprios do município, pedindo verificação/esclarecimento.",,,,Pendente,"[Pedido verbal, ainda não formalizado/numerado] Pedido informal e impreciso, baixa confiança de que se trate efetivamente de um requerimento; incluído por cautela conforme critério de captura ampla."
REQ-205,058,2025,40ª Sessão Ordinária da 19ª Legislatura,2025-12-02,Reinaldo Codognato,"Requer à Diretoria de Saúde informações sobre a drástica queda no número de castrações de animais realizadas pelo município e falhas no sistema de agendamento: justificativa técnica para a mudança do agendamento (antes feito pela clínica contratada, depois pelo setor de vigilância), motivo da ineficiência do atendimento telefônico, motivo de terem sido realizados apenas 18 dos 40-44 procedimentos mensais disponíveis, e existência de plano de ação para zerar a fila de espera.",Diretoria de Saúde,Aprovado,,Pendente,
REQ-206,,2025,41ª Sessão Ordinária da 19ª Legislatura,2025-12-08,"Edvaldo Aparecido Carvalho, Bruno Herreira, Reinaldo Codognato","Requerimento da Mesa Diretora solicitando a transferência da sessão ordinária regimentalmente agendada para 15/12/2025 (segunda-feira) para o dia 16/12/2025 (terça-feira), às 19h, em razão da coincidência com o evento 'Chegada do Papai Noel 2025', promovido pela Associação Comercial e Empresarial de Junqueirópolis, do qual a própria Câmara é apoiadora institucional.",,Aprovado,,Pendente,"Requerimento formal (lido, justificado, assinado pela Mesa Diretora e votado), porém não dirigido a uma diretoria da Prefeitura ou órgão externo — trata de matéria interna/procedimental da própria Câmara (alteração de data de sessão). Incluído por se tratar de um 'Requerimento' nominalmente apresentado e votado em plenário, conforme critério ampliado desta extração."
REQ-207,059,2025,42ª Sessão Ordinária da 19ª Legislatura,2025-12-16,Bruno Herreira,"Requer à Diretoria Administrativa informações detalhadas sobre a conclusão e aplicação dos laudos de insalubridade e periculosidade elaborados por empresa especializada contratada, incluindo cópia dos relatórios conclusivos, relação de setores/cargos com direito ao adicional reconhecido ou alterado, e previsão para implantação financeira dos adicionais nos vencimentos dos servidores aptos.",Diretoria Administrativa,Aprovado,,Pendente,
REQ-208,060,2025,42ª Sessão Ordinária da 19ª Legislatura,2025-12-16,"Edvaldo Aparecido Carvalho, Anderson Marcos Viana, Renato Vieira de Brito","Requer à Diretoria Administrativa o envio da prestação de contas completa da Festa de Exposição à Seruva 2025, incluindo extratos bancários da conta específica do evento, cópias de todos os contratos (shows, estruturas, segurança, publicidade), notas fiscais e recibos de despesas, comprovantes de contratações de pessoal temporário, e relatórios analíticos de receitas (camarotes, patrocínios, praça de alimentação, taxas de barracas e estacionamento), tendo em vista que o Executivo, via Ofício 153/2025, havia se comprometido a disponibilizar essa documentação em até 30 dias após o término da festa e não o fez.",Diretoria Administrativa,Aprovado,,Pendente,
REQ-209,,2025,14ª Sessão Extraordinária da 19ª Legislatura,2025-12-19,Elizeu Adriano,"Requerimento verbal, apresentado em plenário pelo vereador Elizeu Adriano e votado de imediato, solicitando que a leitura dos 21 projetos de lei/lei complementar de convênios e termos de colaboração pautados naquela sessão fosse feita de forma reduzida (apenas mensagem/emenda e o artigo 1º de cada projeto), tendo em vista que o conteúdo já havia sido discutido em reunião prévia com vereadores, entidades e o Executivo.",,Aprovado,,Pendente,"[Pedido verbal, ainda não formalizado/numerado] Requerimento não numerado, apresentado e votado oralmente durante a sessão, sem petição escrita prévia nem direcionamento a diretoria ou órgão externo — trata de matéria interna de procedimento legislativo (dispensa de leitura integral). Incluído por se tratar de um 'requerimento' nominalmente citado e votado em plenário, conforme critério ampliado desta extração."
REQ-210,061,2025,43ª Sessão Ordinária da 19ª Legislatura,2025-12-22,"Anderson Marcos Viana, Edvaldo Aparecido Carvalho","Requer à Diretoria de Fazenda, Compras, Almoxarifado e Recursos Humanos informações detalhadas sobre o repasse do Incentivo Financeiro Adicional (IFA), parcela extra federal, destinado aos agentes comunitários de saúde e agentes de combate a endemias: se o município já recebeu o repasse federal deste exercício, data e valor creditado, se o pagamento já foi efetuado aos servidores e, caso não, a data prevista, e justificativa para eventual retenção do valor já recebido.","Diretoria de Fazenda, Compras, Almoxarifado e Recursos Humanos",Aprovado,,Pendente,
REQ-211,062,2025,43ª Sessão Ordinária da 19ª Legislatura,2025-12-22,Edvaldo Aparecido Carvalho,"Requer à Diretoria Administrativa informações sobre o andamento e execução das indicações apresentadas pelos vereadores durante o exercício de 2025: relatório discriminado das indicações efetivamente atendidas e concluídas, motivos técnicos, operacionais ou orçamentários para o número limitado de atendimentos, e existência de cronograma para execução das indicações pendentes no exercício seguinte.",Diretoria Administrativa,Aprovado,,Pendente,
REQ-212,001,2026,44ª Sessão Ordinária da 19ª Legislatura,2026-02-02,Renato Vieira de Brito,"Requer cópia integral dos documentos referentes à locação do prédio da antiga faculdade de Junqueirópolis, onde funciona temporariamente a EMEI Cristo Redentor, incluindo o contrato de locação (e aditivos), os comprovantes de pagamento do aluguel e as contas de energia elétrica do imóvel.","Diretoria de Fazenda, Compras, Almoxarifado e Recursos Humanos",Aprovado,,Pendente,
REQ-213,002,2026,44ª Sessão Ordinária da 19ª Legislatura,2026-02-02,Renato Vieira de Brito,"Solicita o envio de informações financeiras e contábeis referentes ao fechamento do exercício de 2025 em comparação com o exercício anterior, incluindo relatórios de receita e despesa corrente líquida e cópias integrais dos extratos de todas as contas bancárias da Prefeitura referentes a dezembro de 2024 e dezembro de 2025.","Diretoria de Fazenda, Compras, Almoxarifado e Recursos Humanos",Aprovado,,Pendente,
REQ-214,003,2026,44ª Sessão Ordinária da 19ª Legislatura,2026-02-02,Renato Vieira de Brito,"Solicita esclarecimentos sobre a contabilização e o ingresso de recursos de emendas parlamentares recebidos pelo município no segundo semestre de 2025, que não constaram na prestação de contas divulgada, requerendo cópia dos extratos ou comprovantes bancários com as datas exatas de crédito desses valores.","Diretoria de Fazenda, Compras, Almoxarifado e Recursos Humanos",Aprovado,,Pendente,
REQ-215,004,2026,44ª Sessão Ordinária da 19ª Legislatura,2026-02-02,Bruno Herreira,"Solicita informações atualizadas sobre a regularização documental do Distrito Industrial 4, incluindo a fase atual do processo, eventuais pendências técnicas ou jurídicas que impeçam a finalização da documentação dos lotes e empresas, e a previsão para a regularização total da situação.","Diretoria de Agronegócio, Indústria, Comércio e Meio Ambiente e Gestão de Resíduos Sólidos",Aprovado,,Pendente,
REQ-216,,2026,45ª Sessão Ordinária da 19ª Legislatura,2026-02-09,Anderson Marcos Viana,"Pedido verbal, feito em explicações pessoais, de convocação da Diretora de Saúde e do setor jurídico da administração para explicarem à Câmara os motivos e os trâmites legais da transferência de moradores do Jardim dos Pássaros do atendimento do ESF-2/ESF-7 para o ESF-4 (Cristo Redentor).",Diretoria de Saúde,,,Pendente,"[Pedido verbal, ainda não formalizado/numerado] Pedido feito oralmente na tribuna (explicações pessoais), sem número de requerimento atribuído nesta sessão. O Presidente respondeu que 'será estudada a possibilidade' e que fará a 'requisição' para comparecimento da diretora de saúde e do jurídico da administração perante o plenário; ainda não formalizado até o encerramento da sessão de 09/02/2026. O pedido também menciona o setor jurídico da administração (Diretoria Jurídica, Habitação e de Trânsito) como destinatário conjunto, além da Diretoria de Saúde."
REQ-217,005,2026,45ª Sessão Ordinária da 19ª Legislatura,2026-02-09,"Edvaldo Aparecido Carvalho, Reinaldo Codognato","Solicita ao Delegado Seccional de Polícia Civil de Dracena o empenho para a designação urgente de um delegado de polícia titular e fixo para Junqueirópolis, manifestando a preferência da comunidade pela designação da Dra. Ana Carolina Agüero Mazo, que já atua na região e conhece a dinâmica do município.",Delegado Seccional de Polícia Civil de Dracena,Aprovado,,Pendente,"Requerimento não é dirigido a uma diretoria da Prefeitura, mas ao Delegado Seccional de Polícia Civil de Dracena (autoridade externa ao município); campo diretoria_destino preenchido com o destinatário real."
REQ-218,,2026,46ª Sessão Ordinária,2026-02-18,Bruno Herreira,"Em explicações pessoais, o vereador pediu cópia de lei/ato da administração que teria viabilizado seu retorno ao emprego (técnico) no pronto socorro municipal, para esclarecer se houve tratamento diferenciado (""cabide de emprego""). O presidente determinou que constasse como requerimento apresentado em tribuna, sem atribuição de número nesta sessão.",,,,Pendente,"[Pedido verbal, ainda não formalizado/numerado] Diretoria de destino não especificada no áudio; pelo assunto (RH/pessoal de saúde) pode ser Diretoria de Fazenda, Compras, Almoxarifado e Recursos Humanos ou Diretoria Jurídica. Não foi localizado número formal nas sessões seguintes do lote (23/02, 02/03, 09/03)."
REQ-219,,2026,46ª Sessão Ordinária,2026-02-18,Reinaldo Codognato,"Em explicações pessoais, solicitou verbalmente informações sobre a situação da emenda parlamentar de R$ 100 mil do deputado estadual Thiago Aurício, repassada em 10/12/2025, destinada a custeio de castrações pela causa animal, pedindo que constasse como requerimento.",,,,Pendente,"[Pedido verbal, ainda não formalizado/numerado] Mesmo assunto foi formalizado como Requerimento 010/2026 (sessão de 23/02/2026, dirigido à Diretoria de Saúde), possivelmente originado deste pedido verbal."
REQ-220,006,2026,46ª Sessão Ordinária,2026-02-18,Bruno Herreira,"Solicita à Diretoria Jurídica, Habitação e de Trânsito informações oficiais sobre o atual estágio dos estudos para a implantação do regime de diárias de viagem para os motoristas do serviço público municipal.","Diretoria Jurídica, Habitação e de Trânsito",Aprovado,,Pendente,
REQ-221,007,2026,46ª Sessão Ordinária,2026-02-18,Reinaldo Codognato,"Requer envio de ofício à concessionária Eixo SP, com cópia à ARTESP, solicitando informações oficiais e detalhadas sobre o cronograma de início das obras de duplicação da rodovia Comandante João Ribeiro de Barros (SP-294) no trecho de Junqueirópolis.",Concessionária Eixo SP / ARTESP (Agência de Transporte do Estado de São Paulo),Aprovado,,Pendente,"Requerimento não é dirigido a uma diretoria da Prefeitura, mas à concessionária EIXO SP (com cópia à ARTESP); campo diretoria_destino deixado null por não haver diretoria municipal destinatária."
REQ-222,,2026,47ª Sessão Ordinária,2026-02-23,Edvaldo Aparecido Carvalho,"Ao final da sessão, o presidente determinou a elaboração de requerimento à Associação Agrícola de Junqueirópolis solicitando extratos bancários, contratos, notas fiscais e demais comprovantes da Feira/Seruva 2025, após o Executivo informar que a documentação está sob guarda da Associação. Ficou definido que seria votado na sessão seguinte.",Associação Agrícola de Junqueirópolis,,,Pendente,"[Pedido verbal, ainda não formalizado/numerado] Formalizado e votado como Requerimento 011/2026 na sessão de 02/03/2026."
REQ-223,,2026,47ª Sessão Ordinária,2026-02-23,Edvaldo Aparecido Carvalho,"O presidente determinou a elaboração de requerimento ao setor competente solicitando informações sobre a situação da licitação/aplicação dos R$ 200 mil da deputada Clarice Ganei destinados à montagem de sala multisensorial, recurso já na conta havia oito meses sem execução (assunto originalmente trazido pelo vereador Renato Vieira de Brito).",,,,Pendente,"[Pedido verbal, ainda não formalizado/numerado] Diretoria de destino não especificada (possivelmente Diretoria de Saúde ou Diretoria de Educação). Não foi localizado número formal nas sessões seguintes do lote (02/03 e 09/03)."
REQ-224,008,2026,47ª Sessão Ordinária,2026-02-23,Anderson Marcos Viana,Solicita informações acerca dos recursos financeiros destinados e já liberados para a execução do projeto Boa-Morada no exercício deste ano.,Diretoria de Assistência Social,Aprovado,,Respondido,
REQ-225,009,2026,47ª Sessão Ordinária,2026-02-23,Anderson Marcos Viana,"Solicita apresentação de levantamento referente a todos os enfeites de Natal armazenados pelo Poder Executivo, com relação que separe e identifique quais peças pertencem à Associação Comercial Empresarial de Junqueirópolis e quais foram adquiridas exclusivamente com recursos públicos pela Prefeitura.","Diretoria de Fazenda, Compras, Almoxarifado e Recursos Humanos",Aprovado,,Pendente,
REQ-226,010,2026,47ª Sessão Ordinária,2026-02-23,Reinaldo Codognato,"Solicita informações sobre a destinação e aplicação dos recursos provenientes da Emenda Parlamentar destinada à área da saúde (Código 2025.09276939, de autoria do Deputado Thiago Auricchio, no valor de R$ 100 mil, paga em 10/12/2025), questionando em quais serviços, unidades, insumos ou pagamentos específicos o montante foi ou será aplicado.",Diretoria de Saúde,Aprovado,,Pendente,Possível origem em pedido verbal do mesmo vereador na sessão de 18/02/2026.
REQ-227,011,2026,48ª Sessão Ordinária,2026-03-02,Edvaldo Aparecido Carvalho,"Solicita o envio da prestação de contas completa e detalhada referente à realização da Feira de Exposição à Seruva 2025, incluindo cópias integrais dos extratos bancários da conta específica do evento, contratos firmados (shows, estrutura, segurança e publicidade), notas fiscais e comprovantes de pagamento, tendo em vista que o ofício 026/2026 informou que a execução financeira do evento é de responsabilidade direta da Associação Agrícola.",Associação Agrícola de Junqueirópolis,Aprovado,,Pendente,"Requerimento dirigido à Associação Agrícola de Junqueirópolis (entidade), não a uma diretoria/secretaria da Prefeitura — campo diretoria_destino preenchido conforme texto original."
REQ-228,012,2026,48ª Sessão Ordinária,2026-03-02,Edvaldo Aparecido Carvalho,"Solicita informações sobre o andamento dos estudos e do planejamento administrativo para a efetivação do descongelamento do tempo de serviço dos servidores públicos municipais (motivado pela LC 226/2026, que revogou restrições da LC 173/2020 relativas à pandemia), incluindo prazo para atualização da contagem, valor retroativo devido e previsão de envio de projeto de lei municipal específico.","Diretoria Jurídica, Habitação e de Trânsito",Aprovado,,Pendente,
REQ-229,013,2026,48ª Sessão Ordinária,2026-03-02,"Adriano de Marcos Lopes, Bruno Herreira, Elizeu Adriano, Teresinha de Lourdes Freitas Regodanso","Solicita informações sobre o andamento dos estudos e planejamento de ações visando solucionar ou, no mínimo, diminuir de forma significativa o forte mau cheiro proveniente das lagoas de tratamento de esgoto do município.","Diretoria de Planejamento, Obras, Serviços e Manutenção",Aprovado,,Pendente,
REQ-230,014,2026,49ª Sessão Ordinária,2026-03-09,Reinaldo Codognato,"Solicita informações acerca do cumprimento e da aplicação prática da Lei Municipal nº 3.709, de 24 de abril de 2024, que dispõe sobre a obrigatoriedade de instalação de brinquedos adaptados para crianças com deficiência ou mobilidade reduzida em playgrounds de praças e parques públicos.","Diretoria de Planejamento, Obras, Serviços e Manutenção",Aprovado,,Pendente,
REQ-231,015,2026,49ª Sessão Ordinária,2026-03-09,Reinaldo Codognato,"Solicita informações acerca do andamento das obras e serviços de pavimentação da estrada vicinal JQL-010 (Governador Mário Covas), que liga Junqueirópolis a Dracena, bem como sobre a existência de estudos preliminares, projetos de engenharia em andamento ou tratativas visando a futura pavimentação asfáltica da estrada que liga Junqueirópolis a Guaraçaí.",Diretoria Administrativa,Aprovado,,Pendente,"Texto do requerimento consta assinado por todos os vereadores da Casa, com apresentação/leitura pelo vereador Reinaldo Codognato."
REQ-232,016,2026,49ª Sessão Ordinária,2026-03-09,Anderson Marcos Viana,"Solicita informações sobre a paralisação e o aparente abandono das obras da estação elevatória localizada no bairro Jardim Conde (investimento de R$ 483.600,00), diante da constatação de que as obras se encontram totalmente paralisadas há várias semanas, sem movimentação de maquinário, avanço físico ou presença de trabalhadores no local.","Diretoria de Planejamento, Obras, Serviços e Manutenção",Aprovado,,Pendente,
REQ-233,017,2026,49ª Sessão Ordinária,2026-03-09,Anderson Marcos Viana,"Solicita informações sobre a situação financeira e o cronograma das obras de construção da Escola Municipal de Educação Infantil (EMEI) do Cristo Redentor, diante da redução do quadro de funcionários no canteiro de obras e de relatos de atraso no pagamento de salários dos trabalhadores.","Diretoria de Planejamento, Obras, Serviços e Manutenção",Aprovado,,Pendente,
REQ-234,018,2026,49ª Sessão Ordinária,2026-03-09,Anderson Marcos Viana,"Solicita explicações oficiais sobre a entrega e o posterior cancelamento de formulários do programa habitacional Minha Casa Minha Vida nas dependências da Prefeitura Municipal, incluindo qual será o destino e a validade dos formulários já entregues/preenchidos pelas famílias e qual a orientação oficial a ser dada aos cidadãos.",Diretoria Administrativa,Aprovado,,Pendente,
REQ-235,,2026,50ª Sessão Ordinária,2026-03-16,"Bruno Herreira, Renato Vieira de Brito, Elizeu Adriano","Pedido de verba estadual para a área de saúde, incluindo fisioterapia, e para o transporte municipal, protocolado pessoalmente pelos vereadores em viagem a São Paulo.",Governo do Estado de São Paulo,,,Pendente,"[Pedido verbal, ainda não formalizado/numerado] Relato verbal em explicações pessoais pelo vereador Bruno Herreira sobre requerimentos/ofícios protocolados pessoalmente em viagem a São Paulo junto com os vereadores Renato Vieira de Brito e Elizeu Adriano. Não há número, texto integral, nem confirmação de recebimento/resposta pelo órgão estadual. Descrição de conteúdo é genérica ('parte da saúde, parte da fisioterapia, para o transporte')."
REQ-236,,2026,50ª Sessão Ordinária,2026-03-16,"Bruno Herreira, Renato Vieira de Brito, Elizeu Adriano","Pedido de apoio/repasse para as entidades Santa Casa e Asilo do município, protocolado pessoalmente pelos vereadores em viagem a São Paulo.",Governo do Estado de São Paulo,,,Pendente,"[Pedido verbal, ainda não formalizado/numerado] Mesmo contexto do relato de viagem a São Paulo feito por Bruno Herreira em explicações pessoais ('protocolamos também para as entidades do nosso município alguns pedidos Santa Casa Asilo'). Sem número, texto integral ou confirmação de protocolo formal específico."
REQ-237,,2026,50ª Sessão Ordinária,2026-03-16,"Bruno Herreira, Renato Vieira de Brito, Elizeu Adriano","Pedido de caminhão-pipa e equipamentos para a Defesa Civil do município, protocolado pessoalmente pelos vereadores junto ao Palácio (governo estadual) em viagem a São Paulo.",Governo do Estado de São Paulo,,,Pendente,"[Pedido verbal, ainda não formalizado/numerado] Mesmo contexto do relato de viagem a São Paulo feito por Bruno Herreira em explicações pessoais ('fomos também até o palácio onde protocolamos um pedido de caminhão, pipa e os equipamentos aí para defesa civil'). Sem número, texto integral ou confirmação de protocolo formal específico."
REQ-238,019,2026,50ª Sessão Ordinária,2026-03-16,Reinaldo Codognato,Pedido de informações sobre projetos e planejamento para instalação de câmeras de monitoramento de segurança na cidade.,"Diretoria Jurídica, Habitação e de Trânsito",Aprovado,,Pendente,"ATENÇÃO: o arquivo de transcrição 2026-03-16_sessao.txt começa em andamento, no meio da discussão do Projeto de Lei 002/2026 — falta todo o início da sessão (verificação de presença, leitura do Expediente e a leitura/votação integral dos requerimentos na Ordem do Dia). O Requerimento 019/2026 só é mencionado de passagem na fala livre do vereador Reinaldo Codognato ('requerimento 19 barra 2026... que fala sobre informações acerca de projetos, planejamentos para a instalação de câmeras de monitoramento de segurança'), sem texto integral, sem diretoria de destino explícita e sem confirmação textual do resultado da votação. Autoria (Reinaldo Codognato) e nome/número da sessão são inferidos pelo contexto e devem ser confirmados manualmente. Não há indícios de outros requerimentos nesta sessão além deste, mas isso não pode ser confirmado por falta do trecho inicial da transcrição."
REQ-239,020,2026,50ª Sessão Ordinária da 19ª Legislatura,2026-03-16,Edvaldo Aparecido Carvalho,"Solicita à Diretoria Administrativa informações sobre a conclusão e aplicação dos Laudos de Insalubridade e Periculosidade (LIP), diante da contratação de empresa especializada para o fornecimento desses serviços.",Diretoria Administrativa,Aprovado,,Pendente,Fonte: site oficial da Câmara — não encontrado nas transcrições disponíveis. Sessão inferida pela sequência de numeração (requerimentos vizinhos 019 e 021 estão nas sessões de 16/03 e 23/03/2026); data de protocolo/aprovação no site: 11/03/2026.
REQ-240,,2026,51ª Sessão Ordinária,2026-03-23,Bruno Herreira,"Pedido verbal, feito durante a discussão do Projeto de Lei Complementar 27/2026, para que a administração avalie a possibilidade de desconsiderar os atestados médicos de servidores da saúde que trabalharam na linha de frente entre 2020 e 2021 (período de pandemia), para que não percam o direito à licença-prêmio.","Diretoria de Fazenda, Compras, Almoxarifado e Recursos Humanos",,,Pendente,"[Pedido verbal, ainda não formalizado/numerado] Pedido verbal feito em plenário durante a discussão de um projeto de lei, sem número formal e sem votação registrada nesta sessão. O vereador Reinaldo Codognato manifestou apoio ao pedido em seguida."
REQ-241,,2026,51ª Sessão Ordinária,2026-03-23,Reinaldo Codognato,Pedido verbal de um novo requerimento com estudos relacionados ao piso salarial dos agentes de limpeza (coletores de lixo) do município.,"Diretoria de Fazenda, Compras, Almoxarifado e Recursos Humanos",,,Pendente,"[Pedido verbal, ainda não formalizado/numerado] Pedido verbal feito em plenário ('fica aqui mais um pedido de um novo requerimento também sobre os estudos relacionados ao piso do servidor que são os agentes de limpeza'), sem número formal nem votação registrada nesta sessão."
REQ-242,021,2026,51ª Sessão Ordinária,2026-03-23,"Reinaldo Codognato, Edvaldo Aparecido Carvalho","Solicita explicações oficiais sobre o protocolo de entrega de medicamentos e falhas na orientação aos pacientes da farmácia municipal, após caso de munícipe informada de que o remédio não estava disponível e que depois foi entregue mediante autorização do Serviço Social.",Diretoria de Saúde,Aprovado,,Pendente,
REQ-243,022,2026,51ª Sessão Ordinária,2026-03-23,Reinaldo Codognato,"Solicita ao Secretário de Educação do Estado de São Paulo informações oficiais e atualizadas sobre o andamento do projeto de climatização das salas de aula da Escola Estadual Idene Rodrigues dos Santos, pleito antigo já cobrado por ofícios anteriores.","Diretoria de Educação, Cultura, Esportes, Lazer e Turismo",Aprovado,,Pendente,
REQ-244,023,2026,51ª Sessão Ordinária,2026-03-23,Renato Vieira de Brito,"Solicita informações sobre o número total de servidores efetivos e os gastos com folha de pagamento do município nos exercícios de 2024 e 2025, para dar mais transparência à população.","Diretoria de Fazenda, Compras, Almoxarifado e Recursos Humanos",Aprovado,,Pendente,
REQ-245,024,2026,51ª Sessão Ordinária,2026-03-23,Renato Vieira de Brito,"Solicita relação completa (nome, cargo, setor e percentual) dos servidores que recebem a Gratificação por Tempo Integral e Dedicação Exclusiva (GTD) e a gratificação prevista na Lei Complementar 17/1991, referente ao período de janeiro de 2025 até a resposta do requerimento.","Diretoria de Fazenda, Compras, Almoxarifado e Recursos Humanos",Aprovado,,Pendente,
REQ-246,025,2026,51ª Sessão Ordinária,2026-03-23,Anderson Marcos Viana,"Solicita ao Batalhão da Polícia Militar de Junqueirópolis, em caráter de urgência, a disponibilização de policiamento ostensivo e de uma viatura no horário de saída dos alunos da Escola Estadual Idene Rodrigues dos Santos, diante de brigas recorrentes e relatos de uso/venda de entorpecentes nas imediações.",Batalhão da Polícia Militar de Junqueirópolis,Aprovado,,Pendente,"O requerimento pede providência 'em caráter de urgência' quanto ao conteúdo do pedido (necessidade urgente de policiamento), mas foi tramitado em único turno de discussão e votação como os demais requerimentos da sessão, sem indicação de rito processual diferenciado de urgência especial."
REQ-247,026,2026,52ª Sessão Ordinária,2026-03-30,"Anderson Marcos Viana, Bruno Herreira","Solicita informações oficiais e detalhadas sobre o valor recebido pelo município, mês a mês desde 2024, referente ao componente de qualidade da atenção primária à saúde, quais equipes estão vinculadas e se há repasse direto desses valores aos profissionais de saúde.","Diretoria de Fazenda, Compras, Almoxarifado e Recursos Humanos",Aprovado,,Pendente,
REQ-248,,2026,53ª Sessão Ordinária,2026-04-06,Bruno Herreira,"Pedido verbal para que a administração avalie a possibilidade de os valores retroativos (descongelamento) devidos a servidores não serem descontados de água ou impostos municipais, similar ao que ocorre com a venda da licença-prêmio.","Diretoria de Fazenda, Compras, Almoxarifado e Recursos Humanos",,,Pendente,"[Pedido verbal, ainda não formalizado/numerado] Pedido feito verbalmente em plenário durante a discussão do Projeto de Lei Complementar 27/2026; o presidente da Câmara determinou que fosse anotado em ata para elaboração de requerimento formal e votação em sessão futura, mas não há registro de número ou votação nesta sessão."
REQ-249,027,2026,53ª Sessão Ordinária,2026-04-06,"Renato Vieira de Brito, Reinaldo Codognato","Solicita informações sobre o andamento e estágio da contratação de empresa especializada para realizar perícia técnica e laudos de insalubridade para os auxiliares de educação, que fazem serviços de higienização e limpeza de banheiros das escolas.",Diretoria Administrativa,Aprovado,,Pendente,"Durante a discussão, o vereador Bruno Herreira mencionou que o Requerimento 59/2025, sobre o mesmo tema (laudos de insalubridade para todos os servidores), segue sem resposta há mais de 120 dias; esse requerimento é de 2025 e não foi incluído nesta extração, que cobre apenas requerimentos de 2026."
REQ-250,028,2026,53ª Sessão Ordinária,2026-04-06,Anderson Marcos Viana,"Solicita informações sobre prazo e planejamento para adequação do pagamento do adicional de insalubridade aos agentes comunitários de saúde e agentes de combate a endemias, em cumprimento a decisão do Tribunal Superior do Trabalho que determinou o adicional em grau médio calculado sobre o salário base.",Diretoria de Saúde,Aprovado,,Pendente,
REQ-251,,2026,54ª Sessão Ordinária,2026-04-13,Renato Vieira de Brito,"Pedido verbal para que a administração convoque a diretora de Educação a comparecer à Câmara e explicar por que os uniformes escolares ainda não foram entregues aos alunos, já há mais de 120 dias de atraso.","Diretoria de Educação, Cultura, Esportes, Lazer e Turismo",,,Pendente,"[Pedido verbal, ainda não formalizado/numerado] Pedido feito verbalmente em explicações pessoais, solicitando que seja formalizado requerimento/convocação; sem número formal nem votação registrada nesta sessão."
REQ-252,029,2026,54ª Sessão Ordinária,2026-04-13,Renato Vieira de Brito,"Solicita à Associação Comercial e Empresarial de Junqueirópolis (ACE/SEGE) o envio da prestação de contas completa, com notas fiscais e comprovantes de pagamento, referente aos gastos com festividades e decorações de fim de ano de 2025.",Associação Comercial e Empresarial de Junqueirópolis (SEGE),Aprovado,,Pendente,
REQ-253,030,2026,54ª Sessão Ordinária,2026-04-13,Reinaldo Codognato,"Solicita à ANATEL (Agência Nacional de Telecomunicações) informações oficiais e providências urgentes sobre a constante ausência e péssima qualidade do sinal de telefonia móvel e internet em diversos bairros do município (Campo Belo, Colina Verde, Frei Galvão, Jardim Aliança, entre outros).",ANATEL (Agência Nacional de Telecomunicações),Aprovado,,Pendente,
REQ-254,031,2026,55ª Sessão Ordinária da 19ª Legislatura,2026-04-22,Reinaldo Codognato,"Envio de ofício à Companhia Ferroviária Rumo Logística solicitando informações oficiais e detalhadas sobre o cronograma de obras, volume de investimento e projeções logísticas para a recuperação e revitalização da linha férrea no trecho Ramal Bauru-Panorama.",Companhia Ferroviária Rumo Logística,Aprovado,,Pendente,
REQ-255,032,2026,55ª Sessão Ordinária da 19ª Legislatura,2026-04-22,Edvaldo Aparecido Carvalho,"Requer autorização institucional do plenário, com base no artigo 26, inciso 4, alínea D do Regimento Interno, para que o presidente da Câmara ingresse com mandado de segurança em face do Poder Executivo Municipal, visando obter a apresentação da cópia integral da documentação da prestação de contas da Seruva 2025, após o esgotamento das vias administrativas (Requerimento 60/2025 e ofertas insuficientes do Executivo e da Associação Agrícola).",,Aprovado,,Pendente,"Aprovado por 5 votos a 3 (não unanimidade). Votaram contra: Adriano de Marcos Lopes, Elizeu Adriano e Teresinha de Lourdes Freitas Regodanso. O presidente (autor) não vota."
REQ-256,,2026,56ª Sessão Ordinária da 19ª Legislatura,2026-04-27,Bruno Herreira,"Pedido verbal, feito em explicações pessoais, à Diretoria de Saúde para que o recurso federal do componente de qualidade da Atenção Primária à Saúde (cerca de R$ 51 mil/ano, hoje aplicado no custeio remuneratório regular dos profissionais) passe a ser destinado, nos próximos anos, como incentivo direto aos funcionários dos ESFs do município.",Diretoria de Saúde,,,Pendente,"[Pedido verbal, ainda não formalizado/numerado] Pedido feito verbalmente na tribuna (explicações pessoais), sem leitura no Expediente nem numeração formal nesta sessão. Vereador fez referência a um requerimento anterior já respondido pelos Ofícios 111/2026 e 112/2026 (prováveis Requerimentos 21/2026 e 26/2026), mas este pedido específico sobre destinação como incentivo é novo e não formalizado."
REQ-257,033,2026,56ª Sessão Ordinária da 19ª Legislatura,2026-04-27,Anderson Marcos Viana,"Envio de ofício à Diretoria de Educação, Cultura, Esportes, Lazer e Turismo solicitando informações oficiais sobre o cumprimento do piso salarial nacional do magistério para os professores temporários e para os professores efetivos do ensino infantil, motivado pela decisão do STF (Tema 1308) que garante o direito ao piso também aos contratados em regime temporário.","Diretoria de Educação, Cultura, Esportes, Lazer e Turismo",Aprovado,,Pendente,
REQ-258,034,2026,57ª Sessão Ordinária da 19ª Legislatura,2026-05-04,Bruno Herreira,"Envio de ofício à Diretoria de Saúde solicitando informações sobre a atual demanda reprimida, fila de espera e oferta de vagas nas especialidades médicas de neuropediatria, neurologia e cirurgia pediátrica, bem como a quantidade de vagas que o Estado fornece por mês ao município em cada uma dessas áreas.",Diretoria de Saúde,Aprovado,,Pendente,
REQ-259,,2026,59ª Sessão Ordinária da 19ª Legislatura,2026-05-18,Bruno Herreira,"Pedido verbal, feito em explicações pessoais, à diretoria responsável (Saúde) para que a administração forneça à Câmara um demonstrativo com as quantidades de pessoas com dengue no município, com o objetivo de mobilizar a sociedade quanto à limpeza de terrenos e lotes no combate à doença.",Diretoria de Saúde,,,Pendente,"[Pedido verbal, ainda não formalizado/numerado] Pedido feito verbalmente na tribuna (explicações pessoais), sem leitura no Expediente nem numeração formal nesta sessão. O vereador se referiu genericamente à 'diretoria responsável'; presume-se Diretoria de Saúde dado o assunto (dengue)."
REQ-260,035,2026,60ª Sessão Ordinária da 19ª Legislatura,2026-05-25,Anderson Marcos Viana,"Requer envio de ofício à Diretoria de Assistência Social solicitando informações sobre os motivos pelos quais a Prefeitura não concede apoio financeiro nem mantém convênio ativo com a Associação Tranói de Presidente Prudente, entidade que presta acolhimento a pacientes de Junqueirópolis em tratamento de saúde naquela cidade.",Diretoria de Assistência Social,Aprovado,,Parcialmente Respondido,Pertinente ao Setor de Saúde
REQ-261,036,2026,60ª Sessão Ordinária da 19ª Legislatura,2026-05-25,Edvaldo Aparecido Carvalho,"Requer envio de ofício à Diretoria Administrativa solicitando informações oficiais e providências quanto à efetiva fiscalização e cumprimento da Lei Ordinária Municipal nº 3821/2025, que proíbe o uso de grampos metálicos em embalagens de produtos alimentícios.",Diretoria Administrativa,Aprovado,Ofício nº 93/2026,Pendente,
REQ-262,037,2026,61ª Sessão Ordinária da 19ª Legislatura,2026-06-01,Bruno Herreira,"Requer envio de ofício à Diretoria de Saúde solicitando informações oficiais sobre quais médicos especialistas, clínicas ou hospitais parceiros estão credenciados para realizar cirurgias de postectomia (fimose) para pacientes da rede pública de Junqueirópolis.",Diretoria de Saúde,Aprovado,Ofício nº 171/2026,Pendente,
REQ-263,038,2026,61ª Sessão Ordinária da 19ª Legislatura,2026-06-01,Anderson Marcos Viana,"Requer envio de ofício à Diretoria de Fazenda, Compras, Almoxarifado e Recursos Humanos solicitando o envio dos balanços financeiros e da contabilidade referentes ao Serviço Municipal de Água e Esgoto de todo o exercício de 2025 e dos primeiros meses de 2026, com documentação comprobatória.","Diretoria de Fazenda, Compras, Almoxarifado e Recursos Humanos",Aprovado,,Pendente,
REQ-264,039,2026,61ª Sessão Ordinária da 19ª Legislatura,2026-06-01,Renato Vieira de Brito,"Requer envio de ofício à Diretoria Administrativa solicitando informações oficiais sobre o pagamento do adicional de insalubridade aos servidores municipais e os resultados dos laudos periciais recentes, incluindo relação completa de servidores aptos e inaptos ao benefício.",Diretoria Administrativa,Aprovado,,Pendente,
REQ-265,040,2026,61ª Sessão Ordinária da 19ª Legislatura,2026-06-01,Edvaldo Aparecido Carvalho,"Requer envio de ofício à Diretoria de Fazenda, Compras, Almoxarifado, Recursos Humanos e Patrimônio solicitando informações oficiais sobre os critérios, formas de arrecadação e destinação dos valores cobrados pela taxa de transporte na utilização dos ônibus da frota municipal.","Diretoria de Fazenda, Compras, Almoxarifado e Recursos Humanos",Aprovado,,Pendente,
REQ-266,041,2026,61ª Sessão Ordinária da 19ª Legislatura,2026-06-01,"Edvaldo Aparecido Carvalho, Anderson Marcos Viana, Renato Vieira de Brito","Requer envio de ofício à Diretoria Administrativa solicitando informações oficiais e relatório sobre despesas com viagens, deslocamentos, passagens aéreas, combustíveis e diárias para a retirada de um veículo oficial destinado ao Fundo Social em São Paulo, motivado por matéria de imprensa questionando os gastos.",Diretoria Administrativa,Aprovado,,Pendente,
REQ-267,042,2026,61ª Sessão Ordinária da 19ª Legislatura,2026-06-01,"Edvaldo Aparecido Carvalho, Anderson Marcos Viana, Reinaldo Codognato, Renato Vieira de Brito","Requer envio de ofício à Diretoria Administrativa solicitando cópia integral do termo de adesão ao programa estadual Universaliza São Paulo, esclarecimentos sobre eventual obrigação de futura concessão dos serviços de água e esgoto à iniciativa privada, prerrogativa de desistência do programa, linhas de crédito estaduais disponíveis e estudo técnico de viabilidade.",Diretoria Administrativa,Aprovado,Ofício nº 90/2026,Pendente,"Na leitura do expediente da sessão de 2026-06-01, o número deste requerimento foi lido de forma incompreensível na transcrição (""142 de 2026""), mas a leitura completa do requerimento durante a sessão confirma o número 42/2026. O ofício de resposta foi encaminhado pela Diretoria de Planejamento, Obras, Serviços e Manutenção, embora o requerimento tenha sido dirigido nominalmente à Diretoria Administrativa."
REQ-268,043,2026,62ª Sessão Ordinária da 19ª Legislatura,2026-06-08,Bruno Herreira,Requer envio de ofício à Diretoria de Saúde solicitando informações oficiais sobre os critérios técnicos e administrativos adotados para a contratação de médicos para atuar no pronto-socorro municipal.,Diretoria de Saúde,Aprovado,,Pendente,
REQ-269,044,2026,62ª Sessão Ordinária da 19ª Legislatura,2026-06-08,Renato Vieira de Brito,"Requer envio de ofício à Diretoria de Planejamento, Obras, Serviços e Manutenção solicitando informações e documentos comprobatórios (cópias de contas de energia) sobre os medidores e consumo de energia elétrica nas caixas d'água do bairro Santa Rute e no encontro da Avenida Sete de Setembro com a Avenida Paulista.","Diretoria de Planejamento, Obras, Serviços e Manutenção",Aprovado,,Pendente,
REQ-270,045,2026,63ª Sessão Ordinária da 19ª Legislatura,2026-06-15,Anderson Marcos Viana,Requer envio de ofício à concessionária Elektro Redes S.A. solicitando providências e esclarecimentos urgentes sobre as constantes quedas de energia e a falha na classificação cadastral (rural/urbana) da rede elétrica na Rua Alberto Nussi.,Concessionária Elektro,Aprovado,,Pendente,"Destinatário é concessionária de energia elétrica (órgão externo), não uma das diretorias municipais."
REQ-271,046,2026,63ª Sessão Ordinária da 19ª Legislatura,2026-06-15,"Reinaldo Codognato, Samir Edson Tino, Bruno Herreira, Elizeu Adriano","Requer envio de ofício à Diretoria de Educação, Cultura, Esportes, Lazer e Turismo solicitando informações oficiais sobre a aplicação dos recursos financeiros (crédito adicional de R$ 300 mil de convênio federal) e os critérios logísticos adotados na organização das festividades do 81º aniversário de Junqueirópolis.","Diretoria de Educação, Cultura, Esportes, Lazer e Turismo",Aprovado,,Pendente,
REQ-272,047,2026,63ª Sessão Ordinária da 19ª Legislatura,2026-06-15,Renato Vieira de Brito,"Requer envio de ofício à Diretoria Administrativa solicitando listagem completa e atualizada de todos os veículos oficiais da frota municipal que se encontram inoperantes, com destaque para as frotas da saúde, educação e obras.",Diretoria Administrativa,Aprovado,,Pendente,
REQ-273,048,2026,64ª Sessão Ordinária da 19ª Legislatura,2026-06-22,Reinaldo Codognato,"Solicita à Diretoria de Saúde informações sobre a quantidade de animais na fila de espera para castração no município, diante de reclamações de munícipes que aguardam há mais de 5 meses, além de esclarecimento sobre a viabilidade de criação de um canal transparente e de fácil acesso para acompanhamento público da fila.",Diretoria de Saúde,Aprovado,,Pendente,
REQ-274,049,2026,64ª Sessão Ordinária da 19ª Legislatura,2026-06-22,Anderson Marcos Viana,"Requer à Diretoria de Planejamento, Obras, Serviços e Manutenção o envio do projeto topográfico da propriedade particular conhecida como 'Conde', localizada próxima a uma área de lazer, situação debatida em reunião recente entre Executivo e Legislativo após denúncias de uso de maquinário público em terreno particular.","Diretoria de Planejamento, Obras, Serviços e Manutenção",Aprovado,,Parcialmente Respondido,"Autor mencionou em tribuna a possibilidade de futura CPI sobre o caso, condicionada às respostas deste requerimento; isso não altera a natureza do requerimento em si. Resposta recebida na sessão de 31/08/2026 (assinada, por engano, pelo diretor de Educação em vez do diretor de Obras) alegando tratar-se de ""caixa seca"" para conter enxurrada, sem estudo topográfico; rejeitada pelos vereadores como insatisfatória — pediram nova convocação do secretário de Obras para esclarecer quem assinou o projeto e se a estrutura seria na verdade um tanque de piscicultura."
REQ-275,050,2026,64ª Sessão Ordinária da 19ª Legislatura,2026-06-22,Anderson Marcos Viana,"Requer à Diretoria de Saúde informações sobre o repasse de R$ 500 mil destinado à reforma do pronto-socorro municipal, questionando se o valor já foi recebido pelos cofres públicos e, caso não, se há previsão de chegada ainda em 2026, considerando as restrições do ano eleitoral.",Diretoria de Saúde,Aprovado,,Pendente,"Durante a discussão, a vereadora Teresinha de Lourdes Freitas Regodanso manifestou-se contrária ao endereçamento (defendeu que deveria ser dirigido à Santa Casa, não à Diretoria de Saúde), mas a votação final foi por unanimidade a favor do requerimento como lido/endereçado."
REQ-276,051,2026,65ª Sessão Ordinária da 19ª Legislatura,2026-06-29,"Bruno Herreira, Edvaldo Aparecido Carvalho, Reinaldo Codognato","Requer à Diretoria Administrativa informações e esclarecimentos sobre o motivo pelo qual está sendo realizado desconto de imposto de renda sobre os valores pagos a título de atividade delegada aos policiais militares de Junqueirópolis, questionando o embasamento jurídico da retenção e se há estudo em andamento para reconhecer a natureza indenizatória da verba, dado que ela compensaria disponibilidade operacional extraordinária sem gerar acréscimo patrimonial.",Diretoria Administrativa,Aprovado,Ofício SC nº 50/2026,Respondido,"Este requerimento formaliza um pedido verbal feito na sessão anterior (64ª Sessão Ordinária, 22/06/2026), quando, durante a discussão do Projeto de Lei nº 24/2026, os vereadores Bruno Herreira, Reinaldo Codognato, Teresinha de Lourdes Freitas Regodanso e Renato Vieira de Brito pediram que a administração estudasse o pagamento da atividade delegada em forma indenizatória (isenta de IR), e o presidente determinou à secretaria que providenciasse o requerimento formal para a sessão seguinte — o que resultou no Requerimento 051/2026, já formalizado e votado nesta sessão."
REQ-277,,2026,66ª Sessão Ordinária da 19ª Legislatura,2026-08-03,Renato Vieira de Brito,"Pedido verbal, feito em explicações pessoais, de envio de requerimento ao setor/pasta responsável pelo esporte solicitando esclarecimentos sobre os motivos pelos quais Junqueirópolis não participou com nenhuma delegação dos Jogos Regionais deste ano. O presidente determinou que constasse em ata o envio do requerimento pela mesa.","Diretoria de Educação, Cultura, Esportes, Lazer e Turismo",,,Pendente,"[Pedido verbal, ainda não formalizado/numerado] Pedido verbal em explicações pessoais, sem número formal nesta sessão; foi formalizado na sessão seguinte (10/08/2026) como Requerimento 058/2026, do mesmo vereador, com o mesmo objeto (ver registro correspondente abaixo)."
REQ-278,,2026,66ª Sessão Ordinária da 19ª Legislatura,2026-08-03,Renato Vieira de Brito,"Pedido verbal, feito em explicações pessoais, de convocação da Diretoria de Saúde para prestar esclarecimentos perante a Câmara sobre questionamentos levantados pelo vereador em rede social a respeito de determinados recursos/compras de notas na área da saúde; o vereador anunciou que apresentaria requerimento formal sobre o tema na sessão seguinte.",Diretoria de Saúde,,,Pendente,"[Pedido verbal, ainda não formalizado/numerado] Objeto do pedido pouco detalhado na transcrição (o vereador cita 'recursos' e 'notas' questionados em rede social, sem especificar a matéria exata). O presidente determinou em ata a convocação da diretora de saúde e o envio do requerimento correspondente, mas não foi localizado, nas sessões seguintes disponíveis (até 10/08/2026), requerimento formal que corresponda claramente a este pedido — verificar se foi apresentado em sessão posterior."
REQ-279,052,2026,66ª Sessão Ordinária da 19ª Legislatura,2026-08-03,Anderson Marcos Viana,"Envio de ofício à concessionária Elektro solicitando providências urgentes e informações sobre estudo para colocação de um poste de iluminação pública na Rua Santa Teresinha, no trecho entre a Rua São Luís e a Rua das Américas, no bairro Jardim Paulista, onde há apenas um ponto de luz na quadra.",Concessionária Elektro,Aprovado,,Pendente,"Na leitura do expediente e do próprio requerimento a concessionária foi nomeada na transcrição como 'Electro Rede S.A.' / 'Constitucionária Electro-Rid SA', mas a grafia correta, conforme confirmado em extração anterior, é 'Elektro' — mantida aqui conforme instrução explícita."
REQ-280,053,2026,66ª Sessão Ordinária da 19ª Legislatura,2026-08-03,"Reinaldo Codognato, Bruno Herreira","Envio de ofício à Diretoria de Planejamento, Obras, Serviços e Manutenção solicitando informações e cópias de contratos referentes às empresas de telecomunicações que possuem antenas instaladas na caixa d'água do bairro Vila Santa Ruth, incluindo se há cobrança de aluguel pelo uso do espaço público e, em caso negativo, o motivo.","Diretoria de Planejamento, Obras, Serviços e Manutenção",Aprovado,,Parcialmente Respondido,"Resposta recebida na sessão de 31/08/2026 informando que não foram localizados cadastros das empresas donas das antenas na caixa d'água; rejeitada pelos vereadores como insatisfatória, já que a Prefeitura paga a conta de energia das antenas sem saber a quem pertencem — pediram que se apure e informe o responsável."
REQ-281,054,2026,66ª Sessão Ordinária da 19ª Legislatura,2026-08-03,"Adriano de Marcos Lopes, Teresinha de Lourdes Freitas Regodanso","Envio de ofício à Diretoria de Assistência Social solicitando informações oficiais sobre a adesão do município ao programa Equipa DH+, do Ministério dos Direitos Humanos e da Cidadania, no ciclo de 2026, incluindo bens pleiteados (veículos, computadores e mobiliário) ou, em caso de não adesão, os motivos.",Diretoria de Assistência Social,Aprovado,,Respondido,
REQ-282,055,2026,66ª Sessão Ordinária da 19ª Legislatura,2026-08-03,Reinaldo Codognato,"Envio de ofício à Diretoria de Saúde solicitando informações sobre a viabilidade de desenvolvimento de estudos e ações voltadas à proteção e ao acolhimento de cães e gatos em situação de abandono no município, à luz de recente decisão do STF sobre o dever do Poder Público de acolher animais abandonados.",Diretoria de Saúde,Aprovado,,Respondido,"Resposta lida na 71ª Sessão Ordinária (08/09/2026), assinada por Carlos Eduardo Silva França, Diretor Jurídico, Habitação e de Trânsito, sem número de ofício citado explicitamente na transcrição."
REQ-283,056,2026,67ª Sessão Ordinária da 19ª Legislatura,2026-08-10,"Renato Vieira de Brito, Edvaldo Aparecido Carvalho, Samir Edson Tino","Envio de ofício à Diretoria Administrativa solicitando informações e cópias de documentos referentes ao edital de pregão eletrônico 53/2024 e à ata de registro de preços 37/2024, firmada com a empresa Próspero e Próspero Eventos Ltda. ME para locação de equipamentos de som, painéis de LED e acessórios, incluindo relação de eventos, ordens de serviço, notas de empenho, notas fiscais, comprovantes de pagamento, fiscais responsáveis e registros fotográficos.",Diretoria Administrativa,Aprovado,,Pendente,
REQ-284,057,2026,67ª Sessão Ordinária da 19ª Legislatura,2026-08-10,"Renato Vieira de Brito, Edvaldo Aparecido Carvalho, Samir Edson Tino","Envio de ofício à Diretoria Administrativa solicitando informações e cópias de documentos referentes ao edital de pregão eletrônico 45/2026 e à ata de registro de preços 24/2026, firmada com a empresa EN dos Santos Locuções e Publicidade para locação de equipamentos de som, painéis de LED e acessórios, incluindo relação de eventos, ordens de serviço, notas de empenho, notas fiscais, comprovantes de pagamento, fiscais responsáveis e registros fotográficos.",Diretoria Administrativa,Aprovado,,Pendente,
REQ-285,058,2026,67ª Sessão Ordinária da 19ª Legislatura,2026-08-10,Renato Vieira de Brito,"Envio de ofício à Diretoria de Educação, Cultura, Esportes, Lazer e Turismo solicitando informações e esclarecimentos sobre os motivos pelos quais Junqueirópolis não participou com nenhuma modalidade no 68º Jogos Regionais, realizados em Tupã.","Diretoria de Educação, Cultura, Esportes, Lazer e Turismo",Aprovado,035/2026,Respondido,"Este requerimento formaliza o pedido verbal feito pelo mesmo vereador em explicações pessoais na sessão anterior (03/08/2026), quando o presidente já havia determinado em ata o envio do requerimento. Resposta (Ofício 035/2026) lida na 71ª Sessão Ordinária (08/09/2026): ausência de atletas atribuída à indisponibilidade de participantes e à realização dos jogos em dias úteis, incompatíveis com compromissos profissionais."
REQ-286,059,2026,67ª Sessão Ordinária da 19ª Legislatura,2026-08-10,"Teresinha de Lourdes Freitas Regodanso, Adriano de Marcos Lopes","Envio de ofício à gerência da agência do Banco Santander em Junqueirópolis solicitando esclarecimentos técnicos sobre as frequentes falhas e a inoperância do sistema de atendimento presencial, que tem gerado reclamações de munícipes, especialmente moradores de localidades distantes.",Gerência da agência do Banco Santander em Junqueirópolis,Aprovado,,Pendente,
REQ-287,060,2026,67ª Sessão Ordinária da 19ª Legislatura,2026-08-10,Reinaldo Codognato,"Envio de ofício à Diretoria de Planejamento, Obras, Serviços e Manutenção solicitando informações e providências sobre o cronograma de manutenção e instalação de novos pontos de iluminação pública na cidade, com destaque especial ao Residencial Recanto dos Eucaliptos, cuja obra seria custeada com recurso estadual de R$ 100 mil originalmente destinado a outra finalidade.","Diretoria de Planejamento, Obras, Serviços e Manutenção",Aprovado,,Pendente,
REQ-288,,2026,68ª Sessão Ordinária da 19ª Legislatura,2026-08-17,Edvaldo Aparecido Carvalho,"O presidente da Câmara anunciou, em plenário, que vai transformar a Indicação 127/2026 (sobre a cobertura do palco da Praça Álvaro de Oliveira Junqueira) também em requerimento, a ser votado na sessão seguinte, para que a administração informe se o projeto de revitalização da praça está concluído, qual era o projeto inicial, e o motivo do alto valor gasto em aluguel de tendas e telões (mais de R$ 264 mil em dois anos e meio).",,,,Pendente,"[Pedido verbal, ainda não formalizado/numerado] Anunciado em plenário pelo presidente da Câmara, ainda sem número formal nesta sessão — a ser votado na sessão seguinte (2026-08-24). Conferir se aparece formalizado com número na sessão de 24/08/2026."
REQ-289,061,2026,69ª Sessão Ordinária da 19ª Legislatura,2026-08-24,Anderson Marcos Viana,"Solicita à Secretaria de Educação do Estado de São Paulo (SEDUC) cópias dos estudos técnicos e documentos que fundamentaram a decisão de realizar novo concurso público para professor de Ensino Fundamental e Médio, incluindo levantamento quantitativo de vagas por disciplina e diretoria de ensino, diante da existência de candidatos aprovados em concurso anterior ainda não convocados.",Secretaria de Educação do Estado de São Paulo (SEDUC),Aprovado,,Pendente,
REQ-290,062,2026,69ª Sessão Ordinária da 19ª Legislatura,2026-08-24,Edvaldo Aparecido Carvalho,"Solicita à Diretoria de Planejamento, Obras, Serviços e Manutenção informações sobre o andamento do projeto de revitalização da Praça Álvaro de Oliveira Junqueira, se está concluído ou não, detalhamento do projeto inicial e esclarecimentos específicos sobre a cobertura do palco.","Diretoria de Planejamento, Obras, Serviços e Manutenção",Aprovado,,Pendente,"Este requerimento formaliza, com número, o pedido que o presidente da Câmara (Edvaldo Aparecido Carvalho) havia anunciado verbalmente na sessão anterior (17/08/2026), transformando a Indicação 127/2026 também em requerimento — ver registro correspondente sem número daquela sessão."
REQ-291,063,2026,69ª Sessão Ordinária da 19ª Legislatura,2026-08-24,Anderson Marcos Viana,"Solicita à Diretoria de Saúde informações sobre a situação do micro-ônibus cinza de 28 lugares da frota municipal, cedido à pasta da saúde, que está fora de uso há cerca de um ano e oito meses após reforma mecânica malsucedida (a empresa contratada via licitação não deu manutenção adequada ao motor, e o caso está agora no jurídico).",Diretoria de Saúde,Aprovado,,Pendente,
REQ-292,064,2026,70ª Sessão Ordinária da 19ª Legislatura,2026-08-31,Edvaldo Aparecido Carvalho,"Solicita à Diretoria de Educação, Cultura, Esportes, Lazer e Turismo o quadro completo de funcionários de cada unidade escolar municipal (professores, auxiliares e demais servidores), o número de crianças matriculadas por escola, e a relação de servidoras ocupantes do cargo de auxiliar de educação 2 que se encontram em desvio de função.","Diretoria de Educação, Cultura, Esportes, Lazer e Turismo",Aprovado,,Pendente,
REQ-293,065,2026,71ª Sessão Ordinária da 19ª Legislatura,2026-09-08,Anderson Marcos Viana,"Envio de novo ofício à Diretoria de Planejamento, Obras, Serviços e Manutenção solicitando informações complementares à resposta do Requerimento 049/2026: cópia legível da ordem de serviço, autorização administrativa ou contrato que respaldou a execução dos serviços de limpeza/melhorias na caixa seca situada na propriedade rural conhecida como Conde, e nome completo, cargo técnico e registro no CREA/ART do engenheiro e do topógrafo responsáveis pelo projeto de nivelamento topográfico e localização das águas pluviais.","Diretoria de Planejamento, Obras, Serviços e Manutenção",Aprovado,,Pendente,
REQ-294,066,2026,71ª Sessão Ordinária da 19ª Legislatura,2026-09-08,Edvaldo Aparecido Carvalho,"Envio de novo ofício à Diretoria de Planejamento, Obras, Serviços e Manutenção em complemento à resposta do Requerimento 053/2026, questionando as justificativas legais e administrativas para a ausência de cadastramento eletrônico obrigatório de antenas e transmissores instalados em caixas d'água (Lei Municipal 3.599/2023), se algum equipamento na caixa d'água da Vila Santa Ruth se enquadra nas hipóteses de dispensa de cadastro prévio do artigo 6º, e solicitando cópia integral de eventuais comunicações formais recebidas pela Prefeitura sobre esse equipamento.","Diretoria de Planejamento, Obras, Serviços e Manutenção",Aprovado,,Pendente,"Autoria atribuída ao vereador-presidente Edvaldo Aparecido Carvalho (grafado na transcrição como 'Eduardo'/'Valdo Aparecido Carvalho'); na discussão o texto ficou ambíguo ('de autoria deste vereador e de Eduardo Aparecido Carvalho'), mas a assinatura do requerimento cita um único autor, o vereador-presidente."
